{
  "type": "FeatureCollection",
  "features": [
    {
      "type": "Feature",
      "properties": {
        "name": "Alt-Godesberg",
        "city": "Bonn",
        "osm_id": 365388,
        "osm_type": "relation",
        "display": "Alt-Godesberg, Bad Godesberg, Bonn, Nordrhein-Westfalen, Deutschland"
      },
      "geometry": {
        "type": "Polygon",
        "coordinates": [
          [
            [
              7.1372271,
              50.6721241
            ],
            [
              7.1384416,
              50.6716237
            ],
            [
              7.138852,
              50.6717373
            ],
            [
              7.1392891,
              50.6718044
            ],
            [
              7.1413182,
              50.6719427
            ],
            [
              7.1420269,
              50.6720041
            ],
            [
              7.1458145,
              50.6703537
            ],
            [
              7.1463107,
              50.6710523
            ],
            [
              7.1466133,
              50.6709685
            ],
            [
              7.1469166,
              50.6713941
            ],
            [
              7.1473521,
              50.6712795
            ],
            [
              7.1496431,
              50.671024
            ],
            [
              7.1498061,
              50.6711808
            ],
            [
              7.1499718,
              50.6712758
            ],
            [
              7.150199,
              50.6713568
            ],
            [
              7.1504968,
              50.6714095
            ],
            [
              7.1520336,
              50.6714035
            ],
            [
              7.1523746,
              50.6714478
            ],
            [
              7.152612,
              50.6714714
            ],
            [
              7.1530729,
              50.6718825
            ],
            [
              7.1530687,
              50.6722455
            ],
            [
              7.1524709,
              50.6729509
            ],
            [
              7.1522483,
              50.6732267
            ],
            [
              7.1520793,
              50.6735071
            ],
            [
              7.1520712,
              50.6738097
            ],
            [
              7.1521678,
              50.6740647
            ],
            [
              7.1525004,
              50.674493
            ],
            [
              7.1528518,
              50.6748449
            ],
            [
              7.153128,
              50.6750284
            ],
            [
              7.1533909,
              50.675144
            ],
            [
              7.1537825,
              50.675195
            ],
            [
              7.1542438,
              50.6752137
            ],
            [
              7.1546439,
              50.6751262
            ],
            [
              7.155266,
              50.6750195
            ],
            [
              7.1559574,
              50.6749235
            ],
            [
              7.1563267,
              50.6749528
            ],
            [
              7.1566425,
              50.6750433
            ],
            [
              7.1570563,
              50.6752536
            ],
            [
              7.1573442,
              50.6755235
            ],
            [
              7.1575277,
              50.6759327
            ],
            [
              7.1578264,
              50.6763718
            ],
            [
              7.1584334,
              50.6769084
            ],
            [
              7.1584924,
              50.6769423
            ],
            [
              7.1587365,
              50.6774641
            ],
            [
              7.1593591,
              50.6784113
            ],
            [
              7.1601014,
              50.6792922
            ],
            [
              7.1608243,
              50.6800565
            ],
            [
              7.1618526,
              50.6811223
            ],
            [
              7.162286,
              50.6821436
            ],
            [
              7.158006,
              50.684886
            ],
            [
              7.1569355,
              50.6855591
            ],
            [
              7.1538107,
              50.6876015
            ],
            [
              7.1491891,
              50.6905444
            ],
            [
              7.1489142,
              50.6904039
            ],
            [
              7.1459397,
              50.6890576
            ],
            [
              7.1451541,
              50.6882074
            ],
            [
              7.1450769,
              50.6882338
            ],
            [
              7.1442377,
              50.6873306
            ],
            [
              7.1441508,
              50.6873167
            ],
            [
              7.1438094,
              50.6869354
            ],
            [
              7.143586,
              50.6869938
            ],
            [
              7.143279,
              50.686637
            ],
            [
              7.1431046,
              50.6859458
            ],
            [
              7.1494241,
              50.6846819
            ],
            [
              7.1452721,
              50.6803157
            ],
            [
              7.1469684,
              50.6798662
            ],
            [
              7.1467316,
              50.6796071
            ],
            [
              7.1453376,
              50.6787322
            ],
            [
              7.1443021,
              50.6780508
            ],
            [
              7.1440365,
              50.6778356
            ],
            [
              7.1436663,
              50.6774033
            ],
            [
              7.1435472,
              50.6771746
            ],
            [
              7.1435129,
              50.6769041
            ],
            [
              7.143464,
              50.6764825
            ],
            [
              7.1433954,
              50.6763153
            ],
            [
              7.1433168,
              50.6762072
            ],
            [
              7.1430346,
              50.6759682
            ],
            [
              7.1427126,
              50.6757716
            ],
            [
              7.1412856,
              50.6752142
            ],
            [
              7.1407808,
              50.6749867
            ],
            [
              7.1397028,
              50.6743813
            ],
            [
              7.1391358,
              50.6740374
            ],
            [
              7.1389239,
              50.673864
            ],
            [
              7.1372271,
              50.6721241
            ]
          ]
        ]
      }
    },
    {
      "type": "Feature",
      "properties": {
        "name": "Friesdorf",
        "city": "Bonn",
        "osm_id": 271682,
        "osm_type": "relation",
        "display": "Friesdorf, Bad Godesberg, Bonn, Nordrhein-Westfalen, 53175, Deutschland"
      },
      "geometry": {
        "type": "Polygon",
        "coordinates": [
          [
            [
              7.1081652,
              50.687376
            ],
            [
              7.1101882,
              50.6861287
            ],
            [
              7.1133092,
              50.6841819
            ],
            [
              7.1143902,
              50.6835152
            ],
            [
              7.1152861,
              50.683148
            ],
            [
              7.1164114,
              50.6826744
            ],
            [
              7.1176453,
              50.6821853
            ],
            [
              7.1180961,
              50.6820606
            ],
            [
              7.1186399,
              50.6820015
            ],
            [
              7.1286433,
              50.6875818
            ],
            [
              7.1302688,
              50.6899571
            ],
            [
              7.1348576,
              50.6887647
            ],
            [
              7.136473,
              50.688345
            ],
            [
              7.1366762,
              50.6886696
            ],
            [
              7.135886,
              50.6891773
            ],
            [
              7.1354367,
              50.6896546
            ],
            [
              7.1352854,
              50.6899283
            ],
            [
              7.135209,
              50.6903359
            ],
            [
              7.1353955,
              50.6910019
            ],
            [
              7.1355531,
              50.6911709
            ],
            [
              7.136489,
              50.6922624
            ],
            [
              7.1360061,
              50.6924342
            ],
            [
              7.1358935,
              50.692765
            ],
            [
              7.1356555,
              50.6931603
            ],
            [
              7.1348085,
              50.6938969
            ],
            [
              7.1343318,
              50.6942114
            ],
            [
              7.1343431,
              50.694254
            ],
            [
              7.134333,
              50.6943004
            ],
            [
              7.1393341,
              50.6964208
            ],
            [
              7.1394575,
              50.6965043
            ],
            [
              7.1397295,
              50.6966123
            ],
            [
              7.1408286,
              50.6970541
            ],
            [
              7.1410767,
              50.6971592
            ],
            [
              7.1368369,
              50.7014486
            ],
            [
              7.1350806,
              50.7031598
            ],
            [
              7.1339285,
              50.7042831
            ],
            [
              7.132784,
              50.7052335
            ],
            [
              7.1322694,
              50.7057073
            ],
            [
              7.1320201,
              50.7055455
            ],
            [
              7.1316165,
              50.7058894
            ],
            [
              7.1306855,
              50.7053786
            ],
            [
              7.1308438,
              50.7052845
            ],
            [
              7.1285951,
              50.7039695
            ],
            [
              7.127682,
              50.7048296
            ],
            [
              7.1275639,
              50.7048046
            ],
            [
              7.1272459,
              50.7046526
            ],
            [
              7.1272465,
              50.7046041
            ],
            [
              7.1276587,
              50.7044048
            ],
            [
              7.1272854,
              50.7040584
            ],
            [
              7.1270877,
              50.703898
            ],
            [
              7.1267998,
              50.7036336
            ],
            [
              7.1260608,
              50.7027482
            ],
            [
              7.1255102,
              50.702355
            ],
            [
              7.1251266,
              50.7025913
            ],
            [
              7.1239311,
              50.7018715
            ],
            [
              7.1236895,
              50.7017071
            ],
            [
              7.1236289,
              50.7017288
            ],
            [
              7.1226984,
              50.7011658
            ],
            [
              7.1225682,
              50.7011359
            ],
            [
              7.1224746,
              50.7010271
            ],
            [
              7.1222647,
              50.7009074
            ],
            [
              7.1221764,
              50.7008395
            ],
            [
              7.1221979,
              50.7008237
            ],
            [
              7.1219679,
              50.7006856
            ],
            [
              7.1217305,
              50.7008045
            ],
            [
              7.1207407,
              50.7001561
            ],
            [
              7.120357,
              50.6999532
            ],
            [
              7.1200694,
              50.6997991
            ],
            [
              7.1202523,
              50.6996651
            ],
            [
              7.1199458,
              50.6994885
            ],
            [
              7.1198202,
              50.6995595
            ],
            [
              7.1175042,
              50.6984391
            ],
            [
              7.1182132,
              50.6980465
            ],
            [
              7.1163537,
              50.6969622
            ],
            [
              7.1136421,
              50.6953723
            ],
            [
              7.1142416,
              50.694948
            ],
            [
              7.113699,
              50.6944707
            ],
            [
              7.1133389,
              50.6933219
            ],
            [
              7.1111599,
              50.6929792
            ],
            [
              7.1112971,
              50.6917682
            ],
            [
              7.1096122,
              50.691196
            ],
            [
              7.1081652,
              50.687376
            ]
          ]
        ]
      }
    },
    {
      "type": "Feature",
      "properties": {
        "name": "Godesberg-Nord",
        "city": "Bonn",
        "osm_id": 337012,
        "osm_type": "relation",
        "display": "Godesberg-Nord, Bad Godesberg, Bonn, Nordrhein-Westfalen, Deutschland"
      },
      "geometry": {
        "type": "Polygon",
        "coordinates": [
          [
            [
              7.1343318,
              50.6942114
            ],
            [
              7.1348085,
              50.6938969
            ],
            [
              7.1356555,
              50.6931603
            ],
            [
              7.1358935,
              50.692765
            ],
            [
              7.1360061,
              50.6924342
            ],
            [
              7.136489,
              50.6922624
            ],
            [
              7.1355531,
              50.6911709
            ],
            [
              7.1353955,
              50.6910019
            ],
            [
              7.135209,
              50.6903359
            ],
            [
              7.1352854,
              50.6899283
            ],
            [
              7.1354367,
              50.6896546
            ],
            [
              7.135886,
              50.6891773
            ],
            [
              7.1366762,
              50.6886696
            ],
            [
              7.136473,
              50.688345
            ],
            [
              7.1386835,
              50.6876983
            ],
            [
              7.1400942,
              50.6872763
            ],
            [
              7.1425355,
              50.6866303
            ],
            [
              7.1430395,
              50.6866824
            ],
            [
              7.1430178,
              50.6866399
            ],
            [
              7.143279,
              50.686637
            ],
            [
              7.143586,
              50.6869938
            ],
            [
              7.1438094,
              50.6869354
            ],
            [
              7.1441508,
              50.6873167
            ],
            [
              7.1442377,
              50.6873306
            ],
            [
              7.1450769,
              50.6882338
            ],
            [
              7.1451541,
              50.6882074
            ],
            [
              7.1459397,
              50.6890576
            ],
            [
              7.1489142,
              50.6904039
            ],
            [
              7.1491891,
              50.6905444
            ],
            [
              7.1480692,
              50.6912644
            ],
            [
              7.1397295,
              50.6966123
            ],
            [
              7.1394575,
              50.6965043
            ],
            [
              7.1393341,
              50.6964208
            ],
            [
              7.134333,
              50.6943004
            ],
            [
              7.1343431,
              50.694254
            ],
            [
              7.1343318,
              50.6942114
            ]
          ]
        ]
      }
    },
    {
      "type": "Feature",
      "properties": {
        "name": "Godesberg-Villenviertel",
        "city": "Bonn",
        "osm_id": 30120196,
        "osm_type": "way",
        "display": "Elisabeth-Selbert-Gesamtschule, 50, Elisabeth-Selbert-Allee, Plittersdorf, Bad Godesberg, Bonn, Nordrhein-Westfalen, 53175, Deutschland"
      },
      "geometry": {
        "type": "Polygon",
        "coordinates": [
          [
            [
              7.1467848,
              50.6960288
            ],
            [
              7.1468046,
              50.695844
            ],
            [
              7.1484215,
              50.6946008
            ],
            [
              7.1486872,
              50.6947185
            ],
            [
              7.1488057,
              50.6947704
            ],
            [
              7.1492081,
              50.694931
            ],
            [
              7.149312,
              50.6949677
            ],
            [
              7.1493889,
              50.6956641
            ],
            [
              7.1488954,
              50.6957371
            ],
            [
              7.1484265,
              50.6958212
            ],
            [
              7.1469137,
              50.696148
            ],
            [
              7.1467848,
              50.6960288
            ]
          ]
        ]
      }
    },
    {
      "type": "Feature",
      "properties": {
        "name": "Heiderhof",
        "city": "Bonn",
        "osm_id": 365417,
        "osm_type": "relation",
        "display": "Heiderhof, Bad Godesberg, Bonn, Nordrhein-Westfalen, Deutschland"
      },
      "geometry": {
        "type": "Polygon",
        "coordinates": [
          [
            [
              7.1214862,
              50.6542131
            ],
            [
              7.1219807,
              50.6538564
            ],
            [
              7.1220314,
              50.6538271
            ],
            [
              7.1237259,
              50.6526263
            ],
            [
              7.1249787,
              50.6517524
            ],
            [
              7.1254386,
              50.6509855
            ],
            [
              7.1277063,
              50.6471979
            ],
            [
              7.1280383,
              50.6472859
            ],
            [
              7.1304749,
              50.6479228
            ],
            [
              7.1320427,
              50.6482928
            ],
            [
              7.1371499,
              50.6487657
            ],
            [
              7.1382418,
              50.6488877
            ],
            [
              7.1383278,
              50.6493717
            ],
            [
              7.1393066,
              50.6495436
            ],
            [
              7.1391006,
              50.6501276
            ],
            [
              7.1397875,
              50.6502566
            ],
            [
              7.1404314,
              50.6503296
            ],
            [
              7.1406844,
              50.6503945
            ],
            [
              7.1409004,
              50.6504515
            ],
            [
              7.1411583,
              50.6505465
            ],
            [
              7.1425381,
              50.6510395
            ],
            [
              7.1432755,
              50.6511041
            ],
            [
              7.1439309,
              50.6511615
            ],
            [
              7.1441516,
              50.651224
            ],
            [
              7.1441909,
              50.6512415
            ],
            [
              7.1444359,
              50.6513784
            ],
            [
              7.1447251,
              50.651724
            ],
            [
              7.1450061,
              50.6518047
            ],
            [
              7.1450703,
              50.651795
            ],
            [
              7.1453382,
              50.6518736
            ],
            [
              7.1454901,
              50.6518873
            ],
            [
              7.1455984,
              50.6518091
            ],
            [
              7.1458018,
              50.6517898
            ],
            [
              7.1462429,
              50.6519092
            ],
            [
              7.1463503,
              50.6519807
            ],
            [
              7.1464334,
              50.6521184
            ],
            [
              7.1468253,
              50.6523785
            ],
            [
              7.1468635,
              50.6524428
            ],
            [
              7.1469529,
              50.6524593
            ],
            [
              7.147198,
              50.65253
            ],
            [
              7.1475082,
              50.6525823
            ],
            [
              7.1476358,
              50.6526497
            ],
            [
              7.1479061,
              50.6527017
            ],
            [
              7.1482157,
              50.6528423
            ],
            [
              7.1486673,
              50.6530094
            ],
            [
              7.1488442,
              50.6530453
            ],
            [
              7.1492551,
              50.6532022
            ],
            [
              7.1496126,
              50.6533591
            ],
            [
              7.149912,
              50.6534692
            ],
            [
              7.1500803,
              50.6534775
            ],
            [
              7.1502626,
              50.6534436
            ],
            [
              7.1503808,
              50.6534233
            ],
            [
              7.150475,
              50.6534357
            ],
            [
              7.1505968,
              50.6534116
            ],
            [
              7.1506896,
              50.6534327
            ],
            [
              7.1508063,
              50.6534908
            ],
            [
              7.1509284,
              50.6535043
            ],
            [
              7.1511579,
              50.6535659
            ],
            [
              7.1513198,
              50.6535809
            ],
            [
              7.1514375,
              50.653613
            ],
            [
              7.1516178,
              50.6536086
            ],
            [
              7.1518903,
              50.6536039
            ],
            [
              7.1520326,
              50.6536519
            ],
            [
              7.1522175,
              50.6536542
            ],
            [
              7.1522935,
              50.6536846
            ],
            [
              7.1525789,
              50.6536395
            ],
            [
              7.1526362,
              50.6537327
            ],
            [
              7.1528049,
              50.6538225
            ],
            [
              7.1530041,
              50.6539297
            ],
            [
              7.1530985,
              50.6540284
            ],
            [
              7.1534542,
              50.6542243
            ],
            [
              7.1536915,
              50.6543429
            ],
            [
              7.1539088,
              50.6544542
            ],
            [
              7.1540626,
              50.6544557
            ],
            [
              7.154221,
              50.6544603
            ],
            [
              7.1543938,
              50.6545344
            ],
            [
              7.1545202,
              50.6545636
            ],
            [
              7.1545889,
              50.6545425
            ],
            [
              7.1546506,
              50.6545315
            ],
            [
              7.1546902,
              50.6545132
            ],
            [
              7.1547725,
              50.6545167
            ],
            [
              7.1548102,
              50.6545395
            ],
            [
              7.1548614,
              50.6545524
            ],
            [
              7.1549316,
              50.6545327
            ],
            [
              7.1549832,
              50.6545429
            ],
            [
              7.1550424,
              50.6545397
            ],
            [
              7.1552072,
              50.6545638
            ],
            [
              7.1552556,
              50.6545903
            ],
            [
              7.1553104,
              50.6545872
            ],
            [
              7.1553668,
              50.654594
            ],
            [
              7.1554144,
              50.6545918
            ],
            [
              7.1554781,
              50.6546139
            ],
            [
              7.1555217,
              50.6546161
            ],
            [
              7.1555532,
              50.6546255
            ],
            [
              7.1556591,
              50.6546016
            ],
            [
              7.1556892,
              50.6546165
            ],
            [
              7.1557235,
              50.6546114
            ],
            [
              7.1557993,
              50.6546445
            ],
            [
              7.1558167,
              50.6546866
            ],
            [
              7.1558536,
              50.6547347
            ],
            [
              7.1558811,
              50.6548037
            ],
            [
              7.1559756,
              50.6548346
            ],
            [
              7.1560152,
              50.6548367
            ],
            [
              7.1561124,
              50.6548193
            ],
            [
              7.1561705,
              50.6548381
            ],
            [
              7.1561775,
              50.6548265
            ],
            [
              7.1562593,
              50.6548333
            ],
            [
              7.1563049,
              50.6548103
            ],
            [
              7.1563411,
              50.6548001
            ],
            [
              7.1564282,
              50.6547946
            ],
            [
              7.1564962,
              50.6548454
            ],
            [
              7.1565813,
              50.6548476
            ],
            [
              7.1566613,
              50.6549251
            ],
            [
              7.156742,
              50.6549431
            ],
            [
              7.1567783,
              50.6549618
            ],
            [
              7.1568453,
              50.6549965
            ],
            [
              7.1568786,
              50.6549822
            ],
            [
              7.1569399,
              50.6550123
            ],
            [
              7.1569935,
              50.6550191
            ],
            [
              7.1570525,
              50.655014
            ],
            [
              7.1570928,
              50.6550029
            ],
            [
              7.1571551,
              50.6549927
            ],
            [
              7.1572691,
              50.6549868
            ],
            [
              7.1572966,
              50.6549795
            ],
            [
              7.1573368,
              50.6549668
            ],
            [
              7.1573523,
              50.6549808
            ],
            [
              7.1573798,
              50.6549868
            ],
            [
              7.1574213,
              50.6549812
            ],
            [
              7.1574984,
              50.654994
            ],
            [
              7.1575237,
              50.6549894
            ],
            [
              7.1576064,
              50.6550016
            ],
            [
              7.1576781,
              50.6550306
            ],
            [
              7.1577009,
              50.6550629
            ],
            [
              7.1577553,
              50.6550862
            ],
            [
              7.1579745,
              50.6551033
            ],
            [
              7.1580228,
              50.6551373
            ],
            [
              7.1580597,
              50.6551402
            ],
            [
              7.158108,
              50.6551292
            ],
            [
              7.1581723,
              50.6551249
            ],
            [
              7.1582535,
              50.6551016
            ],
            [
              7.1583122,
              50.6551177
            ],
            [
              7.1583219,
              50.655113
            ],
            [
              7.1583259,
              50.6550756
            ],
            [
              7.1583239,
              50.6550624
            ],
            [
              7.158409,
              50.6550276
            ],
            [
              7.1584265,
              50.6550272
            ],
            [
              7.1584748,
              50.6550127
            ],
            [
              7.158521,
              50.6549761
            ],
            [
              7.1585204,
              50.6549617
            ],
            [
              7.1586618,
              50.6548133
            ],
            [
              7.1586716,
              50.6547826
            ],
            [
              7.1587255,
              50.6547436
            ],
            [
              7.1587383,
              50.6547304
            ],
            [
              7.1588288,
              50.6547406
            ],
            [
              7.1588986,
              50.6547196
            ],
            [
              7.1589623,
              50.6547606
            ],
            [
              7.1590058,
              50.6547712
            ],
            [
              7.1590454,
              50.6547674
            ],
            [
              7.1591056,
              50.6547726
            ],
            [
              7.1591909,
              50.6547683
            ],
            [
              7.1592352,
              50.6547712
            ],
            [
              7.1592514,
              50.6548398
            ],
            [
              7.1592962,
              50.6548473
            ],
            [
              7.1593358,
              50.6548371
            ],
            [
              7.1593881,
              50.6548435
            ],
            [
              7.1595041,
              50.6548835
            ],
            [
              7.1595637,
              50.6549192
            ],
            [
              7.1596147,
              50.6549047
            ],
            [
              7.1596516,
              50.6549209
            ],
            [
              7.1596717,
              50.6549583
            ],
            [
              7.1597119,
              50.6549795
            ],
            [
              7.1597555,
              50.65498
            ],
            [
              7.1598098,
              50.6549472
            ],
            [
              7.1598994,
              50.6549393
            ],
            [
              7.1588821,
              50.6562858
            ],
            [
              7.1569644,
              50.6580418
            ],
            [
              7.1563489,
              50.6584786
            ],
            [
              7.1624453,
              50.6602446
            ],
            [
              7.1628835,
              50.6604744
            ],
            [
              7.1638286,
              50.6613791
            ],
            [
              7.1632548,
              50.6624404
            ],
            [
              7.1631827,
              50.6624298
            ],
            [
              7.1625624,
              50.6635262
            ],
            [
              7.16331,
              50.6638931
            ],
            [
              7.1616962,
              50.6652494
            ],
            [
              7.1611661,
              50.6653479
            ],
            [
              7.1603039,
              50.6653838
            ],
            [
              7.1583532,
              50.6648462
            ],
            [
              7.1566821,
              50.6642365
            ],
            [
              7.1556675,
              50.6662484
            ],
            [
              7.1549809,
              50.6667813
            ],
            [
              7.1543815,
              50.6666733
            ],
            [
              7.1532041,
              50.6665263
            ],
            [
              7.1520358,
              50.6663321
            ],
            [
              7.1518486,
              50.6664966
            ],
            [
              7.1525084,
              50.6683088
            ],
            [
              7.1526103,
              50.6686623
            ],
            [
              7.1526425,
              50.6688817
            ],
            [
              7.1526318,
              50.6690534
            ],
            [
              7.1526255,
              50.6690859
            ],
            [
              7.1525675,
              50.6692353
            ],
            [
              7.1524521,
              50.6694172
            ],
            [
              7.1523154,
              50.6695719
            ],
            [
              7.1521477,
              50.6697096
            ],
            [
              7.1519934,
              50.6698116
            ],
            [
              7.1517655,
              50.6699136
            ],
            [
              7.151494,
              50.6700046
            ],
            [
              7.1514409,
              50.6700224
            ],
            [
              7.1502607,
              50.6702851
            ],
            [
              7.1499885,
              50.6703905
            ],
            [
              7.1497873,
              50.6705222
            ],
            [
              7.1496452,
              50.6706666
            ],
            [
              7.149618,
              50.6707909
            ],
            [
              7.1496143,
              50.6709309
            ],
            [
              7.1496431,
              50.671024
            ],
            [
              7.1473521,
              50.6712795
            ],
            [
              7.1469166,
              50.6713941
            ],
            [
              7.1466133,
              50.6709685
            ],
            [
              7.1463107,
              50.6710523
            ],
            [
              7.1458145,
              50.6703537
            ],
            [
              7.1420269,
              50.6720041
            ],
            [
              7.1413182,
              50.6719427
            ],
            [
              7.1392891,
              50.6718044
            ],
            [
              7.138852,
              50.6717373
            ],
            [
              7.1384416,
              50.6716237
            ],
            [
              7.1372271,
              50.6721241
            ],
            [
              7.1362739,
              50.670748
            ],
            [
              7.1360689,
              50.6696346
            ],
            [
              7.1359611,
              50.6694255
            ],
            [
              7.1358006,
              50.6692468
            ],
            [
              7.1352966,
              50.6688878
            ],
            [
              7.1347661,
              50.6683937
            ],
            [
              7.1345044,
              50.6679514
            ],
            [
              7.1342028,
              50.6671253
            ],
            [
              7.1340098,
              50.6668057
            ],
            [
              7.1326818,
              50.6650155
            ],
            [
              7.132312,
              50.664589
            ],
            [
              7.1321833,
              50.6642881
            ],
            [
              7.1316495,
              50.6626321
            ],
            [
              7.1313142,
              50.6621084
            ],
            [
              7.1304023,
              50.6613314
            ],
            [
              7.1290048,
              50.6605816
            ],
            [
              7.1278132,
              50.6600183
            ],
            [
              7.1267124,
              50.659639
            ],
            [
              7.1257862,
              50.6592553
            ],
            [
              7.1251763,
              50.6589109
            ],
            [
              7.1245456,
              50.6583715
            ],
            [
              7.1234622,
              50.6571906
            ],
            [
              7.1230131,
              50.6568287
            ],
            [
              7.1224655,
              50.6564815
            ],
            [
              7.1220435,
              50.656205
            ],
            [
              7.1222401,
              50.6561849
            ],
            [
              7.1223771,
              50.6561779
            ],
            [
              7.122828,
              50.655805
            ],
            [
              7.1238172,
              50.6552351
            ],
            [
              7.1233659,
              50.654976
            ],
            [
              7.1237209,
              50.6545681
            ],
            [
              7.1223891,
              50.6544071
            ],
            [
              7.1214862,
              50.6542131
            ]
          ]
        ]
      }
    },
    {
      "type": "Feature",
      "properties": {
        "name": "Hochkreuz",
        "city": "Bonn",
        "osm_id": 271680,
        "osm_type": "relation",
        "display": "Hochkreuz, Bad Godesberg, Bonn, Nordrhein-Westfalen, Deutschland"
      },
      "geometry": {
        "type": "Polygon",
        "coordinates": [
          [
            [
              7.1322694,
              50.7057073
            ],
            [
              7.132784,
              50.7052335
            ],
            [
              7.1339285,
              50.7042831
            ],
            [
              7.1350806,
              50.7031598
            ],
            [
              7.1368369,
              50.7014486
            ],
            [
              7.1410767,
              50.6971592
            ],
            [
              7.1414687,
              50.6967668
            ],
            [
              7.1426196,
              50.697198
            ],
            [
              7.1427941,
              50.6973717
            ],
            [
              7.1428813,
              50.6973998
            ],
            [
              7.1430027,
              50.6974453
            ],
            [
              7.1431766,
              50.6975419
            ],
            [
              7.1432949,
              50.6975937
            ],
            [
              7.1433535,
              50.6976212
            ],
            [
              7.1439185,
              50.697891
            ],
            [
              7.1446472,
              50.6982266
            ],
            [
              7.1448824,
              50.6983349
            ],
            [
              7.1451344,
              50.6984495
            ],
            [
              7.1457977,
              50.698796
            ],
            [
              7.1460251,
              50.6989144
            ],
            [
              7.1464309,
              50.6991239
            ],
            [
              7.1471775,
              50.6994903
            ],
            [
              7.1472194,
              50.6995131
            ],
            [
              7.1473973,
              50.6996221
            ],
            [
              7.1475996,
              50.6997404
            ],
            [
              7.1477631,
              50.6998415
            ],
            [
              7.1481615,
              50.7001098
            ],
            [
              7.148206,
              50.7001374
            ],
            [
              7.1482363,
              50.700159
            ],
            [
              7.1484789,
              50.7003311
            ],
            [
              7.1489089,
              50.7006362
            ],
            [
              7.1493526,
              50.7009191
            ],
            [
              7.1496659,
              50.7010917
            ],
            [
              7.150501,
              50.7015124
            ],
            [
              7.1522096,
              50.7023765
            ],
            [
              7.1525341,
              50.7025231
            ],
            [
              7.1531933,
              50.7027817
            ],
            [
              7.1529365,
              50.702872
            ],
            [
              7.1524863,
              50.7031595
            ],
            [
              7.1534876,
              50.7038029
            ],
            [
              7.1533732,
              50.703995
            ],
            [
              7.1523635,
              50.7050544
            ],
            [
              7.1518375,
              50.7054208
            ],
            [
              7.1521866,
              50.7058833
            ],
            [
              7.1525189,
              50.7062346
            ],
            [
              7.1523762,
              50.7063413
            ],
            [
              7.1544263,
              50.707501
            ],
            [
              7.1546671,
              50.7073306
            ],
            [
              7.1547658,
              50.7073826
            ],
            [
              7.1557619,
              50.707926
            ],
            [
              7.1568271,
              50.7072792
            ],
            [
              7.1578405,
              50.7078421
            ],
            [
              7.1588752,
              50.7084613
            ],
            [
              7.1618248,
              50.710039
            ],
            [
              7.1612372,
              50.7104644
            ],
            [
              7.1605223,
              50.7109545
            ],
            [
              7.1599105,
              50.7113543
            ],
            [
              7.159218,
              50.7117845
            ],
            [
              7.15873,
              50.7120777
            ],
            [
              7.1581465,
              50.7124091
            ],
            [
              7.1577805,
              50.712616
            ],
            [
              7.1571363,
              50.7129618
            ],
            [
              7.1562855,
              50.7133986
            ],
            [
              7.1552755,
              50.7138822
            ],
            [
              7.1545304,
              50.7142179
            ],
            [
              7.1536383,
              50.7145995
            ],
            [
              7.1523635,
              50.7151078
            ],
            [
              7.1517242,
              50.7153476
            ],
            [
              7.151069,
              50.7155806
            ],
            [
              7.1500057,
              50.7159372
            ],
            [
              7.1488385,
              50.716301
            ],
            [
              7.1473995,
              50.7167048
            ],
            [
              7.1465001,
              50.716939
            ],
            [
              7.1449887,
              50.7172888
            ],
            [
              7.1431597,
              50.7177159
            ],
            [
              7.141217,
              50.7149149
            ],
            [
              7.1411274,
              50.7148092
            ],
            [
              7.140888,
              50.7145266
            ],
            [
              7.1403477,
              50.7138013
            ],
            [
              7.1401564,
              50.7135447
            ],
            [
              7.1401175,
              50.7134924
            ],
            [
              7.1396874,
              50.7129314
            ],
            [
              7.13938,
              50.7126389
            ],
            [
              7.1390189,
              50.7123619
            ],
            [
              7.1387314,
              50.7122282
            ],
            [
              7.138608,
              50.7121806
            ],
            [
              7.1380607,
              50.7119138
            ],
            [
              7.1378877,
              50.7117901
            ],
            [
              7.137021,
              50.710834
            ],
            [
              7.1372234,
              50.710734
            ],
            [
              7.1379847,
              50.7104404
            ],
            [
              7.1373385,
              50.709741
            ],
            [
              7.1353187,
              50.7079621
            ],
            [
              7.1339912,
              50.7069156
            ],
            [
              7.1322694,
              50.7057073
            ]
          ]
        ]
      }
    },
    {
      "type": "Feature",
      "properties": {
        "name": "Lannesdorf",
        "city": "Bonn",
        "osm_id": 365415,
        "osm_type": "relation",
        "display": "Lannesdorf, Bad Godesberg, Bonn, Nordrhein-Westfalen, Deutschland"
      },
      "geometry": {
        "type": "Polygon",
        "coordinates": [
          [
            [
              7.1563489,
              50.6584786
            ],
            [
              7.1569644,
              50.6580418
            ],
            [
              7.1588821,
              50.6562858
            ],
            [
              7.1598994,
              50.6549393
            ],
            [
              7.1599346,
              50.6549761
            ],
            [
              7.1599681,
              50.6549774
            ],
            [
              7.1600254,
              50.6549505
            ],
            [
              7.1600633,
              50.654937
            ],
            [
              7.1601712,
              50.6548535
            ],
            [
              7.1602356,
              50.6548373
            ],
            [
              7.1603529,
              50.6548346
            ],
            [
              7.160418,
              50.6548737
            ],
            [
              7.1605193,
              50.6548711
            ],
            [
              7.1605729,
              50.6548388
            ],
            [
              7.1606576,
              50.6548448
            ],
            [
              7.1607225,
              50.6548507
            ],
            [
              7.1607439,
              50.6548639
            ],
            [
              7.1607929,
              50.654872
            ],
            [
              7.1608344,
              50.6548635
            ],
            [
              7.1609907,
              50.6548733
            ],
            [
              7.1610497,
              50.6548592
            ],
            [
              7.161098,
              50.6548652
            ],
            [
              7.161214,
              50.6548461
            ],
            [
              7.1613345,
              50.6548484
            ],
            [
              7.161391,
              50.6548724
            ],
            [
              7.1614511,
              50.6548592
            ],
            [
              7.1615305,
              50.6548324
            ],
            [
              7.1615573,
              50.6548393
            ],
            [
              7.1616197,
              50.6548329
            ],
            [
              7.1616927,
              50.6547717
            ],
            [
              7.161735,
              50.6547564
            ],
            [
              7.1617525,
              50.6547546
            ],
            [
              7.1615323,
              50.6545481
            ],
            [
              7.1626165,
              50.6539779
            ],
            [
              7.1623377,
              50.6534675
            ],
            [
              7.1625092,
              50.6534312
            ],
            [
              7.1630051,
              50.6533162
            ],
            [
              7.1630431,
              50.6532635
            ],
            [
              7.1635512,
              50.6525577
            ],
            [
              7.1653208,
              50.6529773
            ],
            [
              7.1656977,
              50.6521684
            ],
            [
              7.1680374,
              50.6522784
            ],
            [
              7.1681814,
              50.6521914
            ],
            [
              7.1701751,
              50.6524044
            ],
            [
              7.1702241,
              50.6516994
            ],
            [
              7.1718978,
              50.6518514
            ],
            [
              7.1719528,
              50.6515504
            ],
            [
              7.1719608,
              50.6514435
            ],
            [
              7.1720268,
              50.6515125
            ],
            [
              7.1727347,
              50.6519504
            ],
            [
              7.1728309,
              50.6522117
            ],
            [
              7.1733578,
              50.6527637
            ],
            [
              7.1733826,
              50.6530315
            ],
            [
              7.1736256,
              50.6538014
            ],
            [
              7.1736282,
              50.6540031
            ],
            [
              7.1739158,
              50.6542778
            ],
            [
              7.1745732,
              50.6547704
            ],
            [
              7.1748309,
              50.6549564
            ],
            [
              7.1751048,
              50.655167
            ],
            [
              7.1760741,
              50.6558821
            ],
            [
              7.1764313,
              50.6561562
            ],
            [
              7.1766335,
              50.6563551
            ],
            [
              7.1768819,
              50.6567494
            ],
            [
              7.1769046,
              50.6568902
            ],
            [
              7.1768557,
              50.6571414
            ],
            [
              7.1766583,
              50.657624
            ],
            [
              7.1764174,
              50.6585958
            ],
            [
              7.1762021,
              50.6593394
            ],
            [
              7.1763056,
              50.6597239
            ],
            [
              7.1764767,
              50.6600329
            ],
            [
              7.1770882,
              50.6606895
            ],
            [
              7.1771369,
              50.6607871
            ],
            [
              7.177147,
              50.6609123
            ],
            [
              7.1769924,
              50.6611504
            ],
            [
              7.1782009,
              50.661922
            ],
            [
              7.1797867,
              50.6609322
            ],
            [
              7.1811003,
              50.6617428
            ],
            [
              7.1806087,
              50.6622309
            ],
            [
              7.180115,
              50.6625791
            ],
            [
              7.1795696,
              50.6628699
            ],
            [
              7.1799157,
              50.6629822
            ],
            [
              7.1800807,
              50.6629664
            ],
            [
              7.1810747,
              50.6628779
            ],
            [
              7.1823594,
              50.6627677
            ],
            [
              7.1840426,
              50.6627167
            ],
            [
              7.1848593,
              50.6626987
            ],
            [
              7.1852359,
              50.6626695
            ],
            [
              7.185426,
              50.6626163
            ],
            [
              7.1855733,
              50.6625137
            ],
            [
              7.1856952,
              50.6626448
            ],
            [
              7.1857601,
              50.6629152
            ],
            [
              7.1858085,
              50.6631342
            ],
            [
              7.1861977,
              50.6634948
            ],
            [
              7.1865757,
              50.6636642
            ],
            [
              7.1843422,
              50.6661126
            ],
            [
              7.1832146,
              50.6673487
            ],
            [
              7.1823366,
              50.6684805
            ],
            [
              7.1817489,
              50.6689405
            ],
            [
              7.1783345,
              50.6716209
            ],
            [
              7.1765914,
              50.6727264
            ],
            [
              7.1753665,
              50.6736119
            ],
            [
              7.1750242,
              50.6734052
            ],
            [
              7.1734579,
              50.6743974
            ],
            [
              7.171201,
              50.6734183
            ],
            [
              7.1715199,
              50.6730928
            ],
            [
              7.1710112,
              50.6728342
            ],
            [
              7.1726819,
              50.6715645
            ],
            [
              7.1725506,
              50.671491
            ],
            [
              7.1703486,
              50.6707508
            ],
            [
              7.1700255,
              50.6710458
            ],
            [
              7.1674907,
              50.6700772
            ],
            [
              7.1679873,
              50.6695213
            ],
            [
              7.1675126,
              50.6694991
            ],
            [
              7.166073,
              50.6691147
            ],
            [
              7.1670788,
              50.6682562
            ],
            [
              7.1682716,
              50.6675635
            ],
            [
              7.1664497,
              50.6666889
            ],
            [
              7.1663006,
              50.6664605
            ],
            [
              7.1663712,
              50.6662447
            ],
            [
              7.166509,
              50.6658239
            ],
            [
              7.1663653,
              50.6655359
            ],
            [
              7.1659149,
              50.66531
            ],
            [
              7.1655754,
              50.6651398
            ],
            [
              7.1651498,
              50.6647959
            ],
            [
              7.16331,
              50.6638931
            ],
            [
              7.1625624,
              50.6635262
            ],
            [
              7.1631827,
              50.6624298
            ],
            [
              7.1632548,
              50.6624404
            ],
            [
              7.1638286,
              50.6613791
            ],
            [
              7.1628835,
              50.6604744
            ],
            [
              7.1624453,
              50.6602446
            ],
            [
              7.1563489,
              50.6584786
            ]
          ]
        ]
      }
    },
    {
      "type": "Feature",
      "properties": {
        "name": "Mehlem",
        "city": "Bonn",
        "osm_id": 365414,
        "osm_type": "relation",
        "display": "Mehlem, Bad Godesberg, Bonn, Nordrhein-Westfalen, 53179, Deutschland"
      },
      "geometry": {
        "type": "Polygon",
        "coordinates": [
          [
            [
              7.1727347,
              50.6519504
            ],
            [
              7.1733256,
              50.6510925
            ],
            [
              7.1746384,
              50.6510805
            ],
            [
              7.1749484,
              50.6511075
            ],
            [
              7.1751723,
              50.6511805
            ],
            [
              7.1758132,
              50.6516644
            ],
            [
              7.1762042,
              50.6521184
            ],
            [
              7.177221,
              50.6526793
            ],
            [
              7.1778649,
              50.6522104
            ],
            [
              7.1779859,
              50.6521754
            ],
            [
              7.1785588,
              50.6521754
            ],
            [
              7.1792657,
              50.6520304
            ],
            [
              7.1793427,
              50.6521224
            ],
            [
              7.1794277,
              50.6521754
            ],
            [
              7.1798277,
              50.6522944
            ],
            [
              7.1799466,
              50.6522904
            ],
            [
              7.1805146,
              50.6522824
            ],
            [
              7.1807145,
              50.6522674
            ],
            [
              7.1813627,
              50.652146
            ],
            [
              7.1821165,
              50.6519272
            ],
            [
              7.1837896,
              50.6512803
            ],
            [
              7.184054,
              50.6511991
            ],
            [
              7.1853988,
              50.6508139
            ],
            [
              7.1853496,
              50.6506876
            ],
            [
              7.1860308,
              50.6505316
            ],
            [
              7.1856698,
              50.6497577
            ],
            [
              7.1856328,
              50.6496767
            ],
            [
              7.1872806,
              50.6492917
            ],
            [
              7.1871136,
              50.6487848
            ],
            [
              7.1882004,
              50.6485598
            ],
            [
              7.1887764,
              50.6484638
            ],
            [
              7.1887584,
              50.6476549
            ],
            [
              7.1888923,
              50.6475559
            ],
            [
              7.1899412,
              50.646499
            ],
            [
              7.191343,
              50.6452252
            ],
            [
              7.1924681,
              50.6449284
            ],
            [
              7.1925408,
              50.6449092
            ],
            [
              7.1925148,
              50.6445503
            ],
            [
              7.1943079,
              50.6424865
            ],
            [
              7.1951484,
              50.6429551
            ],
            [
              7.195316,
              50.6431769
            ],
            [
              7.1954803,
              50.6433925
            ],
            [
              7.1958189,
              50.6438415
            ],
            [
              7.1962183,
              50.6443658
            ],
            [
              7.196637,
              50.644919
            ],
            [
              7.1970152,
              50.6454195
            ],
            [
              7.1971395,
              50.6455836
            ],
            [
              7.1972104,
              50.6457111
            ],
            [
              7.1973331,
              50.6459452
            ],
            [
              7.197376,
              50.6460154
            ],
            [
              7.1974097,
              50.6460435
            ],
            [
              7.197771,
              50.6462743
            ],
            [
              7.1983243,
              50.6466355
            ],
            [
              7.1986958,
              50.6468742
            ],
            [
              7.1986767,
              50.646886
            ],
            [
              7.199044,
              50.6471201
            ],
            [
              7.1993902,
              50.647347
            ],
            [
              7.1995978,
              50.6474682
            ],
            [
              7.1998408,
              50.647608
            ],
            [
              7.1996282,
              50.647778
            ],
            [
              7.1994616,
              50.6479108
            ],
            [
              7.1992324,
              50.6480917
            ],
            [
              7.1990119,
              50.6482671
            ],
            [
              7.1992334,
              50.6483614
            ],
            [
              7.1992147,
              50.6484125
            ],
            [
              7.1994259,
              50.6484752
            ],
            [
              7.1998883,
              50.6486121
            ],
            [
              7.2001206,
              50.648681
            ],
            [
              7.2004129,
              50.6487663
            ],
            [
              7.2005189,
              50.6487973
            ],
            [
              7.2005248,
              50.6487987
            ],
            [
              7.2005711,
              50.6488124
            ],
            [
              7.2007973,
              50.6488788
            ],
            [
              7.2005398,
              50.6492496
            ],
            [
              7.2006233,
              50.6492743
            ],
            [
              7.2007123,
              50.6493003
            ],
            [
              7.2007703,
              50.6493125
            ],
            [
              7.202917,
              50.6498917
            ],
            [
              7.2032588,
              50.6491442
            ],
            [
              7.20405,
              50.6493078
            ],
            [
              7.2048439,
              50.6494732
            ],
            [
              7.205169,
              50.6495373
            ],
            [
              7.2054104,
              50.6490697
            ],
            [
              7.207053,
              50.6492761
            ],
            [
              7.2071644,
              50.6492933
            ],
            [
              7.2093763,
              50.6495777
            ],
            [
              7.2106794,
              50.64975
            ],
            [
              7.210379,
              50.6503675
            ],
            [
              7.2100498,
              50.6509785
            ],
            [
              7.2096702,
              50.651589
            ],
            [
              7.209045,
              50.6524543
            ],
            [
              7.2085924,
              50.6529613
            ],
            [
              7.2082583,
              50.6533969
            ],
            [
              7.2078126,
              50.6538312
            ],
            [
              7.2075951,
              50.6540908
            ],
            [
              7.2073351,
              50.6543559
            ],
            [
              7.2070521,
              50.6546387
            ],
            [
              7.2062695,
              50.6553773
            ],
            [
              7.2028323,
              50.6586717
            ],
            [
              7.2020574,
              50.6594276
            ],
            [
              7.199525,
              50.6618965
            ],
            [
              7.1982179,
              50.6631542
            ],
            [
              7.1971731,
              50.6641541
            ],
            [
              7.1967491,
              50.664577
            ],
            [
              7.1960642,
              50.6652529
            ],
            [
              7.1947116,
              50.666643
            ],
            [
              7.1927207,
              50.6688685
            ],
            [
              7.1911889,
              50.6707263
            ],
            [
              7.190709,
              50.6713712
            ],
            [
              7.190497,
              50.6716502
            ],
            [
              7.190368,
              50.6718208
            ],
            [
              7.1886678,
              50.670873
            ],
            [
              7.1879684,
              50.6706225
            ],
            [
              7.1876513,
              50.6705344
            ],
            [
              7.1870069,
              50.6703663
            ],
            [
              7.1867056,
              50.6702812
            ],
            [
              7.1862774,
              50.670164
            ],
            [
              7.1860505,
              50.6700671
            ],
            [
              7.1829079,
              50.6687246
            ],
            [
              7.1823366,
              50.6684805
            ],
            [
              7.1832146,
              50.6673487
            ],
            [
              7.1843422,
              50.6661126
            ],
            [
              7.1865757,
              50.6636642
            ],
            [
              7.1861977,
              50.6634948
            ],
            [
              7.1858085,
              50.6631342
            ],
            [
              7.1857601,
              50.6629152
            ],
            [
              7.1856952,
              50.6626448
            ],
            [
              7.1855733,
              50.6625137
            ],
            [
              7.185426,
              50.6626163
            ],
            [
              7.1852359,
              50.6626695
            ],
            [
              7.1848593,
              50.6626987
            ],
            [
              7.1840426,
              50.6627167
            ],
            [
              7.1823594,
              50.6627677
            ],
            [
              7.1810747,
              50.6628779
            ],
            [
              7.1800807,
              50.6629664
            ],
            [
              7.1799157,
              50.6629822
            ],
            [
              7.1795696,
              50.6628699
            ],
            [
              7.180115,
              50.6625791
            ],
            [
              7.1806087,
              50.6622309
            ],
            [
              7.1811003,
              50.6617428
            ],
            [
              7.1797867,
              50.6609322
            ],
            [
              7.1782009,
              50.661922
            ],
            [
              7.1769924,
              50.6611504
            ],
            [
              7.177147,
              50.6609123
            ],
            [
              7.1771369,
              50.6607871
            ],
            [
              7.1770882,
              50.6606895
            ],
            [
              7.1764767,
              50.6600329
            ],
            [
              7.1763056,
              50.6597239
            ],
            [
              7.1762021,
              50.6593394
            ],
            [
              7.1764174,
              50.6585958
            ],
            [
              7.1766583,
              50.657624
            ],
            [
              7.1768557,
              50.6571414
            ],
            [
              7.1769046,
              50.6568902
            ],
            [
              7.1768819,
              50.6567494
            ],
            [
              7.1766335,
              50.6563551
            ],
            [
              7.1764313,
              50.6561562
            ],
            [
              7.1760741,
              50.6558821
            ],
            [
              7.1751048,
              50.655167
            ],
            [
              7.1748309,
              50.6549564
            ],
            [
              7.1745732,
              50.6547704
            ],
            [
              7.1739158,
              50.6542778
            ],
            [
              7.1736282,
              50.6540031
            ],
            [
              7.1736256,
              50.6538014
            ],
            [
              7.1733826,
              50.6530315
            ],
            [
              7.1733578,
              50.6527637
            ],
            [
              7.1728309,
              50.6522117
            ],
            [
              7.1727347,
              50.6519504
            ]
          ]
        ]
      }
    },
    {
      "type": "Feature",
      "properties": {
        "name": "Muffendorf",
        "city": "Bonn",
        "osm_id": 365416,
        "osm_type": "relation",
        "display": "Muffendorf, Bad Godesberg, Bonn, Nordrhein-Westfalen, Deutschland"
      },
      "geometry": {
        "type": "Polygon",
        "coordinates": [
          [
            [
              7.1496143,
              50.6709309
            ],
            [
              7.149618,
              50.6707909
            ],
            [
              7.1496452,
              50.6706666
            ],
            [
              7.1497873,
              50.6705222
            ],
            [
              7.1499885,
              50.6703905
            ],
            [
              7.1502607,
              50.6702851
            ],
            [
              7.1514409,
              50.6700224
            ],
            [
              7.151494,
              50.6700046
            ],
            [
              7.1517655,
              50.6699136
            ],
            [
              7.1519934,
              50.6698116
            ],
            [
              7.1521477,
              50.6697096
            ],
            [
              7.1523154,
              50.6695719
            ],
            [
              7.1524521,
              50.6694172
            ],
            [
              7.1525675,
              50.6692353
            ],
            [
              7.1526255,
              50.6690859
            ],
            [
              7.1526318,
              50.6690534
            ],
            [
              7.1526425,
              50.6688817
            ],
            [
              7.1526103,
              50.6686623
            ],
            [
              7.1525084,
              50.6683088
            ],
            [
              7.1518486,
              50.6664966
            ],
            [
              7.1520358,
              50.6663321
            ],
            [
              7.1532041,
              50.6665263
            ],
            [
              7.1543815,
              50.6666733
            ],
            [
              7.1549809,
              50.6667813
            ],
            [
              7.1556675,
              50.6662484
            ],
            [
              7.1566821,
              50.6642365
            ],
            [
              7.1583532,
              50.6648462
            ],
            [
              7.1603039,
              50.6653838
            ],
            [
              7.1611661,
              50.6653479
            ],
            [
              7.1616962,
              50.6652494
            ],
            [
              7.16331,
              50.6638931
            ],
            [
              7.1651498,
              50.6647959
            ],
            [
              7.1655754,
              50.6651398
            ],
            [
              7.1659149,
              50.66531
            ],
            [
              7.1663653,
              50.6655359
            ],
            [
              7.166509,
              50.6658239
            ],
            [
              7.1663712,
              50.6662447
            ],
            [
              7.1663006,
              50.6664605
            ],
            [
              7.1664497,
              50.6666889
            ],
            [
              7.1682716,
              50.6675635
            ],
            [
              7.1670788,
              50.6682562
            ],
            [
              7.166073,
              50.6691147
            ],
            [
              7.1657235,
              50.6695008
            ],
            [
              7.1647965,
              50.670525
            ],
            [
              7.1639628,
              50.6717453
            ],
            [
              7.1634779,
              50.6724864
            ],
            [
              7.1629741,
              50.673039
            ],
            [
              7.1623228,
              50.673669
            ],
            [
              7.162014,
              50.6739002
            ],
            [
              7.1612897,
              50.6742541
            ],
            [
              7.1609849,
              50.6744661
            ],
            [
              7.160779,
              50.6746134
            ],
            [
              7.1603857,
              50.6750496
            ],
            [
              7.1595572,
              50.6759483
            ],
            [
              7.1587738,
              50.6766733
            ],
            [
              7.1584334,
              50.6769084
            ],
            [
              7.1578264,
              50.6763718
            ],
            [
              7.1575277,
              50.6759327
            ],
            [
              7.1573442,
              50.6755235
            ],
            [
              7.1570563,
              50.6752536
            ],
            [
              7.1566425,
              50.6750433
            ],
            [
              7.1563267,
              50.6749528
            ],
            [
              7.1559574,
              50.6749235
            ],
            [
              7.155266,
              50.6750195
            ],
            [
              7.1546439,
              50.6751262
            ],
            [
              7.1542438,
              50.6752137
            ],
            [
              7.1537825,
              50.675195
            ],
            [
              7.1533909,
              50.675144
            ],
            [
              7.153128,
              50.6750284
            ],
            [
              7.1528518,
              50.6748449
            ],
            [
              7.1525004,
              50.674493
            ],
            [
              7.1521678,
              50.6740647
            ],
            [
              7.1520712,
              50.6738097
            ],
            [
              7.1520793,
              50.6735071
            ],
            [
              7.1522483,
              50.6732267
            ],
            [
              7.1524709,
              50.6729509
            ],
            [
              7.1530687,
              50.6722455
            ],
            [
              7.1530729,
              50.6718825
            ],
            [
              7.152612,
              50.6714714
            ],
            [
              7.1523746,
              50.6714478
            ],
            [
              7.1520336,
              50.6714035
            ],
            [
              7.1504968,
              50.6714095
            ],
            [
              7.150199,
              50.6713568
            ],
            [
              7.1499718,
              50.6712758
            ],
            [
              7.1498061,
              50.6711808
            ],
            [
              7.1496431,
              50.671024
            ],
            [
              7.1496143,
              50.6709309
            ]
          ]
        ]
      }
    },
    {
      "type": "Feature",
      "properties": {
        "name": "Pennenfeld",
        "city": "Bonn",
        "osm_id": 365389,
        "osm_type": "relation",
        "display": "Pennenfeld, Bad Godesberg, Bonn, Nordrhein-Westfalen, Deutschland"
      },
      "geometry": {
        "type": "Polygon",
        "coordinates": [
          [
            [
              7.1584334,
              50.6769084
            ],
            [
              7.1587738,
              50.6766733
            ],
            [
              7.1595572,
              50.6759483
            ],
            [
              7.1603857,
              50.6750496
            ],
            [
              7.160779,
              50.6746134
            ],
            [
              7.1609849,
              50.6744661
            ],
            [
              7.1612897,
              50.6742541
            ],
            [
              7.162014,
              50.6739002
            ],
            [
              7.1623228,
              50.673669
            ],
            [
              7.1629741,
              50.673039
            ],
            [
              7.1634779,
              50.6724864
            ],
            [
              7.1639628,
              50.6717453
            ],
            [
              7.1647965,
              50.670525
            ],
            [
              7.1657235,
              50.6695008
            ],
            [
              7.166073,
              50.6691147
            ],
            [
              7.1675126,
              50.6694991
            ],
            [
              7.1679873,
              50.6695213
            ],
            [
              7.1674907,
              50.6700772
            ],
            [
              7.1700255,
              50.6710458
            ],
            [
              7.1703486,
              50.6707508
            ],
            [
              7.1725506,
              50.671491
            ],
            [
              7.1726819,
              50.6715645
            ],
            [
              7.1710112,
              50.6728342
            ],
            [
              7.1715199,
              50.6730928
            ],
            [
              7.171201,
              50.6734183
            ],
            [
              7.1734579,
              50.6743974
            ],
            [
              7.1750242,
              50.6734052
            ],
            [
              7.1753665,
              50.6736119
            ],
            [
              7.1731786,
              50.6750632
            ],
            [
              7.1701694,
              50.6769872
            ],
            [
              7.1693581,
              50.6775059
            ],
            [
              7.1691369,
              50.6776474
            ],
            [
              7.1646767,
              50.6804992
            ],
            [
              7.162286,
              50.6821436
            ],
            [
              7.1618526,
              50.6811223
            ],
            [
              7.1608243,
              50.6800565
            ],
            [
              7.1601014,
              50.6792922
            ],
            [
              7.1593591,
              50.6784113
            ],
            [
              7.1587365,
              50.6774641
            ],
            [
              7.1584924,
              50.6769423
            ],
            [
              7.1584334,
              50.6769084
            ]
          ]
        ]
      }
    },
    {
      "type": "Feature",
      "properties": {
        "name": "Plittersdorf",
        "city": "Bonn",
        "osm_id": 271683,
        "osm_type": "relation",
        "display": "Plittersdorf, Bad Godesberg, Bonn, Nordrhein-Westfalen, Deutschland"
      },
      "geometry": {
        "type": "Polygon",
        "coordinates": [
          [
            [
              7.1397295,
              50.6966123
            ],
            [
              7.1480692,
              50.6912644
            ],
            [
              7.1482414,
              50.6913433
            ],
            [
              7.1483661,
              50.6914172
            ],
            [
              7.1495507,
              50.6920634
            ],
            [
              7.1504738,
              50.6924669
            ],
            [
              7.1504993,
              50.6924398
            ],
            [
              7.1521827,
              50.6930415
            ],
            [
              7.1540733,
              50.693799
            ],
            [
              7.1545172,
              50.6940184
            ],
            [
              7.1549146,
              50.6941873
            ],
            [
              7.157129,
              50.6952183
            ],
            [
              7.1589945,
              50.6938159
            ],
            [
              7.1594764,
              50.6934907
            ],
            [
              7.1601291,
              50.6930304
            ],
            [
              7.1603981,
              50.692845
            ],
            [
              7.1604695,
              50.6928311
            ],
            [
              7.160668,
              50.6928214
            ],
            [
              7.1610917,
              50.6927454
            ],
            [
              7.1617641,
              50.6926606
            ],
            [
              7.1618845,
              50.692724
            ],
            [
              7.1630022,
              50.6932981
            ],
            [
              7.1647258,
              50.6918541
            ],
            [
              7.1659169,
              50.6908562
            ],
            [
              7.1669094,
              50.6900029
            ],
            [
              7.1674787,
              50.6894354
            ],
            [
              7.1676086,
              50.6894807
            ],
            [
              7.1678757,
              50.68956
            ],
            [
              7.1699328,
              50.6901678
            ],
            [
              7.1700515,
              50.6902182
            ],
            [
              7.1701562,
              50.6902709
            ],
            [
              7.1702353,
              50.690427
            ],
            [
              7.1702613,
              50.6904782
            ],
            [
              7.1703089,
              50.6905373
            ],
            [
              7.1703562,
              50.6905716
            ],
            [
              7.1708576,
              50.6907021
            ],
            [
              7.1712462,
              50.690822
            ],
            [
              7.173449,
              50.691482
            ],
            [
              7.1733712,
              50.6916471
            ],
            [
              7.1730686,
              50.6923519
            ],
            [
              7.1729866,
              50.6925548
            ],
            [
              7.1722799,
              50.694399
            ],
            [
              7.1719407,
              50.6952895
            ],
            [
              7.1708866,
              50.6978465
            ],
            [
              7.1699058,
              50.7002602
            ],
            [
              7.1697048,
              50.7006793
            ],
            [
              7.1692631,
              50.7016558
            ],
            [
              7.1690726,
              50.7020315
            ],
            [
              7.1688591,
              50.7024037
            ],
            [
              7.16856,
              50.7028918
            ],
            [
              7.1682649,
              50.7033691
            ],
            [
              7.1678468,
              50.7039894
            ],
            [
              7.1676217,
              50.7043041
            ],
            [
              7.167418,
              50.7045787
            ],
            [
              7.1664341,
              50.7058027
            ],
            [
              7.1654262,
              50.7069229
            ],
            [
              7.1643346,
              50.7079722
            ],
            [
              7.1637394,
              50.7085029
            ],
            [
              7.163136,
              50.7090207
            ],
            [
              7.1624955,
              50.7095326
            ],
            [
              7.1618248,
              50.710039
            ],
            [
              7.1588752,
              50.7084613
            ],
            [
              7.1578405,
              50.7078421
            ],
            [
              7.1568271,
              50.7072792
            ],
            [
              7.1557619,
              50.707926
            ],
            [
              7.1547658,
              50.7073826
            ],
            [
              7.1546671,
              50.7073306
            ],
            [
              7.1544263,
              50.707501
            ],
            [
              7.1523762,
              50.7063413
            ],
            [
              7.1525189,
              50.7062346
            ],
            [
              7.1521866,
              50.7058833
            ],
            [
              7.1518375,
              50.7054208
            ],
            [
              7.1523635,
              50.7050544
            ],
            [
              7.1533732,
              50.703995
            ],
            [
              7.1534876,
              50.7038029
            ],
            [
              7.1524863,
              50.7031595
            ],
            [
              7.1529365,
              50.702872
            ],
            [
              7.1531933,
              50.7027817
            ],
            [
              7.1525341,
              50.7025231
            ],
            [
              7.1522096,
              50.7023765
            ],
            [
              7.150501,
              50.7015124
            ],
            [
              7.1496659,
              50.7010917
            ],
            [
              7.1493526,
              50.7009191
            ],
            [
              7.1489089,
              50.7006362
            ],
            [
              7.1484789,
              50.7003311
            ],
            [
              7.1482363,
              50.700159
            ],
            [
              7.148206,
              50.7001374
            ],
            [
              7.1481615,
              50.7001098
            ],
            [
              7.1477631,
              50.6998415
            ],
            [
              7.1475996,
              50.6997404
            ],
            [
              7.1473973,
              50.6996221
            ],
            [
              7.1472194,
              50.6995131
            ],
            [
              7.1471775,
              50.6994903
            ],
            [
              7.1464309,
              50.6991239
            ],
            [
              7.1460251,
              50.6989144
            ],
            [
              7.1457977,
              50.698796
            ],
            [
              7.1451344,
              50.6984495
            ],
            [
              7.1448824,
              50.6983349
            ],
            [
              7.1446472,
              50.6982266
            ],
            [
              7.1439185,
              50.697891
            ],
            [
              7.1433535,
              50.6976212
            ],
            [
              7.1432949,
              50.6975937
            ],
            [
              7.1431766,
              50.6975419
            ],
            [
              7.1430027,
              50.6974453
            ],
            [
              7.1428813,
              50.6973998
            ],
            [
              7.1427941,
              50.6973717
            ],
            [
              7.1426196,
              50.697198
            ],
            [
              7.1414687,
              50.6967668
            ],
            [
              7.1410767,
              50.6971592
            ],
            [
              7.1408286,
              50.6970541
            ],
            [
              7.1397295,
              50.6966123
            ]
          ]
        ]
      }
    },
    {
      "type": "Feature",
      "properties": {
        "name": "Rüngsdorf",
        "city": "Bonn",
        "osm_id": 365390,
        "osm_type": "relation",
        "display": "Rüngsdorf, Bad Godesberg, Bonn, Nordrhein-Westfalen, Deutschland"
      },
      "geometry": {
        "type": "Polygon",
        "coordinates": [
          [
            [
              7.158006,
              50.684886
            ],
            [
              7.162286,
              50.6821436
            ],
            [
              7.1646767,
              50.6804992
            ],
            [
              7.1691369,
              50.6776474
            ],
            [
              7.1693581,
              50.6775059
            ],
            [
              7.1701694,
              50.6769872
            ],
            [
              7.1731786,
              50.6750632
            ],
            [
              7.1753665,
              50.6736119
            ],
            [
              7.1765914,
              50.6727264
            ],
            [
              7.1783345,
              50.6716209
            ],
            [
              7.1817489,
              50.6689405
            ],
            [
              7.1823366,
              50.6684805
            ],
            [
              7.1829079,
              50.6687246
            ],
            [
              7.1860505,
              50.6700671
            ],
            [
              7.1862774,
              50.670164
            ],
            [
              7.1867056,
              50.6702812
            ],
            [
              7.1870069,
              50.6703663
            ],
            [
              7.1876513,
              50.6705344
            ],
            [
              7.1879684,
              50.6706225
            ],
            [
              7.1886678,
              50.670873
            ],
            [
              7.190368,
              50.6718208
            ],
            [
              7.1897662,
              50.6726571
            ],
            [
              7.1896712,
              50.6727871
            ],
            [
              7.1895022,
              50.6730121
            ],
            [
              7.1891129,
              50.6735251
            ],
            [
              7.1884826,
              50.6743352
            ],
            [
              7.1878034,
              50.6751288
            ],
            [
              7.1877174,
              50.6752318
            ],
            [
              7.1873805,
              50.6756208
            ],
            [
              7.1866376,
              50.6764797
            ],
            [
              7.1846909,
              50.6785584
            ],
            [
              7.1818948,
              50.6810759
            ],
            [
              7.1812391,
              50.6816334
            ],
            [
              7.1805262,
              50.6822489
            ],
            [
              7.1803598,
              50.6824
            ],
            [
              7.1799937,
              50.68271
            ],
            [
              7.1794609,
              50.6832485
            ],
            [
              7.1787773,
              50.6839186
            ],
            [
              7.1783417,
              50.6843702
            ],
            [
              7.177027,
              50.6857986
            ],
            [
              7.1760978,
              50.6870438
            ],
            [
              7.1758947,
              50.6873353
            ],
            [
              7.1747173,
              50.6890562
            ],
            [
              7.1743454,
              50.6897202
            ],
            [
              7.1739494,
              50.6904261
            ],
            [
              7.173449,
              50.691482
            ],
            [
              7.1712462,
              50.690822
            ],
            [
              7.1708576,
              50.6907021
            ],
            [
              7.1703562,
              50.6905716
            ],
            [
              7.1703089,
              50.6905373
            ],
            [
              7.1702613,
              50.6904782
            ],
            [
              7.1702353,
              50.690427
            ],
            [
              7.1701562,
              50.6902709
            ],
            [
              7.1700515,
              50.6902182
            ],
            [
              7.1699328,
              50.6901678
            ],
            [
              7.1678757,
              50.68956
            ],
            [
              7.1676086,
              50.6894807
            ],
            [
              7.1674787,
              50.6894354
            ],
            [
              7.1675357,
              50.6893646
            ],
            [
              7.1677657,
              50.6890449
            ],
            [
              7.1678943,
              50.6888663
            ],
            [
              7.167916,
              50.6888361
            ],
            [
              7.1680423,
              50.6886499
            ],
            [
              7.1680529,
              50.6886291
            ],
            [
              7.1681903,
              50.6883607
            ],
            [
              7.1683408,
              50.6880667
            ],
            [
              7.1676515,
              50.6877889
            ],
            [
              7.1674059,
              50.6876878
            ],
            [
              7.166822,
              50.6874507
            ],
            [
              7.1666926,
              50.6873982
            ],
            [
              7.1662929,
              50.6872347
            ],
            [
              7.1658504,
              50.6870515
            ],
            [
              7.1656833,
              50.6869854
            ],
            [
              7.1655111,
              50.6869185
            ],
            [
              7.1650288,
              50.6867181
            ],
            [
              7.1642194,
              50.6853393
            ],
            [
              7.164065,
              50.6850598
            ],
            [
              7.1640188,
              50.6849762
            ],
            [
              7.1638626,
              50.6849775
            ],
            [
              7.1629765,
              50.6849851
            ],
            [
              7.1608596,
              50.6849885
            ],
            [
              7.1602818,
              50.6849832
            ],
            [
              7.1600796,
              50.6849837
            ],
            [
              7.1590131,
              50.6849844
            ],
            [
              7.1583984,
              50.6849838
            ],
            [
              7.1582856,
              50.6850213
            ],
            [
              7.158006,
              50.684886
            ]
          ]
        ]
      }
    },
    {
      "type": "Feature",
      "properties": {
        "name": "Schweinheim",
        "city": "Bonn",
        "osm_id": 365418,
        "osm_type": "relation",
        "display": "Schweinheim, Bad Godesberg, Bonn, Nordrhein-Westfalen, 53177, Deutschland"
      },
      "geometry": {
        "type": "Polygon",
        "coordinates": [
          [
            [
              7.1053586,
              50.6595385
            ],
            [
              7.1054845,
              50.6594505
            ],
            [
              7.1059055,
              50.6591525
            ],
            [
              7.1063464,
              50.6589016
            ],
            [
              7.1066104,
              50.6587906
            ],
            [
              7.1068833,
              50.6587066
            ],
            [
              7.1078972,
              50.6584626
            ],
            [
              7.1080912,
              50.6584856
            ],
            [
              7.1081802,
              50.6584736
            ],
            [
              7.1083121,
              50.6584086
            ],
            [
              7.1086201,
              50.6584166
            ],
            [
              7.1087631,
              50.6584016
            ],
            [
              7.108895,
              50.6582946
            ],
            [
              7.109052,
              50.6582566
            ],
            [
              7.109247,
              50.6582376
            ],
            [
              7.109495,
              50.6582486
            ],
            [
              7.1096459,
              50.6582146
            ],
            [
              7.1099089,
              50.6581996
            ],
            [
              7.1100949,
              50.6581496
            ],
            [
              7.1106928,
              50.6580467
            ],
            [
              7.1108538,
              50.6580127
            ],
            [
              7.1110387,
              50.6580237
            ],
            [
              7.1121676,
              50.6578487
            ],
            [
              7.1141173,
              50.6574817
            ],
            [
              7.1142013,
              50.6574517
            ],
            [
              7.1145932,
              50.6573947
            ],
            [
              7.1147872,
              50.6573257
            ],
            [
              7.1150691,
              50.6572947
            ],
            [
              7.1152271,
              50.6572228
            ],
            [
              7.1156601,
              50.6571078
            ],
            [
              7.1164569,
              50.6570508
            ],
            [
              7.1170709,
              50.6569628
            ],
            [
              7.1173888,
              50.6568758
            ],
            [
              7.1176018,
              50.6568798
            ],
            [
              7.1177158,
              50.6568798
            ],
            [
              7.1184217,
              50.6567838
            ],
            [
              7.1186526,
              50.6568488
            ],
            [
              7.1187496,
              50.6568448
            ],
            [
              7.1189846,
              50.6566958
            ],
            [
              7.1191096,
              50.6567118
            ],
            [
              7.1193835,
              50.6566698
            ],
            [
              7.1195155,
              50.6566728
            ],
            [
              7.1199516,
              50.6567324
            ],
            [
              7.1203544,
              50.6566618
            ],
            [
              7.1211443,
              50.6565018
            ],
            [
              7.1217672,
              50.6562729
            ],
            [
              7.1220435,
              50.656205
            ],
            [
              7.1224655,
              50.6564815
            ],
            [
              7.1230131,
              50.6568287
            ],
            [
              7.1234622,
              50.6571906
            ],
            [
              7.1245456,
              50.6583715
            ],
            [
              7.1251763,
              50.6589109
            ],
            [
              7.1257862,
              50.6592553
            ],
            [
              7.1267124,
              50.659639
            ],
            [
              7.1278132,
              50.6600183
            ],
            [
              7.1290048,
              50.6605816
            ],
            [
              7.1304023,
              50.6613314
            ],
            [
              7.1313142,
              50.6621084
            ],
            [
              7.1316495,
              50.6626321
            ],
            [
              7.1321833,
              50.6642881
            ],
            [
              7.132312,
              50.664589
            ],
            [
              7.1326818,
              50.6650155
            ],
            [
              7.1340098,
              50.6668057
            ],
            [
              7.1342028,
              50.6671253
            ],
            [
              7.1345044,
              50.6679514
            ],
            [
              7.1347661,
              50.6683937
            ],
            [
              7.1352966,
              50.6688878
            ],
            [
              7.1358006,
              50.6692468
            ],
            [
              7.1359611,
              50.6694255
            ],
            [
              7.1360689,
              50.6696346
            ],
            [
              7.1362739,
              50.670748
            ],
            [
              7.1372271,
              50.6721241
            ],
            [
              7.1389239,
              50.673864
            ],
            [
              7.1391358,
              50.6740374
            ],
            [
              7.1397028,
              50.6743813
            ],
            [
              7.1407808,
              50.6749867
            ],
            [
              7.1412856,
              50.6752142
            ],
            [
              7.1427126,
              50.6757716
            ],
            [
              7.1430346,
              50.6759682
            ],
            [
              7.1433168,
              50.6762072
            ],
            [
              7.1433954,
              50.6763153
            ],
            [
              7.143464,
              50.6764825
            ],
            [
              7.1435129,
              50.6769041
            ],
            [
              7.1435472,
              50.6771746
            ],
            [
              7.1436663,
              50.6774033
            ],
            [
              7.1440365,
              50.6778356
            ],
            [
              7.1443021,
              50.6780508
            ],
            [
              7.1453376,
              50.6787322
            ],
            [
              7.1467316,
              50.6796071
            ],
            [
              7.1469684,
              50.6798662
            ],
            [
              7.1452721,
              50.6803157
            ],
            [
              7.1494241,
              50.6846819
            ],
            [
              7.1431046,
              50.6859458
            ],
            [
              7.143279,
              50.686637
            ],
            [
              7.1430178,
              50.6866399
            ],
            [
              7.1430395,
              50.6866824
            ],
            [
              7.1425355,
              50.6866303
            ],
            [
              7.1400942,
              50.6872763
            ],
            [
              7.1386835,
              50.6876983
            ],
            [
              7.136473,
              50.688345
            ],
            [
              7.1348576,
              50.6887647
            ],
            [
              7.1302688,
              50.6899571
            ],
            [
              7.1286433,
              50.6875818
            ],
            [
              7.1186399,
              50.6820015
            ],
            [
              7.1182614,
              50.6814187
            ],
            [
              7.1199094,
              50.6798579
            ],
            [
              7.1218469,
              50.6760028
            ],
            [
              7.1220991,
              50.6755673
            ],
            [
              7.1053586,
              50.6595385
            ]
          ]
        ]
      }
    },
    {
      "type": "Feature",
      "properties": {
        "name": "Beuel-Mitte",
        "city": "Bonn",
        "osm_id": 271660,
        "osm_type": "relation",
        "display": "Beuel-Mitte, Bonn-Beuel, Bonn, Nordrhein-Westfalen, Deutschland"
      },
      "geometry": {
        "type": "Polygon",
        "coordinates": [
          [
            [
              7.1087231,
              50.7417236
            ],
            [
              7.1090849,
              50.7407753
            ],
            [
              7.1100527,
              50.7381979
            ],
            [
              7.1111525,
              50.7352676
            ],
            [
              7.1123027,
              50.7329738
            ],
            [
              7.1126623,
              50.7320865
            ],
            [
              7.1130749,
              50.7310892
            ],
            [
              7.1135564,
              50.7301748
            ],
            [
              7.1138208,
              50.7297439
            ],
            [
              7.1140835,
              50.7293481
            ],
            [
              7.1144667,
              50.7288256
            ],
            [
              7.1151546,
              50.7279946
            ],
            [
              7.1156411,
              50.7274907
            ],
            [
              7.1162986,
              50.7268416
            ],
            [
              7.1166828,
              50.7265047
            ],
            [
              7.1172552,
              50.7260413
            ],
            [
              7.1181348,
              50.7253787
            ],
            [
              7.1189724,
              50.7248247
            ],
            [
              7.1198975,
              50.7242581
            ],
            [
              7.1224962,
              50.7260017
            ],
            [
              7.124015,
              50.7268699
            ],
            [
              7.1240951,
              50.726916
            ],
            [
              7.1243537,
              50.7270681
            ],
            [
              7.1243903,
              50.7270914
            ],
            [
              7.124547,
              50.7271854
            ],
            [
              7.1253196,
              50.7278356
            ],
            [
              7.1253609,
              50.72783
            ],
            [
              7.1254155,
              50.7278476
            ],
            [
              7.1256744,
              50.7279667
            ],
            [
              7.1257991,
              50.7280863
            ],
            [
              7.1261132,
              50.7284496
            ],
            [
              7.1262311,
              50.7285076
            ],
            [
              7.1270218,
              50.7289101
            ],
            [
              7.1272367,
              50.7290144
            ],
            [
              7.1273588,
              50.7290789
            ],
            [
              7.1274614,
              50.7291546
            ],
            [
              7.1276939,
              50.7294253
            ],
            [
              7.1278235,
              50.7295037
            ],
            [
              7.1276453,
              50.7297518
            ],
            [
              7.1274322,
              50.7298902
            ],
            [
              7.1276912,
              50.7300742
            ],
            [
              7.1280173,
              50.7302284
            ],
            [
              7.1295754,
              50.7312632
            ],
            [
              7.1295339,
              50.731287
            ],
            [
              7.1293958,
              50.7313607
            ],
            [
              7.1292899,
              50.7314171
            ],
            [
              7.1293287,
              50.7314631
            ],
            [
              7.1293733,
              50.7314906
            ],
            [
              7.1302747,
              50.7320487
            ],
            [
              7.1305951,
              50.7322099
            ],
            [
              7.1313356,
              50.7325344
            ],
            [
              7.1316736,
              50.7326623
            ],
            [
              7.1313142,
              50.7331793
            ],
            [
              7.1309682,
              50.733685
            ],
            [
              7.1285581,
              50.7373769
            ],
            [
              7.1278589,
              50.7384326
            ],
            [
              7.1268808,
              50.7397873
            ],
            [
              7.1264673,
              50.7403654
            ],
            [
              7.1262826,
              50.7406951
            ],
            [
              7.1261578,
              50.7409708
            ],
            [
              7.1262271,
              50.7412022
            ],
            [
              7.126144,
              50.7416254
            ],
            [
              7.1262679,
              50.7416547
            ],
            [
              7.1261127,
              50.7422255
            ],
            [
              7.1261205,
              50.7424219
            ],
            [
              7.1261844,
              50.7426551
            ],
            [
              7.1262328,
              50.7429565
            ],
            [
              7.1263318,
              50.7432493
            ],
            [
              7.1264321,
              50.7434789
            ],
            [
              7.126529,
              50.7436879
            ],
            [
              7.1266375,
              50.7438832
            ],
            [
              7.1266853,
              50.743887
            ],
            [
              7.1268289,
              50.7439749
            ],
            [
              7.1290939,
              50.7467969
            ],
            [
              7.1291773,
              50.7468425
            ],
            [
              7.129175,
              50.7469267
            ],
            [
              7.1291953,
              50.7469245
            ],
            [
              7.1292262,
              50.7469619
            ],
            [
              7.1290034,
              50.746971
            ],
            [
              7.1282008,
              50.7469538
            ],
            [
              7.1280695,
              50.7469535
            ],
            [
              7.1275711,
              50.7469516
            ],
            [
              7.1270823,
              50.7469507
            ],
            [
              7.1260645,
              50.7469437
            ],
            [
              7.1254051,
              50.7469702
            ],
            [
              7.1253638,
              50.7470402
            ],
            [
              7.125369,
              50.7470783
            ],
            [
              7.1253857,
              50.7471143
            ],
            [
              7.1254144,
              50.7471514
            ],
            [
              7.1262558,
              50.7479
            ],
            [
              7.1259583,
              50.7478812
            ],
            [
              7.1256964,
              50.747863
            ],
            [
              7.1250982,
              50.7472824
            ],
            [
              7.1249947,
              50.7472608
            ],
            [
              7.1249789,
              50.7471201
            ],
            [
              7.1244645,
              50.7466174
            ],
            [
              7.1239357,
              50.7459188
            ],
            [
              7.1231443,
              50.7446909
            ],
            [
              7.1227222,
              50.7441373
            ],
            [
              7.1226491,
              50.7440349
            ],
            [
              7.1225956,
              50.7439611
            ],
            [
              7.1220548,
              50.7433677
            ],
            [
              7.121295,
              50.7433379
            ],
            [
              7.1207314,
              50.7433008
            ],
            [
              7.1202785,
              50.7432492
            ],
            [
              7.1201138,
              50.7431889
            ],
            [
              7.1195673,
              50.7431294
            ],
            [
              7.1187673,
              50.743074
            ],
            [
              7.1182237,
              50.7430133
            ],
            [
              7.1180855,
              50.7429793
            ],
            [
              7.117388,
              50.7429081
            ],
            [
              7.1161604,
              50.7428175
            ],
            [
              7.1157192,
              50.7427962
            ],
            [
              7.1142385,
              50.7426728
            ],
            [
              7.1139862,
              50.7426304
            ],
            [
              7.113775,
              50.7425913
            ],
            [
              7.1136226,
              50.7425468
            ],
            [
              7.1133652,
              50.7424558
            ],
            [
              7.1132254,
              50.7423656
            ],
            [
              7.1131701,
              50.7423577
            ],
            [
              7.1126774,
              50.7422959
            ],
            [
              7.1121347,
              50.7421348
            ],
            [
              7.1087231,
              50.7417236
            ]
          ]
        ]
      }
    },
    {
      "type": "Feature",
      "properties": {
        "name": "Beuel-Ost",
        "city": "Bonn",
        "osm_id": 271673,
        "osm_type": "relation",
        "display": "Beuel-Ost, Bonn-Beuel, Bonn, Nordrhein-Westfalen, Deutschland"
      },
      "geometry": {
        "type": "Polygon",
        "coordinates": [
          [
            [
              7.1261127,
              50.7422255
            ],
            [
              7.1262679,
              50.7416547
            ],
            [
              7.126144,
              50.7416254
            ],
            [
              7.1262271,
              50.7412022
            ],
            [
              7.1261578,
              50.7409708
            ],
            [
              7.1262826,
              50.7406951
            ],
            [
              7.1264673,
              50.7403654
            ],
            [
              7.1268808,
              50.7397873
            ],
            [
              7.1278589,
              50.7384326
            ],
            [
              7.1285581,
              50.7373769
            ],
            [
              7.1309682,
              50.733685
            ],
            [
              7.1313142,
              50.7331793
            ],
            [
              7.1316736,
              50.7326623
            ],
            [
              7.1320399,
              50.7327611
            ],
            [
              7.1330112,
              50.7331406
            ],
            [
              7.1329658,
              50.7331842
            ],
            [
              7.1329376,
              50.7332115
            ],
            [
              7.1329148,
              50.7332339
            ],
            [
              7.1327097,
              50.7334623
            ],
            [
              7.1325945,
              50.733578
            ],
            [
              7.1320779,
              50.734257
            ],
            [
              7.1319084,
              50.7345455
            ],
            [
              7.1352025,
              50.7354453
            ],
            [
              7.1375688,
              50.736172
            ],
            [
              7.1378786,
              50.7363753
            ],
            [
              7.1384524,
              50.7367355
            ],
            [
              7.138661,
              50.736941
            ],
            [
              7.1387061,
              50.7372736
            ],
            [
              7.1393192,
              50.7372918
            ],
            [
              7.1395568,
              50.7373419
            ],
            [
              7.1396589,
              50.7372272
            ],
            [
              7.1396865,
              50.7371958
            ],
            [
              7.139978,
              50.7369622
            ],
            [
              7.1401799,
              50.7368129
            ],
            [
              7.1405028,
              50.7368354
            ],
            [
              7.1417091,
              50.7368094
            ],
            [
              7.1427571,
              50.736874
            ],
            [
              7.1438057,
              50.7370782
            ],
            [
              7.1445387,
              50.7373567
            ],
            [
              7.1452,
              50.7376881
            ],
            [
              7.1456614,
              50.7381408
            ],
            [
              7.1458745,
              50.7383503
            ],
            [
              7.1455946,
              50.7386729
            ],
            [
              7.1450968,
              50.7393193
            ],
            [
              7.1444531,
              50.7403187
            ],
            [
              7.1441944,
              50.7407748
            ],
            [
              7.1438978,
              50.7415056
            ],
            [
              7.1434356,
              50.7427363
            ],
            [
              7.1431179,
              50.7438413
            ],
            [
              7.1428601,
              50.7446191
            ],
            [
              7.1426911,
              50.7454216
            ],
            [
              7.1426379,
              50.7456884
            ],
            [
              7.1424729,
              50.7456652
            ],
            [
              7.1415383,
              50.7454388
            ],
            [
              7.141476,
              50.7454265
            ],
            [
              7.1413445,
              50.7453925
            ],
            [
              7.1411445,
              50.7453297
            ],
            [
              7.1410521,
              50.7452884
            ],
            [
              7.1400991,
              50.7448558
            ],
            [
              7.1395801,
              50.7446201
            ],
            [
              7.1391733,
              50.7444353
            ],
            [
              7.1388029,
              50.7442867
            ],
            [
              7.1372626,
              50.7436654
            ],
            [
              7.1367637,
              50.7434637
            ],
            [
              7.1361262,
              50.743206
            ],
            [
              7.134315,
              50.7424762
            ],
            [
              7.1341361,
              50.7423896
            ],
            [
              7.1339628,
              50.742302
            ],
            [
              7.1339465,
              50.7423318
            ],
            [
              7.1339648,
              50.7423469
            ],
            [
              7.1339756,
              50.7423653
            ],
            [
              7.1339808,
              50.7423832
            ],
            [
              7.133982,
              50.7424021
            ],
            [
              7.1339819,
              50.7424213
            ],
            [
              7.1339788,
              50.7424404
            ],
            [
              7.1339612,
              50.7424766
            ],
            [
              7.1339453,
              50.7425014
            ],
            [
              7.1338999,
              50.7425503
            ],
            [
              7.133781,
              50.7426604
            ],
            [
              7.1333032,
              50.7430041
            ],
            [
              7.1331529,
              50.7431096
            ],
            [
              7.1331213,
              50.7431424
            ],
            [
              7.133047,
              50.7432536
            ],
            [
              7.1321951,
              50.7449606
            ],
            [
              7.1320858,
              50.7452505
            ],
            [
              7.1317689,
              50.746921
            ],
            [
              7.1311263,
              50.7469372
            ],
            [
              7.1305383,
              50.7469432
            ],
            [
              7.1296456,
              50.746959
            ],
            [
              7.129544,
              50.7469615
            ],
            [
              7.1292262,
              50.7469619
            ],
            [
              7.1291953,
              50.7469245
            ],
            [
              7.129175,
              50.7469267
            ],
            [
              7.1291773,
              50.7468425
            ],
            [
              7.1290939,
              50.7467969
            ],
            [
              7.1268289,
              50.7439749
            ],
            [
              7.1266853,
              50.743887
            ],
            [
              7.1266375,
              50.7438832
            ],
            [
              7.126529,
              50.7436879
            ],
            [
              7.1264321,
              50.7434789
            ],
            [
              7.1263318,
              50.7432493
            ],
            [
              7.1262328,
              50.7429565
            ],
            [
              7.1261844,
              50.7426551
            ],
            [
              7.1261205,
              50.7424219
            ],
            [
              7.1261127,
              50.7422255
            ]
          ]
        ]
      }
    },
    {
      "type": "Feature",
      "properties": {
        "name": "Geislar",
        "city": "Bonn",
        "osm_id": 273740,
        "osm_type": "relation",
        "display": "Geislar, Bonn-Beuel, Bonn, Nordrhein-Westfalen, Deutschland"
      },
      "geometry": {
        "type": "Polygon",
        "coordinates": [
          [
            [
              7.1075146,
              50.7657941
            ],
            [
              7.1084203,
              50.7652251
            ],
            [
              7.1084254,
              50.765222
            ],
            [
              7.1101253,
              50.7641979
            ],
            [
              7.1107841,
              50.7637486
            ],
            [
              7.1113327,
              50.7633805
            ],
            [
              7.1114348,
              50.7633067
            ],
            [
              7.1116427,
              50.7631516
            ],
            [
              7.1117476,
              50.7630632
            ],
            [
              7.1122221,
              50.7626794
            ],
            [
              7.1124823,
              50.7624764
            ],
            [
              7.1125455,
              50.7624271
            ],
            [
              7.1128543,
              50.7621613
            ],
            [
              7.1133126,
              50.7617957
            ],
            [
              7.1137048,
              50.7614065
            ],
            [
              7.1142264,
              50.7608849
            ],
            [
              7.1144922,
              50.760627
            ],
            [
              7.1145795,
              50.7605338
            ],
            [
              7.1146682,
              50.7604341
            ],
            [
              7.1147599,
              50.7603352
            ],
            [
              7.114924,
              50.760138
            ],
            [
              7.1151362,
              50.7598932
            ],
            [
              7.1157333,
              50.7592075
            ],
            [
              7.1161036,
              50.7587003
            ],
            [
              7.1163671,
              50.7582799
            ],
            [
              7.1165745,
              50.7579177
            ],
            [
              7.116775,
              50.757477
            ],
            [
              7.1169783,
              50.7569955
            ],
            [
              7.1172598,
              50.7561905
            ],
            [
              7.1177421,
              50.7551001
            ],
            [
              7.11842,
              50.7541308
            ],
            [
              7.1186044,
              50.7541906
            ],
            [
              7.1185762,
              50.754327
            ],
            [
              7.1188353,
              50.7546221
            ],
            [
              7.118981,
              50.7547775
            ],
            [
              7.1191025,
              50.754846
            ],
            [
              7.1194506,
              50.7550214
            ],
            [
              7.1198658,
              50.7552306
            ],
            [
              7.1199474,
              50.7552691
            ],
            [
              7.1205553,
              50.7553741
            ],
            [
              7.1212932,
              50.7555467
            ],
            [
              7.1221126,
              50.7557406
            ],
            [
              7.1229851,
              50.7558574
            ],
            [
              7.1238005,
              50.7559497
            ],
            [
              7.1242729,
              50.7559809
            ],
            [
              7.1245044,
              50.7559605
            ],
            [
              7.1252234,
              50.7559027
            ],
            [
              7.1255211,
              50.7558808
            ],
            [
              7.1289761,
              50.755499
            ],
            [
              7.1292079,
              50.7554773
            ],
            [
              7.1296493,
              50.7553893
            ],
            [
              7.13216,
              50.754789
            ],
            [
              7.1325381,
              50.7547008
            ],
            [
              7.1327491,
              50.7547146
            ],
            [
              7.1333014,
              50.7547508
            ],
            [
              7.1335337,
              50.754766
            ],
            [
              7.1351735,
              50.7554943
            ],
            [
              7.1380868,
              50.7606826
            ],
            [
              7.1391567,
              50.7624826
            ],
            [
              7.1420389,
              50.7674815
            ],
            [
              7.1420895,
              50.7675746
            ],
            [
              7.1418979,
              50.7677194
            ],
            [
              7.1417196,
              50.7678307
            ],
            [
              7.1415157,
              50.7679716
            ],
            [
              7.1412197,
              50.7681713
            ],
            [
              7.1411041,
              50.768251
            ],
            [
              7.1410169,
              50.7683115
            ],
            [
              7.1405531,
              50.7685933
            ],
            [
              7.1398762,
              50.7690948
            ],
            [
              7.1396676,
              50.7691843
            ],
            [
              7.1395477,
              50.7692364
            ],
            [
              7.1391294,
              50.7694172
            ],
            [
              7.1353817,
              50.7710291
            ],
            [
              7.1348525,
              50.770764
            ],
            [
              7.1337752,
              50.7714829
            ],
            [
              7.1331532,
              50.7717858
            ],
            [
              7.1329495,
              50.7718728
            ],
            [
              7.1326418,
              50.772003
            ],
            [
              7.1326146,
              50.7720183
            ],
            [
              7.1325575,
              50.7720503
            ],
            [
              7.1324034,
              50.7721373
            ],
            [
              7.1317439,
              50.7722937
            ],
            [
              7.13152,
              50.7723471
            ],
            [
              7.1311541,
              50.7724334
            ],
            [
              7.1310533,
              50.7724503
            ],
            [
              7.1306673,
              50.7725207
            ],
            [
              7.1302483,
              50.7725873
            ],
            [
              7.1299325,
              50.7726107
            ],
            [
              7.1298726,
              50.7726282
            ],
            [
              7.1296507,
              50.7727245
            ],
            [
              7.1292608,
              50.7728958
            ],
            [
              7.1290051,
              50.7730115
            ],
            [
              7.1289892,
              50.7729186
            ],
            [
              7.1283612,
              50.7730906
            ],
            [
              7.1282137,
              50.7731164
            ],
            [
              7.1278063,
              50.7731444
            ],
            [
              7.1278252,
              50.7733619
            ],
            [
              7.1272535,
              50.7734006
            ],
            [
              7.1270963,
              50.7734232
            ],
            [
              7.1269098,
              50.7735281
            ],
            [
              7.1257875,
              50.774178
            ],
            [
              7.1254004,
              50.7744233
            ],
            [
              7.1251225,
              50.7741642
            ],
            [
              7.1246315,
              50.7738361
            ],
            [
              7.1244977,
              50.7737477
            ],
            [
              7.1242985,
              50.7736057
            ],
            [
              7.1239356,
              50.7733917
            ],
            [
              7.1235546,
              50.7731967
            ],
            [
              7.1233157,
              50.7730787
            ],
            [
              7.1229744,
              50.7729374
            ],
            [
              7.1225103,
              50.772778
            ],
            [
              7.1221565,
              50.7726292
            ],
            [
              7.1215623,
              50.7724518
            ],
            [
              7.1199928,
              50.7721444
            ],
            [
              7.1193297,
              50.7720968
            ],
            [
              7.1185086,
              50.7720314
            ],
            [
              7.1171462,
              50.7719254
            ],
            [
              7.1154098,
              50.7717324
            ],
            [
              7.1145422,
              50.7715536
            ],
            [
              7.1134808,
              50.7712521
            ],
            [
              7.1128202,
              50.771153
            ],
            [
              7.1117724,
              50.770748
            ],
            [
              7.1108185,
              50.7702791
            ],
            [
              7.1098687,
              50.7696151
            ],
            [
              7.1093317,
              50.7692072
            ],
            [
              7.1087338,
              50.7686192
            ],
            [
              7.1083069,
              50.7680363
            ],
            [
              7.1079569,
              50.7673564
            ],
            [
              7.107684,
              50.7666395
            ],
            [
              7.1076862,
              50.7664816
            ],
            [
              7.1076364,
              50.7663387
            ],
            [
              7.1075146,
              50.7657941
            ]
          ]
        ]
      }
    },
    {
      "type": "Feature",
      "properties": {
        "name": "Hoholz",
        "city": "Bonn",
        "osm_id": 330870,
        "osm_type": "relation",
        "display": "Hoholz, Bonn-Beuel, Niederholtorf, Bonn, Nordrhein-Westfalen, Deutschland"
      },
      "geometry": {
        "type": "Polygon",
        "coordinates": [
          [
            [
              7.1889184,
              50.7326554
            ],
            [
              7.1916212,
              50.7303543
            ],
            [
              7.1928283,
              50.7288815
            ],
            [
              7.1933944,
              50.7291321
            ],
            [
              7.1937448,
              50.7292874
            ],
            [
              7.1947788,
              50.7299002
            ],
            [
              7.1954229,
              50.7303019
            ],
            [
              7.1961549,
              50.7307481
            ],
            [
              7.1963906,
              50.7308975
            ],
            [
              7.1969111,
              50.7312227
            ],
            [
              7.1974708,
              50.7315707
            ],
            [
              7.1975074,
              50.7315935
            ],
            [
              7.1978699,
              50.7318189
            ],
            [
              7.1980646,
              50.7319285
            ],
            [
              7.1980951,
              50.731939
            ],
            [
              7.1981457,
              50.7319598
            ],
            [
              7.1983253,
              50.7320362
            ],
            [
              7.1991985,
              50.7324191
            ],
            [
              7.2000782,
              50.7327977
            ],
            [
              7.2007693,
              50.7330602
            ],
            [
              7.2012595,
              50.73329
            ],
            [
              7.2043027,
              50.7345928
            ],
            [
              7.2045322,
              50.7345978
            ],
            [
              7.2046194,
              50.7346821
            ],
            [
              7.2046185,
              50.7347552
            ],
            [
              7.2059361,
              50.7354469
            ],
            [
              7.2073519,
              50.7360658
            ],
            [
              7.2089935,
              50.7367604
            ],
            [
              7.2090824,
              50.7367442
            ],
            [
              7.2090867,
              50.7368521
            ],
            [
              7.2084714,
              50.7375784
            ],
            [
              7.2081001,
              50.7380125
            ],
            [
              7.2072852,
              50.7388169
            ],
            [
              7.2071369,
              50.7389766
            ],
            [
              7.2068541,
              50.739292
            ],
            [
              7.2068762,
              50.739335
            ],
            [
              7.2069609,
              50.7393785
            ],
            [
              7.2069332,
              50.739414
            ],
            [
              7.2067201,
              50.7394458
            ],
            [
              7.2064925,
              50.7395714
            ],
            [
              7.2056341,
              50.7409078
            ],
            [
              7.2046006,
              50.7413406
            ],
            [
              7.2050023,
              50.741751
            ],
            [
              7.2048958,
              50.7417562
            ],
            [
              7.2047682,
              50.7417802
            ],
            [
              7.2046432,
              50.7418255
            ],
            [
              7.2045493,
              50.7418725
            ],
            [
              7.2040263,
              50.7421938
            ],
            [
              7.2040086,
              50.7422069
            ],
            [
              7.2039488,
              50.7422559
            ],
            [
              7.2041211,
              50.7423417
            ],
            [
              7.2045865,
              50.7425316
            ],
            [
              7.204683,
              50.7425555
            ],
            [
              7.2047804,
              50.7425696
            ],
            [
              7.2050086,
              50.7425707
            ],
            [
              7.204351,
              50.7436993
            ],
            [
              7.2039771,
              50.7438647
            ],
            [
              7.2038815,
              50.744502
            ],
            [
              7.2027338,
              50.7447586
            ],
            [
              7.2017207,
              50.7449835
            ],
            [
              7.2016641,
              50.7450658
            ],
            [
              7.2015797,
              50.7453442
            ],
            [
              7.2015665,
              50.7454684
            ],
            [
              7.2013477,
              50.7454956
            ],
            [
              7.1995342,
              50.7443493
            ],
            [
              7.1978976,
              50.7432158
            ],
            [
              7.1996181,
              50.7421568
            ],
            [
              7.2002658,
              50.7420517
            ],
            [
              7.1997547,
              50.7412257
            ],
            [
              7.1994559,
              50.7412503
            ],
            [
              7.1993697,
              50.7410634
            ],
            [
              7.1992908,
              50.7408534
            ],
            [
              7.199177,
              50.7407982
            ],
            [
              7.1983223,
              50.7393961
            ],
            [
              7.1978366,
              50.73845
            ],
            [
              7.1967466,
              50.7387596
            ],
            [
              7.1964521,
              50.7378304
            ],
            [
              7.1964265,
              50.7377909
            ],
            [
              7.1977255,
              50.7372158
            ],
            [
              7.195765,
              50.736179
            ],
            [
              7.1945804,
              50.7356145
            ],
            [
              7.1929305,
              50.7347805
            ],
            [
              7.1915195,
              50.7343705
            ],
            [
              7.1904294,
              50.7343922
            ],
            [
              7.1890686,
              50.7347102
            ],
            [
              7.1892808,
              50.7339787
            ],
            [
              7.1889184,
              50.7326554
            ]
          ]
        ]
      }
    },
    {
      "type": "Feature",
      "properties": {
        "name": "Holtorf",
        "city": "Bonn",
        "osm_id": 330878,
        "osm_type": "relation",
        "display": "Holtorf, Bonn-Beuel, Bonn, Nordrhein-Westfalen, 53229, Deutschland"
      },
      "geometry": {
        "type": "Polygon",
        "coordinates": [
          [
            [
              7.1601819,
              50.738542
            ],
            [
              7.1604155,
              50.7385644
            ],
            [
              7.1614114,
              50.7384421
            ],
            [
              7.1633723,
              50.7381805
            ],
            [
              7.1650132,
              50.7379597
            ],
            [
              7.1659811,
              50.7378154
            ],
            [
              7.166537,
              50.7377314
            ],
            [
              7.1669392,
              50.737637
            ],
            [
              7.167374,
              50.7374763
            ],
            [
              7.1674599,
              50.7374342
            ],
            [
              7.1674023,
              50.7373578
            ],
            [
              7.1670905,
              50.7370247
            ],
            [
              7.1667767,
              50.73654
            ],
            [
              7.1667131,
              50.7361096
            ],
            [
              7.1686622,
              50.7348594
            ],
            [
              7.1702481,
              50.7343871
            ],
            [
              7.1704694,
              50.7342763
            ],
            [
              7.171093,
              50.7340961
            ],
            [
              7.1712848,
              50.7340231
            ],
            [
              7.1713213,
              50.7340044
            ],
            [
              7.1713377,
              50.7339961
            ],
            [
              7.1715748,
              50.7338759
            ],
            [
              7.1716163,
              50.7338882
            ],
            [
              7.1716801,
              50.7339073
            ],
            [
              7.1718172,
              50.7339149
            ],
            [
              7.1719697,
              50.7338612
            ],
            [
              7.1715771,
              50.7329509
            ],
            [
              7.1728991,
              50.7327302
            ],
            [
              7.1729856,
              50.7326937
            ],
            [
              7.1731637,
              50.7324989
            ],
            [
              7.1736849,
              50.7319234
            ],
            [
              7.1744049,
              50.7311331
            ],
            [
              7.1740114,
              50.730889
            ],
            [
              7.1740482,
              50.7308061
            ],
            [
              7.1741584,
              50.7307196
            ],
            [
              7.1743059,
              50.7305614
            ],
            [
              7.1743509,
              50.7305466
            ],
            [
              7.1743664,
              50.7304877
            ],
            [
              7.1745124,
              50.7303953
            ],
            [
              7.1745621,
              50.7303402
            ],
            [
              7.1746827,
              50.730245
            ],
            [
              7.174824,
              50.7300926
            ],
            [
              7.1749777,
              50.7299543
            ],
            [
              7.1750487,
              50.7297679
            ],
            [
              7.1752008,
              50.729752
            ],
            [
              7.1752013,
              50.7296624
            ],
            [
              7.1752095,
              50.729612
            ],
            [
              7.1753344,
              50.7294772
            ],
            [
              7.1753786,
              50.7293916
            ],
            [
              7.1755972,
              50.7291282
            ],
            [
              7.1757195,
              50.7290339
            ],
            [
              7.1758163,
              50.7289169
            ],
            [
              7.1759149,
              50.7288363
            ],
            [
              7.1759498,
              50.7286963
            ],
            [
              7.1759762,
              50.7286668
            ],
            [
              7.176175,
              50.7285744
            ],
            [
              7.1763462,
              50.7285506
            ],
            [
              7.1765802,
              50.7284122
            ],
            [
              7.1767634,
              50.7283916
            ],
            [
              7.1768767,
              50.7283366
            ],
            [
              7.176997,
              50.7283159
            ],
            [
              7.177081,
              50.7282746
            ],
            [
              7.1771664,
              50.7282062
            ],
            [
              7.1773014,
              50.7281502
            ],
            [
              7.1774404,
              50.7280721
            ],
            [
              7.1777068,
              50.7280173
            ],
            [
              7.1776099,
              50.7279184
            ],
            [
              7.1775049,
              50.7277058
            ],
            [
              7.1777747,
              50.7275633
            ],
            [
              7.1778896,
              50.7275053
            ],
            [
              7.1778569,
              50.727464
            ],
            [
              7.1779641,
              50.7274601
            ],
            [
              7.1782436,
              50.7274208
            ],
            [
              7.1775911,
              50.7269686
            ],
            [
              7.1770564,
              50.7265972
            ],
            [
              7.1766248,
              50.7262119
            ],
            [
              7.1761164,
              50.7257318
            ],
            [
              7.1760816,
              50.7256733
            ],
            [
              7.1760761,
              50.7256386
            ],
            [
              7.1764208,
              50.7256706
            ],
            [
              7.1772814,
              50.7254839
            ],
            [
              7.179028,
              50.7253558
            ],
            [
              7.1806498,
              50.7251427
            ],
            [
              7.1808291,
              50.7239554
            ],
            [
              7.1792587,
              50.7235635
            ],
            [
              7.1784682,
              50.7233485
            ],
            [
              7.1767551,
              50.7228293
            ],
            [
              7.1770416,
              50.7225483
            ],
            [
              7.1773114,
              50.7222079
            ],
            [
              7.1774321,
              50.7220387
            ],
            [
              7.1775503,
              50.7218728
            ],
            [
              7.177668,
              50.7216771
            ],
            [
              7.177772,
              50.7215312
            ],
            [
              7.1781004,
              50.7211436
            ],
            [
              7.1782343,
              50.7210035
            ],
            [
              7.1782958,
              50.720905
            ],
            [
              7.1783246,
              50.7208781
            ],
            [
              7.1784023,
              50.7208062
            ],
            [
              7.1787275,
              50.7206323
            ],
            [
              7.1790287,
              50.7204851
            ],
            [
              7.1792619,
              50.7203715
            ],
            [
              7.1788205,
              50.7196232
            ],
            [
              7.1786003,
              50.7192509
            ],
            [
              7.1782541,
              50.7187206
            ],
            [
              7.1781533,
              50.7187015
            ],
            [
              7.1783762,
              50.7186208
            ],
            [
              7.178638,
              50.7185541
            ],
            [
              7.1791254,
              50.7184158
            ],
            [
              7.1792273,
              50.7183714
            ],
            [
              7.179925,
              50.7182053
            ],
            [
              7.1802137,
              50.7181385
            ],
            [
              7.1810572,
              50.7179537
            ],
            [
              7.182299,
              50.7177053
            ],
            [
              7.1829782,
              50.7175957
            ],
            [
              7.1836779,
              50.7175412
            ],
            [
              7.1843564,
              50.7175371
            ],
            [
              7.185295,
              50.7174196
            ],
            [
              7.1857308,
              50.7173772
            ],
            [
              7.1857424,
              50.7174053
            ],
            [
              7.1860986,
              50.7173536
            ],
            [
              7.1862644,
              50.7173084
            ],
            [
              7.186529,
              50.7172139
            ],
            [
              7.1867233,
              50.7171791
            ],
            [
              7.1871131,
              50.7171314
            ],
            [
              7.1877991,
              50.7171421
            ],
            [
              7.1884881,
              50.7171906
            ],
            [
              7.1888246,
              50.7173012
            ],
            [
              7.1897182,
              50.717623
            ],
            [
              7.1909512,
              50.7167187
            ],
            [
              7.1907077,
              50.7166082
            ],
            [
              7.1916853,
              50.7157403
            ],
            [
              7.1919847,
              50.7160144
            ],
            [
              7.1922862,
              50.7161629
            ],
            [
              7.1925433,
              50.7162934
            ],
            [
              7.1929757,
              50.7164855
            ],
            [
              7.1937573,
              50.7167775
            ],
            [
              7.195457,
              50.7171007
            ],
            [
              7.1958269,
              50.717171
            ],
            [
              7.1957686,
              50.7181059
            ],
            [
              7.1956914,
              50.7190554
            ],
            [
              7.1957051,
              50.7193294
            ],
            [
              7.1951552,
              50.7203802
            ],
            [
              7.1945295,
              50.7215538
            ],
            [
              7.1939384,
              50.722675
            ],
            [
              7.193343,
              50.7237939
            ],
            [
              7.1925621,
              50.7252399
            ],
            [
              7.1919392,
              50.7263738
            ],
            [
              7.1912996,
              50.7267878
            ],
            [
              7.1906734,
              50.7271931
            ],
            [
              7.190803,
              50.7273984
            ],
            [
              7.1908132,
              50.7273406
            ],
            [
              7.191163,
              50.7271549
            ],
            [
              7.191486,
              50.7269812
            ],
            [
              7.1914835,
              50.7270421
            ],
            [
              7.1917511,
              50.7272028
            ],
            [
              7.19194,
              50.727259
            ],
            [
              7.1919928,
              50.7272749
            ],
            [
              7.1920623,
              50.7272801
            ],
            [
              7.1921527,
              50.7272868
            ],
            [
              7.1931724,
              50.7273628
            ],
            [
              7.1942505,
              50.7274427
            ],
            [
              7.1942343,
              50.7275346
            ],
            [
              7.1934282,
              50.7281508
            ],
            [
              7.1932896,
              50.7282568
            ],
            [
              7.1931552,
              50.728362
            ],
            [
              7.192614,
              50.7287867
            ],
            [
              7.1928283,
              50.7288815
            ],
            [
              7.1916212,
              50.7303543
            ],
            [
              7.1889184,
              50.7326554
            ],
            [
              7.1892808,
              50.7339787
            ],
            [
              7.1890686,
              50.7347102
            ],
            [
              7.1887873,
              50.7354591
            ],
            [
              7.187507,
              50.7367114
            ],
            [
              7.1859406,
              50.7373805
            ],
            [
              7.1848349,
              50.7379667
            ],
            [
              7.1841414,
              50.7384148
            ],
            [
              7.183608,
              50.7389212
            ],
            [
              7.1836759,
              50.7391207
            ],
            [
              7.1833461,
              50.7394245
            ],
            [
              7.1827835,
              50.7393969
            ],
            [
              7.1811589,
              50.7383565
            ],
            [
              7.1803248,
              50.7386081
            ],
            [
              7.1814784,
              50.7402762
            ],
            [
              7.1775043,
              50.7413341
            ],
            [
              7.176575,
              50.7411931
            ],
            [
              7.1755119,
              50.7412386
            ],
            [
              7.1742555,
              50.7416298
            ],
            [
              7.1739573,
              50.7417226
            ],
            [
              7.1736415,
              50.7417878
            ],
            [
              7.1723501,
              50.742268
            ],
            [
              7.1706675,
              50.7419352
            ],
            [
              7.1701077,
              50.7417821
            ],
            [
              7.1679332,
              50.7419475
            ],
            [
              7.1658603,
              50.7390925
            ],
            [
              7.1654493,
              50.7390791
            ],
            [
              7.1641654,
              50.7390477
            ],
            [
              7.1611432,
              50.7388401
            ],
            [
              7.1607631,
              50.7388023
            ],
            [
              7.1603045,
              50.7386517
            ],
            [
              7.1601819,
              50.738542
            ]
          ]
        ]
      }
    },
    {
      "type": "Feature",
      "properties": {
        "name": "Holzlar",
        "city": "Bonn",
        "osm_id": 365425,
        "osm_type": "relation",
        "display": "Holzlar, Bonn-Beuel, Niederholtorf, Bonn, Nordrhein-Westfalen, Deutschland"
      },
      "geometry": {
        "type": "Polygon",
        "coordinates": [
          [
            [
              7.1568257,
              50.7522362
            ],
            [
              7.1568753,
              50.7521267
            ],
            [
              7.1570308,
              50.7520029
            ],
            [
              7.1571985,
              50.7519672
            ],
            [
              7.1573245,
              50.7519104
            ],
            [
              7.1575445,
              50.7517118
            ],
            [
              7.1576491,
              50.7515863
            ],
            [
              7.1576602,
              50.7514977
            ],
            [
              7.1593254,
              50.7503564
            ],
            [
              7.1593485,
              50.7502459
            ],
            [
              7.1594096,
              50.7502345
            ],
            [
              7.159885,
              50.7499397
            ],
            [
              7.1601671,
              50.7495694
            ],
            [
              7.1603881,
              50.7495071
            ],
            [
              7.1630151,
              50.7488177
            ],
            [
              7.1627328,
              50.7482387
            ],
            [
              7.162083,
              50.7466736
            ],
            [
              7.1622614,
              50.7465581
            ],
            [
              7.1634915,
              50.7461756
            ],
            [
              7.1645031,
              50.7458478
            ],
            [
              7.1648787,
              50.7457386
            ],
            [
              7.1653636,
              50.7456424
            ],
            [
              7.165708,
              50.7455895
            ],
            [
              7.1658743,
              50.7455669
            ],
            [
              7.1660409,
              50.7455407
            ],
            [
              7.1662137,
              50.7455207
            ],
            [
              7.166285,
              50.7455118
            ],
            [
              7.1666135,
              50.7454628
            ],
            [
              7.1670925,
              50.7453027
            ],
            [
              7.1668574,
              50.7449879
            ],
            [
              7.1659123,
              50.7437223
            ],
            [
              7.1669376,
              50.7435189
            ],
            [
              7.1670744,
              50.7435113
            ],
            [
              7.1670999,
              50.7434731
            ],
            [
              7.1671414,
              50.7434408
            ],
            [
              7.1672367,
              50.7433976
            ],
            [
              7.1681252,
              50.7432535
            ],
            [
              7.1679835,
              50.742603
            ],
            [
              7.1679332,
              50.7419475
            ],
            [
              7.1701077,
              50.7417821
            ],
            [
              7.1706675,
              50.7419352
            ],
            [
              7.1723501,
              50.742268
            ],
            [
              7.1736415,
              50.7417878
            ],
            [
              7.1739573,
              50.7417226
            ],
            [
              7.1742555,
              50.7416298
            ],
            [
              7.1755119,
              50.7412386
            ],
            [
              7.176575,
              50.7411931
            ],
            [
              7.1775043,
              50.7413341
            ],
            [
              7.1814784,
              50.7402762
            ],
            [
              7.1803248,
              50.7386081
            ],
            [
              7.1811589,
              50.7383565
            ],
            [
              7.1827835,
              50.7393969
            ],
            [
              7.1833461,
              50.7394245
            ],
            [
              7.1836759,
              50.7391207
            ],
            [
              7.183608,
              50.7389212
            ],
            [
              7.1841414,
              50.7384148
            ],
            [
              7.1848349,
              50.7379667
            ],
            [
              7.1859406,
              50.7373805
            ],
            [
              7.187507,
              50.7367114
            ],
            [
              7.1887873,
              50.7354591
            ],
            [
              7.1890686,
              50.7347102
            ],
            [
              7.1904294,
              50.7343922
            ],
            [
              7.1915195,
              50.7343705
            ],
            [
              7.1929305,
              50.7347805
            ],
            [
              7.1945804,
              50.7356145
            ],
            [
              7.195765,
              50.736179
            ],
            [
              7.1977255,
              50.7372158
            ],
            [
              7.1964265,
              50.7377909
            ],
            [
              7.1964521,
              50.7378304
            ],
            [
              7.1967466,
              50.7387596
            ],
            [
              7.1978366,
              50.73845
            ],
            [
              7.1983223,
              50.7393961
            ],
            [
              7.199177,
              50.7407982
            ],
            [
              7.1992908,
              50.7408534
            ],
            [
              7.1993697,
              50.7410634
            ],
            [
              7.1994559,
              50.7412503
            ],
            [
              7.1997547,
              50.7412257
            ],
            [
              7.2002658,
              50.7420517
            ],
            [
              7.1996181,
              50.7421568
            ],
            [
              7.1978976,
              50.7432158
            ],
            [
              7.1995342,
              50.7443493
            ],
            [
              7.2013477,
              50.7454956
            ],
            [
              7.2013786,
              50.7455605
            ],
            [
              7.2013893,
              50.7455961
            ],
            [
              7.2013602,
              50.7456214
            ],
            [
              7.2000843,
              50.7461943
            ],
            [
              7.1999936,
              50.7465827
            ],
            [
              7.1998382,
              50.7472277
            ],
            [
              7.1997043,
              50.7475524
            ],
            [
              7.1995328,
              50.7478705
            ],
            [
              7.1984745,
              50.7471951
            ],
            [
              7.1973725,
              50.746492
            ],
            [
              7.1971012,
              50.7467469
            ],
            [
              7.1962147,
              50.7461768
            ],
            [
              7.1961301,
              50.7461128
            ],
            [
              7.1956483,
              50.745355
            ],
            [
              7.1952709,
              50.7447817
            ],
            [
              7.1949587,
              50.7443999
            ],
            [
              7.194948,
              50.744355
            ],
            [
              7.1949641,
              50.7438865
            ],
            [
              7.1949766,
              50.7438491
            ],
            [
              7.1948534,
              50.7438466
            ],
            [
              7.1947922,
              50.7438808
            ],
            [
              7.19386,
              50.7440959
            ],
            [
              7.1925695,
              50.7442895
            ],
            [
              7.1924962,
              50.7444669
            ],
            [
              7.1923529,
              50.7446731
            ],
            [
              7.1922918,
              50.7449564
            ],
            [
              7.1923107,
              50.7450708
            ],
            [
              7.1923987,
              50.7451761
            ],
            [
              7.1924161,
              50.7453828
            ],
            [
              7.1923925,
              50.7453933
            ],
            [
              7.1924758,
              50.7454673
            ],
            [
              7.1919983,
              50.7459118
            ],
            [
              7.1917698,
              50.7462842
            ],
            [
              7.1915959,
              50.7465901
            ],
            [
              7.1930116,
              50.7468761
            ],
            [
              7.1902751,
              50.7477437
            ],
            [
              7.1900786,
              50.7478097
            ],
            [
              7.1884196,
              50.7483668
            ],
            [
              7.1872243,
              50.7484216
            ],
            [
              7.184914,
              50.7484941
            ],
            [
              7.1839485,
              50.7485244
            ],
            [
              7.1833267,
              50.7501277
            ],
            [
              7.1826967,
              50.7517636
            ],
            [
              7.1821092,
              50.7517165
            ],
            [
              7.1806792,
              50.7516024
            ],
            [
              7.1797237,
              50.7515159
            ],
            [
              7.1781472,
              50.7507861
            ],
            [
              7.1767323,
              50.7518719
            ],
            [
              7.1762978,
              50.7521904
            ],
            [
              7.1763193,
              50.7523151
            ],
            [
              7.1762462,
              50.7523758
            ],
            [
              7.176277,
              50.7524744
            ],
            [
              7.1757681,
              50.7524377
            ],
            [
              7.1753389,
              50.7523953
            ],
            [
              7.1750184,
              50.7523635
            ],
            [
              7.1746939,
              50.7523316
            ],
            [
              7.1741601,
              50.7522892
            ],
            [
              7.1733917,
              50.7522311
            ],
            [
              7.1729022,
              50.7522222
            ],
            [
              7.1726648,
              50.7522409
            ],
            [
              7.1721434,
              50.7523032
            ],
            [
              7.1719865,
              50.7522992
            ],
            [
              7.1718057,
              50.752307
            ],
            [
              7.1713371,
              50.7523164
            ],
            [
              7.1710608,
              50.752327
            ],
            [
              7.1699772,
              50.752334
            ],
            [
              7.169543,
              50.7528838
            ],
            [
              7.1694833,
              50.7529593
            ],
            [
              7.1692554,
              50.7531653
            ],
            [
              7.1689161,
              50.7533341
            ],
            [
              7.1684447,
              50.7534932
            ],
            [
              7.1680594,
              50.7536211
            ],
            [
              7.1676182,
              50.7538175
            ],
            [
              7.1671827,
              50.7540233
            ],
            [
              7.1668622,
              50.7541764
            ],
            [
              7.1668212,
              50.7541902
            ],
            [
              7.1667073,
              50.754103
            ],
            [
              7.1664508,
              50.7542462
            ],
            [
              7.1664964,
              50.7542842
            ],
            [
              7.1662959,
              50.7543991
            ],
            [
              7.1660786,
              50.7545222
            ],
            [
              7.1658858,
              50.754632
            ],
            [
              7.1656568,
              50.754761
            ],
            [
              7.1655904,
              50.754806
            ],
            [
              7.1649792,
              50.7552228
            ],
            [
              7.1644049,
              50.7556154
            ],
            [
              7.1643107,
              50.7555821
            ],
            [
              7.1640017,
              50.7554341
            ],
            [
              7.1638408,
              50.7553566
            ],
            [
              7.1636422,
              50.7552605
            ],
            [
              7.163333,
              50.7551123
            ],
            [
              7.1630814,
              50.7549842
            ],
            [
              7.162803,
              50.7548416
            ],
            [
              7.1625746,
              50.7547243
            ],
            [
              7.1622528,
              50.7545591
            ],
            [
              7.1620234,
              50.7544424
            ],
            [
              7.1616805,
              50.7542807
            ],
            [
              7.1614274,
              50.754163
            ],
            [
              7.1612391,
              50.7540755
            ],
            [
              7.1610807,
              50.7540044
            ],
            [
              7.160859,
              50.7539085
            ],
            [
              7.1605452,
              50.7537813
            ],
            [
              7.1601,
              50.7536094
            ],
            [
              7.1596091,
              50.7534304
            ],
            [
              7.159239,
              50.7533163
            ],
            [
              7.1589768,
              50.7532353
            ],
            [
              7.1587471,
              50.7531704
            ],
            [
              7.158327,
              50.7530539
            ],
            [
              7.158538,
              50.7529231
            ],
            [
              7.1582137,
              50.7528378
            ],
            [
              7.1577718,
              50.7527351
            ],
            [
              7.1573754,
              50.7526573
            ],
            [
              7.1571469,
              50.7526158
            ],
            [
              7.1568786,
              50.7525494
            ],
            [
              7.1568371,
              50.7525446
            ],
            [
              7.156848,
              50.7524459
            ],
            [
              7.156941,
              50.7523737
            ],
            [
              7.1568257,
              50.7522362
            ]
          ]
        ]
      }
    },
    {
      "type": "Feature",
      "properties": {
        "name": "Küdinghoven",
        "city": "Bonn",
        "osm_id": 273825,
        "osm_type": "relation",
        "display": "Küdinghoven, Bonn-Beuel, Bonn, Nordrhein-Westfalen, Deutschland"
      },
      "geometry": {
        "type": "Polygon",
        "coordinates": [
          [
            [
              7.1401799,
              50.7368129
            ],
            [
              7.1410158,
              50.7361609
            ],
            [
              7.1415029,
              50.735792
            ],
            [
              7.1419926,
              50.735436
            ],
            [
              7.142297,
              50.7352209
            ],
            [
              7.1423966,
              50.7351225
            ],
            [
              7.14247,
              50.7350155
            ],
            [
              7.1432015,
              50.7338254
            ],
            [
              7.1433692,
              50.7336258
            ],
            [
              7.1434395,
              50.7335181
            ],
            [
              7.1434529,
              50.733492
            ],
            [
              7.143473,
              50.7334527
            ],
            [
              7.143557,
              50.733289
            ],
            [
              7.1436763,
              50.7330503
            ],
            [
              7.1437485,
              50.7329136
            ],
            [
              7.1438649,
              50.7326933
            ],
            [
              7.1443674,
              50.7316383
            ],
            [
              7.1445014,
              50.7313388
            ],
            [
              7.1446821,
              50.7309997
            ],
            [
              7.1448051,
              50.7307093
            ],
            [
              7.1444532,
              50.7297966
            ],
            [
              7.1440589,
              50.7297966
            ],
            [
              7.1439775,
              50.7297832
            ],
            [
              7.1431663,
              50.729348
            ],
            [
              7.1430268,
              50.7292595
            ],
            [
              7.1427118,
              50.7287465
            ],
            [
              7.1439261,
              50.7284827
            ],
            [
              7.1440195,
              50.7284624
            ],
            [
              7.1420144,
              50.7276626
            ],
            [
              7.1419511,
              50.7276421
            ],
            [
              7.1418938,
              50.727623
            ],
            [
              7.1418394,
              50.7276053
            ],
            [
              7.1417715,
              50.7275796
            ],
            [
              7.1414386,
              50.7274752
            ],
            [
              7.1416754,
              50.7271642
            ],
            [
              7.1415393,
              50.7271186
            ],
            [
              7.1412465,
              50.727029
            ],
            [
              7.1411873,
              50.7270042
            ],
            [
              7.1411186,
              50.7269583
            ],
            [
              7.1406159,
              50.7263692
            ],
            [
              7.1404728,
              50.7262205
            ],
            [
              7.1448347,
              50.7246669
            ],
            [
              7.1450501,
              50.7245795
            ],
            [
              7.1463809,
              50.7257077
            ],
            [
              7.1466563,
              50.7259641
            ],
            [
              7.146851,
              50.726129
            ],
            [
              7.1472477,
              50.7264283
            ],
            [
              7.1479869,
              50.7270316
            ],
            [
              7.149252,
              50.7262456
            ],
            [
              7.150632,
              50.725556
            ],
            [
              7.1507131,
              50.7255237
            ],
            [
              7.1515439,
              50.726197
            ],
            [
              7.1513421,
              50.7262192
            ],
            [
              7.1518408,
              50.7266145
            ],
            [
              7.1517526,
              50.726671
            ],
            [
              7.1520365,
              50.7268857
            ],
            [
              7.1518912,
              50.7269696
            ],
            [
              7.1524159,
              50.7273441
            ],
            [
              7.1538843,
              50.7281458
            ],
            [
              7.1552452,
              50.7293523
            ],
            [
              7.155638,
              50.7296925
            ],
            [
              7.1561301,
              50.7300115
            ],
            [
              7.1562895,
              50.7299466
            ],
            [
              7.1571485,
              50.7298107
            ],
            [
              7.1576512,
              50.7297671
            ],
            [
              7.158229,
              50.7297699
            ],
            [
              7.1585981,
              50.7298326
            ],
            [
              7.1590546,
              50.7300205
            ],
            [
              7.1593758,
              50.7301281
            ],
            [
              7.1596452,
              50.730213
            ],
            [
              7.1601629,
              50.7304291
            ],
            [
              7.1615405,
              50.7308662
            ],
            [
              7.1619823,
              50.7310864
            ],
            [
              7.1621896,
              50.7313355
            ],
            [
              7.1625809,
              50.7319303
            ],
            [
              7.1630577,
              50.7324877
            ],
            [
              7.1634185,
              50.7330863
            ],
            [
              7.1632241,
              50.7334054
            ],
            [
              7.1631476,
              50.733638
            ],
            [
              7.163664,
              50.7338536
            ],
            [
              7.1638249,
              50.7343281
            ],
            [
              7.16379,
              50.7344121
            ],
            [
              7.1632522,
              50.734974
            ],
            [
              7.1666372,
              50.7356267
            ],
            [
              7.1667131,
              50.7361096
            ],
            [
              7.1667767,
              50.73654
            ],
            [
              7.1670905,
              50.7370247
            ],
            [
              7.1674023,
              50.7373578
            ],
            [
              7.1674599,
              50.7374342
            ],
            [
              7.167374,
              50.7374763
            ],
            [
              7.1669392,
              50.737637
            ],
            [
              7.166537,
              50.7377314
            ],
            [
              7.1659811,
              50.7378154
            ],
            [
              7.1650132,
              50.7379597
            ],
            [
              7.1633723,
              50.7381805
            ],
            [
              7.1614114,
              50.7384421
            ],
            [
              7.1604155,
              50.7385644
            ],
            [
              7.1601819,
              50.738542
            ],
            [
              7.160055,
              50.7384718
            ],
            [
              7.1589929,
              50.7381425
            ],
            [
              7.1582258,
              50.7378301
            ],
            [
              7.1577858,
              50.7375353
            ],
            [
              7.1572387,
              50.737219
            ],
            [
              7.1570563,
              50.7370187
            ],
            [
              7.1565092,
              50.7366487
            ],
            [
              7.1561632,
              50.7365417
            ],
            [
              7.1558118,
              50.7364908
            ],
            [
              7.1536606,
              50.7360749
            ],
            [
              7.1526843,
              50.7359662
            ],
            [
              7.1517992,
              50.7358152
            ],
            [
              7.1511662,
              50.7356335
            ],
            [
              7.1493402,
              50.7349453
            ],
            [
              7.1489792,
              50.7348903
            ],
            [
              7.1468727,
              50.7371944
            ],
            [
              7.1458745,
              50.7383503
            ],
            [
              7.1456614,
              50.7381408
            ],
            [
              7.1452,
              50.7376881
            ],
            [
              7.1445387,
              50.7373567
            ],
            [
              7.1438057,
              50.7370782
            ],
            [
              7.1427571,
              50.736874
            ],
            [
              7.1417091,
              50.7368094
            ],
            [
              7.1405028,
              50.7368354
            ],
            [
              7.1401799,
              50.7368129
            ]
          ]
        ]
      }
    },
    {
      "type": "Feature",
      "properties": {
        "name": "Limperich",
        "city": "Bonn",
        "osm_id": 271669,
        "osm_type": "relation",
        "display": "Limperich, Bonn-Beuel, Bonn, Nordrhein-Westfalen, Deutschland"
      },
      "geometry": {
        "type": "Polygon",
        "coordinates": [
          [
            [
              7.1198975,
              50.7242581
            ],
            [
              7.1206162,
              50.723867
            ],
            [
              7.1228611,
              50.722821
            ],
            [
              7.1243084,
              50.7222801
            ],
            [
              7.1254092,
              50.7219186
            ],
            [
              7.1267973,
              50.7215268
            ],
            [
              7.1286125,
              50.7211022
            ],
            [
              7.1304522,
              50.7206686
            ],
            [
              7.1364721,
              50.7192805
            ],
            [
              7.1402655,
              50.7183875
            ],
            [
              7.1428932,
              50.7226313
            ],
            [
              7.1430355,
              50.7228333
            ],
            [
              7.1433844,
              50.7231277
            ],
            [
              7.1434483,
              50.723182
            ],
            [
              7.144076,
              50.7237466
            ],
            [
              7.1447204,
              50.7242946
            ],
            [
              7.1450501,
              50.7245795
            ],
            [
              7.1448347,
              50.7246669
            ],
            [
              7.1404728,
              50.7262205
            ],
            [
              7.1406159,
              50.7263692
            ],
            [
              7.1411186,
              50.7269583
            ],
            [
              7.1411873,
              50.7270042
            ],
            [
              7.1412465,
              50.727029
            ],
            [
              7.1415393,
              50.7271186
            ],
            [
              7.1416754,
              50.7271642
            ],
            [
              7.1414386,
              50.7274752
            ],
            [
              7.1417715,
              50.7275796
            ],
            [
              7.1418394,
              50.7276053
            ],
            [
              7.1418938,
              50.727623
            ],
            [
              7.1419511,
              50.7276421
            ],
            [
              7.1420144,
              50.7276626
            ],
            [
              7.1440195,
              50.7284624
            ],
            [
              7.1439261,
              50.7284827
            ],
            [
              7.1427118,
              50.7287465
            ],
            [
              7.1430268,
              50.7292595
            ],
            [
              7.1431663,
              50.729348
            ],
            [
              7.1439775,
              50.7297832
            ],
            [
              7.1440589,
              50.7297966
            ],
            [
              7.1444532,
              50.7297966
            ],
            [
              7.1448051,
              50.7307093
            ],
            [
              7.1446821,
              50.7309997
            ],
            [
              7.1445014,
              50.7313388
            ],
            [
              7.1443674,
              50.7316383
            ],
            [
              7.1438649,
              50.7326933
            ],
            [
              7.1437485,
              50.7329136
            ],
            [
              7.1436763,
              50.7330503
            ],
            [
              7.143557,
              50.733289
            ],
            [
              7.143473,
              50.7334527
            ],
            [
              7.1434529,
              50.733492
            ],
            [
              7.1434395,
              50.7335181
            ],
            [
              7.1433692,
              50.7336258
            ],
            [
              7.1432015,
              50.7338254
            ],
            [
              7.14247,
              50.7350155
            ],
            [
              7.1423966,
              50.7351225
            ],
            [
              7.142297,
              50.7352209
            ],
            [
              7.1419926,
              50.735436
            ],
            [
              7.1415029,
              50.735792
            ],
            [
              7.1410158,
              50.7361609
            ],
            [
              7.1401799,
              50.7368129
            ],
            [
              7.139978,
              50.7369622
            ],
            [
              7.1396865,
              50.7371958
            ],
            [
              7.1396589,
              50.7372272
            ],
            [
              7.1395568,
              50.7373419
            ],
            [
              7.1393192,
              50.7372918
            ],
            [
              7.1387061,
              50.7372736
            ],
            [
              7.138661,
              50.736941
            ],
            [
              7.1384524,
              50.7367355
            ],
            [
              7.1378786,
              50.7363753
            ],
            [
              7.1375688,
              50.736172
            ],
            [
              7.1352025,
              50.7354453
            ],
            [
              7.1319084,
              50.7345455
            ],
            [
              7.1320779,
              50.734257
            ],
            [
              7.1325945,
              50.733578
            ],
            [
              7.1327097,
              50.7334623
            ],
            [
              7.1329148,
              50.7332339
            ],
            [
              7.1329376,
              50.7332115
            ],
            [
              7.1329658,
              50.7331842
            ],
            [
              7.1330112,
              50.7331406
            ],
            [
              7.1320399,
              50.7327611
            ],
            [
              7.1316736,
              50.7326623
            ],
            [
              7.1313356,
              50.7325344
            ],
            [
              7.1305951,
              50.7322099
            ],
            [
              7.1302747,
              50.7320487
            ],
            [
              7.1293733,
              50.7314906
            ],
            [
              7.1293287,
              50.7314631
            ],
            [
              7.1292899,
              50.7314171
            ],
            [
              7.1293958,
              50.7313607
            ],
            [
              7.1295339,
              50.731287
            ],
            [
              7.1295754,
              50.7312632
            ],
            [
              7.1280173,
              50.7302284
            ],
            [
              7.1276912,
              50.7300742
            ],
            [
              7.1274322,
              50.7298902
            ],
            [
              7.1276453,
              50.7297518
            ],
            [
              7.1278235,
              50.7295037
            ],
            [
              7.1276939,
              50.7294253
            ],
            [
              7.1274614,
              50.7291546
            ],
            [
              7.1273588,
              50.7290789
            ],
            [
              7.1272367,
              50.7290144
            ],
            [
              7.1270218,
              50.7289101
            ],
            [
              7.1262311,
              50.7285076
            ],
            [
              7.1261132,
              50.7284496
            ],
            [
              7.1257991,
              50.7280863
            ],
            [
              7.1256744,
              50.7279667
            ],
            [
              7.1254155,
              50.7278476
            ],
            [
              7.1253609,
              50.72783
            ],
            [
              7.1253196,
              50.7278356
            ],
            [
              7.124547,
              50.7271854
            ],
            [
              7.1243903,
              50.7270914
            ],
            [
              7.1243537,
              50.7270681
            ],
            [
              7.1240951,
              50.726916
            ],
            [
              7.124015,
              50.7268699
            ],
            [
              7.1224962,
              50.7260017
            ],
            [
              7.1198975,
              50.7242581
            ]
          ]
        ]
      }
    },
    {
      "type": "Feature",
      "properties": {
        "name": "Oberkassel",
        "city": "Bonn",
        "osm_id": 365426,
        "osm_type": "relation",
        "display": "Oberkassel, Bonn-Beuel, Bonn, Nordrhein-Westfalen, Deutschland"
      },
      "geometry": {
        "type": "Polygon",
        "coordinates": [
          [
            [
              7.1536383,
              50.7145995
            ],
            [
              7.1545304,
              50.7142179
            ],
            [
              7.1552755,
              50.7138822
            ],
            [
              7.1562855,
              50.7133986
            ],
            [
              7.1571363,
              50.7129618
            ],
            [
              7.1577805,
              50.712616
            ],
            [
              7.1581465,
              50.7124091
            ],
            [
              7.15873,
              50.7120777
            ],
            [
              7.159218,
              50.7117845
            ],
            [
              7.1599105,
              50.7113543
            ],
            [
              7.1605223,
              50.7109545
            ],
            [
              7.1612372,
              50.7104644
            ],
            [
              7.1618248,
              50.710039
            ],
            [
              7.1624955,
              50.7095326
            ],
            [
              7.163136,
              50.7090207
            ],
            [
              7.1637394,
              50.7085029
            ],
            [
              7.1643346,
              50.7079722
            ],
            [
              7.1654262,
              50.7069229
            ],
            [
              7.1664341,
              50.7058027
            ],
            [
              7.167418,
              50.7045787
            ],
            [
              7.1676217,
              50.7043041
            ],
            [
              7.1678468,
              50.7039894
            ],
            [
              7.1682649,
              50.7033691
            ],
            [
              7.1713476,
              50.7041746
            ],
            [
              7.1714513,
              50.7042021
            ],
            [
              7.1717695,
              50.7043046
            ],
            [
              7.1715973,
              50.7044969
            ],
            [
              7.171808,
              50.7045688
            ],
            [
              7.1721396,
              50.7046921
            ],
            [
              7.1728547,
              50.7049628
            ],
            [
              7.1729541,
              50.7048659
            ],
            [
              7.173229,
              50.7050163
            ],
            [
              7.1735133,
              50.7051704
            ],
            [
              7.1745262,
              50.7055005
            ],
            [
              7.1747504,
              50.7051182
            ],
            [
              7.1752461,
              50.7052631
            ],
            [
              7.175789,
              50.7054224
            ],
            [
              7.1758479,
              50.7053225
            ],
            [
              7.1774167,
              50.7057896
            ],
            [
              7.1781609,
              50.7060071
            ],
            [
              7.1781555,
              50.7060145
            ],
            [
              7.1785246,
              50.7061323
            ],
            [
              7.1774498,
              50.7077851
            ],
            [
              7.1780491,
              50.7079774
            ],
            [
              7.1787929,
              50.7082156
            ],
            [
              7.1788576,
              50.7082476
            ],
            [
              7.178899,
              50.7081554
            ],
            [
              7.1789202,
              50.708122
            ],
            [
              7.178965,
              50.7080623
            ],
            [
              7.1790288,
              50.7079764
            ],
            [
              7.1795935,
              50.7081925
            ],
            [
              7.1802322,
              50.7084378
            ],
            [
              7.1803065,
              50.7083536
            ],
            [
              7.1805224,
              50.7084307
            ],
            [
              7.1804507,
              50.7085157
            ],
            [
              7.1807762,
              50.7086386
            ],
            [
              7.1807245,
              50.708681
            ],
            [
              7.1812271,
              50.7089251
            ],
            [
              7.181186,
              50.7089609
            ],
            [
              7.1816145,
              50.7091358
            ],
            [
              7.181987,
              50.7092873
            ],
            [
              7.1821035,
              50.7092618
            ],
            [
              7.1821863,
              50.7092267
            ],
            [
              7.1823875,
              50.7091443
            ],
            [
              7.1824867,
              50.7091188
            ],
            [
              7.1826077,
              50.7091328
            ],
            [
              7.1827455,
              50.7091486
            ],
            [
              7.1829318,
              50.7092122
            ],
            [
              7.1831275,
              50.7092771
            ],
            [
              7.1834179,
              50.7093757
            ],
            [
              7.1834137,
              50.7094031
            ],
            [
              7.1834777,
              50.709688
            ],
            [
              7.1836372,
              50.7097946
            ],
            [
              7.1836227,
              50.7098159
            ],
            [
              7.1839158,
              50.7099208
            ],
            [
              7.18431,
              50.710009
            ],
            [
              7.184386,
              50.7099518
            ],
            [
              7.1845109,
              50.7100431
            ],
            [
              7.1845585,
              50.7100699
            ],
            [
              7.1846816,
              50.71014
            ],
            [
              7.184762,
              50.7101854
            ],
            [
              7.1848459,
              50.7102139
            ],
            [
              7.1850211,
              50.7102738
            ],
            [
              7.1851265,
              50.7101576
            ],
            [
              7.1851918,
              50.7101758
            ],
            [
              7.1852319,
              50.7101179
            ],
            [
              7.1853081,
              50.7100097
            ],
            [
              7.1859098,
              50.7101985
            ],
            [
              7.1860196,
              50.7102714
            ],
            [
              7.1863431,
              50.7103584
            ],
            [
              7.1864682,
              50.7102892
            ],
            [
              7.1866699,
              50.7105124
            ],
            [
              7.1867534,
              50.7105702
            ],
            [
              7.1871201,
              50.7108241
            ],
            [
              7.1872716,
              50.7107851
            ],
            [
              7.1875227,
              50.7108287
            ],
            [
              7.1876287,
              50.7108472
            ],
            [
              7.1878558,
              50.7109002
            ],
            [
              7.1879097,
              50.7109793
            ],
            [
              7.1879417,
              50.7110497
            ],
            [
              7.1879253,
              50.7111065
            ],
            [
              7.1882244,
              50.711138
            ],
            [
              7.1886142,
              50.7112444
            ],
            [
              7.1887642,
              50.7112946
            ],
            [
              7.1891199,
              50.7114061
            ],
            [
              7.1893182,
              50.7113537
            ],
            [
              7.1895213,
              50.7113001
            ],
            [
              7.1896487,
              50.7112639
            ],
            [
              7.1897345,
              50.7112394
            ],
            [
              7.1897512,
              50.7112319
            ],
            [
              7.1898007,
              50.7112109
            ],
            [
              7.1898664,
              50.7111838
            ],
            [
              7.189947,
              50.7111502
            ],
            [
              7.1900845,
              50.711099
            ],
            [
              7.1902041,
              50.7110712
            ],
            [
              7.1903018,
              50.7110477
            ],
            [
              7.1905068,
              50.7110093
            ],
            [
              7.1908456,
              50.7109454
            ],
            [
              7.1912576,
              50.7108923
            ],
            [
              7.1914354,
              50.7108702
            ],
            [
              7.1918162,
              50.710819
            ],
            [
              7.1922589,
              50.7107862
            ],
            [
              7.193033,
              50.7107287
            ],
            [
              7.1931109,
              50.7107161
            ],
            [
              7.1931647,
              50.7107117
            ],
            [
              7.1932184,
              50.710709
            ],
            [
              7.1936735,
              50.7106479
            ],
            [
              7.1937173,
              50.710642
            ],
            [
              7.1938082,
              50.7106251
            ],
            [
              7.193978,
              50.7106488
            ],
            [
              7.194114,
              50.7107032
            ],
            [
              7.1940973,
              50.7106718
            ],
            [
              7.1942099,
              50.7107481
            ],
            [
              7.1942574,
              50.7107827
            ],
            [
              7.1944368,
              50.7109143
            ],
            [
              7.194794,
              50.7111756
            ],
            [
              7.1948795,
              50.711242
            ],
            [
              7.1952769,
              50.7115345
            ],
            [
              7.1952005,
              50.7115748
            ],
            [
              7.1955307,
              50.7120313
            ],
            [
              7.1953819,
              50.7120717
            ],
            [
              7.1959326,
              50.7125317
            ],
            [
              7.1961665,
              50.7125324
            ],
            [
              7.1965433,
              50.7129092
            ],
            [
              7.1969669,
              50.7133371
            ],
            [
              7.1968098,
              50.7132978
            ],
            [
              7.1967723,
              50.7133698
            ],
            [
              7.1964018,
              50.7137985
            ],
            [
              7.196196,
              50.7143149
            ],
            [
              7.1958414,
              50.7143258
            ],
            [
              7.195457,
              50.7171007
            ],
            [
              7.1937573,
              50.7167775
            ],
            [
              7.1929757,
              50.7164855
            ],
            [
              7.1925433,
              50.7162934
            ],
            [
              7.1922862,
              50.7161629
            ],
            [
              7.1919847,
              50.7160144
            ],
            [
              7.1916853,
              50.7157403
            ],
            [
              7.1907077,
              50.7166082
            ],
            [
              7.1909512,
              50.7167187
            ],
            [
              7.1897182,
              50.717623
            ],
            [
              7.1888246,
              50.7173012
            ],
            [
              7.1884881,
              50.7171906
            ],
            [
              7.1877991,
              50.7171421
            ],
            [
              7.1871131,
              50.7171314
            ],
            [
              7.1867233,
              50.7171791
            ],
            [
              7.186529,
              50.7172139
            ],
            [
              7.1862644,
              50.7173084
            ],
            [
              7.1860986,
              50.7173536
            ],
            [
              7.1857424,
              50.7174053
            ],
            [
              7.1857308,
              50.7173772
            ],
            [
              7.185295,
              50.7174196
            ],
            [
              7.1843564,
              50.7175371
            ],
            [
              7.1836779,
              50.7175412
            ],
            [
              7.1829782,
              50.7175957
            ],
            [
              7.182299,
              50.7177053
            ],
            [
              7.1810572,
              50.7179537
            ],
            [
              7.1802137,
              50.7181385
            ],
            [
              7.179925,
              50.7182053
            ],
            [
              7.1792273,
              50.7183714
            ],
            [
              7.1791254,
              50.7184158
            ],
            [
              7.178638,
              50.7185541
            ],
            [
              7.1783762,
              50.7186208
            ],
            [
              7.1781533,
              50.7187015
            ],
            [
              7.1782541,
              50.7187206
            ],
            [
              7.1786003,
              50.7192509
            ],
            [
              7.1788205,
              50.7196232
            ],
            [
              7.1792619,
              50.7203715
            ],
            [
              7.1790287,
              50.7204851
            ],
            [
              7.1787275,
              50.7206323
            ],
            [
              7.1784023,
              50.7208062
            ],
            [
              7.1783246,
              50.7208781
            ],
            [
              7.1782958,
              50.720905
            ],
            [
              7.1782343,
              50.7210035
            ],
            [
              7.1781004,
              50.7211436
            ],
            [
              7.177772,
              50.7215312
            ],
            [
              7.177668,
              50.7216771
            ],
            [
              7.1775503,
              50.7218728
            ],
            [
              7.1774321,
              50.7220387
            ],
            [
              7.1773114,
              50.7222079
            ],
            [
              7.1770416,
              50.7225483
            ],
            [
              7.1767551,
              50.7228293
            ],
            [
              7.1784682,
              50.7233485
            ],
            [
              7.1792587,
              50.7235635
            ],
            [
              7.1808291,
              50.7239554
            ],
            [
              7.1806498,
              50.7251427
            ],
            [
              7.179028,
              50.7253558
            ],
            [
              7.1772814,
              50.7254839
            ],
            [
              7.1764208,
              50.7256706
            ],
            [
              7.1760761,
              50.7256386
            ],
            [
              7.1760816,
              50.7256733
            ],
            [
              7.1761164,
              50.7257318
            ],
            [
              7.1766248,
              50.7262119
            ],
            [
              7.1770564,
              50.7265972
            ],
            [
              7.1767397,
              50.7265107
            ],
            [
              7.1765907,
              50.7266109
            ],
            [
              7.1762274,
              50.7263004
            ],
            [
              7.1760814,
              50.7263967
            ],
            [
              7.1758765,
              50.726261
            ],
            [
              7.175637,
              50.7260159
            ],
            [
              7.1742393,
              50.7252515
            ],
            [
              7.1740023,
              50.7245798
            ],
            [
              7.1723553,
              50.7243853
            ],
            [
              7.1707172,
              50.7239774
            ],
            [
              7.1705745,
              50.7239802
            ],
            [
              7.170024,
              50.7240481
            ],
            [
              7.1697428,
              50.724003
            ],
            [
              7.1694231,
              50.724302
            ],
            [
              7.1691342,
              50.724113
            ],
            [
              7.1687141,
              50.7244256
            ],
            [
              7.1682915,
              50.7241783
            ],
            [
              7.1680974,
              50.7241519
            ],
            [
              7.1679205,
              50.7242576
            ],
            [
              7.1673409,
              50.7241431
            ],
            [
              7.1649912,
              50.723887
            ],
            [
              7.1636291,
              50.7234411
            ],
            [
              7.1631339,
              50.7230567
            ],
            [
              7.1624406,
              50.722513
            ],
            [
              7.162475,
              50.7224757
            ],
            [
              7.1626144,
              50.7225099
            ],
            [
              7.1626985,
              50.7223852
            ],
            [
              7.1621134,
              50.7222334
            ],
            [
              7.1620752,
              50.7222403
            ],
            [
              7.1619237,
              50.7221855
            ],
            [
              7.1619464,
              50.722161
            ],
            [
              7.1615936,
              50.7220673
            ],
            [
              7.1616144,
              50.7220382
            ],
            [
              7.1615803,
              50.7220283
            ],
            [
              7.1614911,
              50.7220473
            ],
            [
              7.1611862,
              50.7218884
            ],
            [
              7.161029,
              50.7219753
            ],
            [
              7.1608257,
              50.7219782
            ],
            [
              7.1606762,
              50.7217983
            ],
            [
              7.1605117,
              50.721751
            ],
            [
              7.1603842,
              50.7216825
            ],
            [
              7.1592914,
              50.720882
            ],
            [
              7.1592633,
              50.7208613
            ],
            [
              7.1580766,
              50.719985
            ],
            [
              7.1575779,
              50.7196529
            ],
            [
              7.1574985,
              50.7196016
            ],
            [
              7.1574453,
              50.7195643
            ],
            [
              7.1569096,
              50.7191797
            ],
            [
              7.156379,
              50.7188242
            ],
            [
              7.1549465,
              50.7177977
            ],
            [
              7.1551245,
              50.7177081
            ],
            [
              7.1550902,
              50.7175287
            ],
            [
              7.1550898,
              50.7174554
            ],
            [
              7.1551074,
              50.7173942
            ],
            [
              7.1551508,
              50.7172656
            ],
            [
              7.1552116,
              50.7171211
            ],
            [
              7.1553468,
              50.7169063
            ],
            [
              7.1554397,
              50.7167056
            ],
            [
              7.1554732,
              50.716538
            ],
            [
              7.1548894,
              50.7158733
            ],
            [
              7.1548673,
              50.715794
            ],
            [
              7.1536383,
              50.7145995
            ]
          ]
        ]
      }
    },
    {
      "type": "Feature",
      "properties": {
        "name": "Pützchen",
        "city": "Bonn",
        "osm_id": 273826,
        "osm_type": "relation",
        "display": "Pützchen-Bechlinghoven, Bonn-Beuel, Bonn, Nordrhein-Westfalen, Deutschland"
      },
      "geometry": {
        "type": "Polygon",
        "coordinates": [
          [
            [
              7.1415983,
              50.7520967
            ],
            [
              7.1418518,
              50.7509812
            ],
            [
              7.1420265,
              50.7500489
            ],
            [
              7.1423228,
              50.7476793
            ],
            [
              7.1426379,
              50.7456884
            ],
            [
              7.1426911,
              50.7454216
            ],
            [
              7.1428601,
              50.7446191
            ],
            [
              7.1431179,
              50.7438413
            ],
            [
              7.1434356,
              50.7427363
            ],
            [
              7.1438978,
              50.7415056
            ],
            [
              7.1441944,
              50.7407748
            ],
            [
              7.1444531,
              50.7403187
            ],
            [
              7.1450968,
              50.7393193
            ],
            [
              7.1455946,
              50.7386729
            ],
            [
              7.1458745,
              50.7383503
            ],
            [
              7.1468727,
              50.7371944
            ],
            [
              7.1489792,
              50.7348903
            ],
            [
              7.1493402,
              50.7349453
            ],
            [
              7.1511662,
              50.7356335
            ],
            [
              7.1517992,
              50.7358152
            ],
            [
              7.1526843,
              50.7359662
            ],
            [
              7.1536606,
              50.7360749
            ],
            [
              7.1558118,
              50.7364908
            ],
            [
              7.1561632,
              50.7365417
            ],
            [
              7.1565092,
              50.7366487
            ],
            [
              7.1570563,
              50.7370187
            ],
            [
              7.1572387,
              50.737219
            ],
            [
              7.1577858,
              50.7375353
            ],
            [
              7.1582258,
              50.7378301
            ],
            [
              7.1589929,
              50.7381425
            ],
            [
              7.160055,
              50.7384718
            ],
            [
              7.1601819,
              50.738542
            ],
            [
              7.1603045,
              50.7386517
            ],
            [
              7.1607631,
              50.7388023
            ],
            [
              7.1611432,
              50.7388401
            ],
            [
              7.1641654,
              50.7390477
            ],
            [
              7.1654493,
              50.7390791
            ],
            [
              7.1658603,
              50.7390925
            ],
            [
              7.1679332,
              50.7419475
            ],
            [
              7.1679835,
              50.742603
            ],
            [
              7.1681252,
              50.7432535
            ],
            [
              7.1672367,
              50.7433976
            ],
            [
              7.1671414,
              50.7434408
            ],
            [
              7.1670999,
              50.7434731
            ],
            [
              7.1670744,
              50.7435113
            ],
            [
              7.1669376,
              50.7435189
            ],
            [
              7.1659123,
              50.7437223
            ],
            [
              7.1668574,
              50.7449879
            ],
            [
              7.1670925,
              50.7453027
            ],
            [
              7.1666135,
              50.7454628
            ],
            [
              7.166285,
              50.7455118
            ],
            [
              7.1662137,
              50.7455207
            ],
            [
              7.1660409,
              50.7455407
            ],
            [
              7.1658743,
              50.7455669
            ],
            [
              7.165708,
              50.7455895
            ],
            [
              7.1653636,
              50.7456424
            ],
            [
              7.1648787,
              50.7457386
            ],
            [
              7.1645031,
              50.7458478
            ],
            [
              7.1634915,
              50.7461756
            ],
            [
              7.1622614,
              50.7465581
            ],
            [
              7.162083,
              50.7466736
            ],
            [
              7.1627328,
              50.7482387
            ],
            [
              7.1630151,
              50.7488177
            ],
            [
              7.1603881,
              50.7495071
            ],
            [
              7.1601671,
              50.7495694
            ],
            [
              7.159885,
              50.7499397
            ],
            [
              7.1594096,
              50.7502345
            ],
            [
              7.1593485,
              50.7502459
            ],
            [
              7.1593254,
              50.7503564
            ],
            [
              7.1576602,
              50.7514977
            ],
            [
              7.1576491,
              50.7515863
            ],
            [
              7.1575445,
              50.7517118
            ],
            [
              7.1573245,
              50.7519104
            ],
            [
              7.1571985,
              50.7519672
            ],
            [
              7.1570308,
              50.7520029
            ],
            [
              7.1568753,
              50.7521267
            ],
            [
              7.1568257,
              50.7522362
            ],
            [
              7.156941,
              50.7523737
            ],
            [
              7.156848,
              50.7524459
            ],
            [
              7.1568371,
              50.7525446
            ],
            [
              7.1567387,
              50.7525517
            ],
            [
              7.1562108,
              50.752478
            ],
            [
              7.1561953,
              50.7524882
            ],
            [
              7.1559895,
              50.7524615
            ],
            [
              7.1559995,
              50.752456
            ],
            [
              7.1556515,
              50.7524076
            ],
            [
              7.1552774,
              50.7523783
            ],
            [
              7.1550427,
              50.7523677
            ],
            [
              7.1544915,
              50.7523198
            ],
            [
              7.1538088,
              50.7522697
            ],
            [
              7.1530786,
              50.7522137
            ],
            [
              7.1525811,
              50.7521853
            ],
            [
              7.1520929,
              50.7521573
            ],
            [
              7.1513493,
              50.7521166
            ],
            [
              7.1512781,
              50.7521493
            ],
            [
              7.1509986,
              50.7521361
            ],
            [
              7.1503912,
              50.7521096
            ],
            [
              7.1494811,
              50.7520813
            ],
            [
              7.1475117,
              50.7520606
            ],
            [
              7.1461068,
              50.7520742
            ],
            [
              7.1433594,
              50.7521247
            ],
            [
              7.1424602,
              50.7521133
            ],
            [
              7.1415983,
              50.7520967
            ]
          ]
        ]
      }
    },
    {
      "type": "Feature",
      "properties": {
        "name": "Ramersdorf",
        "city": "Bonn",
        "osm_id": 273824,
        "osm_type": "relation",
        "display": "Ramersdorf, Bonn-Beuel, Niederholtorf, Bonn, Nordrhein-Westfalen, 53227, Deutschland"
      },
      "geometry": {
        "type": "Polygon",
        "coordinates": [
          [
            [
              7.1402655,
              50.7183875
            ],
            [
              7.1431597,
              50.7177159
            ],
            [
              7.1449887,
              50.7172888
            ],
            [
              7.1465001,
              50.716939
            ],
            [
              7.1473995,
              50.7167048
            ],
            [
              7.1488385,
              50.716301
            ],
            [
              7.1500057,
              50.7159372
            ],
            [
              7.151069,
              50.7155806
            ],
            [
              7.1517242,
              50.7153476
            ],
            [
              7.1523635,
              50.7151078
            ],
            [
              7.1536383,
              50.7145995
            ],
            [
              7.1548673,
              50.715794
            ],
            [
              7.1548894,
              50.7158733
            ],
            [
              7.1554732,
              50.716538
            ],
            [
              7.1554397,
              50.7167056
            ],
            [
              7.1553468,
              50.7169063
            ],
            [
              7.1552116,
              50.7171211
            ],
            [
              7.1551508,
              50.7172656
            ],
            [
              7.1551074,
              50.7173942
            ],
            [
              7.1550898,
              50.7174554
            ],
            [
              7.1550902,
              50.7175287
            ],
            [
              7.1551245,
              50.7177081
            ],
            [
              7.1549465,
              50.7177977
            ],
            [
              7.156379,
              50.7188242
            ],
            [
              7.1569096,
              50.7191797
            ],
            [
              7.1574453,
              50.7195643
            ],
            [
              7.1574985,
              50.7196016
            ],
            [
              7.1575779,
              50.7196529
            ],
            [
              7.1580766,
              50.719985
            ],
            [
              7.1592633,
              50.7208613
            ],
            [
              7.1592914,
              50.720882
            ],
            [
              7.1603842,
              50.7216825
            ],
            [
              7.1605117,
              50.721751
            ],
            [
              7.1606762,
              50.7217983
            ],
            [
              7.1608257,
              50.7219782
            ],
            [
              7.161029,
              50.7219753
            ],
            [
              7.1611862,
              50.7218884
            ],
            [
              7.1614911,
              50.7220473
            ],
            [
              7.1615803,
              50.7220283
            ],
            [
              7.1616144,
              50.7220382
            ],
            [
              7.1615936,
              50.7220673
            ],
            [
              7.1619464,
              50.722161
            ],
            [
              7.1619237,
              50.7221855
            ],
            [
              7.1620752,
              50.7222403
            ],
            [
              7.1621134,
              50.7222334
            ],
            [
              7.1626985,
              50.7223852
            ],
            [
              7.1626144,
              50.7225099
            ],
            [
              7.162475,
              50.7224757
            ],
            [
              7.1624406,
              50.722513
            ],
            [
              7.1631339,
              50.7230567
            ],
            [
              7.1636291,
              50.7234411
            ],
            [
              7.1649912,
              50.723887
            ],
            [
              7.1673409,
              50.7241431
            ],
            [
              7.1679205,
              50.7242576
            ],
            [
              7.1680974,
              50.7241519
            ],
            [
              7.1682915,
              50.7241783
            ],
            [
              7.1687141,
              50.7244256
            ],
            [
              7.1691342,
              50.724113
            ],
            [
              7.1694231,
              50.724302
            ],
            [
              7.1697428,
              50.724003
            ],
            [
              7.170024,
              50.7240481
            ],
            [
              7.1705745,
              50.7239802
            ],
            [
              7.1707172,
              50.7239774
            ],
            [
              7.1723553,
              50.7243853
            ],
            [
              7.1740023,
              50.7245798
            ],
            [
              7.1742393,
              50.7252515
            ],
            [
              7.175637,
              50.7260159
            ],
            [
              7.1758765,
              50.726261
            ],
            [
              7.1760814,
              50.7263967
            ],
            [
              7.1762274,
              50.7263004
            ],
            [
              7.1765907,
              50.7266109
            ],
            [
              7.1767397,
              50.7265107
            ],
            [
              7.1770564,
              50.7265972
            ],
            [
              7.1775911,
              50.7269686
            ],
            [
              7.1782436,
              50.7274208
            ],
            [
              7.1779641,
              50.7274601
            ],
            [
              7.1778569,
              50.727464
            ],
            [
              7.1778896,
              50.7275053
            ],
            [
              7.1777747,
              50.7275633
            ],
            [
              7.1775049,
              50.7277058
            ],
            [
              7.1776099,
              50.7279184
            ],
            [
              7.1777068,
              50.7280173
            ],
            [
              7.1774404,
              50.7280721
            ],
            [
              7.1773014,
              50.7281502
            ],
            [
              7.1771664,
              50.7282062
            ],
            [
              7.177081,
              50.7282746
            ],
            [
              7.176997,
              50.7283159
            ],
            [
              7.1768767,
              50.7283366
            ],
            [
              7.1767634,
              50.7283916
            ],
            [
              7.1765802,
              50.7284122
            ],
            [
              7.1763462,
              50.7285506
            ],
            [
              7.176175,
              50.7285744
            ],
            [
              7.1759762,
              50.7286668
            ],
            [
              7.1759498,
              50.7286963
            ],
            [
              7.1759149,
              50.7288363
            ],
            [
              7.1758163,
              50.7289169
            ],
            [
              7.1757195,
              50.7290339
            ],
            [
              7.1755972,
              50.7291282
            ],
            [
              7.1753786,
              50.7293916
            ],
            [
              7.1753344,
              50.7294772
            ],
            [
              7.1752095,
              50.729612
            ],
            [
              7.1752013,
              50.7296624
            ],
            [
              7.1752008,
              50.729752
            ],
            [
              7.1750487,
              50.7297679
            ],
            [
              7.1749777,
              50.7299543
            ],
            [
              7.174824,
              50.7300926
            ],
            [
              7.1746827,
              50.730245
            ],
            [
              7.1745621,
              50.7303402
            ],
            [
              7.1745124,
              50.7303953
            ],
            [
              7.1743664,
              50.7304877
            ],
            [
              7.1743509,
              50.7305466
            ],
            [
              7.1743059,
              50.7305614
            ],
            [
              7.1741584,
              50.7307196
            ],
            [
              7.1740482,
              50.7308061
            ],
            [
              7.1740114,
              50.730889
            ],
            [
              7.1744049,
              50.7311331
            ],
            [
              7.1736849,
              50.7319234
            ],
            [
              7.1731637,
              50.7324989
            ],
            [
              7.1729856,
              50.7326937
            ],
            [
              7.1728991,
              50.7327302
            ],
            [
              7.1715771,
              50.7329509
            ],
            [
              7.1719697,
              50.7338612
            ],
            [
              7.1718172,
              50.7339149
            ],
            [
              7.1716801,
              50.7339073
            ],
            [
              7.1716163,
              50.7338882
            ],
            [
              7.1715748,
              50.7338759
            ],
            [
              7.1713377,
              50.7339961
            ],
            [
              7.1713213,
              50.7340044
            ],
            [
              7.1712848,
              50.7340231
            ],
            [
              7.171093,
              50.7340961
            ],
            [
              7.1704694,
              50.7342763
            ],
            [
              7.1702481,
              50.7343871
            ],
            [
              7.1686622,
              50.7348594
            ],
            [
              7.1667131,
              50.7361096
            ],
            [
              7.1666372,
              50.7356267
            ],
            [
              7.1632522,
              50.734974
            ],
            [
              7.16379,
              50.7344121
            ],
            [
              7.1638249,
              50.7343281
            ],
            [
              7.163664,
              50.7338536
            ],
            [
              7.1631476,
              50.733638
            ],
            [
              7.1632241,
              50.7334054
            ],
            [
              7.1634185,
              50.7330863
            ],
            [
              7.1630577,
              50.7324877
            ],
            [
              7.1625809,
              50.7319303
            ],
            [
              7.1621896,
              50.7313355
            ],
            [
              7.1619823,
              50.7310864
            ],
            [
              7.1615405,
              50.7308662
            ],
            [
              7.1601629,
              50.7304291
            ],
            [
              7.1596452,
              50.730213
            ],
            [
              7.1593758,
              50.7301281
            ],
            [
              7.1590546,
              50.7300205
            ],
            [
              7.1585981,
              50.7298326
            ],
            [
              7.158229,
              50.7297699
            ],
            [
              7.1576512,
              50.7297671
            ],
            [
              7.1571485,
              50.7298107
            ],
            [
              7.1562895,
              50.7299466
            ],
            [
              7.1561301,
              50.7300115
            ],
            [
              7.155638,
              50.7296925
            ],
            [
              7.1552452,
              50.7293523
            ],
            [
              7.1538843,
              50.7281458
            ],
            [
              7.1524159,
              50.7273441
            ],
            [
              7.1518912,
              50.7269696
            ],
            [
              7.1520365,
              50.7268857
            ],
            [
              7.1517526,
              50.726671
            ],
            [
              7.1518408,
              50.7266145
            ],
            [
              7.1513421,
              50.7262192
            ],
            [
              7.1515439,
              50.726197
            ],
            [
              7.1507131,
              50.7255237
            ],
            [
              7.150632,
              50.725556
            ],
            [
              7.149252,
              50.7262456
            ],
            [
              7.1479869,
              50.7270316
            ],
            [
              7.1472477,
              50.7264283
            ],
            [
              7.146851,
              50.726129
            ],
            [
              7.1466563,
              50.7259641
            ],
            [
              7.1463809,
              50.7257077
            ],
            [
              7.1450501,
              50.7245795
            ],
            [
              7.1447204,
              50.7242946
            ],
            [
              7.144076,
              50.7237466
            ],
            [
              7.1434483,
              50.723182
            ],
            [
              7.1433844,
              50.7231277
            ],
            [
              7.1430355,
              50.7228333
            ],
            [
              7.1428932,
              50.7226313
            ],
            [
              7.1402655,
              50.7183875
            ]
          ]
        ]
      }
    },
    {
      "type": "Feature",
      "properties": {
        "name": "Vilich",
        "city": "Bonn",
        "osm_id": 273794,
        "osm_type": "relation",
        "display": "Vilich, Bonn-Beuel, Bonn, Nordrhein-Westfalen, Deutschland"
      },
      "geometry": {
        "type": "Polygon",
        "coordinates": [
          [
            [
              7.1221126,
              50.7557406
            ],
            [
              7.1222888,
              50.7538688
            ],
            [
              7.1229754,
              50.7538471
            ],
            [
              7.1231247,
              50.7528473
            ],
            [
              7.1232112,
              50.7518488
            ],
            [
              7.1229649,
              50.7514959
            ],
            [
              7.1236106,
              50.7506378
            ],
            [
              7.1249756,
              50.7484777
            ],
            [
              7.1250234,
              50.7483904
            ],
            [
              7.1250284,
              50.7483809
            ],
            [
              7.1250713,
              50.7482994
            ],
            [
              7.1251366,
              50.748179
            ],
            [
              7.1251517,
              50.7481716
            ],
            [
              7.1252444,
              50.7481262
            ],
            [
              7.125193,
              50.7479737
            ],
            [
              7.1250791,
              50.747586
            ],
            [
              7.1250638,
              50.7475302
            ],
            [
              7.1250465,
              50.747467
            ],
            [
              7.1249978,
              50.7472886
            ],
            [
              7.1249947,
              50.7472608
            ],
            [
              7.1250982,
              50.7472824
            ],
            [
              7.1256964,
              50.747863
            ],
            [
              7.1259583,
              50.7478812
            ],
            [
              7.1262558,
              50.7479
            ],
            [
              7.1254144,
              50.7471514
            ],
            [
              7.1253857,
              50.7471143
            ],
            [
              7.125369,
              50.7470783
            ],
            [
              7.1253638,
              50.7470402
            ],
            [
              7.1254051,
              50.7469702
            ],
            [
              7.1260645,
              50.7469437
            ],
            [
              7.1270823,
              50.7469507
            ],
            [
              7.1275711,
              50.7469516
            ],
            [
              7.1280695,
              50.7469535
            ],
            [
              7.1282008,
              50.7469538
            ],
            [
              7.1290034,
              50.746971
            ],
            [
              7.1292262,
              50.7469619
            ],
            [
              7.129544,
              50.7469615
            ],
            [
              7.1296456,
              50.746959
            ],
            [
              7.1305383,
              50.7469432
            ],
            [
              7.1311263,
              50.7469372
            ],
            [
              7.1317689,
              50.746921
            ],
            [
              7.1320858,
              50.7452505
            ],
            [
              7.1321951,
              50.7449606
            ],
            [
              7.133047,
              50.7432536
            ],
            [
              7.1331213,
              50.7431424
            ],
            [
              7.1331529,
              50.7431096
            ],
            [
              7.1333032,
              50.7430041
            ],
            [
              7.133781,
              50.7426604
            ],
            [
              7.1338999,
              50.7425503
            ],
            [
              7.1339453,
              50.7425014
            ],
            [
              7.1339612,
              50.7424766
            ],
            [
              7.1339788,
              50.7424404
            ],
            [
              7.1339819,
              50.7424213
            ],
            [
              7.133982,
              50.7424021
            ],
            [
              7.1339808,
              50.7423832
            ],
            [
              7.1339756,
              50.7423653
            ],
            [
              7.1339648,
              50.7423469
            ],
            [
              7.1339465,
              50.7423318
            ],
            [
              7.1339628,
              50.742302
            ],
            [
              7.1341361,
              50.7423896
            ],
            [
              7.134315,
              50.7424762
            ],
            [
              7.1361262,
              50.743206
            ],
            [
              7.1367637,
              50.7434637
            ],
            [
              7.1372626,
              50.7436654
            ],
            [
              7.1388029,
              50.7442867
            ],
            [
              7.1391733,
              50.7444353
            ],
            [
              7.1395801,
              50.7446201
            ],
            [
              7.1400991,
              50.7448558
            ],
            [
              7.1410521,
              50.7452884
            ],
            [
              7.1411445,
              50.7453297
            ],
            [
              7.1413445,
              50.7453925
            ],
            [
              7.141476,
              50.7454265
            ],
            [
              7.1415383,
              50.7454388
            ],
            [
              7.1424729,
              50.7456652
            ],
            [
              7.1426379,
              50.7456884
            ],
            [
              7.1423228,
              50.7476793
            ],
            [
              7.1420265,
              50.7500489
            ],
            [
              7.1418518,
              50.7509812
            ],
            [
              7.1415983,
              50.7520967
            ],
            [
              7.1382049,
              50.7519025
            ],
            [
              7.137443,
              50.7518213
            ],
            [
              7.1363909,
              50.7516971
            ],
            [
              7.1345349,
              50.7514779
            ],
            [
              7.1324342,
              50.7511949
            ],
            [
              7.1333103,
              50.7524066
            ],
            [
              7.1339705,
              50.7535078
            ],
            [
              7.1351735,
              50.7554943
            ],
            [
              7.1335337,
              50.754766
            ],
            [
              7.1333014,
              50.7547508
            ],
            [
              7.1327491,
              50.7547146
            ],
            [
              7.1325381,
              50.7547008
            ],
            [
              7.13216,
              50.754789
            ],
            [
              7.1296493,
              50.7553893
            ],
            [
              7.1292079,
              50.7554773
            ],
            [
              7.1289761,
              50.755499
            ],
            [
              7.1255211,
              50.7558808
            ],
            [
              7.1252234,
              50.7559027
            ],
            [
              7.1245044,
              50.7559605
            ],
            [
              7.1242729,
              50.7559809
            ],
            [
              7.1238005,
              50.7559497
            ],
            [
              7.1229851,
              50.7558574
            ],
            [
              7.1221126,
              50.7557406
            ]
          ]
        ]
      }
    },
    {
      "type": "Feature",
      "properties": {
        "name": "Vilich-Müldorf",
        "city": "Bonn",
        "osm_id": 273791,
        "osm_type": "relation",
        "display": "Vilich-Müldorf, Bonn-Beuel, Bonn, Nordrhein-Westfalen, Deutschland"
      },
      "geometry": {
        "type": "Polygon",
        "coordinates": [
          [
            [
              7.1324342,
              50.7511949
            ],
            [
              7.1345349,
              50.7514779
            ],
            [
              7.1363909,
              50.7516971
            ],
            [
              7.137443,
              50.7518213
            ],
            [
              7.1382049,
              50.7519025
            ],
            [
              7.1415983,
              50.7520967
            ],
            [
              7.1424602,
              50.7521133
            ],
            [
              7.1433594,
              50.7521247
            ],
            [
              7.1461068,
              50.7520742
            ],
            [
              7.1475117,
              50.7520606
            ],
            [
              7.1494811,
              50.7520813
            ],
            [
              7.1503912,
              50.7521096
            ],
            [
              7.1509986,
              50.7521361
            ],
            [
              7.1512781,
              50.7521493
            ],
            [
              7.1513493,
              50.7521166
            ],
            [
              7.1520929,
              50.7521573
            ],
            [
              7.1525811,
              50.7521853
            ],
            [
              7.1530786,
              50.7522137
            ],
            [
              7.1538088,
              50.7522697
            ],
            [
              7.1544915,
              50.7523198
            ],
            [
              7.1550427,
              50.7523677
            ],
            [
              7.1552774,
              50.7523783
            ],
            [
              7.1556515,
              50.7524076
            ],
            [
              7.1559995,
              50.752456
            ],
            [
              7.1559895,
              50.7524615
            ],
            [
              7.1561953,
              50.7524882
            ],
            [
              7.1562108,
              50.752478
            ],
            [
              7.1567387,
              50.7525517
            ],
            [
              7.1568371,
              50.7525446
            ],
            [
              7.1568786,
              50.7525494
            ],
            [
              7.1571469,
              50.7526158
            ],
            [
              7.1573754,
              50.7526573
            ],
            [
              7.1577718,
              50.7527351
            ],
            [
              7.1582137,
              50.7528378
            ],
            [
              7.158538,
              50.7529231
            ],
            [
              7.158327,
              50.7530539
            ],
            [
              7.1582472,
              50.7531031
            ],
            [
              7.1581228,
              50.7531793
            ],
            [
              7.1581279,
              50.7531814
            ],
            [
              7.1580514,
              50.753237
            ],
            [
              7.1578858,
              50.7533549
            ],
            [
              7.1575686,
              50.7535467
            ],
            [
              7.1571703,
              50.7537957
            ],
            [
              7.1570362,
              50.7539026
            ],
            [
              7.156882,
              50.7540252
            ],
            [
              7.1566983,
              50.754186
            ],
            [
              7.1566131,
              50.7542806
            ],
            [
              7.1563576,
              50.7545559
            ],
            [
              7.1559011,
              50.7550358
            ],
            [
              7.1553907,
              50.755549
            ],
            [
              7.1553216,
              50.7556258
            ],
            [
              7.155278,
              50.7556686
            ],
            [
              7.1547104,
              50.7562061
            ],
            [
              7.1547637,
              50.7562313
            ],
            [
              7.1547614,
              50.7562578
            ],
            [
              7.1547195,
              50.7564076
            ],
            [
              7.154527,
              50.7569446
            ],
            [
              7.1543701,
              50.7573031
            ],
            [
              7.1539765,
              50.7578995
            ],
            [
              7.1538243,
              50.7584259
            ],
            [
              7.1538035,
              50.7586257
            ],
            [
              7.1537971,
              50.7588367
            ],
            [
              7.1537881,
              50.7589031
            ],
            [
              7.1534199,
              50.7590707
            ],
            [
              7.1531799,
              50.7591644
            ],
            [
              7.153025,
              50.7592798
            ],
            [
              7.152854,
              50.7595635
            ],
            [
              7.1527413,
              50.7597343
            ],
            [
              7.1524736,
              50.7598694
            ],
            [
              7.1522143,
              50.7599435
            ],
            [
              7.1520996,
              50.7599769
            ],
            [
              7.1518813,
              50.7600304
            ],
            [
              7.1505607,
              50.7605154
            ],
            [
              7.1501351,
              50.7606719
            ],
            [
              7.1498999,
              50.7607527
            ],
            [
              7.1496186,
              50.7608515
            ],
            [
              7.1494516,
              50.7609037
            ],
            [
              7.1492555,
              50.7609614
            ],
            [
              7.1492441,
              50.7609663
            ],
            [
              7.1491385,
              50.761003
            ],
            [
              7.1490785,
              50.7610434
            ],
            [
              7.1488377,
              50.7611523
            ],
            [
              7.1482838,
              50.7613856
            ],
            [
              7.1479995,
              50.7614931
            ],
            [
              7.1479278,
              50.7615134
            ],
            [
              7.1478331,
              50.7615424
            ],
            [
              7.1478,
              50.7615489
            ],
            [
              7.1476314,
              50.7616029
            ],
            [
              7.1474431,
              50.7616644
            ],
            [
              7.1466755,
              50.7619126
            ],
            [
              7.1463399,
              50.7620192
            ],
            [
              7.1462048,
              50.7620746
            ],
            [
              7.1459691,
              50.7621251
            ],
            [
              7.1448419,
              50.7623645
            ],
            [
              7.1455939,
              50.7628105
            ],
            [
              7.1447745,
              50.7634556
            ],
            [
              7.1452915,
              50.7637623
            ],
            [
              7.1444996,
              50.7644782
            ],
            [
              7.1453599,
              50.7649575
            ],
            [
              7.1444044,
              50.7656479
            ],
            [
              7.1440168,
              50.7659058
            ],
            [
              7.1434535,
              50.7662807
            ],
            [
              7.1429895,
              50.7666701
            ],
            [
              7.1426763,
              50.7669381
            ],
            [
              7.1423769,
              50.7671896
            ],
            [
              7.1423469,
              50.7671728
            ],
            [
              7.1423201,
              50.7671925
            ],
            [
              7.1424685,
              50.7672848
            ],
            [
              7.1424763,
              50.7673301
            ],
            [
              7.142239,
              50.7675021
            ],
            [
              7.1423152,
              50.7676121
            ],
            [
              7.1420389,
              50.7674815
            ],
            [
              7.1391567,
              50.7624826
            ],
            [
              7.1380868,
              50.7606826
            ],
            [
              7.1351735,
              50.7554943
            ],
            [
              7.1339705,
              50.7535078
            ],
            [
              7.1333103,
              50.7524066
            ],
            [
              7.1324342,
              50.7511949
            ]
          ]
        ]
      }
    },
    {
      "type": "Feature",
      "properties": {
        "name": "Auerberg",
        "city": "Bonn",
        "osm_id": 272233,
        "osm_type": "relation",
        "display": "Auerberg, Stadtbezirk Bonn, Bonn, Nordrhein-Westfalen, 53117, Deutschland"
      },
      "geometry": {
        "type": "Polygon",
        "coordinates": [
          [
            [
              7.056228,
              50.7630945
            ],
            [
              7.0583937,
              50.7617893
            ],
            [
              7.0628173,
              50.7590564
            ],
            [
              7.064868,
              50.7578556
            ],
            [
              7.0668568,
              50.7566911
            ],
            [
              7.0633496,
              50.754159
            ],
            [
              7.0635151,
              50.7540652
            ],
            [
              7.0650195,
              50.7533966
            ],
            [
              7.0648996,
              50.7532435
            ],
            [
              7.0648604,
              50.7532316
            ],
            [
              7.0647829,
              50.7532739
            ],
            [
              7.0647955,
              50.7532347
            ],
            [
              7.0647879,
              50.7532076
            ],
            [
              7.0647681,
              50.7531808
            ],
            [
              7.0647277,
              50.7531523
            ],
            [
              7.0645765,
              50.7530339
            ],
            [
              7.0642263,
              50.7527675
            ],
            [
              7.0641777,
              50.7527305
            ],
            [
              7.0639354,
              50.7525461
            ],
            [
              7.0637234,
              50.7523863
            ],
            [
              7.0633415,
              50.7520983
            ],
            [
              7.0628562,
              50.7517361
            ],
            [
              7.0627207,
              50.7516355
            ],
            [
              7.0625823,
              50.7515366
            ],
            [
              7.0623895,
              50.7513989
            ],
            [
              7.0619405,
              50.7510893
            ],
            [
              7.060509,
              50.7502433
            ],
            [
              7.0600498,
              50.7499462
            ],
            [
              7.0626965,
              50.7493236
            ],
            [
              7.0633745,
              50.7491728
            ],
            [
              7.0641833,
              50.7489995
            ],
            [
              7.0697388,
              50.7477751
            ],
            [
              7.0707567,
              50.7474998
            ],
            [
              7.0715247,
              50.747257
            ],
            [
              7.072027,
              50.7470802
            ],
            [
              7.0726885,
              50.7468097
            ],
            [
              7.0738622,
              50.7462297
            ],
            [
              7.0744993,
              50.7467283
            ],
            [
              7.0748626,
              50.7469896
            ],
            [
              7.076142,
              50.7477749
            ],
            [
              7.0773753,
              50.7484258
            ],
            [
              7.0784957,
              50.74898
            ],
            [
              7.0807312,
              50.7500447
            ],
            [
              7.0820278,
              50.7506318
            ],
            [
              7.0827573,
              50.7509323
            ],
            [
              7.0845961,
              50.7516545
            ],
            [
              7.0860469,
              50.752157
            ],
            [
              7.0859746,
              50.7523397
            ],
            [
              7.0858373,
              50.752931
            ],
            [
              7.0854857,
              50.7533276
            ],
            [
              7.0843556,
              50.7547346
            ],
            [
              7.0841536,
              50.7549693
            ],
            [
              7.0838034,
              50.7553862
            ],
            [
              7.0829684,
              50.7556159
            ],
            [
              7.0824448,
              50.7558874
            ],
            [
              7.0818313,
              50.7561122
            ],
            [
              7.0814494,
              50.7564181
            ],
            [
              7.0808661,
              50.7569099
            ],
            [
              7.0805379,
              50.7571811
            ],
            [
              7.0803084,
              50.757425
            ],
            [
              7.0799075,
              50.7578829
            ],
            [
              7.0788799,
              50.7587203
            ],
            [
              7.0787079,
              50.7588717
            ],
            [
              7.0782038,
              50.7592538
            ],
            [
              7.0779302,
              50.7594488
            ],
            [
              7.0767549,
              50.7601917
            ],
            [
              7.076347,
              50.7604844
            ],
            [
              7.0762192,
              50.7607198
            ],
            [
              7.0760429,
              50.7608005
            ],
            [
              7.0757372,
              50.7609214
            ],
            [
              7.0752934,
              50.761117
            ],
            [
              7.0744038,
              50.7603137
            ],
            [
              7.0742556,
              50.7601964
            ],
            [
              7.0732095,
              50.7607143
            ],
            [
              7.0738527,
              50.7615339
            ],
            [
              7.0713108,
              50.7623326
            ],
            [
              7.0701031,
              50.7628152
            ],
            [
              7.0686458,
              50.7637466
            ],
            [
              7.0667721,
              50.7649018
            ],
            [
              7.0646225,
              50.7659514
            ],
            [
              7.0632244,
              50.7666145
            ],
            [
              7.0621564,
              50.7671293
            ],
            [
              7.0616701,
              50.766818
            ],
            [
              7.0614731,
              50.766678
            ],
            [
              7.060782,
              50.7660954
            ],
            [
              7.0597257,
              50.7653119
            ],
            [
              7.0589955,
              50.7648114
            ],
            [
              7.0576772,
              50.7640598
            ],
            [
              7.0563075,
              50.76311
            ],
            [
              7.056228,
              50.7630945
            ]
          ]
        ]
      }
    },
    {
      "type": "Feature",
      "properties": {
        "name": "Bonn-Zentrum",
        "city": "Bonn",
        "osm_id": 271653,
        "osm_type": "relation",
        "display": "Bonn-Zentrum, Stadtbezirk Bonn, Bonn, Nordrhein-Westfalen, 53111, Deutschland"
      },
      "geometry": {
        "type": "Polygon",
        "coordinates": [
          [
            [
              7.0888511,
              50.7346525
            ],
            [
              7.0948761,
              50.7327202
            ],
            [
              7.0948932,
              50.7325117
            ],
            [
              7.0949686,
              50.7324301
            ],
            [
              7.0949444,
              50.7321313
            ],
            [
              7.0948827,
              50.7319688
            ],
            [
              7.0950993,
              50.7319755
            ],
            [
              7.095177,
              50.7319698
            ],
            [
              7.0986665,
              50.7308648
            ],
            [
              7.0987793,
              50.730906
            ],
            [
              7.0988075,
              50.7308648
            ],
            [
              7.0988222,
              50.7308504
            ],
            [
              7.0988564,
              50.7308228
            ],
            [
              7.0989107,
              50.7307969
            ],
            [
              7.0990784,
              50.7307511
            ],
            [
              7.0993222,
              50.7307088
            ],
            [
              7.0998769,
              50.7311536
            ],
            [
              7.1000861,
              50.7313296
            ],
            [
              7.1006746,
              50.7318247
            ],
            [
              7.100966,
              50.7317213
            ],
            [
              7.1019114,
              50.7324713
            ],
            [
              7.1022031,
              50.7325789
            ],
            [
              7.1042448,
              50.7341741
            ],
            [
              7.1056845,
              50.734447
            ],
            [
              7.1066395,
              50.7346307
            ],
            [
              7.1067097,
              50.7344809
            ],
            [
              7.1072725,
              50.734601
            ],
            [
              7.1081668,
              50.7346063
            ],
            [
              7.1085633,
              50.7346438
            ],
            [
              7.1111525,
              50.7352676
            ],
            [
              7.1100527,
              50.7381979
            ],
            [
              7.1090849,
              50.7407753
            ],
            [
              7.1087231,
              50.7417236
            ],
            [
              7.1085006,
              50.7422553
            ],
            [
              7.106549,
              50.7418148
            ],
            [
              7.1059536,
              50.7417576
            ],
            [
              7.1057403,
              50.7417138
            ],
            [
              7.1056835,
              50.7417151
            ],
            [
              7.1055995,
              50.7417093
            ],
            [
              7.1040519,
              50.7413234
            ],
            [
              7.1038949,
              50.7412903
            ],
            [
              7.1036055,
              50.741244
            ],
            [
              7.10327,
              50.7412038
            ],
            [
              7.1031574,
              50.7411965
            ],
            [
              7.1027523,
              50.7411936
            ],
            [
              7.1024409,
              50.7412073
            ],
            [
              7.1017733,
              50.7412708
            ],
            [
              7.1016929,
              50.7412708
            ],
            [
              7.1014886,
              50.7412444
            ],
            [
              7.1011068,
              50.7411522
            ],
            [
              7.101135,
              50.7410909
            ],
            [
              7.1010146,
              50.741045
            ],
            [
              7.0991614,
              50.7402517
            ],
            [
              7.0988088,
              50.7401115
            ],
            [
              7.0987221,
              50.7401586
            ],
            [
              7.0983455,
              50.740318
            ],
            [
              7.0979078,
              50.740291
            ],
            [
              7.0978145,
              50.7402714
            ],
            [
              7.097742,
              50.7402337
            ],
            [
              7.0976468,
              50.74011
            ],
            [
              7.0973191,
              50.7395236
            ],
            [
              7.0971132,
              50.739109
            ],
            [
              7.0969099,
              50.7387153
            ],
            [
              7.0967098,
              50.7383387
            ],
            [
              7.0966142,
              50.7382773
            ],
            [
              7.0963416,
              50.7379979
            ],
            [
              7.096273,
              50.7378078
            ],
            [
              7.0962786,
              50.7376125
            ],
            [
              7.0964254,
              50.737325
            ],
            [
              7.0965382,
              50.7370336
            ],
            [
              7.0964454,
              50.7368721
            ],
            [
              7.0953205,
              50.7360631
            ],
            [
              7.0952977,
              50.7360652
            ],
            [
              7.0952025,
              50.7360724
            ],
            [
              7.094884,
              50.736096
            ],
            [
              7.0942115,
              50.7361462
            ],
            [
              7.0934424,
              50.7359017
            ],
            [
              7.0933753,
              50.7359323
            ],
            [
              7.0924097,
              50.7355181
            ],
            [
              7.0919457,
              50.7353483
            ],
            [
              7.0899693,
              50.734758
            ],
            [
              7.0898885,
              50.7347372
            ],
            [
              7.0897691,
              50.734727
            ],
            [
              7.0895773,
              50.7347355
            ],
            [
              7.0894285,
              50.734761
            ],
            [
              7.0892905,
              50.7347985
            ],
            [
              7.0892273,
              50.7347796
            ],
            [
              7.0889524,
              50.7347728
            ],
            [
              7.0888511,
              50.7346525
            ]
          ]
        ]
      }
    },
    {
      "type": "Feature",
      "properties": {
        "name": "Buschdorf",
        "city": "Bonn",
        "osm_id": 272235,
        "osm_type": "relation",
        "display": "Buschdorf, Stadtbezirk Bonn, Bonn, Nordrhein-Westfalen, Deutschland"
      },
      "geometry": {
        "type": "Polygon",
        "coordinates": [
          [
            [
              7.039925,
              50.75817
            ],
            [
              7.040705,
              50.7576852
            ],
            [
              7.0446557,
              50.7556535
            ],
            [
              7.0458045,
              50.7551105
            ],
            [
              7.0488343,
              50.7537367
            ],
            [
              7.0533301,
              50.7518454
            ],
            [
              7.0545281,
              50.7514614
            ],
            [
              7.0572865,
              50.7505774
            ],
            [
              7.0600498,
              50.7499462
            ],
            [
              7.060509,
              50.7502433
            ],
            [
              7.0619405,
              50.7510893
            ],
            [
              7.0623895,
              50.7513989
            ],
            [
              7.0625823,
              50.7515366
            ],
            [
              7.0627207,
              50.7516355
            ],
            [
              7.0628562,
              50.7517361
            ],
            [
              7.0633415,
              50.7520983
            ],
            [
              7.0637234,
              50.7523863
            ],
            [
              7.0639354,
              50.7525461
            ],
            [
              7.0641777,
              50.7527305
            ],
            [
              7.0642263,
              50.7527675
            ],
            [
              7.0645765,
              50.7530339
            ],
            [
              7.0647277,
              50.7531523
            ],
            [
              7.0647681,
              50.7531808
            ],
            [
              7.0647879,
              50.7532076
            ],
            [
              7.0647955,
              50.7532347
            ],
            [
              7.0647829,
              50.7532739
            ],
            [
              7.0648604,
              50.7532316
            ],
            [
              7.0648996,
              50.7532435
            ],
            [
              7.0650195,
              50.7533966
            ],
            [
              7.0635151,
              50.7540652
            ],
            [
              7.0633496,
              50.754159
            ],
            [
              7.0668568,
              50.7566911
            ],
            [
              7.064868,
              50.7578556
            ],
            [
              7.0628173,
              50.7590564
            ],
            [
              7.0583937,
              50.7617893
            ],
            [
              7.056228,
              50.7630945
            ],
            [
              7.0555393,
              50.7635227
            ],
            [
              7.0551422,
              50.7638099
            ],
            [
              7.0544783,
              50.7643256
            ],
            [
              7.0540884,
              50.7646689
            ],
            [
              7.0528358,
              50.7640357
            ],
            [
              7.0514153,
              50.7651384
            ],
            [
              7.0513572,
              50.7651408
            ],
            [
              7.0488972,
              50.7637088
            ],
            [
              7.0488851,
              50.7636546
            ],
            [
              7.048839,
              50.7636512
            ],
            [
              7.0487586,
              50.7637276
            ],
            [
              7.0485833,
              50.7639081
            ],
            [
              7.0482028,
              50.7638723
            ],
            [
              7.0481866,
              50.7638161
            ],
            [
              7.0463837,
              50.7627544
            ],
            [
              7.0447386,
              50.7617855
            ],
            [
              7.0446538,
              50.7617861
            ],
            [
              7.0446354,
              50.7617482
            ],
            [
              7.0446031,
              50.7617678
            ],
            [
              7.0446086,
              50.7617149
            ],
            [
              7.039925,
              50.75817
            ]
          ]
        ]
      }
    },
    {
      "type": "Feature",
      "properties": {
        "name": "Dottendorf",
        "city": "Bonn",
        "osm_id": 271685,
        "osm_type": "relation",
        "display": "Dottendorf, Stadtbezirk Bonn, Bonn, Nordrhein-Westfalen, 53129, Deutschland"
      },
      "geometry": {
        "type": "Polygon",
        "coordinates": [
          [
            [
              7.1031088,
              50.7055891
            ],
            [
              7.1033419,
              50.7053652
            ],
            [
              7.1044278,
              50.7046686
            ],
            [
              7.1044746,
              50.703947
            ],
            [
              7.1036923,
              50.703965
            ],
            [
              7.1038203,
              50.7038622
            ],
            [
              7.1040578,
              50.7036716
            ],
            [
              7.1043686,
              50.7034796
            ],
            [
              7.1044506,
              50.7034
            ],
            [
              7.1045154,
              50.7032758
            ],
            [
              7.1045047,
              50.7031608
            ],
            [
              7.104459,
              50.7030185
            ],
            [
              7.1044251,
              50.7029453
            ],
            [
              7.1043474,
              50.7027799
            ],
            [
              7.1045028,
              50.7026264
            ],
            [
              7.104608,
              50.7025705
            ],
            [
              7.1048842,
              50.70252
            ],
            [
              7.1052355,
              50.7025011
            ],
            [
              7.1054055,
              50.7023435
            ],
            [
              7.1055122,
              50.7022244
            ],
            [
              7.1056952,
              50.7020435
            ],
            [
              7.1059327,
              50.7018741
            ],
            [
              7.1063177,
              50.7016954
            ],
            [
              7.1065798,
              50.7016149
            ],
            [
              7.1068283,
              50.7014789
            ],
            [
              7.1069136,
              50.7014163
            ],
            [
              7.1070869,
              50.7013434
            ],
            [
              7.1072469,
              50.7012411
            ],
            [
              7.1073639,
              50.7011421
            ],
            [
              7.1074378,
              50.7010319
            ],
            [
              7.1075052,
              50.7008328
            ],
            [
              7.1075527,
              50.7005754
            ],
            [
              7.1078187,
              50.7000822
            ],
            [
              7.1078074,
              50.6998047
            ],
            [
              7.1077685,
              50.6997034
            ],
            [
              7.1076921,
              50.6996142
            ],
            [
              7.1076892,
              50.6995419
            ],
            [
              7.1076968,
              50.6993842
            ],
            [
              7.1076487,
              50.6992437
            ],
            [
              7.1076313,
              50.6989837
            ],
            [
              7.1077709,
              50.6988113
            ],
            [
              7.1081252,
              50.6980901
            ],
            [
              7.1083604,
              50.6974555
            ],
            [
              7.1084554,
              50.6971117
            ],
            [
              7.1085288,
              50.6970327
            ],
            [
              7.1087072,
              50.6969026
            ],
            [
              7.1087428,
              50.6968061
            ],
            [
              7.1086719,
              50.6967276
            ],
            [
              7.1085181,
              50.69663
            ],
            [
              7.1085265,
              50.6964755
            ],
            [
              7.1085512,
              50.6957736
            ],
            [
              7.1093045,
              50.6953297
            ],
            [
              7.111476,
              50.6947969
            ],
            [
              7.113699,
              50.6944707
            ],
            [
              7.1142416,
              50.694948
            ],
            [
              7.1136421,
              50.6953723
            ],
            [
              7.1163537,
              50.6969622
            ],
            [
              7.1182132,
              50.6980465
            ],
            [
              7.1175042,
              50.6984391
            ],
            [
              7.1198202,
              50.6995595
            ],
            [
              7.1199458,
              50.6994885
            ],
            [
              7.1202523,
              50.6996651
            ],
            [
              7.1200694,
              50.6997991
            ],
            [
              7.120357,
              50.6999532
            ],
            [
              7.1207407,
              50.7001561
            ],
            [
              7.1217305,
              50.7008045
            ],
            [
              7.1219679,
              50.7006856
            ],
            [
              7.1221979,
              50.7008237
            ],
            [
              7.1221764,
              50.7008395
            ],
            [
              7.1222647,
              50.7009074
            ],
            [
              7.1224746,
              50.7010271
            ],
            [
              7.1225682,
              50.7011359
            ],
            [
              7.1226984,
              50.7011658
            ],
            [
              7.1236289,
              50.7017288
            ],
            [
              7.1236895,
              50.7017071
            ],
            [
              7.1239311,
              50.7018715
            ],
            [
              7.1251266,
              50.7025913
            ],
            [
              7.1255102,
              50.702355
            ],
            [
              7.1260608,
              50.7027482
            ],
            [
              7.1267998,
              50.7036336
            ],
            [
              7.1270877,
              50.703898
            ],
            [
              7.1272854,
              50.7040584
            ],
            [
              7.1276587,
              50.7044048
            ],
            [
              7.1272465,
              50.7046041
            ],
            [
              7.1272459,
              50.7046526
            ],
            [
              7.1275639,
              50.7048046
            ],
            [
              7.127682,
              50.7048296
            ],
            [
              7.120215,
              50.7123221
            ],
            [
              7.120104,
              50.71228
            ],
            [
              7.1199571,
              50.7122998
            ],
            [
              7.119795,
              50.7123013
            ],
            [
              7.1195558,
              50.7122445
            ],
            [
              7.1192877,
              50.7121098
            ],
            [
              7.1185228,
              50.7117561
            ],
            [
              7.1181766,
              50.7115322
            ],
            [
              7.1178349,
              50.7113395
            ],
            [
              7.1176738,
              50.711239
            ],
            [
              7.1178423,
              50.7110386
            ],
            [
              7.1179147,
              50.7109082
            ],
            [
              7.1154436,
              50.7095617
            ],
            [
              7.1151554,
              50.7099232
            ],
            [
              7.1148283,
              50.7097687
            ],
            [
              7.1133102,
              50.7091198
            ],
            [
              7.1126166,
              50.7089371
            ],
            [
              7.1121792,
              50.7088186
            ],
            [
              7.1106832,
              50.7080814
            ],
            [
              7.1106125,
              50.7081466
            ],
            [
              7.1105436,
              50.7082711
            ],
            [
              7.1104951,
              50.7084349
            ],
            [
              7.1104451,
              50.7085754
            ],
            [
              7.1095068,
              50.7087175
            ],
            [
              7.1095208,
              50.7087945
            ],
            [
              7.1095341,
              50.708859
            ],
            [
              7.1090382,
              50.7088995
            ],
            [
              7.1082333,
              50.7085392
            ],
            [
              7.1078159,
              50.7086909
            ],
            [
              7.1072409,
              50.7083917
            ],
            [
              7.1074434,
              50.7080037
            ],
            [
              7.1066359,
              50.7076984
            ],
            [
              7.1072683,
              50.7068078
            ],
            [
              7.1069276,
              50.706691
            ],
            [
              7.1065681,
              50.7067288
            ],
            [
              7.1056913,
              50.7062431
            ],
            [
              7.1031088,
              50.7055891
            ]
          ]
        ]
      }
    },
    {
      "type": "Feature",
      "properties": {
        "name": "Dransdorf",
        "city": "Bonn",
        "osm_id": 272236,
        "osm_type": "relation",
        "display": "Dransdorf, Stadtbezirk Bonn, Bonn, Nordrhein-Westfalen, Deutschland"
      },
      "geometry": {
        "type": "Polygon",
        "coordinates": [
          [
            [
              7.0328511,
              50.7337761
            ],
            [
              7.032901,
              50.7337703
            ],
            [
              7.0331091,
              50.7333394
            ],
            [
              7.0357576,
              50.733098
            ],
            [
              7.0367457,
              50.7330511
            ],
            [
              7.0410048,
              50.732712
            ],
            [
              7.0445971,
              50.7321299
            ],
            [
              7.0465227,
              50.7317205
            ],
            [
              7.0480973,
              50.731347
            ],
            [
              7.0491941,
              50.7309634
            ],
            [
              7.0509929,
              50.7302382
            ],
            [
              7.0534851,
              50.7289074
            ],
            [
              7.0560631,
              50.7274318
            ],
            [
              7.0586447,
              50.7316182
            ],
            [
              7.0589858,
              50.7322114
            ],
            [
              7.0592018,
              50.7325646
            ],
            [
              7.0597139,
              50.7333313
            ],
            [
              7.060187,
              50.7338994
            ],
            [
              7.0607449,
              50.7344689
            ],
            [
              7.0613047,
              50.7349435
            ],
            [
              7.061655,
              50.7352236
            ],
            [
              7.0620398,
              50.7354985
            ],
            [
              7.0626734,
              50.7359119
            ],
            [
              7.0633602,
              50.7362987
            ],
            [
              7.0634808,
              50.7363626
            ],
            [
              7.0637371,
              50.7364935
            ],
            [
              7.0638797,
              50.7364522
            ],
            [
              7.0639307,
              50.7364356
            ],
            [
              7.0640514,
              50.7364297
            ],
            [
              7.0641406,
              50.7364284
            ],
            [
              7.0642935,
              50.7364526
            ],
            [
              7.0643853,
              50.7364717
            ],
            [
              7.0648542,
              50.736661
            ],
            [
              7.0650865,
              50.7367436
            ],
            [
              7.0653307,
              50.7367942
            ],
            [
              7.0655451,
              50.7368293
            ],
            [
              7.0655835,
              50.7368356
            ],
            [
              7.0655139,
              50.7371443
            ],
            [
              7.0664123,
              50.7374288
            ],
            [
              7.0684065,
              50.7379516
            ],
            [
              7.0701362,
              50.7382182
            ],
            [
              7.0705436,
              50.7382469
            ],
            [
              7.070948,
              50.7382423
            ],
            [
              7.0717299,
              50.7381968
            ],
            [
              7.071948,
              50.7381655
            ],
            [
              7.0727463,
              50.7380714
            ],
            [
              7.0726378,
              50.7383608
            ],
            [
              7.0665937,
              50.7396717
            ],
            [
              7.0549263,
              50.7422946
            ],
            [
              7.0501678,
              50.7433684
            ],
            [
              7.0451888,
              50.7444846
            ],
            [
              7.0406144,
              50.7455112
            ],
            [
              7.0363329,
              50.7464681
            ],
            [
              7.0362987,
              50.7464072
            ],
            [
              7.0362436,
              50.7464212
            ],
            [
              7.0361534,
              50.7460323
            ],
            [
              7.0359996,
              50.7455229
            ],
            [
              7.0360387,
              50.7455191
            ],
            [
              7.0360168,
              50.7454467
            ],
            [
              7.035978,
              50.7454521
            ],
            [
              7.0355561,
              50.7441308
            ],
            [
              7.0352523,
              50.7425347
            ],
            [
              7.0352922,
              50.7425309
            ],
            [
              7.0351476,
              50.7424009
            ],
            [
              7.0350741,
              50.7424032
            ],
            [
              7.034957,
              50.7424197
            ],
            [
              7.0349123,
              50.7424015
            ],
            [
              7.0348867,
              50.7423594
            ],
            [
              7.0348766,
              50.7423116
            ],
            [
              7.0349181,
              50.7423118
            ],
            [
              7.0349719,
              50.7419316
            ],
            [
              7.0349985,
              50.7415759
            ],
            [
              7.0349932,
              50.7413145
            ],
            [
              7.0349719,
              50.7411817
            ],
            [
              7.0347204,
              50.7400734
            ],
            [
              7.0347452,
              50.7400084
            ],
            [
              7.0346078,
              50.7396469
            ],
            [
              7.0342185,
              50.738824
            ],
            [
              7.0340842,
              50.7384979
            ],
            [
              7.0335818,
              50.7371847
            ],
            [
              7.0335305,
              50.7371941
            ],
            [
              7.0334828,
              50.7371062
            ],
            [
              7.0335045,
              50.737078
            ],
            [
              7.0334315,
              50.7368166
            ],
            [
              7.0333689,
              50.7368298
            ],
            [
              7.033271,
              50.7365772
            ],
            [
              7.0336009,
              50.7365561
            ],
            [
              7.033545,
              50.7364611
            ],
            [
              7.033544,
              50.7363147
            ],
            [
              7.0334381,
              50.7359694
            ],
            [
              7.0333392,
              50.7357425
            ],
            [
              7.033245,
              50.7354547
            ],
            [
              7.033113,
              50.7352236
            ],
            [
              7.0329904,
              50.7350623
            ],
            [
              7.0328673,
              50.7349482
            ],
            [
              7.0328625,
              50.7348632
            ],
            [
              7.0329177,
              50.7347292
            ],
            [
              7.0330623,
              50.7341659
            ],
            [
              7.0331182,
              50.7340352
            ],
            [
              7.0331566,
              50.7339971
            ],
            [
              7.0332057,
              50.7339771
            ],
            [
              7.0332434,
              50.733975
            ],
            [
              7.0333042,
              50.7339748
            ],
            [
              7.0333483,
              50.7338447
            ],
            [
              7.0328511,
              50.7337761
            ]
          ]
        ]
      }
    },
    {
      "type": "Feature",
      "properties": {
        "name": "Endenich",
        "city": "Bonn",
        "osm_id": 271690,
        "osm_type": "relation",
        "display": "Endenich, Stadtbezirk Bonn, Bonn, Nordrhein-Westfalen, 53121, Deutschland"
      },
      "geometry": {
        "type": "Polygon",
        "coordinates": [
          [
            [
              7.0557439,
              50.7268878
            ],
            [
              7.056092,
              50.7267796
            ],
            [
              7.0571404,
              50.7264244
            ],
            [
              7.0569831,
              50.7262797
            ],
            [
              7.056612,
              50.7258502
            ],
            [
              7.058744,
              50.7249706
            ],
            [
              7.0582558,
              50.7245461
            ],
            [
              7.0605021,
              50.7236236
            ],
            [
              7.0604311,
              50.723565
            ],
            [
              7.0601323,
              50.723271
            ],
            [
              7.0609018,
              50.7228015
            ],
            [
              7.0614745,
              50.7223533
            ],
            [
              7.0616005,
              50.7222947
            ],
            [
              7.0618346,
              50.7222688
            ],
            [
              7.0619218,
              50.7222439
            ],
            [
              7.0622671,
              50.7219797
            ],
            [
              7.0625616,
              50.7218578
            ],
            [
              7.0613637,
              50.7212482
            ],
            [
              7.0621222,
              50.7203818
            ],
            [
              7.063112,
              50.7188755
            ],
            [
              7.0637988,
              50.7188023
            ],
            [
              7.0641599,
              50.7190674
            ],
            [
              7.0642295,
              50.7191178
            ],
            [
              7.065059,
              50.7193323
            ],
            [
              7.064834,
              50.7195644
            ],
            [
              7.0650022,
              50.7198128
            ],
            [
              7.0651306,
              50.7197983
            ],
            [
              7.0668606,
              50.7200631
            ],
            [
              7.0684739,
              50.7203054
            ],
            [
              7.0687124,
              50.7203542
            ],
            [
              7.0689156,
              50.7204672
            ],
            [
              7.0690088,
              50.7204348
            ],
            [
              7.0691114,
              50.7204196
            ],
            [
              7.0693052,
              50.7204145
            ],
            [
              7.0696928,
              50.7204411
            ],
            [
              7.0699089,
              50.7193586
            ],
            [
              7.0706222,
              50.7194631
            ],
            [
              7.0707469,
              50.7193459
            ],
            [
              7.0708434,
              50.7192253
            ],
            [
              7.0708622,
              50.7190598
            ],
            [
              7.0708166,
              50.7190156
            ],
            [
              7.0708689,
              50.7189443
            ],
            [
              7.0710245,
              50.7185673
            ],
            [
              7.0710513,
              50.7184221
            ],
            [
              7.0710461,
              50.7183413
            ],
            [
              7.0710754,
              50.7182251
            ],
            [
              7.0711674,
              50.7180749
            ],
            [
              7.0715817,
              50.7179823
            ],
            [
              7.0723845,
              50.7178674
            ],
            [
              7.0750511,
              50.7182523
            ],
            [
              7.0750438,
              50.718082
            ],
            [
              7.0751816,
              50.7174541
            ],
            [
              7.0752221,
              50.7173654
            ],
            [
              7.0753033,
              50.7172911
            ],
            [
              7.0754099,
              50.7173369
            ],
            [
              7.0755735,
              50.7173777
            ],
            [
              7.076338,
              50.717432
            ],
            [
              7.0765056,
              50.7174592
            ],
            [
              7.076572,
              50.7174766
            ],
            [
              7.076806,
              50.7175981
            ],
            [
              7.0768784,
              50.7176229
            ],
            [
              7.0769347,
              50.7176307
            ],
            [
              7.0769937,
              50.7176316
            ],
            [
              7.0770541,
              50.7176235
            ],
            [
              7.0770977,
              50.7176159
            ],
            [
              7.0771463,
              50.7175983
            ],
            [
              7.0771979,
              50.7175707
            ],
            [
              7.0772254,
              50.7175499
            ],
            [
              7.0773236,
              50.7176078
            ],
            [
              7.077462,
              50.7177572
            ],
            [
              7.0776034,
              50.7176964
            ],
            [
              7.0776374,
              50.7176743
            ],
            [
              7.0776566,
              50.7176329
            ],
            [
              7.0777917,
              50.7170686
            ],
            [
              7.0779352,
              50.7165994
            ],
            [
              7.0781049,
              50.7159184
            ],
            [
              7.0779764,
              50.7159029
            ],
            [
              7.0781256,
              50.7151326
            ],
            [
              7.0782503,
              50.7148082
            ],
            [
              7.0783596,
              50.7144622
            ],
            [
              7.078344,
              50.7142016
            ],
            [
              7.0785988,
              50.7140597
            ],
            [
              7.078994,
              50.7137221
            ],
            [
              7.0791681,
              50.7134469
            ],
            [
              7.079173,
              50.7130173
            ],
            [
              7.0791243,
              50.7127106
            ],
            [
              7.0792408,
              50.7124546
            ],
            [
              7.0793501,
              50.7123812
            ],
            [
              7.0794855,
              50.7123507
            ],
            [
              7.0811141,
              50.7127266
            ],
            [
              7.0809813,
              50.713264
            ],
            [
              7.0808564,
              50.714376
            ],
            [
              7.0810251,
              50.714573
            ],
            [
              7.0811042,
              50.7150392
            ],
            [
              7.0806456,
              50.7158578
            ],
            [
              7.0802191,
              50.7165659
            ],
            [
              7.0796129,
              50.7172792
            ],
            [
              7.0792508,
              50.7176019
            ],
            [
              7.0789531,
              50.7178515
            ],
            [
              7.0786232,
              50.7183423
            ],
            [
              7.0783929,
              50.7185667
            ],
            [
              7.0783901,
              50.7185843
            ],
            [
              7.0780276,
              50.7191971
            ],
            [
              7.0777366,
              50.7197329
            ],
            [
              7.0776017,
              50.7199674
            ],
            [
              7.0783976,
              50.7203461
            ],
            [
              7.079051,
              50.7207238
            ],
            [
              7.0796906,
              50.7211578
            ],
            [
              7.080122,
              50.7214996
            ],
            [
              7.0805229,
              50.7218052
            ],
            [
              7.0809433,
              50.7222052
            ],
            [
              7.0815547,
              50.7228582
            ],
            [
              7.0820761,
              50.7234911
            ],
            [
              7.0823403,
              50.7239157
            ],
            [
              7.0825253,
              50.7243357
            ],
            [
              7.0826003,
              50.7246196
            ],
            [
              7.0826091,
              50.7248741
            ],
            [
              7.0826326,
              50.7251775
            ],
            [
              7.0826171,
              50.7254553
            ],
            [
              7.0825596,
              50.7257166
            ],
            [
              7.082511,
              50.725919
            ],
            [
              7.0824019,
              50.7261865
            ],
            [
              7.0823013,
              50.7264197
            ],
            [
              7.0821545,
              50.7266533
            ],
            [
              7.0818727,
              50.727016
            ],
            [
              7.0816952,
              50.727192
            ],
            [
              7.0815924,
              50.7272852
            ],
            [
              7.0811818,
              50.7276066
            ],
            [
              7.0806237,
              50.7279287
            ],
            [
              7.0800323,
              50.7282249
            ],
            [
              7.0792018,
              50.728631
            ],
            [
              7.0779601,
              50.7291424
            ],
            [
              7.077445,
              50.7293984
            ],
            [
              7.0764992,
              50.7298683
            ],
            [
              7.0757066,
              50.7304544
            ],
            [
              7.0754242,
              50.7307321
            ],
            [
              7.0751005,
              50.7310571
            ],
            [
              7.0748838,
              50.7313521
            ],
            [
              7.0746629,
              50.7317096
            ],
            [
              7.0745173,
              50.7320458
            ],
            [
              7.07437,
              50.7324532
            ],
            [
              7.074269,
              50.7331339
            ],
            [
              7.0742395,
              50.7334659
            ],
            [
              7.0740525,
              50.7343514
            ],
            [
              7.0737247,
              50.7354077
            ],
            [
              7.0727463,
              50.7380714
            ],
            [
              7.071948,
              50.7381655
            ],
            [
              7.0717299,
              50.7381968
            ],
            [
              7.070948,
              50.7382423
            ],
            [
              7.0705436,
              50.7382469
            ],
            [
              7.0701362,
              50.7382182
            ],
            [
              7.0684065,
              50.7379516
            ],
            [
              7.0664123,
              50.7374288
            ],
            [
              7.0655139,
              50.7371443
            ],
            [
              7.0655835,
              50.7368356
            ],
            [
              7.0655451,
              50.7368293
            ],
            [
              7.0653307,
              50.7367942
            ],
            [
              7.0650865,
              50.7367436
            ],
            [
              7.0648542,
              50.736661
            ],
            [
              7.0643853,
              50.7364717
            ],
            [
              7.0642935,
              50.7364526
            ],
            [
              7.0641406,
              50.7364284
            ],
            [
              7.0640514,
              50.7364297
            ],
            [
              7.0639307,
              50.7364356
            ],
            [
              7.0638797,
              50.7364522
            ],
            [
              7.0637371,
              50.7364935
            ],
            [
              7.0634808,
              50.7363626
            ],
            [
              7.0633602,
              50.7362987
            ],
            [
              7.0626734,
              50.7359119
            ],
            [
              7.0620398,
              50.7354985
            ],
            [
              7.061655,
              50.7352236
            ],
            [
              7.0613047,
              50.7349435
            ],
            [
              7.0607449,
              50.7344689
            ],
            [
              7.060187,
              50.7338994
            ],
            [
              7.0597139,
              50.7333313
            ],
            [
              7.0592018,
              50.7325646
            ],
            [
              7.0589858,
              50.7322114
            ],
            [
              7.0586447,
              50.7316182
            ],
            [
              7.0560631,
              50.7274318
            ],
            [
              7.0557439,
              50.7268878
            ]
          ]
        ]
      }
    },
    {
      "type": "Feature",
      "properties": {
        "name": "Graurheindorf",
        "city": "Bonn",
        "osm_id": 272221,
        "osm_type": "relation",
        "display": "Graurheindorf, Stadtbezirk Bonn, Bonn, Nordrhein-Westfalen, Deutschland"
      },
      "geometry": {
        "type": "Polygon",
        "coordinates": [
          [
            [
              7.0621564,
              50.7671293
            ],
            [
              7.0632244,
              50.7666145
            ],
            [
              7.0646225,
              50.7659514
            ],
            [
              7.0667721,
              50.7649018
            ],
            [
              7.0686458,
              50.7637466
            ],
            [
              7.0701031,
              50.7628152
            ],
            [
              7.0713108,
              50.7623326
            ],
            [
              7.0738527,
              50.7615339
            ],
            [
              7.0732095,
              50.7607143
            ],
            [
              7.0742556,
              50.7601964
            ],
            [
              7.0744038,
              50.7603137
            ],
            [
              7.0752934,
              50.761117
            ],
            [
              7.0757372,
              50.7609214
            ],
            [
              7.0760429,
              50.7608005
            ],
            [
              7.0762192,
              50.7607198
            ],
            [
              7.076347,
              50.7604844
            ],
            [
              7.0767549,
              50.7601917
            ],
            [
              7.0779302,
              50.7594488
            ],
            [
              7.0782038,
              50.7592538
            ],
            [
              7.0787079,
              50.7588717
            ],
            [
              7.0788799,
              50.7587203
            ],
            [
              7.0799075,
              50.7578829
            ],
            [
              7.0803084,
              50.757425
            ],
            [
              7.0805379,
              50.7571811
            ],
            [
              7.0808661,
              50.7569099
            ],
            [
              7.0814494,
              50.7564181
            ],
            [
              7.0818313,
              50.7561122
            ],
            [
              7.0824448,
              50.7558874
            ],
            [
              7.0829684,
              50.7556159
            ],
            [
              7.0838034,
              50.7553862
            ],
            [
              7.0841536,
              50.7549693
            ],
            [
              7.0843556,
              50.7547346
            ],
            [
              7.0854857,
              50.7533276
            ],
            [
              7.0858373,
              50.752931
            ],
            [
              7.0859746,
              50.7523397
            ],
            [
              7.0860469,
              50.752157
            ],
            [
              7.087367,
              50.7525141
            ],
            [
              7.0882315,
              50.752767
            ],
            [
              7.0889801,
              50.7529452
            ],
            [
              7.0931221,
              50.7539315
            ],
            [
              7.0947614,
              50.7542682
            ],
            [
              7.0959797,
              50.7546271
            ],
            [
              7.0971324,
              50.7552021
            ],
            [
              7.0997926,
              50.7566475
            ],
            [
              7.0995177,
              50.7567857
            ],
            [
              7.0985401,
              50.7572773
            ],
            [
              7.0974896,
              50.7577797
            ],
            [
              7.0955712,
              50.7585105
            ],
            [
              7.0929677,
              50.7593784
            ],
            [
              7.0911949,
              50.7599054
            ],
            [
              7.0893618,
              50.7606345
            ],
            [
              7.0868928,
              50.7616165
            ],
            [
              7.0847004,
              50.7630324
            ],
            [
              7.0800871,
              50.7654075
            ],
            [
              7.0757871,
              50.7672687
            ],
            [
              7.0714563,
              50.7689782
            ],
            [
              7.0689837,
              50.7699391
            ],
            [
              7.0667005,
              50.7708455
            ],
            [
              7.0652188,
              50.7693234
            ],
            [
              7.0651871,
              50.7693402
            ],
            [
              7.0648024,
              50.7689258
            ],
            [
              7.064058,
              50.7683941
            ],
            [
              7.0639627,
              50.7683497
            ],
            [
              7.0621564,
              50.7671293
            ]
          ]
        ]
      }
    },
    {
      "type": "Feature",
      "properties": {
        "name": "Gronau",
        "city": "Bonn",
        "osm_id": 271678,
        "osm_type": "relation",
        "display": "Gronau, Stadtbezirk Bonn, Bonn, Nordrhein-Westfalen, 53113, Deutschland"
      },
      "geometry": {
        "type": "Polygon",
        "coordinates": [
          [
            [
              7.1056597,
              50.7269725
            ],
            [
              7.1080017,
              50.7246176
            ],
            [
              7.1127422,
              50.7197985
            ],
            [
              7.1137593,
              50.7188061
            ],
            [
              7.1145416,
              50.7180273
            ],
            [
              7.1165504,
              50.7159957
            ],
            [
              7.120215,
              50.7123221
            ],
            [
              7.127682,
              50.7048296
            ],
            [
              7.1285951,
              50.7039695
            ],
            [
              7.1308438,
              50.7052845
            ],
            [
              7.1306855,
              50.7053786
            ],
            [
              7.1316165,
              50.7058894
            ],
            [
              7.1320201,
              50.7055455
            ],
            [
              7.1322694,
              50.7057073
            ],
            [
              7.1339912,
              50.7069156
            ],
            [
              7.1353187,
              50.7079621
            ],
            [
              7.1373385,
              50.709741
            ],
            [
              7.1379847,
              50.7104404
            ],
            [
              7.1372234,
              50.710734
            ],
            [
              7.137021,
              50.710834
            ],
            [
              7.1378877,
              50.7117901
            ],
            [
              7.1380607,
              50.7119138
            ],
            [
              7.138608,
              50.7121806
            ],
            [
              7.1387314,
              50.7122282
            ],
            [
              7.1390189,
              50.7123619
            ],
            [
              7.13938,
              50.7126389
            ],
            [
              7.1396874,
              50.7129314
            ],
            [
              7.1401175,
              50.7134924
            ],
            [
              7.1401564,
              50.7135447
            ],
            [
              7.1403477,
              50.7138013
            ],
            [
              7.140888,
              50.7145266
            ],
            [
              7.1411274,
              50.7148092
            ],
            [
              7.141217,
              50.7149149
            ],
            [
              7.1431597,
              50.7177159
            ],
            [
              7.1402655,
              50.7183875
            ],
            [
              7.1364721,
              50.7192805
            ],
            [
              7.1304522,
              50.7206686
            ],
            [
              7.1286125,
              50.7211022
            ],
            [
              7.1267973,
              50.7215268
            ],
            [
              7.1254092,
              50.7219186
            ],
            [
              7.1243084,
              50.7222801
            ],
            [
              7.1228611,
              50.722821
            ],
            [
              7.1206162,
              50.723867
            ],
            [
              7.1198975,
              50.7242581
            ],
            [
              7.1189724,
              50.7248247
            ],
            [
              7.1181348,
              50.7253787
            ],
            [
              7.1172552,
              50.7260413
            ],
            [
              7.1166828,
              50.7265047
            ],
            [
              7.1162986,
              50.7268416
            ],
            [
              7.1156411,
              50.7274907
            ],
            [
              7.1151546,
              50.7279946
            ],
            [
              7.1144667,
              50.7288256
            ],
            [
              7.1140835,
              50.7293481
            ],
            [
              7.1138208,
              50.7297439
            ],
            [
              7.111379,
              50.7289276
            ],
            [
              7.1112036,
              50.7288653
            ],
            [
              7.1111725,
              50.728801
            ],
            [
              7.1098189,
              50.7283207
            ],
            [
              7.1091355,
              50.7280842
            ],
            [
              7.1057974,
              50.7270386
            ],
            [
              7.1056597,
              50.7269725
            ]
          ]
        ]
      }
    },
    {
      "type": "Feature",
      "properties": {
        "name": "Ippendorf",
        "city": "Bonn",
        "osm_id": 272247,
        "osm_type": "relation",
        "display": "Ippendorf, Stadtbezirk Bonn, Bonn, Nordrhein-Westfalen, 53127, Deutschland"
      },
      "geometry": {
        "type": "Polygon",
        "coordinates": [
          [
            [
              7.0727668,
              50.6995271
            ],
            [
              7.072922,
              50.6992178
            ],
            [
              7.0729247,
              50.6989001
            ],
            [
              7.0732438,
              50.6985858
            ],
            [
              7.0734101,
              50.6985501
            ],
            [
              7.0735201,
              50.6985484
            ],
            [
              7.0736462,
              50.6984057
            ],
            [
              7.0737293,
              50.6982698
            ],
            [
              7.0739144,
              50.6981356
            ],
            [
              7.0738929,
              50.6980421
            ],
            [
              7.0742121,
              50.6980863
            ],
            [
              7.0744643,
              50.6980523
            ],
            [
              7.0745179,
              50.6979436
            ],
            [
              7.0743596,
              50.6978179
            ],
            [
              7.0743194,
              50.6976395
            ],
            [
              7.074424,
              50.6975104
            ],
            [
              7.0743355,
              50.6974033
            ],
            [
              7.0743301,
              50.6973303
            ],
            [
              7.0745098,
              50.6972606
            ],
            [
              7.0745286,
              50.6971298
            ],
            [
              7.074585,
              50.6970092
            ],
            [
              7.0745045,
              50.6969922
            ],
            [
              7.0743409,
              50.6970313
            ],
            [
              7.0742121,
              50.6969446
            ],
            [
              7.0742443,
              50.6968461
            ],
            [
              7.0743945,
              50.6967679
            ],
            [
              7.0743892,
              50.696632
            ],
            [
              7.0744669,
              50.6965589
            ],
            [
              7.0745876,
              50.6965301
            ],
            [
              7.0747352,
              50.6964128
            ],
            [
              7.074652,
              50.6963771
            ],
            [
              7.0746466,
              50.6963381
            ],
            [
              7.0748612,
              50.6962905
            ],
            [
              7.0748559,
              50.6961444
            ],
            [
              7.0747566,
              50.6961597
            ],
            [
              7.074644,
              50.6962276
            ],
            [
              7.0745474,
              50.6962157
            ],
            [
              7.0745286,
              50.6959252
            ],
            [
              7.0745331,
              50.6958242
            ],
            [
              7.0746748,
              50.6957689
            ],
            [
              7.0747848,
              50.6955599
            ],
            [
              7.0747606,
              50.6954869
            ],
            [
              7.0748009,
              50.6952932
            ],
            [
              7.0750926,
              50.6950313
            ],
            [
              7.0755593,
              50.6943216
            ],
            [
              7.0761343,
              50.6943216
            ],
            [
              7.0761086,
              50.6938703
            ],
            [
              7.0765933,
              50.6934626
            ],
            [
              7.0767769,
              50.6934548
            ],
            [
              7.0769243,
              50.6932679
            ],
            [
              7.0768447,
              50.6932409
            ],
            [
              7.0766125,
              50.6932598
            ],
            [
              7.0765671,
              50.6932085
            ],
            [
              7.0764674,
              50.6931415
            ],
            [
              7.0766729,
              50.6926234
            ],
            [
              7.0770629,
              50.6922834
            ],
            [
              7.0766629,
              50.6919534
            ],
            [
              7.0773229,
              50.6916634
            ],
            [
              7.0771185,
              50.6914267
            ],
            [
              7.0770702,
              50.6909815
            ],
            [
              7.0774671,
              50.6906535
            ],
            [
              7.0778329,
              50.6902034
            ],
            [
              7.0777529,
              50.6894834
            ],
            [
              7.0786429,
              50.6892734
            ],
            [
              7.0785029,
              50.6883834
            ],
            [
              7.0787829,
              50.6876634
            ],
            [
              7.0795729,
              50.6872034
            ],
            [
              7.0799429,
              50.6872334
            ],
            [
              7.0800398,
              50.687071
            ],
            [
              7.0803929,
              50.6860634
            ],
            [
              7.0804929,
              50.6844834
            ],
            [
              7.0814656,
              50.6834655
            ],
            [
              7.0862342,
              50.6857957
            ],
            [
              7.0861182,
              50.6858682
            ],
            [
              7.0856645,
              50.6882451
            ],
            [
              7.0856112,
              50.6884661
            ],
            [
              7.0853676,
              50.6894922
            ],
            [
              7.0862599,
              50.6897653
            ],
            [
              7.0870753,
              50.6905374
            ],
            [
              7.0874873,
              50.6904287
            ],
            [
              7.0884486,
              50.6907604
            ],
            [
              7.0906128,
              50.6927155
            ],
            [
              7.0894228,
              50.6943014
            ],
            [
              7.0909376,
              50.6954847
            ],
            [
              7.091243,
              50.695921
            ],
            [
              7.0907407,
              50.6972441
            ],
            [
              7.0907105,
              50.698089
            ],
            [
              7.0905516,
              50.6988178
            ],
            [
              7.0903201,
              50.6993253
            ],
            [
              7.090199,
              50.6995238
            ],
            [
              7.0898531,
              50.7000465
            ],
            [
              7.0897305,
              50.700297
            ],
            [
              7.0895436,
              50.7005492
            ],
            [
              7.0885405,
              50.7011166
            ],
            [
              7.088383,
              50.7012108
            ],
            [
              7.0880574,
              50.7012861
            ],
            [
              7.0879374,
              50.7013306
            ],
            [
              7.0872046,
              50.7017462
            ],
            [
              7.0869009,
              50.7019649
            ],
            [
              7.0866638,
              50.7020919
            ],
            [
              7.0861741,
              50.7022408
            ],
            [
              7.086048,
              50.702308
            ],
            [
              7.0858733,
              50.7024919
            ],
            [
              7.0856195,
              50.702592
            ],
            [
              7.0851648,
              50.7027484
            ],
            [
              7.0851216,
              50.7028746
            ],
            [
              7.0851538,
              50.7029899
            ],
            [
              7.0853031,
              50.7033536
            ],
            [
              7.0853576,
              50.703546
            ],
            [
              7.0846601,
              50.7043257
            ],
            [
              7.0846001,
              50.7043323
            ],
            [
              7.0845513,
              50.7044038
            ],
            [
              7.0845889,
              50.7044409
            ],
            [
              7.0845862,
              50.7044901
            ],
            [
              7.0845004,
              50.7045472
            ],
            [
              7.0844725,
              50.7048929
            ],
            [
              7.0846136,
              50.7056337
            ],
            [
              7.0847164,
              50.7060247
            ],
            [
              7.0846514,
              50.7061562
            ],
            [
              7.0846729,
              50.7061757
            ],
            [
              7.0847352,
              50.7062013
            ],
            [
              7.0847058,
              50.7062466
            ],
            [
              7.084693,
              50.7062644
            ],
            [
              7.0847131,
              50.7062929
            ],
            [
              7.0848003,
              50.7063642
            ],
            [
              7.0847654,
              50.7064076
            ],
            [
              7.0847773,
              50.7064551
            ],
            [
              7.0848432,
              50.7064738
            ],
            [
              7.084913,
              50.7064696
            ],
            [
              7.0850638,
              50.7065267
            ],
            [
              7.085364,
              50.706817
            ],
            [
              7.0855084,
              50.7068951
            ],
            [
              7.0854333,
              50.706963
            ],
            [
              7.0854548,
              50.7070174
            ],
            [
              7.0855862,
              50.7071414
            ],
            [
              7.0855165,
              50.7073537
            ],
            [
              7.0855728,
              50.7074658
            ],
            [
              7.0857069,
              50.707583
            ],
            [
              7.0859188,
              50.7076543
            ],
            [
              7.0859697,
              50.707803
            ],
            [
              7.0864969,
              50.708366
            ],
            [
              7.0866199,
              50.708545
            ],
            [
              7.0871439,
              50.7092671
            ],
            [
              7.0873839,
              50.7093962
            ],
            [
              7.0873987,
              50.7094926
            ],
            [
              7.0874274,
              50.7096152
            ],
            [
              7.0873735,
              50.7096588
            ],
            [
              7.0874495,
              50.7096757
            ],
            [
              7.0883709,
              50.7113321
            ],
            [
              7.0886473,
              50.7117899
            ],
            [
              7.0892048,
              50.7128778
            ],
            [
              7.0892329,
              50.71362
            ],
            [
              7.0890355,
              50.7137315
            ],
            [
              7.0888397,
              50.713976
            ],
            [
              7.0887219,
              50.714215
            ],
            [
              7.08855,
              50.7142189
            ],
            [
              7.0883328,
              50.7144855
            ],
            [
              7.0881972,
              50.7145159
            ],
            [
              7.0881611,
              50.714618
            ],
            [
              7.0881075,
              50.7146588
            ],
            [
              7.087922,
              50.7147517
            ],
            [
              7.087563,
              50.7147692
            ],
            [
              7.0874074,
              50.7148048
            ],
            [
              7.0872837,
              50.714896
            ],
            [
              7.0868279,
              50.7148709
            ],
            [
              7.0868535,
              50.7146368
            ],
            [
              7.0861816,
              50.7146002
            ],
            [
              7.086127,
              50.7145847
            ],
            [
              7.0808564,
              50.714376
            ],
            [
              7.0809813,
              50.713264
            ],
            [
              7.0811141,
              50.7127266
            ],
            [
              7.0794855,
              50.7123507
            ],
            [
              7.0793501,
              50.7123812
            ],
            [
              7.0792408,
              50.7124546
            ],
            [
              7.0785615,
              50.7123795
            ],
            [
              7.0786916,
              50.7120208
            ],
            [
              7.078888,
              50.7120658
            ],
            [
              7.0792294,
              50.7114174
            ],
            [
              7.0792511,
              50.7113388
            ],
            [
              7.0787164,
              50.7112463
            ],
            [
              7.0787419,
              50.7110136
            ],
            [
              7.0787331,
              50.7108907
            ],
            [
              7.0786601,
              50.7108034
            ],
            [
              7.0786601,
              50.7107359
            ],
            [
              7.0781934,
              50.7106406
            ],
            [
              7.0783496,
              50.710566
            ],
            [
              7.0785434,
              50.7104251
            ],
            [
              7.0786813,
              50.7103647
            ],
            [
              7.078528,
              50.7102599
            ],
            [
              7.0782488,
              50.7101712
            ],
            [
              7.0782223,
              50.7101659
            ],
            [
              7.0776677,
              50.7100333
            ],
            [
              7.0775758,
              50.7098531
            ],
            [
              7.0777957,
              50.7091728
            ],
            [
              7.0779664,
              50.7087426
            ],
            [
              7.0768481,
              50.7086547
            ],
            [
              7.0767949,
              50.7086395
            ],
            [
              7.0767939,
              50.7084934
            ],
            [
              7.0769522,
              50.7075473
            ],
            [
              7.0771512,
              50.7067774
            ],
            [
              7.0763036,
              50.706789
            ],
            [
              7.0763233,
              50.7063797
            ],
            [
              7.0759478,
              50.706378
            ],
            [
              7.0759807,
              50.7049793
            ],
            [
              7.0760275,
              50.7049764
            ],
            [
              7.075983,
              50.7040407
            ],
            [
              7.0759719,
              50.7038493
            ],
            [
              7.0752844,
              50.7038723
            ],
            [
              7.0753489,
              50.7023946
            ],
            [
              7.0750771,
              50.7021591
            ],
            [
              7.0747836,
              50.7015102
            ],
            [
              7.0748381,
              50.6998425
            ],
            [
              7.0734803,
              50.6998689
            ],
            [
              7.0727668,
              50.6995271
            ]
          ]
        ]
      }
    },
    {
      "type": "Feature",
      "properties": {
        "name": "Kessenich",
        "city": "Bonn",
        "osm_id": 271684,
        "osm_type": "relation",
        "display": "Kessenich, Stadtbezirk Bonn, Bonn, Nordrhein-Westfalen, Deutschland"
      },
      "geometry": {
        "type": "Polygon",
        "coordinates": [
          [
            [
              7.0954174,
              50.7187324
            ],
            [
              7.0956851,
              50.718615
            ],
            [
              7.0959571,
              50.7184527
            ],
            [
              7.0962482,
              50.7182479
            ],
            [
              7.0963253,
              50.7181841
            ],
            [
              7.096426,
              50.7180865
            ],
            [
              7.0965435,
              50.7179559
            ],
            [
              7.0966025,
              50.7178187
            ],
            [
              7.0965999,
              50.7177567
            ],
            [
              7.096598,
              50.7177097
            ],
            [
              7.0965565,
              50.7176314
            ],
            [
              7.096344,
              50.7175179
            ],
            [
              7.0966644,
              50.7173133
            ],
            [
              7.0984726,
              50.7161593
            ],
            [
              7.0984442,
              50.7150188
            ],
            [
              7.0984557,
              50.71486
            ],
            [
              7.0985307,
              50.7142333
            ],
            [
              7.0982217,
              50.7133746
            ],
            [
              7.098267,
              50.7129266
            ],
            [
              7.0983103,
              50.7120769
            ],
            [
              7.097824,
              50.711669
            ],
            [
              7.0975472,
              50.7112653
            ],
            [
              7.0976553,
              50.7109017
            ],
            [
              7.1001448,
              50.7097016
            ],
            [
              7.1022901,
              50.7091516
            ],
            [
              7.1026495,
              50.7082317
            ],
            [
              7.1035959,
              50.7083686
            ],
            [
              7.1037795,
              50.7080095
            ],
            [
              7.102796,
              50.7078031
            ],
            [
              7.1030429,
              50.7071254
            ],
            [
              7.1032171,
              50.7066622
            ],
            [
              7.1029258,
              50.706388
            ],
            [
              7.1022919,
              50.7057916
            ],
            [
              7.1031088,
              50.7055891
            ],
            [
              7.1056913,
              50.7062431
            ],
            [
              7.1065681,
              50.7067288
            ],
            [
              7.1069276,
              50.706691
            ],
            [
              7.1072683,
              50.7068078
            ],
            [
              7.1066359,
              50.7076984
            ],
            [
              7.1074434,
              50.7080037
            ],
            [
              7.1072409,
              50.7083917
            ],
            [
              7.1078159,
              50.7086909
            ],
            [
              7.1082333,
              50.7085392
            ],
            [
              7.1090382,
              50.7088995
            ],
            [
              7.1095341,
              50.708859
            ],
            [
              7.1095208,
              50.7087945
            ],
            [
              7.1095068,
              50.7087175
            ],
            [
              7.1104451,
              50.7085754
            ],
            [
              7.1104951,
              50.7084349
            ],
            [
              7.1105436,
              50.7082711
            ],
            [
              7.1106125,
              50.7081466
            ],
            [
              7.1106832,
              50.7080814
            ],
            [
              7.1121792,
              50.7088186
            ],
            [
              7.1126166,
              50.7089371
            ],
            [
              7.1133102,
              50.7091198
            ],
            [
              7.1148283,
              50.7097687
            ],
            [
              7.1151554,
              50.7099232
            ],
            [
              7.1154436,
              50.7095617
            ],
            [
              7.1179147,
              50.7109082
            ],
            [
              7.1178423,
              50.7110386
            ],
            [
              7.1176738,
              50.711239
            ],
            [
              7.1178349,
              50.7113395
            ],
            [
              7.1181766,
              50.7115322
            ],
            [
              7.1185228,
              50.7117561
            ],
            [
              7.1192877,
              50.7121098
            ],
            [
              7.1195558,
              50.7122445
            ],
            [
              7.119795,
              50.7123013
            ],
            [
              7.1199571,
              50.7122998
            ],
            [
              7.120104,
              50.71228
            ],
            [
              7.120215,
              50.7123221
            ],
            [
              7.1165504,
              50.7159957
            ],
            [
              7.1145416,
              50.7180273
            ],
            [
              7.1137593,
              50.7188061
            ],
            [
              7.1127422,
              50.7197985
            ],
            [
              7.1096334,
              50.7203633
            ],
            [
              7.1073779,
              50.7207767
            ],
            [
              7.1068303,
              50.7208707
            ],
            [
              7.1063295,
              50.7209485
            ],
            [
              7.1044294,
              50.721132
            ],
            [
              7.1035772,
              50.7212754
            ],
            [
              7.1033378,
              50.7213219
            ],
            [
              7.1029062,
              50.721416
            ],
            [
              7.1018782,
              50.72164
            ],
            [
              7.1001627,
              50.7220094
            ],
            [
              7.0986137,
              50.7222768
            ],
            [
              7.0978523,
              50.7212285
            ],
            [
              7.0972814,
              50.7206872
            ],
            [
              7.0966731,
              50.7201309
            ],
            [
              7.0960285,
              50.7195065
            ],
            [
              7.0959701,
              50.7194597
            ],
            [
              7.0959134,
              50.7194143
            ],
            [
              7.095791,
              50.7192969
            ],
            [
              7.0956662,
              50.7190042
            ],
            [
              7.0954174,
              50.7187324
            ]
          ]
        ]
      }
    },
    {
      "type": "Feature",
      "properties": {
        "name": "Lessenich",
        "city": "Bonn",
        "osm_id": 272270,
        "osm_type": "relation",
        "display": "Lessenich/Meßdorf, Stadtbezirk Bonn, Bonn, Nordrhein-Westfalen, Deutschland"
      },
      "geometry": {
        "type": "Polygon",
        "coordinates": [
          [
            [
              7.0296343,
              50.726082
            ],
            [
              7.0303833,
              50.7260008
            ],
            [
              7.0316115,
              50.7258151
            ],
            [
              7.0338229,
              50.7254586
            ],
            [
              7.0337198,
              50.7251951
            ],
            [
              7.0335842,
              50.7249254
            ],
            [
              7.0334745,
              50.7247353
            ],
            [
              7.0333032,
              50.724471
            ],
            [
              7.0331702,
              50.7242879
            ],
            [
              7.032934,
              50.7239995
            ],
            [
              7.0352705,
              50.7225142
            ],
            [
              7.036629,
              50.7215693
            ],
            [
              7.0371031,
              50.7212177
            ],
            [
              7.0372208,
              50.721273
            ],
            [
              7.0385403,
              50.7202463
            ],
            [
              7.0384263,
              50.7200336
            ],
            [
              7.0389233,
              50.7196549
            ],
            [
              7.039014,
              50.7196965
            ],
            [
              7.0392544,
              50.7198236
            ],
            [
              7.0403043,
              50.7188841
            ],
            [
              7.0403745,
              50.7189126
            ],
            [
              7.0404012,
              50.718904
            ],
            [
              7.0420969,
              50.7195888
            ],
            [
              7.0421231,
              50.7196049
            ],
            [
              7.0421278,
              50.7196219
            ],
            [
              7.0421245,
              50.7196433
            ],
            [
              7.0421772,
              50.7196931
            ],
            [
              7.0423712,
              50.7198589
            ],
            [
              7.0423306,
              50.7198437
            ],
            [
              7.0422331,
              50.7198365
            ],
            [
              7.0421905,
              50.7198552
            ],
            [
              7.0421328,
              50.7198756
            ],
            [
              7.0417364,
              50.7203429
            ],
            [
              7.0422233,
              50.7205922
            ],
            [
              7.042081,
              50.7206914
            ],
            [
              7.0422728,
              50.7207273
            ],
            [
              7.0426078,
              50.7207364
            ],
            [
              7.0428911,
              50.7208078
            ],
            [
              7.043169,
              50.7209455
            ],
            [
              7.0434695,
              50.7212527
            ],
            [
              7.044236,
              50.72067
            ],
            [
              7.0445993,
              50.7207948
            ],
            [
              7.0457469,
              50.7211956
            ],
            [
              7.0446061,
              50.7218985
            ],
            [
              7.0457661,
              50.7225382
            ],
            [
              7.0459317,
              50.722621
            ],
            [
              7.0463784,
              50.7223583
            ],
            [
              7.0467811,
              50.7221154
            ],
            [
              7.0471424,
              50.7219
            ],
            [
              7.0501559,
              50.7237596
            ],
            [
              7.0502811,
              50.7238062
            ],
            [
              7.0504014,
              50.7238185
            ],
            [
              7.050536,
              50.7238181
            ],
            [
              7.0506632,
              50.7238081
            ],
            [
              7.0506737,
              50.7238564
            ],
            [
              7.0510903,
              50.7240308
            ],
            [
              7.0511551,
              50.7240935
            ],
            [
              7.0524914,
              50.7246209
            ],
            [
              7.0538905,
              50.7262011
            ],
            [
              7.0545291,
              50.7260072
            ],
            [
              7.0552995,
              50.727027
            ],
            [
              7.0554214,
              50.7269892
            ],
            [
              7.0555675,
              50.7269417
            ],
            [
              7.0556319,
              50.7269234
            ],
            [
              7.0557439,
              50.7268878
            ],
            [
              7.0560631,
              50.7274318
            ],
            [
              7.0534851,
              50.7289074
            ],
            [
              7.0509929,
              50.7302382
            ],
            [
              7.0491941,
              50.7309634
            ],
            [
              7.0480973,
              50.731347
            ],
            [
              7.0465227,
              50.7317205
            ],
            [
              7.0445971,
              50.7321299
            ],
            [
              7.0410048,
              50.732712
            ],
            [
              7.0367457,
              50.7330511
            ],
            [
              7.0357576,
              50.733098
            ],
            [
              7.0331091,
              50.7333394
            ],
            [
              7.0333382,
              50.7328432
            ],
            [
              7.0334332,
              50.7325
            ],
            [
              7.033458,
              50.7321107
            ],
            [
              7.0334359,
              50.7318969
            ],
            [
              7.0320161,
              50.7321369
            ],
            [
              7.0315651,
              50.7310271
            ],
            [
              7.0314782,
              50.7307163
            ],
            [
              7.0314979,
              50.730528
            ],
            [
              7.0316263,
              50.7299515
            ],
            [
              7.0316552,
              50.729604
            ],
            [
              7.0316283,
              50.729344
            ],
            [
              7.0315141,
              50.72894
            ],
            [
              7.031414,
              50.7287146
            ],
            [
              7.0312267,
              50.7284364
            ],
            [
              7.03064,
              50.7276488
            ],
            [
              7.0303283,
              50.7272674
            ],
            [
              7.0300037,
              50.7267598
            ],
            [
              7.0296343,
              50.726082
            ]
          ]
        ]
      }
    },
    {
      "type": "Feature",
      "properties": {
        "name": "Nordstadt",
        "city": "Bonn",
        "osm_id": 272248,
        "osm_type": "relation",
        "display": "Nordstadt, Stadtbezirk Bonn, Bonn, Nordrhein-Westfalen, Deutschland"
      },
      "geometry": {
        "type": "Polygon",
        "coordinates": [
          [
            [
              7.0665937,
              50.7396717
            ],
            [
              7.0726378,
              50.7383608
            ],
            [
              7.0730148,
              50.7382785
            ],
            [
              7.0753777,
              50.7377724
            ],
            [
              7.0826416,
              50.7361448
            ],
            [
              7.0859206,
              50.735418
            ],
            [
              7.0868576,
              50.7352091
            ],
            [
              7.0873219,
              50.7350981
            ],
            [
              7.0878214,
              50.7349661
            ],
            [
              7.0888511,
              50.7346525
            ],
            [
              7.0889524,
              50.7347728
            ],
            [
              7.0892273,
              50.7347796
            ],
            [
              7.0892905,
              50.7347985
            ],
            [
              7.0894285,
              50.734761
            ],
            [
              7.0895773,
              50.7347355
            ],
            [
              7.0897691,
              50.734727
            ],
            [
              7.0898885,
              50.7347372
            ],
            [
              7.0899693,
              50.734758
            ],
            [
              7.0919457,
              50.7353483
            ],
            [
              7.0924097,
              50.7355181
            ],
            [
              7.0933753,
              50.7359323
            ],
            [
              7.0934424,
              50.7359017
            ],
            [
              7.0942115,
              50.7361462
            ],
            [
              7.094884,
              50.736096
            ],
            [
              7.0952025,
              50.7360724
            ],
            [
              7.0952977,
              50.7360652
            ],
            [
              7.0953205,
              50.7360631
            ],
            [
              7.0964454,
              50.7368721
            ],
            [
              7.0965382,
              50.7370336
            ],
            [
              7.0964254,
              50.737325
            ],
            [
              7.0962786,
              50.7376125
            ],
            [
              7.096273,
              50.7378078
            ],
            [
              7.0963416,
              50.7379979
            ],
            [
              7.0966142,
              50.7382773
            ],
            [
              7.0967098,
              50.7383387
            ],
            [
              7.0969099,
              50.7387153
            ],
            [
              7.0971132,
              50.739109
            ],
            [
              7.0973191,
              50.7395236
            ],
            [
              7.0976468,
              50.74011
            ],
            [
              7.097742,
              50.7402337
            ],
            [
              7.0978145,
              50.7402714
            ],
            [
              7.0979078,
              50.740291
            ],
            [
              7.0983455,
              50.740318
            ],
            [
              7.0987221,
              50.7401586
            ],
            [
              7.0988088,
              50.7401115
            ],
            [
              7.0991614,
              50.7402517
            ],
            [
              7.097922,
              50.7413425
            ],
            [
              7.0975134,
              50.741469
            ],
            [
              7.0972762,
              50.7415424
            ],
            [
              7.0961337,
              50.7418836
            ],
            [
              7.0948193,
              50.7422349
            ],
            [
              7.0931548,
              50.7426798
            ],
            [
              7.0899649,
              50.74365
            ],
            [
              7.087738,
              50.7442959
            ],
            [
              7.0865868,
              50.7449743
            ],
            [
              7.0867117,
              50.7450546
            ],
            [
              7.086989,
              50.7453781
            ],
            [
              7.0871561,
              50.7456421
            ],
            [
              7.0872794,
              50.7459072
            ],
            [
              7.0874588,
              50.7464429
            ],
            [
              7.0876545,
              50.7470639
            ],
            [
              7.0871914,
              50.7484538
            ],
            [
              7.0864871,
              50.7509931
            ],
            [
              7.0863201,
              50.7514918
            ],
            [
              7.0860469,
              50.752157
            ],
            [
              7.0845961,
              50.7516545
            ],
            [
              7.0827573,
              50.7509323
            ],
            [
              7.0820278,
              50.7506318
            ],
            [
              7.0807312,
              50.7500447
            ],
            [
              7.0784957,
              50.74898
            ],
            [
              7.0773753,
              50.7484258
            ],
            [
              7.076142,
              50.7477749
            ],
            [
              7.0748626,
              50.7469896
            ],
            [
              7.0744993,
              50.7467283
            ],
            [
              7.0738622,
              50.7462297
            ],
            [
              7.0751777,
              50.7452502
            ],
            [
              7.0755416,
              50.7449831
            ],
            [
              7.0762101,
              50.7444613
            ],
            [
              7.0767051,
              50.7440024
            ],
            [
              7.0774024,
              50.7433282
            ],
            [
              7.077321,
              50.7432932
            ],
            [
              7.0772405,
              50.7432376
            ],
            [
              7.0771406,
              50.7431485
            ],
            [
              7.0770863,
              50.7430551
            ],
            [
              7.0770635,
              50.7429694
            ],
            [
              7.0770639,
              50.7429043
            ],
            [
              7.0743255,
              50.7427189
            ],
            [
              7.0716068,
              50.7425086
            ],
            [
              7.071571,
              50.7418768
            ],
            [
              7.0711371,
              50.7418785
            ],
            [
              7.0686912,
              50.7417394
            ],
            [
              7.0686319,
              50.7418602
            ],
            [
              7.0683309,
              50.7417957
            ],
            [
              7.0683684,
              50.7417206
            ],
            [
              7.0681502,
              50.7417108
            ],
            [
              7.0680556,
              50.7402681
            ],
            [
              7.0678445,
              50.7402325
            ],
            [
              7.0676784,
              50.7401968
            ],
            [
              7.0675403,
              50.7401645
            ],
            [
              7.0673981,
              50.7401179
            ],
            [
              7.0671943,
              50.7400334
            ],
            [
              7.0670934,
              50.7399833
            ],
            [
              7.0669589,
              50.739912
            ],
            [
              7.0665937,
              50.7396717
            ]
          ]
        ]
      }
    },
    {
      "type": "Feature",
      "properties": {
        "name": "Poppelsdorf",
        "city": "Bonn",
        "osm_id": 271689,
        "osm_type": "relation",
        "display": "Poppelsdorf, Stadtbezirk Bonn, Bonn, Nordrhein-Westfalen, 53115, Deutschland"
      },
      "geometry": {
        "type": "Polygon",
        "coordinates": [
          [
            [
              7.0776017,
              50.7199674
            ],
            [
              7.0777366,
              50.7197329
            ],
            [
              7.0780276,
              50.7191971
            ],
            [
              7.0783901,
              50.7185843
            ],
            [
              7.0783929,
              50.7185667
            ],
            [
              7.0786232,
              50.7183423
            ],
            [
              7.0789531,
              50.7178515
            ],
            [
              7.0792508,
              50.7176019
            ],
            [
              7.0796129,
              50.7172792
            ],
            [
              7.0802191,
              50.7165659
            ],
            [
              7.0806456,
              50.7158578
            ],
            [
              7.0811042,
              50.7150392
            ],
            [
              7.0810251,
              50.714573
            ],
            [
              7.0808564,
              50.714376
            ],
            [
              7.086127,
              50.7145847
            ],
            [
              7.0861816,
              50.7146002
            ],
            [
              7.0868535,
              50.7146368
            ],
            [
              7.0868279,
              50.7148709
            ],
            [
              7.0872837,
              50.714896
            ],
            [
              7.0874074,
              50.7148048
            ],
            [
              7.087563,
              50.7147692
            ],
            [
              7.087922,
              50.7147517
            ],
            [
              7.0881075,
              50.7146588
            ],
            [
              7.0881611,
              50.714618
            ],
            [
              7.0881972,
              50.7145159
            ],
            [
              7.0883328,
              50.7144855
            ],
            [
              7.08855,
              50.7142189
            ],
            [
              7.0887219,
              50.714215
            ],
            [
              7.0888397,
              50.713976
            ],
            [
              7.0890355,
              50.7137315
            ],
            [
              7.0892329,
              50.71362
            ],
            [
              7.0900708,
              50.7137349
            ],
            [
              7.0903887,
              50.7137637
            ],
            [
              7.0904047,
              50.7138207
            ],
            [
              7.0916408,
              50.7137105
            ],
            [
              7.0918558,
              50.7136742
            ],
            [
              7.0927934,
              50.7135741
            ],
            [
              7.0930459,
              50.7135292
            ],
            [
              7.0928731,
              50.7130125
            ],
            [
              7.0927959,
              50.7127516
            ],
            [
              7.0927293,
              50.7123905
            ],
            [
              7.0938787,
              50.7127225
            ],
            [
              7.0954923,
              50.7145812
            ],
            [
              7.0976742,
              50.7143314
            ],
            [
              7.0985307,
              50.7142333
            ],
            [
              7.0984557,
              50.71486
            ],
            [
              7.0984442,
              50.7150188
            ],
            [
              7.0984726,
              50.7161593
            ],
            [
              7.0966644,
              50.7173133
            ],
            [
              7.096344,
              50.7175179
            ],
            [
              7.0965565,
              50.7176314
            ],
            [
              7.096598,
              50.7177097
            ],
            [
              7.0965999,
              50.7177567
            ],
            [
              7.0966025,
              50.7178187
            ],
            [
              7.0965435,
              50.7179559
            ],
            [
              7.096426,
              50.7180865
            ],
            [
              7.0963253,
              50.7181841
            ],
            [
              7.0962482,
              50.7182479
            ],
            [
              7.0959571,
              50.7184527
            ],
            [
              7.0956851,
              50.718615
            ],
            [
              7.0954174,
              50.7187324
            ],
            [
              7.0956662,
              50.7190042
            ],
            [
              7.095791,
              50.7192969
            ],
            [
              7.0959134,
              50.7194143
            ],
            [
              7.0959701,
              50.7194597
            ],
            [
              7.0960285,
              50.7195065
            ],
            [
              7.0966731,
              50.7201309
            ],
            [
              7.0972814,
              50.7206872
            ],
            [
              7.0978523,
              50.7212285
            ],
            [
              7.0986137,
              50.7222768
            ],
            [
              7.0965792,
              50.7226063
            ],
            [
              7.0947572,
              50.7229164
            ],
            [
              7.0946508,
              50.7229337
            ],
            [
              7.0939286,
              50.723045
            ],
            [
              7.0940144,
              50.7231211
            ],
            [
              7.0951319,
              50.7241119
            ],
            [
              7.0951538,
              50.7241571
            ],
            [
              7.0951218,
              50.7244017
            ],
            [
              7.0951364,
              50.7244715
            ],
            [
              7.0952869,
              50.7247226
            ],
            [
              7.095364,
              50.7249182
            ],
            [
              7.0954143,
              50.7252249
            ],
            [
              7.0935752,
              50.7262322
            ],
            [
              7.0937252,
              50.7263535
            ],
            [
              7.093669,
              50.726386
            ],
            [
              7.0936529,
              50.7264191
            ],
            [
              7.0925938,
              50.7265198
            ],
            [
              7.0925532,
              50.7264799
            ],
            [
              7.0913628,
              50.7270745
            ],
            [
              7.0904797,
              50.7275144
            ],
            [
              7.090508,
              50.7275385
            ],
            [
              7.0906373,
              50.7276807
            ],
            [
              7.09078,
              50.727786
            ],
            [
              7.090864,
              50.7278491
            ],
            [
              7.0908786,
              50.7278561
            ],
            [
              7.0908949,
              50.72786
            ],
            [
              7.0909662,
              50.7278693
            ],
            [
              7.0914128,
              50.7281823
            ],
            [
              7.0901653,
              50.7288385
            ],
            [
              7.0898665,
              50.7286528
            ],
            [
              7.0894967,
              50.7284453
            ],
            [
              7.0893674,
              50.7283772
            ],
            [
              7.0893198,
              50.7284067
            ],
            [
              7.0891592,
              50.728516
            ],
            [
              7.0890867,
              50.7285724
            ],
            [
              7.0888654,
              50.7287421
            ],
            [
              7.0888274,
              50.7287702
            ],
            [
              7.0887725,
              50.7288142
            ],
            [
              7.0887461,
              50.7288381
            ],
            [
              7.0885404,
              50.7290246
            ],
            [
              7.0884388,
              50.7291166
            ],
            [
              7.088202,
              50.729331
            ],
            [
              7.0877739,
              50.7297186
            ],
            [
              7.0872431,
              50.7294778
            ],
            [
              7.0870794,
              50.7294035
            ],
            [
              7.0869774,
              50.7293572
            ],
            [
              7.0868089,
              50.7292808
            ],
            [
              7.086775,
              50.7292657
            ],
            [
              7.0865969,
              50.7291866
            ],
            [
              7.0865196,
              50.7291498
            ],
            [
              7.0863934,
              50.7290929
            ],
            [
              7.0863588,
              50.7290773
            ],
            [
              7.0862139,
              50.7290103
            ],
            [
              7.0860384,
              50.7289291
            ],
            [
              7.0859396,
              50.7288834
            ],
            [
              7.0857439,
              50.7287929
            ],
            [
              7.0855084,
              50.7286869
            ],
            [
              7.0853869,
              50.7286337
            ],
            [
              7.0852693,
              50.7285992
            ],
            [
              7.0850782,
              50.7285439
            ],
            [
              7.0845867,
              50.7283283
            ],
            [
              7.0842855,
              50.7281955
            ],
            [
              7.0841286,
              50.7281281
            ],
            [
              7.083963,
              50.7280571
            ],
            [
              7.0838511,
              50.728006
            ],
            [
              7.0838445,
              50.728003
            ],
            [
              7.0837568,
              50.7279634
            ],
            [
              7.0836096,
              50.7278988
            ],
            [
              7.0835394,
              50.72787
            ],
            [
              7.0833271,
              50.7277828
            ],
            [
              7.083262,
              50.7277634
            ],
            [
              7.0831967,
              50.727744
            ],
            [
              7.0830242,
              50.7276926
            ],
            [
              7.0829453,
              50.7276736
            ],
            [
              7.0828863,
              50.7276607
            ],
            [
              7.0824325,
              50.7275641
            ],
            [
              7.0822453,
              50.7275287
            ],
            [
              7.0819972,
              50.7274854
            ],
            [
              7.081931,
              50.727465
            ],
            [
              7.0818501,
              50.7274288
            ],
            [
              7.0817817,
              50.7273957
            ],
            [
              7.0815924,
              50.7272852
            ],
            [
              7.0816952,
              50.727192
            ],
            [
              7.0818727,
              50.727016
            ],
            [
              7.0821545,
              50.7266533
            ],
            [
              7.0823013,
              50.7264197
            ],
            [
              7.0824019,
              50.7261865
            ],
            [
              7.082511,
              50.725919
            ],
            [
              7.0825596,
              50.7257166
            ],
            [
              7.0826171,
              50.7254553
            ],
            [
              7.0826326,
              50.7251775
            ],
            [
              7.0826091,
              50.7248741
            ],
            [
              7.0826003,
              50.7246196
            ],
            [
              7.0825253,
              50.7243357
            ],
            [
              7.0823403,
              50.7239157
            ],
            [
              7.0820761,
              50.7234911
            ],
            [
              7.0815547,
              50.7228582
            ],
            [
              7.0809433,
              50.7222052
            ],
            [
              7.0805229,
              50.7218052
            ],
            [
              7.080122,
              50.7214996
            ],
            [
              7.0796906,
              50.7211578
            ],
            [
              7.079051,
              50.7207238
            ],
            [
              7.0783976,
              50.7203461
            ],
            [
              7.0776017,
              50.7199674
            ]
          ]
        ]
      }
    },
    {
      "type": "Feature",
      "properties": {
        "name": "Röttgen",
        "city": "Bonn",
        "osm_id": 272271,
        "osm_type": "relation",
        "display": "Röttgen, Stadtbezirk Bonn, Bonn, Nordrhein-Westfalen, 53125, Deutschland"
      },
      "geometry": {
        "type": "Polygon",
        "coordinates": [
          [
            [
              7.0234675,
              50.6614697
            ],
            [
              7.0236223,
              50.6610919
            ],
            [
              7.0239919,
              50.6598569
            ],
            [
              7.0241654,
              50.6590021
            ],
            [
              7.0258978,
              50.654341
            ],
            [
              7.0266962,
              50.6551011
            ],
            [
              7.0292858,
              50.6546933
            ],
            [
              7.0307631,
              50.6546942
            ],
            [
              7.0324639,
              50.6546202
            ],
            [
              7.0331186,
              50.6539968
            ],
            [
              7.0346845,
              50.6518276
            ],
            [
              7.0362205,
              50.6499778
            ],
            [
              7.0368286,
              50.6497258
            ],
            [
              7.0373649,
              50.6492941
            ],
            [
              7.0375849,
              50.649215
            ],
            [
              7.0381554,
              50.6490097
            ],
            [
              7.0390504,
              50.6483976
            ],
            [
              7.0400449,
              50.6475522
            ],
            [
              7.0418175,
              50.6466187
            ],
            [
              7.0420619,
              50.646505
            ],
            [
              7.043411,
              50.64568
            ],
            [
              7.0436861,
              50.6452966
            ],
            [
              7.0454109,
              50.6443708
            ],
            [
              7.0459101,
              50.6439864
            ],
            [
              7.0462205,
              50.6436857
            ],
            [
              7.0472965,
              50.6426471
            ],
            [
              7.0480273,
              50.6419832
            ],
            [
              7.0483311,
              50.6418258
            ],
            [
              7.0498974,
              50.6413189
            ],
            [
              7.0500789,
              50.6412277
            ],
            [
              7.0507083,
              50.6408392
            ],
            [
              7.0519098,
              50.6396095
            ],
            [
              7.0538974,
              50.6392719
            ],
            [
              7.0539793,
              50.6392561
            ],
            [
              7.0592999,
              50.6384339
            ],
            [
              7.058536,
              50.6365956
            ],
            [
              7.0583979,
              50.6362628
            ],
            [
              7.0581166,
              50.6355834
            ],
            [
              7.057778,
              50.6347734
            ],
            [
              7.0574479,
              50.6339813
            ],
            [
              7.0570825,
              50.6330983
            ],
            [
              7.057059,
              50.6330391
            ],
            [
              7.0595319,
              50.6326909
            ],
            [
              7.0611773,
              50.632957
            ],
            [
              7.0616296,
              50.6330301
            ],
            [
              7.06184,
              50.6330236
            ],
            [
              7.0618488,
              50.6329498
            ],
            [
              7.0627182,
              50.6329032
            ],
            [
              7.0628135,
              50.6328981
            ],
            [
              7.0635957,
              50.6328559
            ],
            [
              7.0636527,
              50.6328735
            ],
            [
              7.0646258,
              50.6332144
            ],
            [
              7.065154,
              50.6333961
            ],
            [
              7.0664723,
              50.6338595
            ],
            [
              7.0684979,
              50.6345727
            ],
            [
              7.0685504,
              50.6345912
            ],
            [
              7.0685188,
              50.6346653
            ],
            [
              7.0702265,
              50.6352957
            ],
            [
              7.0716523,
              50.6358194
            ],
            [
              7.072031,
              50.6359456
            ],
            [
              7.0736863,
              50.636585
            ],
            [
              7.0752012,
              50.6372222
            ],
            [
              7.0753648,
              50.6382805
            ],
            [
              7.0747601,
              50.6394847
            ],
            [
              7.0749831,
              50.6406706
            ],
            [
              7.075255,
              50.6411775
            ],
            [
              7.0756013,
              50.6416176
            ],
            [
              7.0760139,
              50.6421124
            ],
            [
              7.0771407,
              50.6428943
            ],
            [
              7.0791234,
              50.6436802
            ],
            [
              7.0804673,
              50.6443252
            ],
            [
              7.0818542,
              50.6443262
            ],
            [
              7.0818673,
              50.644968
            ],
            [
              7.0820263,
              50.6454475
            ],
            [
              7.0823614,
              50.6460965
            ],
            [
              7.0824819,
              50.6461469
            ],
            [
              7.0829743,
              50.6463511
            ],
            [
              7.083538,
              50.6465946
            ],
            [
              7.0835649,
              50.6466259
            ],
            [
              7.0839153,
              50.6467844
            ],
            [
              7.0871163,
              50.6482669
            ],
            [
              7.0873574,
              50.6488675
            ],
            [
              7.0885341,
              50.6487387
            ],
            [
              7.0896169,
              50.6494906
            ],
            [
              7.0903788,
              50.6499556
            ],
            [
              7.0911717,
              50.6504405
            ],
            [
              7.0920387,
              50.6508079
            ],
            [
              7.0926328,
              50.6510297
            ],
            [
              7.0934557,
              50.651331
            ],
            [
              7.0944392,
              50.6515734
            ],
            [
              7.095698,
              50.6522753
            ],
            [
              7.095871,
              50.6523893
            ],
            [
              7.09595,
              50.6524393
            ],
            [
              7.0963229,
              50.6527782
            ],
            [
              7.0976387,
              50.6538771
            ],
            [
              7.098663,
              50.6552106
            ],
            [
              7.0999431,
              50.656091
            ],
            [
              7.1012728,
              50.6567653
            ],
            [
              7.1018683,
              50.6569955
            ],
            [
              7.1036301,
              50.6576802
            ],
            [
              7.1036981,
              50.6576335
            ],
            [
              7.1041527,
              50.6579247
            ],
            [
              7.1043787,
              50.6581876
            ],
            [
              7.1053586,
              50.6595385
            ],
            [
              7.1220991,
              50.6755673
            ],
            [
              7.1218469,
              50.6760028
            ],
            [
              7.1199094,
              50.6798579
            ],
            [
              7.1182614,
              50.6814187
            ],
            [
              7.1186399,
              50.6820015
            ],
            [
              7.1180961,
              50.6820606
            ],
            [
              7.1176453,
              50.6821853
            ],
            [
              7.1164114,
              50.6826744
            ],
            [
              7.1152861,
              50.683148
            ],
            [
              7.1143902,
              50.6835152
            ],
            [
              7.1133092,
              50.6841819
            ],
            [
              7.1101882,
              50.6861287
            ],
            [
              7.1081652,
              50.687376
            ],
            [
              7.107323,
              50.6864104
            ],
            [
              7.1053515,
              50.6860731
            ],
            [
              7.1040186,
              50.6860798
            ],
            [
              7.1008133,
              50.6861969
            ],
            [
              7.0962327,
              50.6863483
            ],
            [
              7.0949861,
              50.6860197
            ],
            [
              7.0943736,
              50.6858583
            ],
            [
              7.0915737,
              50.6849694
            ],
            [
              7.0897294,
              50.6843048
            ],
            [
              7.0862342,
              50.6857957
            ],
            [
              7.0814656,
              50.6834655
            ],
            [
              7.0804929,
              50.6844834
            ],
            [
              7.0803929,
              50.6860634
            ],
            [
              7.0800398,
              50.687071
            ],
            [
              7.0766674,
              50.6869873
            ],
            [
              7.0730899,
              50.6870891
            ],
            [
              7.0691813,
              50.6873387
            ],
            [
              7.0644984,
              50.6878271
            ],
            [
              7.0618813,
              50.6882557
            ],
            [
              7.0570168,
              50.6891903
            ],
            [
              7.0568198,
              50.6885869
            ],
            [
              7.0566567,
              50.687396
            ],
            [
              7.0565795,
              50.6868033
            ],
            [
              7.0565795,
              50.685732
            ],
            [
              7.0566224,
              50.6852806
            ],
            [
              7.0568198,
              50.6843344
            ],
            [
              7.0572833,
              50.6829422
            ],
            [
              7.0580729,
              50.6813542
            ],
            [
              7.0585021,
              50.6806472
            ],
            [
              7.0525368,
              50.6833174
            ],
            [
              7.0505971,
              50.6858897
            ],
            [
              7.0490897,
              50.6864473
            ],
            [
              7.0468367,
              50.6872865
            ],
            [
              7.0464858,
              50.6867489
            ],
            [
              7.04626,
              50.68631
            ],
            [
              7.0455603,
              50.6865402
            ],
            [
              7.04467,
              50.6866499
            ],
            [
              7.04236,
              50.6867
            ],
            [
              7.04137,
              50.68699
            ],
            [
              7.0406639,
              50.6871011
            ],
            [
              7.0391215,
              50.687135
            ],
            [
              7.0373696,
              50.6870578
            ],
            [
              7.0373605,
              50.6869354
            ],
            [
              7.0368535,
              50.6867984
            ],
            [
              7.0359777,
              50.6867294
            ],
            [
              7.0353678,
              50.6865732
            ],
            [
              7.0356344,
              50.6863764
            ],
            [
              7.0353578,
              50.6860584
            ],
            [
              7.0349656,
              50.6852535
            ],
            [
              7.0348659,
              50.6849846
            ],
            [
              7.0346169,
              50.6846825
            ],
            [
              7.0337946,
              50.6830379
            ],
            [
              7.0335778,
              50.682738
            ],
            [
              7.0332688,
              50.6818788
            ],
            [
              7.0329012,
              50.681129
            ],
            [
              7.0325202,
              50.680744
            ],
            [
              7.0312304,
              50.6801031
            ],
            [
              7.0312434,
              50.6793442
            ],
            [
              7.0313474,
              50.6787603
            ],
            [
              7.0313678,
              50.6786221
            ],
            [
              7.0314904,
              50.6786078
            ],
            [
              7.0317608,
              50.678576
            ],
            [
              7.0318707,
              50.6785463
            ],
            [
              7.0319808,
              50.6785131
            ],
            [
              7.0323641,
              50.6783731
            ],
            [
              7.0328343,
              50.6781806
            ],
            [
              7.0331329,
              50.6780853
            ],
            [
              7.0334151,
              50.6780095
            ],
            [
              7.0340801,
              50.6778427
            ],
            [
              7.0342652,
              50.6778183
            ],
            [
              7.035056,
              50.6777475
            ],
            [
              7.0356668,
              50.6777082
            ],
            [
              7.0362859,
              50.6776471
            ],
            [
              7.0371117,
              50.6775675
            ],
            [
              7.0375775,
              50.6775314
            ],
            [
              7.0381599,
              50.677484
            ],
            [
              7.0387424,
              50.6773829
            ],
            [
              7.0393432,
              50.6771884
            ],
            [
              7.0398971,
              50.6768795
            ],
            [
              7.0402871,
              50.6767005
            ],
            [
              7.0404381,
              50.6764755
            ],
            [
              7.0415869,
              50.6756896
            ],
            [
              7.0426647,
              50.6749077
            ],
            [
              7.0430988,
              50.6746344
            ],
            [
              7.0438626,
              50.6744933
            ],
            [
              7.0442484,
              50.6743836
            ],
            [
              7.0436626,
              50.672684
            ],
            [
              7.0436116,
              50.672539
            ],
            [
              7.0427977,
              50.6710511
            ],
            [
              7.0426127,
              50.6708262
            ],
            [
              7.041973,
              50.6696536
            ],
            [
              7.041075,
              50.6682395
            ],
            [
              7.0402221,
              50.6674385
            ],
            [
              7.0397932,
              50.6664847
            ],
            [
              7.0397572,
              50.6661837
            ],
            [
              7.0398598,
              50.6660398
            ],
            [
              7.0399432,
              50.6658608
            ],
            [
              7.0408967,
              50.6646545
            ],
            [
              7.0408901,
              50.6639584
            ],
            [
              7.04064,
              50.6638538
            ],
            [
              7.0374315,
              50.6617122
            ],
            [
              7.0371026,
              50.6615832
            ],
            [
              7.0365664,
              50.6614353
            ],
            [
              7.0355089,
              50.6614578
            ],
            [
              7.0340756,
              50.6614923
            ],
            [
              7.0338971,
              50.6615599
            ],
            [
              7.0336581,
              50.6616552
            ],
            [
              7.0327542,
              50.6619792
            ],
            [
              7.0309715,
              50.6627461
            ],
            [
              7.0289208,
              50.663708
            ],
            [
              7.0287698,
              50.6637989
            ],
            [
              7.0277929,
              50.6645319
            ],
            [
              7.02741,
              50.6647108
            ],
            [
              7.0266637,
              50.6650641
            ],
            [
              7.0256797,
              50.6653647
            ],
            [
              7.0250866,
              50.6654191
            ],
            [
              7.0248201,
              50.6654196
            ],
            [
              7.024418,
              50.6648848
            ],
            [
              7.0238974,
              50.6642597
            ],
            [
              7.024857,
              50.6645454
            ],
            [
              7.0248584,
              50.6644939
            ],
            [
              7.0248503,
              50.6640061
            ],
            [
              7.0240967,
              50.6637242
            ],
            [
              7.0235143,
              50.6624772
            ],
            [
              7.0237252,
              50.6615171
            ],
            [
              7.0234675,
              50.6614697
            ]
          ]
        ]
      }
    },
    {
      "type": "Feature",
      "properties": {
        "name": "Südstadt",
        "city": "Bonn",
        "osm_id": 271679,
        "osm_type": "relation",
        "display": "Südstadt, Stadtbezirk Bonn, Bonn, Nordrhein-Westfalen, Deutschland"
      },
      "geometry": {
        "type": "Polygon",
        "coordinates": [
          [
            [
              7.0935752,
              50.7262322
            ],
            [
              7.0954143,
              50.7252249
            ],
            [
              7.095364,
              50.7249182
            ],
            [
              7.0952869,
              50.7247226
            ],
            [
              7.0951364,
              50.7244715
            ],
            [
              7.0951218,
              50.7244017
            ],
            [
              7.0951538,
              50.7241571
            ],
            [
              7.0951319,
              50.7241119
            ],
            [
              7.0940144,
              50.7231211
            ],
            [
              7.0939286,
              50.723045
            ],
            [
              7.0946508,
              50.7229337
            ],
            [
              7.0947572,
              50.7229164
            ],
            [
              7.0965792,
              50.7226063
            ],
            [
              7.0986137,
              50.7222768
            ],
            [
              7.1001627,
              50.7220094
            ],
            [
              7.1018782,
              50.72164
            ],
            [
              7.1029062,
              50.721416
            ],
            [
              7.1033378,
              50.7213219
            ],
            [
              7.1035772,
              50.7212754
            ],
            [
              7.1044294,
              50.721132
            ],
            [
              7.1063295,
              50.7209485
            ],
            [
              7.1068303,
              50.7208707
            ],
            [
              7.1073779,
              50.7207767
            ],
            [
              7.1096334,
              50.7203633
            ],
            [
              7.1127422,
              50.7197985
            ],
            [
              7.1080017,
              50.7246176
            ],
            [
              7.1056597,
              50.7269725
            ],
            [
              7.1057974,
              50.7270386
            ],
            [
              7.1091355,
              50.7280842
            ],
            [
              7.1098189,
              50.7283207
            ],
            [
              7.1111725,
              50.728801
            ],
            [
              7.1112036,
              50.7288653
            ],
            [
              7.111379,
              50.7289276
            ],
            [
              7.1138208,
              50.7297439
            ],
            [
              7.1135564,
              50.7301748
            ],
            [
              7.1130749,
              50.7310892
            ],
            [
              7.1126623,
              50.7320865
            ],
            [
              7.1123027,
              50.7329738
            ],
            [
              7.1111525,
              50.7352676
            ],
            [
              7.1085633,
              50.7346438
            ],
            [
              7.1081668,
              50.7346063
            ],
            [
              7.1072725,
              50.734601
            ],
            [
              7.1067097,
              50.7344809
            ],
            [
              7.1066395,
              50.7346307
            ],
            [
              7.1056845,
              50.734447
            ],
            [
              7.1042448,
              50.7341741
            ],
            [
              7.1022031,
              50.7325789
            ],
            [
              7.1019114,
              50.7324713
            ],
            [
              7.100966,
              50.7317213
            ],
            [
              7.1006746,
              50.7318247
            ],
            [
              7.1000861,
              50.7313296
            ],
            [
              7.0998769,
              50.7311536
            ],
            [
              7.0993222,
              50.7307088
            ],
            [
              7.0977186,
              50.7294362
            ],
            [
              7.0959401,
              50.728094
            ],
            [
              7.0937252,
              50.7263535
            ],
            [
              7.0935752,
              50.7262322
            ]
          ]
        ]
      }
    },
    {
      "type": "Feature",
      "properties": {
        "name": "Tannenbusch",
        "city": "Bonn",
        "osm_id": 272234,
        "osm_type": "relation",
        "display": "Tannenbusch, Stadtbezirk Bonn, Bonn, Nordrhein-Westfalen, 53119, Deutschland"
      },
      "geometry": {
        "type": "Polygon",
        "coordinates": [
          [
            [
              7.0362335,
              50.7481124
            ],
            [
              7.0363744,
              50.747829
            ],
            [
              7.0365272,
              50.747767
            ],
            [
              7.0366238,
              50.7475651
            ],
            [
              7.0367432,
              50.7471586
            ],
            [
              7.0368051,
              50.7466769
            ],
            [
              7.0367512,
              50.7465069
            ],
            [
              7.0363878,
              50.746585
            ],
            [
              7.0363329,
              50.7464681
            ],
            [
              7.0406144,
              50.7455112
            ],
            [
              7.0451888,
              50.7444846
            ],
            [
              7.0501678,
              50.7433684
            ],
            [
              7.0549263,
              50.7422946
            ],
            [
              7.0665937,
              50.7396717
            ],
            [
              7.0669589,
              50.739912
            ],
            [
              7.0670934,
              50.7399833
            ],
            [
              7.0671943,
              50.7400334
            ],
            [
              7.0673981,
              50.7401179
            ],
            [
              7.0675403,
              50.7401645
            ],
            [
              7.0676784,
              50.7401968
            ],
            [
              7.0678445,
              50.7402325
            ],
            [
              7.0680556,
              50.7402681
            ],
            [
              7.0681502,
              50.7417108
            ],
            [
              7.0683684,
              50.7417206
            ],
            [
              7.0683309,
              50.7417957
            ],
            [
              7.0686319,
              50.7418602
            ],
            [
              7.0686912,
              50.7417394
            ],
            [
              7.0711371,
              50.7418785
            ],
            [
              7.071571,
              50.7418768
            ],
            [
              7.0716068,
              50.7425086
            ],
            [
              7.0743255,
              50.7427189
            ],
            [
              7.0770639,
              50.7429043
            ],
            [
              7.0770635,
              50.7429694
            ],
            [
              7.0770863,
              50.7430551
            ],
            [
              7.0771406,
              50.7431485
            ],
            [
              7.0772405,
              50.7432376
            ],
            [
              7.077321,
              50.7432932
            ],
            [
              7.0774024,
              50.7433282
            ],
            [
              7.0767051,
              50.7440024
            ],
            [
              7.0762101,
              50.7444613
            ],
            [
              7.0755416,
              50.7449831
            ],
            [
              7.0751777,
              50.7452502
            ],
            [
              7.0738622,
              50.7462297
            ],
            [
              7.0726885,
              50.7468097
            ],
            [
              7.072027,
              50.7470802
            ],
            [
              7.0715247,
              50.747257
            ],
            [
              7.0707567,
              50.7474998
            ],
            [
              7.0697388,
              50.7477751
            ],
            [
              7.0641833,
              50.7489995
            ],
            [
              7.0633745,
              50.7491728
            ],
            [
              7.0626965,
              50.7493236
            ],
            [
              7.0600498,
              50.7499462
            ],
            [
              7.0572865,
              50.7505774
            ],
            [
              7.0545281,
              50.7514614
            ],
            [
              7.0533301,
              50.7518454
            ],
            [
              7.0488343,
              50.7537367
            ],
            [
              7.0458045,
              50.7551105
            ],
            [
              7.0446557,
              50.7556535
            ],
            [
              7.040705,
              50.7576852
            ],
            [
              7.039925,
              50.75817
            ],
            [
              7.0383677,
              50.7590876
            ],
            [
              7.0370636,
              50.7579058
            ],
            [
              7.0371471,
              50.7578965
            ],
            [
              7.0394682,
              50.7565971
            ],
            [
              7.0393833,
              50.7565981
            ],
            [
              7.0368685,
              50.7552364
            ],
            [
              7.0368756,
              50.755181
            ],
            [
              7.0382538,
              50.7542603
            ],
            [
              7.0383729,
              50.7542382
            ],
            [
              7.0384397,
              50.7541955
            ],
            [
              7.0384184,
              50.7541508
            ],
            [
              7.0396354,
              50.7533372
            ],
            [
              7.0397078,
              50.7532888
            ],
            [
              7.039657,
              50.753258
            ],
            [
              7.0395862,
              50.753255
            ],
            [
              7.0387496,
              50.7525177
            ],
            [
              7.036733,
              50.7507321
            ],
            [
              7.0367538,
              50.7506861
            ],
            [
              7.0372446,
              50.7504989
            ],
            [
              7.0382837,
              50.7501053
            ],
            [
              7.0383638,
              50.7501156
            ],
            [
              7.0383022,
              50.7500568
            ],
            [
              7.038332,
              50.750046
            ],
            [
              7.0383839,
              50.7500337
            ],
            [
              7.0378608,
              50.7493111
            ],
            [
              7.0378357,
              50.7493166
            ],
            [
              7.0375746,
              50.7488888
            ],
            [
              7.0371602,
              50.7480946
            ],
            [
              7.0367995,
              50.7481429
            ],
            [
              7.0366734,
              50.7481412
            ],
            [
              7.0362335,
              50.7481124
            ]
          ]
        ]
      }
    },
    {
      "type": "Feature",
      "properties": {
        "name": "Ückesdorf",
        "city": "Bonn",
        "osm_id": 272272,
        "osm_type": "relation",
        "display": "Ückesdorf, Stadtbezirk Bonn, Bonn, Nordrhein-Westfalen, Deutschland"
      },
      "geometry": {
        "type": "Polygon",
        "coordinates": [
          [
            [
              7.0570168,
              50.6891903
            ],
            [
              7.0618813,
              50.6882557
            ],
            [
              7.0644984,
              50.6878271
            ],
            [
              7.0691813,
              50.6873387
            ],
            [
              7.0730899,
              50.6870891
            ],
            [
              7.0766674,
              50.6869873
            ],
            [
              7.0800398,
              50.687071
            ],
            [
              7.0799429,
              50.6872334
            ],
            [
              7.0795729,
              50.6872034
            ],
            [
              7.0787829,
              50.6876634
            ],
            [
              7.0785029,
              50.6883834
            ],
            [
              7.0786429,
              50.6892734
            ],
            [
              7.0777529,
              50.6894834
            ],
            [
              7.0778329,
              50.6902034
            ],
            [
              7.0774671,
              50.6906535
            ],
            [
              7.0770702,
              50.6909815
            ],
            [
              7.0771185,
              50.6914267
            ],
            [
              7.0773229,
              50.6916634
            ],
            [
              7.0766629,
              50.6919534
            ],
            [
              7.0770629,
              50.6922834
            ],
            [
              7.0766729,
              50.6926234
            ],
            [
              7.0764674,
              50.6931415
            ],
            [
              7.0765671,
              50.6932085
            ],
            [
              7.0766125,
              50.6932598
            ],
            [
              7.0768447,
              50.6932409
            ],
            [
              7.0769243,
              50.6932679
            ],
            [
              7.0767769,
              50.6934548
            ],
            [
              7.0765933,
              50.6934626
            ],
            [
              7.0761086,
              50.6938703
            ],
            [
              7.0761343,
              50.6943216
            ],
            [
              7.0755593,
              50.6943216
            ],
            [
              7.0750926,
              50.6950313
            ],
            [
              7.0748009,
              50.6952932
            ],
            [
              7.0747606,
              50.6954869
            ],
            [
              7.0747848,
              50.6955599
            ],
            [
              7.0746748,
              50.6957689
            ],
            [
              7.0745331,
              50.6958242
            ],
            [
              7.0745286,
              50.6959252
            ],
            [
              7.0745474,
              50.6962157
            ],
            [
              7.074644,
              50.6962276
            ],
            [
              7.0747566,
              50.6961597
            ],
            [
              7.0748559,
              50.6961444
            ],
            [
              7.0748612,
              50.6962905
            ],
            [
              7.0746466,
              50.6963381
            ],
            [
              7.074652,
              50.6963771
            ],
            [
              7.0747352,
              50.6964128
            ],
            [
              7.0745876,
              50.6965301
            ],
            [
              7.0744669,
              50.6965589
            ],
            [
              7.0743892,
              50.696632
            ],
            [
              7.0743945,
              50.6967679
            ],
            [
              7.0742443,
              50.6968461
            ],
            [
              7.0742121,
              50.6969446
            ],
            [
              7.0743409,
              50.6970313
            ],
            [
              7.0745045,
              50.6969922
            ],
            [
              7.074585,
              50.6970092
            ],
            [
              7.0745286,
              50.6971298
            ],
            [
              7.0745098,
              50.6972606
            ],
            [
              7.0743301,
              50.6973303
            ],
            [
              7.0743355,
              50.6974033
            ],
            [
              7.074424,
              50.6975104
            ],
            [
              7.0743194,
              50.6976395
            ],
            [
              7.0743596,
              50.6978179
            ],
            [
              7.0745179,
              50.6979436
            ],
            [
              7.0744643,
              50.6980523
            ],
            [
              7.0742121,
              50.6980863
            ],
            [
              7.0738929,
              50.6980421
            ],
            [
              7.0739144,
              50.6981356
            ],
            [
              7.0737293,
              50.6982698
            ],
            [
              7.0736462,
              50.6984057
            ],
            [
              7.0735201,
              50.6985484
            ],
            [
              7.0734101,
              50.6985501
            ],
            [
              7.0732438,
              50.6985858
            ],
            [
              7.0729247,
              50.6989001
            ],
            [
              7.072922,
              50.6992178
            ],
            [
              7.0727668,
              50.6995271
            ],
            [
              7.0734803,
              50.6998689
            ],
            [
              7.0731904,
              50.7006157
            ],
            [
              7.073061,
              50.7008475
            ],
            [
              7.0682784,
              50.6999808
            ],
            [
              7.0658228,
              50.6998724
            ],
            [
              7.0651025,
              50.6999611
            ],
            [
              7.0650202,
              50.6994538
            ],
            [
              7.0648028,
              50.698867
            ],
            [
              7.0645253,
              50.6983609
            ],
            [
              7.0640838,
              50.6977145
            ],
            [
              7.063153,
              50.696725
            ],
            [
              7.0602015,
              50.693997
            ],
            [
              7.0594977,
              50.6932521
            ],
            [
              7.0591115,
              50.6928172
            ],
            [
              7.0584592,
              50.6919635
            ],
            [
              7.0577382,
              50.6907673
            ],
            [
              7.0573434,
              50.6900604
            ],
            [
              7.0571309,
              50.6894671
            ],
            [
              7.0570168,
              50.6891903
            ]
          ]
        ]
      }
    },
    {
      "type": "Feature",
      "properties": {
        "name": "Venusberg",
        "city": "Bonn",
        "osm_id": 271688,
        "osm_type": "relation",
        "display": "Venusberg, Stadtbezirk Bonn, Bonn, Nordrhein-Westfalen, Deutschland"
      },
      "geometry": {
        "type": "Polygon",
        "coordinates": [
          [
            [
              7.0844725,
              50.7048929
            ],
            [
              7.0845004,
              50.7045472
            ],
            [
              7.0845862,
              50.7044901
            ],
            [
              7.0845889,
              50.7044409
            ],
            [
              7.0845513,
              50.7044038
            ],
            [
              7.0846001,
              50.7043323
            ],
            [
              7.0846601,
              50.7043257
            ],
            [
              7.0853576,
              50.703546
            ],
            [
              7.0853031,
              50.7033536
            ],
            [
              7.0851538,
              50.7029899
            ],
            [
              7.0851216,
              50.7028746
            ],
            [
              7.0851648,
              50.7027484
            ],
            [
              7.0856195,
              50.702592
            ],
            [
              7.0858733,
              50.7024919
            ],
            [
              7.086048,
              50.702308
            ],
            [
              7.0861741,
              50.7022408
            ],
            [
              7.0866638,
              50.7020919
            ],
            [
              7.0869009,
              50.7019649
            ],
            [
              7.0872046,
              50.7017462
            ],
            [
              7.0879374,
              50.7013306
            ],
            [
              7.0880574,
              50.7012861
            ],
            [
              7.088383,
              50.7012108
            ],
            [
              7.0885405,
              50.7011166
            ],
            [
              7.0895436,
              50.7005492
            ],
            [
              7.0897305,
              50.700297
            ],
            [
              7.0898531,
              50.7000465
            ],
            [
              7.090199,
              50.6995238
            ],
            [
              7.0903201,
              50.6993253
            ],
            [
              7.0905516,
              50.6988178
            ],
            [
              7.0907105,
              50.698089
            ],
            [
              7.0907407,
              50.6972441
            ],
            [
              7.091243,
              50.695921
            ],
            [
              7.0909376,
              50.6954847
            ],
            [
              7.0894228,
              50.6943014
            ],
            [
              7.0906128,
              50.6927155
            ],
            [
              7.0884486,
              50.6907604
            ],
            [
              7.0874873,
              50.6904287
            ],
            [
              7.0870753,
              50.6905374
            ],
            [
              7.0862599,
              50.6897653
            ],
            [
              7.0853676,
              50.6894922
            ],
            [
              7.0856112,
              50.6884661
            ],
            [
              7.0856645,
              50.6882451
            ],
            [
              7.0861182,
              50.6858682
            ],
            [
              7.0862342,
              50.6857957
            ],
            [
              7.0897294,
              50.6843048
            ],
            [
              7.0915737,
              50.6849694
            ],
            [
              7.0943736,
              50.6858583
            ],
            [
              7.0949861,
              50.6860197
            ],
            [
              7.0962327,
              50.6863483
            ],
            [
              7.1008133,
              50.6861969
            ],
            [
              7.1040186,
              50.6860798
            ],
            [
              7.1053515,
              50.6860731
            ],
            [
              7.107323,
              50.6864104
            ],
            [
              7.1081652,
              50.687376
            ],
            [
              7.1096122,
              50.691196
            ],
            [
              7.1112971,
              50.6917682
            ],
            [
              7.1111599,
              50.6929792
            ],
            [
              7.1133389,
              50.6933219
            ],
            [
              7.113699,
              50.6944707
            ],
            [
              7.111476,
              50.6947969
            ],
            [
              7.1093045,
              50.6953297
            ],
            [
              7.1085512,
              50.6957736
            ],
            [
              7.1085265,
              50.6964755
            ],
            [
              7.1085181,
              50.69663
            ],
            [
              7.1086719,
              50.6967276
            ],
            [
              7.1087428,
              50.6968061
            ],
            [
              7.1087072,
              50.6969026
            ],
            [
              7.1085288,
              50.6970327
            ],
            [
              7.1084554,
              50.6971117
            ],
            [
              7.1083604,
              50.6974555
            ],
            [
              7.1081252,
              50.6980901
            ],
            [
              7.1077709,
              50.6988113
            ],
            [
              7.1076313,
              50.6989837
            ],
            [
              7.1076487,
              50.6992437
            ],
            [
              7.1076968,
              50.6993842
            ],
            [
              7.1076892,
              50.6995419
            ],
            [
              7.1076921,
              50.6996142
            ],
            [
              7.1077685,
              50.6997034
            ],
            [
              7.1078074,
              50.6998047
            ],
            [
              7.1078187,
              50.7000822
            ],
            [
              7.1075527,
              50.7005754
            ],
            [
              7.1075052,
              50.7008328
            ],
            [
              7.1074378,
              50.7010319
            ],
            [
              7.1073639,
              50.7011421
            ],
            [
              7.1072469,
              50.7012411
            ],
            [
              7.1070869,
              50.7013434
            ],
            [
              7.1069136,
              50.7014163
            ],
            [
              7.1068283,
              50.7014789
            ],
            [
              7.1065798,
              50.7016149
            ],
            [
              7.1063177,
              50.7016954
            ],
            [
              7.1059327,
              50.7018741
            ],
            [
              7.1056952,
              50.7020435
            ],
            [
              7.1055122,
              50.7022244
            ],
            [
              7.1054055,
              50.7023435
            ],
            [
              7.1052355,
              50.7025011
            ],
            [
              7.1048842,
              50.70252
            ],
            [
              7.104608,
              50.7025705
            ],
            [
              7.1045028,
              50.7026264
            ],
            [
              7.1043474,
              50.7027799
            ],
            [
              7.1044251,
              50.7029453
            ],
            [
              7.104459,
              50.7030185
            ],
            [
              7.1045047,
              50.7031608
            ],
            [
              7.1045154,
              50.7032758
            ],
            [
              7.1044506,
              50.7034
            ],
            [
              7.1043686,
              50.7034796
            ],
            [
              7.1040578,
              50.7036716
            ],
            [
              7.1038203,
              50.7038622
            ],
            [
              7.1036923,
              50.703965
            ],
            [
              7.1044746,
              50.703947
            ],
            [
              7.1044278,
              50.7046686
            ],
            [
              7.1033419,
              50.7053652
            ],
            [
              7.1031088,
              50.7055891
            ],
            [
              7.1022919,
              50.7057916
            ],
            [
              7.1029258,
              50.706388
            ],
            [
              7.1032171,
              50.7066622
            ],
            [
              7.1030429,
              50.7071254
            ],
            [
              7.102796,
              50.7078031
            ],
            [
              7.1037795,
              50.7080095
            ],
            [
              7.1035959,
              50.7083686
            ],
            [
              7.1026495,
              50.7082317
            ],
            [
              7.1022901,
              50.7091516
            ],
            [
              7.1001448,
              50.7097016
            ],
            [
              7.0976553,
              50.7109017
            ],
            [
              7.0975472,
              50.7112653
            ],
            [
              7.097824,
              50.711669
            ],
            [
              7.0983103,
              50.7120769
            ],
            [
              7.098267,
              50.7129266
            ],
            [
              7.0982217,
              50.7133746
            ],
            [
              7.0985307,
              50.7142333
            ],
            [
              7.0976742,
              50.7143314
            ],
            [
              7.0954923,
              50.7145812
            ],
            [
              7.0938787,
              50.7127225
            ],
            [
              7.0927293,
              50.7123905
            ],
            [
              7.0927959,
              50.7127516
            ],
            [
              7.0928731,
              50.7130125
            ],
            [
              7.0930459,
              50.7135292
            ],
            [
              7.0927934,
              50.7135741
            ],
            [
              7.0918558,
              50.7136742
            ],
            [
              7.0916408,
              50.7137105
            ],
            [
              7.0904047,
              50.7138207
            ],
            [
              7.0903887,
              50.7137637
            ],
            [
              7.0900708,
              50.7137349
            ],
            [
              7.0892329,
              50.71362
            ],
            [
              7.0892048,
              50.7128778
            ],
            [
              7.0886473,
              50.7117899
            ],
            [
              7.0883709,
              50.7113321
            ],
            [
              7.0874495,
              50.7096757
            ],
            [
              7.0873735,
              50.7096588
            ],
            [
              7.0874274,
              50.7096152
            ],
            [
              7.0873987,
              50.7094926
            ],
            [
              7.0873839,
              50.7093962
            ],
            [
              7.0871439,
              50.7092671
            ],
            [
              7.0866199,
              50.708545
            ],
            [
              7.0864969,
              50.708366
            ],
            [
              7.0859697,
              50.707803
            ],
            [
              7.0859188,
              50.7076543
            ],
            [
              7.0857069,
              50.707583
            ],
            [
              7.0855728,
              50.7074658
            ],
            [
              7.0855165,
              50.7073537
            ],
            [
              7.0855862,
              50.7071414
            ],
            [
              7.0854548,
              50.7070174
            ],
            [
              7.0854333,
              50.706963
            ],
            [
              7.0855084,
              50.7068951
            ],
            [
              7.085364,
              50.706817
            ],
            [
              7.0850638,
              50.7065267
            ],
            [
              7.084913,
              50.7064696
            ],
            [
              7.0848432,
              50.7064738
            ],
            [
              7.0847773,
              50.7064551
            ],
            [
              7.0847654,
              50.7064076
            ],
            [
              7.0848003,
              50.7063642
            ],
            [
              7.0847131,
              50.7062929
            ],
            [
              7.084693,
              50.7062644
            ],
            [
              7.0847058,
              50.7062466
            ],
            [
              7.0847352,
              50.7062013
            ],
            [
              7.0846729,
              50.7061757
            ],
            [
              7.0846514,
              50.7061562
            ],
            [
              7.0847164,
              50.7060247
            ],
            [
              7.0846136,
              50.7056337
            ],
            [
              7.0844725,
              50.7048929
            ]
          ]
        ]
      }
    },
    {
      "type": "Feature",
      "properties": {
        "name": "Weststadt",
        "city": "Bonn",
        "osm_id": 271691,
        "osm_type": "relation",
        "display": "Weststadt, Stadtbezirk Bonn, Bonn, Nordrhein-Westfalen, Deutschland"
      },
      "geometry": {
        "type": "Polygon",
        "coordinates": [
          [
            [
              7.0726378,
              50.7383608
            ],
            [
              7.0727463,
              50.7380714
            ],
            [
              7.0737247,
              50.7354077
            ],
            [
              7.0740525,
              50.7343514
            ],
            [
              7.0742395,
              50.7334659
            ],
            [
              7.074269,
              50.7331339
            ],
            [
              7.07437,
              50.7324532
            ],
            [
              7.0745173,
              50.7320458
            ],
            [
              7.0746629,
              50.7317096
            ],
            [
              7.0748838,
              50.7313521
            ],
            [
              7.0751005,
              50.7310571
            ],
            [
              7.0754242,
              50.7307321
            ],
            [
              7.0757066,
              50.7304544
            ],
            [
              7.0764992,
              50.7298683
            ],
            [
              7.077445,
              50.7293984
            ],
            [
              7.0779601,
              50.7291424
            ],
            [
              7.0792018,
              50.728631
            ],
            [
              7.0800323,
              50.7282249
            ],
            [
              7.0806237,
              50.7279287
            ],
            [
              7.0811818,
              50.7276066
            ],
            [
              7.0815924,
              50.7272852
            ],
            [
              7.0817817,
              50.7273957
            ],
            [
              7.0818501,
              50.7274288
            ],
            [
              7.081931,
              50.727465
            ],
            [
              7.0819972,
              50.7274854
            ],
            [
              7.0822453,
              50.7275287
            ],
            [
              7.0824325,
              50.7275641
            ],
            [
              7.0828863,
              50.7276607
            ],
            [
              7.0829453,
              50.7276736
            ],
            [
              7.0830242,
              50.7276926
            ],
            [
              7.0831967,
              50.727744
            ],
            [
              7.083262,
              50.7277634
            ],
            [
              7.0833271,
              50.7277828
            ],
            [
              7.0835394,
              50.72787
            ],
            [
              7.0836096,
              50.7278988
            ],
            [
              7.0837568,
              50.7279634
            ],
            [
              7.0838445,
              50.728003
            ],
            [
              7.0838511,
              50.728006
            ],
            [
              7.083963,
              50.7280571
            ],
            [
              7.0841286,
              50.7281281
            ],
            [
              7.0842855,
              50.7281955
            ],
            [
              7.0845867,
              50.7283283
            ],
            [
              7.0850782,
              50.7285439
            ],
            [
              7.0852693,
              50.7285992
            ],
            [
              7.0853869,
              50.7286337
            ],
            [
              7.0855084,
              50.7286869
            ],
            [
              7.0857439,
              50.7287929
            ],
            [
              7.0859396,
              50.7288834
            ],
            [
              7.0860384,
              50.7289291
            ],
            [
              7.0862139,
              50.7290103
            ],
            [
              7.0863588,
              50.7290773
            ],
            [
              7.0863934,
              50.7290929
            ],
            [
              7.0865196,
              50.7291498
            ],
            [
              7.0865969,
              50.7291866
            ],
            [
              7.086775,
              50.7292657
            ],
            [
              7.0868089,
              50.7292808
            ],
            [
              7.0869774,
              50.7293572
            ],
            [
              7.0870794,
              50.7294035
            ],
            [
              7.0872431,
              50.7294778
            ],
            [
              7.0877739,
              50.7297186
            ],
            [
              7.088202,
              50.729331
            ],
            [
              7.0884388,
              50.7291166
            ],
            [
              7.0885404,
              50.7290246
            ],
            [
              7.0887461,
              50.7288381
            ],
            [
              7.0887725,
              50.7288142
            ],
            [
              7.0888274,
              50.7287702
            ],
            [
              7.0888654,
              50.7287421
            ],
            [
              7.0890867,
              50.7285724
            ],
            [
              7.0891592,
              50.728516
            ],
            [
              7.0893198,
              50.7284067
            ],
            [
              7.0893674,
              50.7283772
            ],
            [
              7.0894967,
              50.7284453
            ],
            [
              7.0898665,
              50.7286528
            ],
            [
              7.0901653,
              50.7288385
            ],
            [
              7.0914128,
              50.7281823
            ],
            [
              7.0909662,
              50.7278693
            ],
            [
              7.0908949,
              50.72786
            ],
            [
              7.0908786,
              50.7278561
            ],
            [
              7.090864,
              50.7278491
            ],
            [
              7.09078,
              50.727786
            ],
            [
              7.0906373,
              50.7276807
            ],
            [
              7.090508,
              50.7275385
            ],
            [
              7.0904797,
              50.7275144
            ],
            [
              7.0913628,
              50.7270745
            ],
            [
              7.0925532,
              50.7264799
            ],
            [
              7.0925938,
              50.7265198
            ],
            [
              7.0936529,
              50.7264191
            ],
            [
              7.093669,
              50.726386
            ],
            [
              7.0937252,
              50.7263535
            ],
            [
              7.0959401,
              50.728094
            ],
            [
              7.0977186,
              50.7294362
            ],
            [
              7.0993222,
              50.7307088
            ],
            [
              7.0990784,
              50.7307511
            ],
            [
              7.0989107,
              50.7307969
            ],
            [
              7.0988564,
              50.7308228
            ],
            [
              7.0988222,
              50.7308504
            ],
            [
              7.0988075,
              50.7308648
            ],
            [
              7.0987793,
              50.730906
            ],
            [
              7.0986665,
              50.7308648
            ],
            [
              7.095177,
              50.7319698
            ],
            [
              7.0950993,
              50.7319755
            ],
            [
              7.0948827,
              50.7319688
            ],
            [
              7.0949444,
              50.7321313
            ],
            [
              7.0949686,
              50.7324301
            ],
            [
              7.0948932,
              50.7325117
            ],
            [
              7.0948761,
              50.7327202
            ],
            [
              7.0888511,
              50.7346525
            ],
            [
              7.0878214,
              50.7349661
            ],
            [
              7.0873219,
              50.7350981
            ],
            [
              7.0868576,
              50.7352091
            ],
            [
              7.0859206,
              50.735418
            ],
            [
              7.0826416,
              50.7361448
            ],
            [
              7.0753777,
              50.7377724
            ],
            [
              7.0730148,
              50.7382785
            ],
            [
              7.0726378,
              50.7383608
            ]
          ]
        ]
      }
    },
    {
      "type": "Feature",
      "properties": {
        "name": "Brüser Berg",
        "city": "Bonn",
        "osm_id": 272245,
        "osm_type": "relation",
        "display": "Brüser Berg, Hardtberg, Bonn, Nordrhein-Westfalen, Deutschland"
      },
      "geometry": {
        "type": "Polygon",
        "coordinates": [
          [
            [
              7.0348539,
              50.6954534
            ],
            [
              7.0354737,
              50.6928226
            ],
            [
              7.0372804,
              50.6922676
            ],
            [
              7.0372576,
              50.6922078
            ],
            [
              7.0380543,
              50.6919184
            ],
            [
              7.0381688,
              50.6920016
            ],
            [
              7.0468348,
              50.6880112
            ],
            [
              7.0468774,
              50.6874294
            ],
            [
              7.0468367,
              50.6872865
            ],
            [
              7.0490897,
              50.6864473
            ],
            [
              7.0505971,
              50.6858897
            ],
            [
              7.0525368,
              50.6833174
            ],
            [
              7.0585021,
              50.6806472
            ],
            [
              7.0580729,
              50.6813542
            ],
            [
              7.0572833,
              50.6829422
            ],
            [
              7.0568198,
              50.6843344
            ],
            [
              7.0566224,
              50.6852806
            ],
            [
              7.0565795,
              50.685732
            ],
            [
              7.0565795,
              50.6868033
            ],
            [
              7.0566567,
              50.687396
            ],
            [
              7.0568198,
              50.6885869
            ],
            [
              7.0570168,
              50.6891903
            ],
            [
              7.0571309,
              50.6894671
            ],
            [
              7.0573434,
              50.6900604
            ],
            [
              7.0577382,
              50.6907673
            ],
            [
              7.0584592,
              50.6919635
            ],
            [
              7.0591115,
              50.6928172
            ],
            [
              7.0594977,
              50.6932521
            ],
            [
              7.0602015,
              50.693997
            ],
            [
              7.063153,
              50.696725
            ],
            [
              7.0640838,
              50.6977145
            ],
            [
              7.0645253,
              50.6983609
            ],
            [
              7.0648028,
              50.698867
            ],
            [
              7.0650202,
              50.6994538
            ],
            [
              7.0651025,
              50.6999611
            ],
            [
              7.0651711,
              50.700782
            ],
            [
              7.065051,
              50.7015974
            ],
            [
              7.0648192,
              50.7023041
            ],
            [
              7.0645188,
              50.7029292
            ],
            [
              7.0640467,
              50.703625
            ],
            [
              7.0631849,
              50.7048022
            ],
            [
              7.0619358,
              50.704605
            ],
            [
              7.0614629,
              50.7045059
            ],
            [
              7.0598619,
              50.7041703
            ],
            [
              7.057778,
              50.7038207
            ],
            [
              7.0564799,
              50.7037262
            ],
            [
              7.0551371,
              50.7037388
            ],
            [
              7.0541021,
              50.7038506
            ],
            [
              7.0530866,
              50.7040027
            ],
            [
              7.0521171,
              50.704181
            ],
            [
              7.0513503,
              50.7043221
            ],
            [
              7.0496017,
              50.704765
            ],
            [
              7.0483289,
              50.7051668
            ],
            [
              7.0472394,
              50.7055613
            ],
            [
              7.046985,
              50.7056826
            ],
            [
              7.0465671,
              50.7051743
            ],
            [
              7.0465783,
              50.7051712
            ],
            [
              7.0466127,
              50.7051559
            ],
            [
              7.0467108,
              50.7051161
            ],
            [
              7.0467311,
              50.7051072
            ],
            [
              7.046749,
              50.7051006
            ],
            [
              7.0469304,
              50.7050272
            ],
            [
              7.0466863,
              50.7047969
            ],
            [
              7.0472616,
              50.7042369
            ],
            [
              7.0473103,
              50.7042173
            ],
            [
              7.0481417,
              50.7034934
            ],
            [
              7.0476691,
              50.7032855
            ],
            [
              7.0476284,
              50.7031449
            ],
            [
              7.0484626,
              50.7024625
            ],
            [
              7.0489536,
              50.702831
            ],
            [
              7.0494411,
              50.7024396
            ],
            [
              7.0498767,
              50.7022967
            ],
            [
              7.0492526,
              50.7019365
            ],
            [
              7.0499506,
              50.7014554
            ],
            [
              7.0506466,
              50.7018403
            ],
            [
              7.0512626,
              50.7014255
            ],
            [
              7.051143,
              50.700462
            ],
            [
              7.0510367,
              50.6997076
            ],
            [
              7.0509135,
              50.6989716
            ],
            [
              7.0506774,
              50.6984969
            ],
            [
              7.0501457,
              50.6980756
            ],
            [
              7.0491191,
              50.6972316
            ],
            [
              7.0480638,
              50.6963693
            ],
            [
              7.0475567,
              50.6959701
            ],
            [
              7.0473429,
              50.695906
            ],
            [
              7.04618,
              50.6958603
            ],
            [
              7.0439224,
              50.695934
            ],
            [
              7.0437749,
              50.6959431
            ],
            [
              7.0414081,
              50.6960889
            ],
            [
              7.0397309,
              50.6957532
            ],
            [
              7.0357473,
              50.6963488
            ],
            [
              7.0356165,
              50.6962131
            ],
            [
              7.0353383,
              50.696017
            ],
            [
              7.0350623,
              50.6956514
            ],
            [
              7.0348539,
              50.6954534
            ]
          ]
        ]
      }
    },
    {
      "type": "Feature",
      "properties": {
        "name": "Duisdorf",
        "city": "Bonn",
        "osm_id": 272246,
        "osm_type": "relation",
        "display": "Duisdorf, Hardtberg, Bonn, Nordrhein-Westfalen, 53123, Deutschland"
      },
      "geometry": {
        "type": "Polygon",
        "coordinates": [
          [
            [
              7.0225354,
              50.7064715
            ],
            [
              7.0225885,
              50.7062435
            ],
            [
              7.0226716,
              50.7061298
            ],
            [
              7.0230983,
              50.7055551
            ],
            [
              7.0232036,
              50.7054009
            ],
            [
              7.0232807,
              50.7052352
            ],
            [
              7.023275,
              50.7049117
            ],
            [
              7.0231432,
              50.7047826
            ],
            [
              7.0231412,
              50.7047242
            ],
            [
              7.0230595,
              50.7045897
            ],
            [
              7.023223,
              50.7045239
            ],
            [
              7.0241894,
              50.7043252
            ],
            [
              7.0243103,
              50.7043167
            ],
            [
              7.024324,
              50.7043661
            ],
            [
              7.0243476,
              50.7043643
            ],
            [
              7.0244286,
              50.7043924
            ],
            [
              7.0245092,
              50.7043389
            ],
            [
              7.0246412,
              50.7042875
            ],
            [
              7.0247242,
              50.7042637
            ],
            [
              7.0248141,
              50.7042477
            ],
            [
              7.0249414,
              50.7042335
            ],
            [
              7.0250977,
              50.7041955
            ],
            [
              7.0251027,
              50.7041687
            ],
            [
              7.0250196,
              50.7040865
            ],
            [
              7.0249884,
              50.7040203
            ],
            [
              7.0248662,
              50.7040108
            ],
            [
              7.0248549,
              50.7040047
            ],
            [
              7.0248456,
              50.7039797
            ],
            [
              7.0248851,
              50.7039528
            ],
            [
              7.0249886,
              50.7039178
            ],
            [
              7.0250192,
              50.7039159
            ],
            [
              7.0250777,
              50.7039199
            ],
            [
              7.0252165,
              50.7037817
            ],
            [
              7.0254252,
              50.7036325
            ],
            [
              7.0255072,
              50.7034495
            ],
            [
              7.0256602,
              50.7033045
            ],
            [
              7.0257182,
              50.7032085
            ],
            [
              7.0257882,
              50.7031935
            ],
            [
              7.0259661,
              50.7032475
            ],
            [
              7.0261213,
              50.7032225
            ],
            [
              7.0263261,
              50.7031895
            ],
            [
              7.026872,
              50.7029575
            ],
            [
              7.0272159,
              50.7027056
            ],
            [
              7.0273819,
              50.7026446
            ],
            [
              7.0275089,
              50.7025416
            ],
            [
              7.0275959,
              50.7025066
            ],
            [
              7.0276539,
              50.7024006
            ],
            [
              7.0276049,
              50.7022666
            ],
            [
              7.0277519,
              50.7021866
            ],
            [
              7.0278279,
              50.7020986
            ],
            [
              7.0278668,
              50.7019617
            ],
            [
              7.0279798,
              50.7019117
            ],
            [
              7.0280468,
              50.7018167
            ],
            [
              7.0279198,
              50.7017017
            ],
            [
              7.0280328,
              50.7016567
            ],
            [
              7.0279528,
              50.7014277
            ],
            [
              7.0280188,
              50.7012867
            ],
            [
              7.0280718,
              50.7010348
            ],
            [
              7.0285348,
              50.7006948
            ],
            [
              7.0286307,
              50.7006528
            ],
            [
              7.0287877,
              50.7006568
            ],
            [
              7.0287747,
              50.7005458
            ],
            [
              7.0286617,
              50.7003938
            ],
            [
              7.0291277,
              50.7001839
            ],
            [
              7.029056,
              50.7001195
            ],
            [
              7.0289866,
              50.7000966
            ],
            [
              7.0289534,
              50.7000674
            ],
            [
              7.0289418,
              50.7000218
            ],
            [
              7.0289507,
              50.6999439
            ],
            [
              7.0290117,
              50.6998798
            ],
            [
              7.0291907,
              50.6997409
            ],
            [
              7.0292916,
              50.6997379
            ],
            [
              7.0294306,
              50.6996459
            ],
            [
              7.0293356,
              50.6995049
            ],
            [
              7.0294146,
              50.699234
            ],
            [
              7.0294596,
              50.699177
            ],
            [
              7.0295296,
              50.699154
            ],
            [
              7.0296446,
              50.699154
            ],
            [
              7.0297656,
              50.698856
            ],
            [
              7.0298416,
              50.698803
            ],
            [
              7.0308874,
              50.698971
            ],
            [
              7.0319653,
              50.699089
            ],
            [
              7.032115,
              50.69909
            ],
            [
              7.0326622,
              50.6979561
            ],
            [
              7.0330251,
              50.6975522
            ],
            [
              7.0327821,
              50.6972462
            ],
            [
              7.0322572,
              50.6965563
            ],
            [
              7.0320254,
              50.6957176
            ],
            [
              7.0318194,
              50.6952666
            ],
            [
              7.0318822,
              50.6949944
            ],
            [
              7.0317851,
              50.6947619
            ],
            [
              7.0314874,
              50.6944332
            ],
            [
              7.0311216,
              50.6940966
            ],
            [
              7.0308,
              50.6932437
            ],
            [
              7.0307301,
              50.693079
            ],
            [
              7.0311539,
              50.6929237
            ],
            [
              7.0322789,
              50.6925051
            ],
            [
              7.0334198,
              50.6920783
            ],
            [
              7.0334715,
              50.6920611
            ],
            [
              7.0347686,
              50.6915916
            ],
            [
              7.036442,
              50.6909791
            ],
            [
              7.0364365,
              50.6909729
            ],
            [
              7.0362086,
              50.6907133
            ],
            [
              7.0360827,
              50.6907554
            ],
            [
              7.035809,
              50.6904604
            ],
            [
              7.0357516,
              50.6903985
            ],
            [
              7.0355637,
              50.6901437
            ],
            [
              7.0353626,
              50.6898646
            ],
            [
              7.035233,
              50.6896849
            ],
            [
              7.0352462,
              50.6896752
            ],
            [
              7.0352626,
              50.6896854
            ],
            [
              7.035277,
              50.6896824
            ],
            [
              7.0353205,
              50.6896337
            ],
            [
              7.0353389,
              50.6896131
            ],
            [
              7.0353749,
              50.6895728
            ],
            [
              7.0354715,
              50.6895762
            ],
            [
              7.0354758,
              50.6896113
            ],
            [
              7.035515,
              50.6895936
            ],
            [
              7.0355391,
              50.6895698
            ],
            [
              7.0355593,
              50.6895499
            ],
            [
              7.0355412,
              50.6895225
            ],
            [
              7.0355958,
              50.6894923
            ],
            [
              7.0356324,
              50.6895131
            ],
            [
              7.0356419,
              50.6895631
            ],
            [
              7.0356716,
              50.689555
            ],
            [
              7.0356971,
              50.6895286
            ],
            [
              7.0357298,
              50.6895216
            ],
            [
              7.0357561,
              50.6894528
            ],
            [
              7.0357984,
              50.6894543
            ],
            [
              7.0358376,
              50.6894664
            ],
            [
              7.0358534,
              50.689535
            ],
            [
              7.0360099,
              50.6895187
            ],
            [
              7.0360952,
              50.6894148
            ],
            [
              7.0361729,
              50.6894235
            ],
            [
              7.0362,
              50.6893899
            ],
            [
              7.036369,
              50.6893787
            ],
            [
              7.0363928,
              50.689414
            ],
            [
              7.0364833,
              50.6894365
            ],
            [
              7.0365678,
              50.6894218
            ],
            [
              7.0365696,
              50.6893927
            ],
            [
              7.0366168,
              50.6893789
            ],
            [
              7.0366999,
              50.6893126
            ],
            [
              7.0367055,
              50.6892797
            ],
            [
              7.0369862,
              50.6892138
            ],
            [
              7.037061,
              50.6892177
            ],
            [
              7.0371056,
              50.6891676
            ],
            [
              7.037176,
              50.689192
            ],
            [
              7.0372555,
              50.6891393
            ],
            [
              7.0372179,
              50.6891047
            ],
            [
              7.0372622,
              50.6890783
            ],
            [
              7.0373111,
              50.6891106
            ],
            [
              7.0373353,
              50.6891744
            ],
            [
              7.0373748,
              50.6892096
            ],
            [
              7.0374258,
              50.6891856
            ],
            [
              7.0374526,
              50.6891363
            ],
            [
              7.0375063,
              50.689103
            ],
            [
              7.0374988,
              50.6890815
            ],
            [
              7.0381574,
              50.6888431
            ],
            [
              7.0384573,
              50.6888731
            ],
            [
              7.0389103,
              50.6886562
            ],
            [
              7.0390822,
              50.6885072
            ],
            [
              7.0390292,
              50.6884286
            ],
            [
              7.0389333,
              50.6882862
            ],
            [
              7.0385553,
              50.6880222
            ],
            [
              7.0371875,
              50.6882632
            ],
            [
              7.0370825,
              50.6882552
            ],
            [
              7.0370075,
              50.6881442
            ],
            [
              7.0371345,
              50.6871943
            ],
            [
              7.0371515,
              50.6870613
            ],
            [
              7.0373696,
              50.6870578
            ],
            [
              7.0391215,
              50.687135
            ],
            [
              7.0406639,
              50.6871011
            ],
            [
              7.04137,
              50.68699
            ],
            [
              7.04236,
              50.6867
            ],
            [
              7.04467,
              50.6866499
            ],
            [
              7.0455603,
              50.6865402
            ],
            [
              7.04626,
              50.68631
            ],
            [
              7.0464858,
              50.6867489
            ],
            [
              7.0468367,
              50.6872865
            ],
            [
              7.0468774,
              50.6874294
            ],
            [
              7.0468348,
              50.6880112
            ],
            [
              7.0381688,
              50.6920016
            ],
            [
              7.0380543,
              50.6919184
            ],
            [
              7.0372576,
              50.6922078
            ],
            [
              7.0372804,
              50.6922676
            ],
            [
              7.0354737,
              50.6928226
            ],
            [
              7.0348539,
              50.6954534
            ],
            [
              7.0350623,
              50.6956514
            ],
            [
              7.0353383,
              50.696017
            ],
            [
              7.0356165,
              50.6962131
            ],
            [
              7.0357473,
              50.6963488
            ],
            [
              7.0352507,
              50.696645
            ],
            [
              7.0347866,
              50.6977566
            ],
            [
              7.0345776,
              50.6982573
            ],
            [
              7.0341782,
              50.700857
            ],
            [
              7.0342571,
              50.7009067
            ],
            [
              7.0343834,
              50.7009225
            ],
            [
              7.0346337,
              50.7009584
            ],
            [
              7.0365134,
              50.7010616
            ],
            [
              7.0370334,
              50.7008394
            ],
            [
              7.0371901,
              50.7008116
            ],
            [
              7.0385282,
              50.7012074
            ],
            [
              7.0390815,
              50.701361
            ],
            [
              7.0405844,
              50.7022466
            ],
            [
              7.0402967,
              50.7026601
            ],
            [
              7.0398531,
              50.7030558
            ],
            [
              7.0396744,
              50.7032769
            ],
            [
              7.0393917,
              50.703683
            ],
            [
              7.0391499,
              50.7040798
            ],
            [
              7.0394915,
              50.7044726
            ],
            [
              7.0398679,
              50.7045331
            ],
            [
              7.0404827,
              50.7046245
            ],
            [
              7.0405888,
              50.7046135
            ],
            [
              7.0412829,
              50.7045553
            ],
            [
              7.0418082,
              50.7045086
            ],
            [
              7.0421446,
              50.7044786
            ],
            [
              7.0422761,
              50.7045029
            ],
            [
              7.042783,
              50.7045415
            ],
            [
              7.0432866,
              50.7046451
            ],
            [
              7.0460166,
              50.7054456
            ],
            [
              7.0465671,
              50.7051743
            ],
            [
              7.046985,
              50.7056826
            ],
            [
              7.0472394,
              50.7055613
            ],
            [
              7.0483289,
              50.7051668
            ],
            [
              7.0496017,
              50.704765
            ],
            [
              7.0513503,
              50.7043221
            ],
            [
              7.0521171,
              50.704181
            ],
            [
              7.0530866,
              50.7040027
            ],
            [
              7.0541021,
              50.7038506
            ],
            [
              7.0551371,
              50.7037388
            ],
            [
              7.0564799,
              50.7037262
            ],
            [
              7.057778,
              50.7038207
            ],
            [
              7.0598619,
              50.7041703
            ],
            [
              7.0614629,
              50.7045059
            ],
            [
              7.0619358,
              50.704605
            ],
            [
              7.0631849,
              50.7048022
            ],
            [
              7.0625249,
              50.7056826
            ],
            [
              7.0616947,
              50.7069929
            ],
            [
              7.0612678,
              50.7079705
            ],
            [
              7.0611019,
              50.7086419
            ],
            [
              7.0611019,
              50.7089789
            ],
            [
              7.0611843,
              50.7098256
            ],
            [
              7.0614281,
              50.7107236
            ],
            [
              7.0616083,
              50.7112508
            ],
            [
              7.0617027,
              50.7114139
            ],
            [
              7.0594779,
              50.7119592
            ],
            [
              7.0584707,
              50.7121956
            ],
            [
              7.0580028,
              50.7122734
            ],
            [
              7.0596543,
              50.7132707
            ],
            [
              7.0596005,
              50.7133689
            ],
            [
              7.0593658,
              50.7136778
            ],
            [
              7.0607412,
              50.7145433
            ],
            [
              7.0614852,
              50.7149305
            ],
            [
              7.0610996,
              50.715133
            ],
            [
              7.0610795,
              50.7152218
            ],
            [
              7.0609836,
              50.7152226
            ],
            [
              7.0601065,
              50.7157908
            ],
            [
              7.0609058,
              50.716329
            ],
            [
              7.0613457,
              50.7166906
            ],
            [
              7.0621048,
              50.717404
            ],
            [
              7.0625488,
              50.7177902
            ],
            [
              7.0633627,
              50.7184433
            ],
            [
              7.0637988,
              50.7188023
            ],
            [
              7.063112,
              50.7188755
            ],
            [
              7.0621222,
              50.7203818
            ],
            [
              7.0613637,
              50.7212482
            ],
            [
              7.0625616,
              50.7218578
            ],
            [
              7.0622671,
              50.7219797
            ],
            [
              7.0619218,
              50.7222439
            ],
            [
              7.0618346,
              50.7222688
            ],
            [
              7.0616005,
              50.7222947
            ],
            [
              7.0614745,
              50.7223533
            ],
            [
              7.0609018,
              50.7228015
            ],
            [
              7.0601323,
              50.723271
            ],
            [
              7.0604311,
              50.723565
            ],
            [
              7.0605021,
              50.7236236
            ],
            [
              7.0582558,
              50.7245461
            ],
            [
              7.058744,
              50.7249706
            ],
            [
              7.056612,
              50.7258502
            ],
            [
              7.0569831,
              50.7262797
            ],
            [
              7.0571404,
              50.7264244
            ],
            [
              7.056092,
              50.7267796
            ],
            [
              7.0557439,
              50.7268878
            ],
            [
              7.0556319,
              50.7269234
            ],
            [
              7.0555675,
              50.7269417
            ],
            [
              7.0554214,
              50.7269892
            ],
            [
              7.0552995,
              50.727027
            ],
            [
              7.0545291,
              50.7260072
            ],
            [
              7.0538905,
              50.7262011
            ],
            [
              7.0524914,
              50.7246209
            ],
            [
              7.0511551,
              50.7240935
            ],
            [
              7.0510903,
              50.7240308
            ],
            [
              7.0506737,
              50.7238564
            ],
            [
              7.0506632,
              50.7238081
            ],
            [
              7.050536,
              50.7238181
            ],
            [
              7.0504014,
              50.7238185
            ],
            [
              7.0502811,
              50.7238062
            ],
            [
              7.0501559,
              50.7237596
            ],
            [
              7.0471424,
              50.7219
            ],
            [
              7.0467811,
              50.7221154
            ],
            [
              7.0463784,
              50.7223583
            ],
            [
              7.0459317,
              50.722621
            ],
            [
              7.0457661,
              50.7225382
            ],
            [
              7.0446061,
              50.7218985
            ],
            [
              7.0457469,
              50.7211956
            ],
            [
              7.0445993,
              50.7207948
            ],
            [
              7.044236,
              50.72067
            ],
            [
              7.0434695,
              50.7212527
            ],
            [
              7.043169,
              50.7209455
            ],
            [
              7.0428911,
              50.7208078
            ],
            [
              7.0426078,
              50.7207364
            ],
            [
              7.0422728,
              50.7207273
            ],
            [
              7.042081,
              50.7206914
            ],
            [
              7.0422233,
              50.7205922
            ],
            [
              7.0417364,
              50.7203429
            ],
            [
              7.0421328,
              50.7198756
            ],
            [
              7.0421905,
              50.7198552
            ],
            [
              7.0422331,
              50.7198365
            ],
            [
              7.0423306,
              50.7198437
            ],
            [
              7.0423712,
              50.7198589
            ],
            [
              7.0421772,
              50.7196931
            ],
            [
              7.0421245,
              50.7196433
            ],
            [
              7.0421278,
              50.7196219
            ],
            [
              7.0421231,
              50.7196049
            ],
            [
              7.0420969,
              50.7195888
            ],
            [
              7.0404012,
              50.718904
            ],
            [
              7.0403745,
              50.7189126
            ],
            [
              7.0403043,
              50.7188841
            ],
            [
              7.0403307,
              50.7188577
            ],
            [
              7.039626,
              50.7184837
            ],
            [
              7.0393041,
              50.7182621
            ],
            [
              7.0391111,
              50.718123
            ],
            [
              7.0386845,
              50.7178762
            ],
            [
              7.0384377,
              50.7177157
            ],
            [
              7.0375875,
              50.717235
            ],
            [
              7.0374825,
              50.7171756
            ],
            [
              7.0356493,
              50.7163201
            ],
            [
              7.0346638,
              50.7157857
            ],
            [
              7.0342132,
              50.7156158
            ],
            [
              7.0339333,
              50.7156285
            ],
            [
              7.0336581,
              50.715597
            ],
            [
              7.0334344,
              50.7155408
            ],
            [
              7.0325603,
              50.7152368
            ],
            [
              7.0320958,
              50.714917
            ],
            [
              7.0319669,
              50.7148291
            ],
            [
              7.031814,
              50.7147151
            ],
            [
              7.03171,
              50.7146016
            ],
            [
              7.0313788,
              50.7140051
            ],
            [
              7.031341,
              50.7139103
            ],
            [
              7.0306385,
              50.7132562
            ],
            [
              7.0299923,
              50.7127929
            ],
            [
              7.0297559,
              50.7126288
            ],
            [
              7.0292101,
              50.7121776
            ],
            [
              7.0291302,
              50.7121092
            ],
            [
              7.0287743,
              50.7118486
            ],
            [
              7.0276587,
              50.7110914
            ],
            [
              7.0274965,
              50.7109063
            ],
            [
              7.0271854,
              50.7104556
            ],
            [
              7.0268687,
              50.7099735
            ],
            [
              7.0265944,
              50.7094802
            ],
            [
              7.0261472,
              50.7087844
            ],
            [
              7.0258349,
              50.7085178
            ],
            [
              7.0256632,
              50.7083869
            ],
            [
              7.0253348,
              50.7081345
            ],
            [
              7.0249402,
              50.7078563
            ],
            [
              7.0247384,
              50.7077319
            ],
            [
              7.0233618,
              50.707018
            ],
            [
              7.0228136,
              50.7067925
            ],
            [
              7.0226048,
              50.7066459
            ],
            [
              7.0225354,
              50.7064715
            ]
          ]
        ]
      }
    },
    {
      "type": "Feature",
      "properties": {
        "name": "Hardthöhe",
        "city": "Bonn",
        "osm_id": 272283,
        "osm_type": "relation",
        "display": "Hardthöhe, Hardtberg, Bonn, Nordrhein-Westfalen, Deutschland"
      },
      "geometry": {
        "type": "Polygon",
        "coordinates": [
          [
            [
              7.0341782,
              50.700857
            ],
            [
              7.0345776,
              50.6982573
            ],
            [
              7.0347866,
              50.6977566
            ],
            [
              7.0352507,
              50.696645
            ],
            [
              7.0357473,
              50.6963488
            ],
            [
              7.0397309,
              50.6957532
            ],
            [
              7.0414081,
              50.6960889
            ],
            [
              7.0437749,
              50.6959431
            ],
            [
              7.0439224,
              50.695934
            ],
            [
              7.04618,
              50.6958603
            ],
            [
              7.0473429,
              50.695906
            ],
            [
              7.0475567,
              50.6959701
            ],
            [
              7.0480638,
              50.6963693
            ],
            [
              7.0491191,
              50.6972316
            ],
            [
              7.0501457,
              50.6980756
            ],
            [
              7.0506774,
              50.6984969
            ],
            [
              7.0509135,
              50.6989716
            ],
            [
              7.0510367,
              50.6997076
            ],
            [
              7.051143,
              50.700462
            ],
            [
              7.0512626,
              50.7014255
            ],
            [
              7.0506466,
              50.7018403
            ],
            [
              7.0499506,
              50.7014554
            ],
            [
              7.0492526,
              50.7019365
            ],
            [
              7.0498767,
              50.7022967
            ],
            [
              7.0494411,
              50.7024396
            ],
            [
              7.0489536,
              50.702831
            ],
            [
              7.0484626,
              50.7024625
            ],
            [
              7.0476284,
              50.7031449
            ],
            [
              7.0476691,
              50.7032855
            ],
            [
              7.0481417,
              50.7034934
            ],
            [
              7.0473103,
              50.7042173
            ],
            [
              7.0472616,
              50.7042369
            ],
            [
              7.0466863,
              50.7047969
            ],
            [
              7.0469304,
              50.7050272
            ],
            [
              7.046749,
              50.7051006
            ],
            [
              7.0467311,
              50.7051072
            ],
            [
              7.0467108,
              50.7051161
            ],
            [
              7.0466127,
              50.7051559
            ],
            [
              7.0465783,
              50.7051712
            ],
            [
              7.0465671,
              50.7051743
            ],
            [
              7.0460166,
              50.7054456
            ],
            [
              7.0432866,
              50.7046451
            ],
            [
              7.042783,
              50.7045415
            ],
            [
              7.0422761,
              50.7045029
            ],
            [
              7.0421446,
              50.7044786
            ],
            [
              7.0418082,
              50.7045086
            ],
            [
              7.0412829,
              50.7045553
            ],
            [
              7.0405888,
              50.7046135
            ],
            [
              7.0404827,
              50.7046245
            ],
            [
              7.0398679,
              50.7045331
            ],
            [
              7.0394915,
              50.7044726
            ],
            [
              7.0391499,
              50.7040798
            ],
            [
              7.0393917,
              50.703683
            ],
            [
              7.0396744,
              50.7032769
            ],
            [
              7.0398531,
              50.7030558
            ],
            [
              7.0402967,
              50.7026601
            ],
            [
              7.0405844,
              50.7022466
            ],
            [
              7.0390815,
              50.701361
            ],
            [
              7.0385282,
              50.7012074
            ],
            [
              7.0371901,
              50.7008116
            ],
            [
              7.0370334,
              50.7008394
            ],
            [
              7.0365134,
              50.7010616
            ],
            [
              7.0346337,
              50.7009584
            ],
            [
              7.0343834,
              50.7009225
            ],
            [
              7.0342571,
              50.7009067
            ],
            [
              7.0341782,
              50.700857
            ]
          ]
        ]
      }
    },
    {
      "type": "Feature",
      "properties": {
        "name": "Lengsdorf",
        "city": "Bonn",
        "osm_id": 272244,
        "osm_type": "relation",
        "display": "Lengsdorf, Hardtberg, Bonn, Nordrhein-Westfalen, Deutschland"
      },
      "geometry": {
        "type": "Polygon",
        "coordinates": [
          [
            [
              7.0580028,
              50.7122734
            ],
            [
              7.0584707,
              50.7121956
            ],
            [
              7.0594779,
              50.7119592
            ],
            [
              7.0617027,
              50.7114139
            ],
            [
              7.0616083,
              50.7112508
            ],
            [
              7.0614281,
              50.7107236
            ],
            [
              7.0611843,
              50.7098256
            ],
            [
              7.0611019,
              50.7089789
            ],
            [
              7.0611019,
              50.7086419
            ],
            [
              7.0612678,
              50.7079705
            ],
            [
              7.0616947,
              50.7069929
            ],
            [
              7.0625249,
              50.7056826
            ],
            [
              7.0631849,
              50.7048022
            ],
            [
              7.0640467,
              50.703625
            ],
            [
              7.0645188,
              50.7029292
            ],
            [
              7.0648192,
              50.7023041
            ],
            [
              7.065051,
              50.7015974
            ],
            [
              7.0651711,
              50.700782
            ],
            [
              7.0651025,
              50.6999611
            ],
            [
              7.0658228,
              50.6998724
            ],
            [
              7.0682784,
              50.6999808
            ],
            [
              7.073061,
              50.7008475
            ],
            [
              7.0731904,
              50.7006157
            ],
            [
              7.0734803,
              50.6998689
            ],
            [
              7.0748381,
              50.6998425
            ],
            [
              7.0747836,
              50.7015102
            ],
            [
              7.0750771,
              50.7021591
            ],
            [
              7.0753489,
              50.7023946
            ],
            [
              7.0752844,
              50.7038723
            ],
            [
              7.0759719,
              50.7038493
            ],
            [
              7.075983,
              50.7040407
            ],
            [
              7.0760275,
              50.7049764
            ],
            [
              7.0759807,
              50.7049793
            ],
            [
              7.0759478,
              50.706378
            ],
            [
              7.0763233,
              50.7063797
            ],
            [
              7.0763036,
              50.706789
            ],
            [
              7.0771512,
              50.7067774
            ],
            [
              7.0769522,
              50.7075473
            ],
            [
              7.0767939,
              50.7084934
            ],
            [
              7.0767949,
              50.7086395
            ],
            [
              7.0768481,
              50.7086547
            ],
            [
              7.0779664,
              50.7087426
            ],
            [
              7.0777957,
              50.7091728
            ],
            [
              7.0775758,
              50.7098531
            ],
            [
              7.0776677,
              50.7100333
            ],
            [
              7.0782223,
              50.7101659
            ],
            [
              7.0782488,
              50.7101712
            ],
            [
              7.078528,
              50.7102599
            ],
            [
              7.0786813,
              50.7103647
            ],
            [
              7.0785434,
              50.7104251
            ],
            [
              7.0783496,
              50.710566
            ],
            [
              7.0781934,
              50.7106406
            ],
            [
              7.0786601,
              50.7107359
            ],
            [
              7.0786601,
              50.7108034
            ],
            [
              7.0787331,
              50.7108907
            ],
            [
              7.0787419,
              50.7110136
            ],
            [
              7.0787164,
              50.7112463
            ],
            [
              7.0792511,
              50.7113388
            ],
            [
              7.0792294,
              50.7114174
            ],
            [
              7.078888,
              50.7120658
            ],
            [
              7.0786916,
              50.7120208
            ],
            [
              7.0785615,
              50.7123795
            ],
            [
              7.0792408,
              50.7124546
            ],
            [
              7.0791243,
              50.7127106
            ],
            [
              7.079173,
              50.7130173
            ],
            [
              7.0791681,
              50.7134469
            ],
            [
              7.078994,
              50.7137221
            ],
            [
              7.0785988,
              50.7140597
            ],
            [
              7.078344,
              50.7142016
            ],
            [
              7.0783596,
              50.7144622
            ],
            [
              7.0782503,
              50.7148082
            ],
            [
              7.0781256,
              50.7151326
            ],
            [
              7.0779764,
              50.7159029
            ],
            [
              7.0781049,
              50.7159184
            ],
            [
              7.0779352,
              50.7165994
            ],
            [
              7.0777917,
              50.7170686
            ],
            [
              7.0776566,
              50.7176329
            ],
            [
              7.0776374,
              50.7176743
            ],
            [
              7.0776034,
              50.7176964
            ],
            [
              7.077462,
              50.7177572
            ],
            [
              7.0773236,
              50.7176078
            ],
            [
              7.0772254,
              50.7175499
            ],
            [
              7.0771979,
              50.7175707
            ],
            [
              7.0771463,
              50.7175983
            ],
            [
              7.0770977,
              50.7176159
            ],
            [
              7.0770541,
              50.7176235
            ],
            [
              7.0769937,
              50.7176316
            ],
            [
              7.0769347,
              50.7176307
            ],
            [
              7.0768784,
              50.7176229
            ],
            [
              7.076806,
              50.7175981
            ],
            [
              7.076572,
              50.7174766
            ],
            [
              7.0765056,
              50.7174592
            ],
            [
              7.076338,
              50.717432
            ],
            [
              7.0755735,
              50.7173777
            ],
            [
              7.0754099,
              50.7173369
            ],
            [
              7.0753033,
              50.7172911
            ],
            [
              7.0752221,
              50.7173654
            ],
            [
              7.0751816,
              50.7174541
            ],
            [
              7.0750438,
              50.718082
            ],
            [
              7.0750511,
              50.7182523
            ],
            [
              7.0723845,
              50.7178674
            ],
            [
              7.0715817,
              50.7179823
            ],
            [
              7.0711674,
              50.7180749
            ],
            [
              7.0710754,
              50.7182251
            ],
            [
              7.0710461,
              50.7183413
            ],
            [
              7.0710513,
              50.7184221
            ],
            [
              7.0710245,
              50.7185673
            ],
            [
              7.0708689,
              50.7189443
            ],
            [
              7.0708166,
              50.7190156
            ],
            [
              7.0708622,
              50.7190598
            ],
            [
              7.0708434,
              50.7192253
            ],
            [
              7.0707469,
              50.7193459
            ],
            [
              7.0706222,
              50.7194631
            ],
            [
              7.0699089,
              50.7193586
            ],
            [
              7.0696928,
              50.7204411
            ],
            [
              7.0693052,
              50.7204145
            ],
            [
              7.0691114,
              50.7204196
            ],
            [
              7.0690088,
              50.7204348
            ],
            [
              7.0689156,
              50.7204672
            ],
            [
              7.0687124,
              50.7203542
            ],
            [
              7.0684739,
              50.7203054
            ],
            [
              7.0668606,
              50.7200631
            ],
            [
              7.0651306,
              50.7197983
            ],
            [
              7.0650022,
              50.7198128
            ],
            [
              7.064834,
              50.7195644
            ],
            [
              7.065059,
              50.7193323
            ],
            [
              7.0642295,
              50.7191178
            ],
            [
              7.0641599,
              50.7190674
            ],
            [
              7.0637988,
              50.7188023
            ],
            [
              7.0633627,
              50.7184433
            ],
            [
              7.0625488,
              50.7177902
            ],
            [
              7.0621048,
              50.717404
            ],
            [
              7.0613457,
              50.7166906
            ],
            [
              7.0609058,
              50.716329
            ],
            [
              7.0601065,
              50.7157908
            ],
            [
              7.0609836,
              50.7152226
            ],
            [
              7.0610795,
              50.7152218
            ],
            [
              7.0610996,
              50.715133
            ],
            [
              7.0614852,
              50.7149305
            ],
            [
              7.0607412,
              50.7145433
            ],
            [
              7.0593658,
              50.7136778
            ],
            [
              7.0596005,
              50.7133689
            ],
            [
              7.0596543,
              50.7132707
            ],
            [
              7.0580028,
              50.7122734
            ]
          ]
        ]
      }
    }
  ]
}