{
  "type": "FeatureCollection",
  "features": [
    {
      "type": "Feature",
      "properties": {
        "name": "Mitte",
        "city": "Cottbus",
        "osm_id": 1626435,
        "osm_type": "relation",
        "display": "Mitte, Cottbus, Brandenburg, Deutschland"
      },
      "geometry": {
        "type": "Polygon",
        "coordinates": [
          [
            [
              14.3236811,
              51.753495
            ],
            [
              14.3237377,
              51.7534835
            ],
            [
              14.3240315,
              51.7534203
            ],
            [
              14.3241204,
              51.7534015
            ],
            [
              14.3243553,
              51.7533518
            ],
            [
              14.3244448,
              51.7533329
            ],
            [
              14.3245554,
              51.7533094
            ],
            [
              14.3247468,
              51.7532668
            ],
            [
              14.3251815,
              51.7531696
            ],
            [
              14.3252706,
              51.7531414
            ],
            [
              14.325819,
              51.7529678
            ],
            [
              14.3258836,
              51.7529473
            ],
            [
              14.326066,
              51.7528905
            ],
            [
              14.3264461,
              51.7527721
            ],
            [
              14.3264701,
              51.7527645
            ],
            [
              14.3268164,
              51.7526919
            ],
            [
              14.3269704,
              51.7526596
            ],
            [
              14.3270964,
              51.7526343
            ],
            [
              14.3271492,
              51.7526242
            ],
            [
              14.3272546,
              51.752604
            ],
            [
              14.3275214,
              51.752533
            ],
            [
              14.3277134,
              51.752484
            ],
            [
              14.3279338,
              51.7524277
            ],
            [
              14.3282515,
              51.7523466
            ],
            [
              14.3287077,
              51.7522087
            ],
            [
              14.328946,
              51.7521337
            ],
            [
              14.3290607,
              51.7520976
            ],
            [
              14.3291958,
              51.7520622
            ],
            [
              14.3294499,
              51.751972
            ],
            [
              14.3294684,
              51.7519654
            ],
            [
              14.3296388,
              51.7519063
            ],
            [
              14.3297271,
              51.7518798
            ],
            [
              14.3297334,
              51.7518782
            ],
            [
              14.3298177,
              51.751857
            ],
            [
              14.3299096,
              51.7518362
            ],
            [
              14.3299465,
              51.7518282
            ],
            [
              14.3300014,
              51.7518163
            ],
            [
              14.3300961,
              51.7518003
            ],
            [
              14.3302578,
              51.7517799
            ],
            [
              14.3310977,
              51.751674
            ],
            [
              14.3313613,
              51.7516407
            ],
            [
              14.3314622,
              51.7516288
            ],
            [
              14.3329668,
              51.7514509
            ],
            [
              14.3329836,
              51.75145
            ],
            [
              14.3330038,
              51.7514489
            ],
            [
              14.3330096,
              51.7514489
            ],
            [
              14.3330796,
              51.7514455
            ],
            [
              14.3332981,
              51.7514346
            ],
            [
              14.3333042,
              51.7514338
            ],
            [
              14.3341454,
              51.7513862
            ],
            [
              14.3342051,
              51.7513877
            ],
            [
              14.3343478,
              51.7513915
            ],
            [
              14.3344762,
              51.7513948
            ],
            [
              14.3355607,
              51.7514343
            ],
            [
              14.3357413,
              51.7514405
            ],
            [
              14.3358567,
              51.7514444
            ],
            [
              14.3359329,
              51.7514658
            ],
            [
              14.3360852,
              51.7514858
            ],
            [
              14.3362672,
              51.7515202
            ],
            [
              14.3366778,
              51.7515999
            ],
            [
              14.3368737,
              51.751642
            ],
            [
              14.3382367,
              51.7519349
            ],
            [
              14.3382851,
              51.7519449
            ],
            [
              14.338391,
              51.7519668
            ],
            [
              14.3384017,
              51.751969
            ],
            [
              14.3383566,
              51.7519863
            ],
            [
              14.3384089,
              51.7519991
            ],
            [
              14.3384101,
              51.7519993
            ],
            [
              14.3385395,
              51.7520294
            ],
            [
              14.3388774,
              51.7521062
            ],
            [
              14.3392806,
              51.7521979
            ],
            [
              14.3393791,
              51.7522203
            ],
            [
              14.3397703,
              51.7523093
            ],
            [
              14.3398551,
              51.7523293
            ],
            [
              14.339898,
              51.752339
            ],
            [
              14.3409286,
              51.7525771
            ],
            [
              14.3413763,
              51.7526805
            ],
            [
              14.3415154,
              51.7527121
            ],
            [
              14.3415667,
              51.7527238
            ],
            [
              14.3416312,
              51.7527385
            ],
            [
              14.3416474,
              51.7527147
            ],
            [
              14.3416484,
              51.7527134
            ],
            [
              14.3416797,
              51.7526561
            ],
            [
              14.3416879,
              51.7526578
            ],
            [
              14.3419974,
              51.7527234
            ],
            [
              14.3420001,
              51.752724
            ],
            [
              14.3420407,
              51.7527326
            ],
            [
              14.3421429,
              51.7527543
            ],
            [
              14.3420535,
              51.752914
            ],
            [
              14.3420687,
              51.7530676
            ],
            [
              14.3420735,
              51.753116
            ],
            [
              14.3420981,
              51.7533636
            ],
            [
              14.3421913,
              51.7536612
            ],
            [
              14.3422624,
              51.7538881
            ],
            [
              14.3423392,
              51.7540866
            ],
            [
              14.3424421,
              51.7544945
            ],
            [
              14.3424516,
              51.7545976
            ],
            [
              14.3424589,
              51.7546771
            ],
            [
              14.3424668,
              51.7547632
            ],
            [
              14.3425033,
              51.7551602
            ],
            [
              14.3423429,
              51.755611
            ],
            [
              14.3420603,
              51.7560596
            ],
            [
              14.3420075,
              51.7561043
            ],
            [
              14.3419608,
              51.756144
            ],
            [
              14.3419012,
              51.7561945
            ],
            [
              14.3417936,
              51.7562858
            ],
            [
              14.3417702,
              51.7565167
            ],
            [
              14.341768,
              51.7565394
            ],
            [
              14.3417643,
              51.7565748
            ],
            [
              14.3417553,
              51.7566629
            ],
            [
              14.3417831,
              51.7567651
            ],
            [
              14.3419046,
              51.7572112
            ],
            [
              14.3419264,
              51.7572914
            ],
            [
              14.3419778,
              51.7577213
            ],
            [
              14.3419838,
              51.757772
            ],
            [
              14.341994,
              51.757857
            ],
            [
              14.3419196,
              51.758859
            ],
            [
              14.3418624,
              51.7593027
            ],
            [
              14.3418525,
              51.7593792
            ],
            [
              14.3417438,
              51.760223
            ],
            [
              14.3416515,
              51.7609391
            ],
            [
              14.3416441,
              51.7609965
            ],
            [
              14.3415618,
              51.7616352
            ],
            [
              14.3415457,
              51.7619905
            ],
            [
              14.3415352,
              51.7622207
            ],
            [
              14.3415318,
              51.7622951
            ],
            [
              14.3414608,
              51.7625201
            ],
            [
              14.3414407,
              51.7625842
            ],
            [
              14.3412314,
              51.7632479
            ],
            [
              14.3411816,
              51.7632949
            ],
            [
              14.3408231,
              51.7636333
            ],
            [
              14.3407387,
              51.7636808
            ],
            [
              14.3402879,
              51.7639345
            ],
            [
              14.3402132,
              51.7639781
            ],
            [
              14.340096,
              51.7640465
            ],
            [
              14.3378087,
              51.7647918
            ],
            [
              14.3375728,
              51.764872
            ],
            [
              14.3371091,
              51.7649946
            ],
            [
              14.3367271,
              51.7650893
            ],
            [
              14.3365304,
              51.7651308
            ],
            [
              14.3364706,
              51.7651413
            ],
            [
              14.3362244,
              51.7651845
            ],
            [
              14.335868,
              51.7652302
            ],
            [
              14.3358629,
              51.7652309
            ],
            [
              14.3358169,
              51.7652368
            ],
            [
              14.3357442,
              51.7652417
            ],
            [
              14.3356917,
              51.7652453
            ],
            [
              14.3353494,
              51.7652681
            ],
            [
              14.3353417,
              51.7652685
            ],
            [
              14.335306,
              51.7652703
            ],
            [
              14.3352148,
              51.7652752
            ],
            [
              14.3350993,
              51.7652814
            ],
            [
              14.3348602,
              51.7652887
            ],
            [
              14.3345251,
              51.7652908
            ],
            [
              14.3343657,
              51.7652939
            ],
            [
              14.3339332,
              51.7652854
            ],
            [
              14.3335006,
              51.765283
            ],
            [
              14.3330876,
              51.7652705
            ],
            [
              14.3328972,
              51.7652703
            ],
            [
              14.332651,
              51.7652448
            ],
            [
              14.3324745,
              51.7652191
            ],
            [
              14.3323453,
              51.7652014
            ],
            [
              14.3321712,
              51.7651818
            ],
            [
              14.3320536,
              51.7651735
            ],
            [
              14.3320472,
              51.7651717
            ],
            [
              14.3320287,
              51.7651739
            ],
            [
              14.3318524,
              51.7651955
            ],
            [
              14.3318141,
              51.7652002
            ],
            [
              14.3317465,
              51.7652084
            ],
            [
              14.3316999,
              51.7652141
            ],
            [
              14.3316992,
              51.7652142
            ],
            [
              14.3315456,
              51.765233
            ],
            [
              14.3314525,
              51.7652443
            ],
            [
              14.331012,
              51.765298
            ],
            [
              14.3309634,
              51.7653038
            ],
            [
              14.3308924,
              51.7653122
            ],
            [
              14.3308428,
              51.7653181
            ],
            [
              14.3306121,
              51.7653472
            ],
            [
              14.3306063,
              51.7653479
            ],
            [
              14.3305498,
              51.7653551
            ],
            [
              14.3304958,
              51.7653619
            ],
            [
              14.3302251,
              51.7653953
            ],
            [
              14.3301563,
              51.7654037
            ],
            [
              14.3300658,
              51.7654148
            ],
            [
              14.3300302,
              51.7654192
            ],
            [
              14.3298953,
              51.7654357
            ],
            [
              14.3297898,
              51.7654486
            ],
            [
              14.3297466,
              51.7654539
            ],
            [
              14.3295913,
              51.7654728
            ],
            [
              14.3294118,
              51.7654947
            ],
            [
              14.3293986,
              51.7654963
            ],
            [
              14.3293841,
              51.7654982
            ],
            [
              14.32937,
              51.7654999
            ],
            [
              14.3292993,
              51.7655089
            ],
            [
              14.3292847,
              51.7655107
            ],
            [
              14.3292719,
              51.7655124
            ],
            [
              14.3292574,
              51.7655142
            ],
            [
              14.3292329,
              51.7655172
            ],
            [
              14.3290401,
              51.765541
            ],
            [
              14.3289455,
              51.7655527
            ],
            [
              14.3288684,
              51.7655623
            ],
            [
              14.3287196,
              51.7655807
            ],
            [
              14.3286927,
              51.765584
            ],
            [
              14.3284363,
              51.7656157
            ],
            [
              14.3283723,
              51.7656236
            ],
            [
              14.3282554,
              51.765638
            ],
            [
              14.3282202,
              51.7656424
            ],
            [
              14.3281146,
              51.7653531
            ],
            [
              14.3279895,
              51.7650001
            ],
            [
              14.3278504,
              51.7645801
            ],
            [
              14.3278022,
              51.7644596
            ],
            [
              14.3277672,
              51.7643414
            ],
            [
              14.327682,
              51.7640897
            ],
            [
              14.3276325,
              51.7639124
            ],
            [
              14.3276506,
              51.7638769
            ],
            [
              14.3276966,
              51.7637206
            ],
            [
              14.3276933,
              51.7635302
            ],
            [
              14.3276586,
              51.763393
            ],
            [
              14.3276503,
              51.7633301
            ],
            [
              14.3276541,
              51.7630732
            ],
            [
              14.3276753,
              51.7628868
            ],
            [
              14.3274557,
              51.7628018
            ],
            [
              14.3272471,
              51.7627445
            ],
            [
              14.327127,
              51.7627237
            ],
            [
              14.3269932,
              51.7627199
            ],
            [
              14.3267463,
              51.7627316
            ],
            [
              14.3264594,
              51.7627763
            ],
            [
              14.3262637,
              51.7628136
            ],
            [
              14.3261495,
              51.7628392
            ],
            [
              14.3259537,
              51.7628824
            ],
            [
              14.3257451,
              51.7629115
            ],
            [
              14.3255399,
              51.7629245
            ],
            [
              14.3254131,
              51.7629217
            ],
            [
              14.3252377,
              51.7629046
            ],
            [
              14.3251014,
              51.7628876
            ],
            [
              14.3249715,
              51.7628708
            ],
            [
              14.324858,
              51.7628459
            ],
            [
              14.3247511,
              51.762817
            ],
            [
              14.3246638,
              51.7627842
            ],
            [
              14.3245797,
              51.7627514
            ],
            [
              14.3244892,
              51.7627126
            ],
            [
              14.3243634,
              51.7626412
            ],
            [
              14.3242958,
              51.7625944
            ],
            [
              14.3240348,
              51.7624314
            ],
            [
              14.323862,
              51.7622387
            ],
            [
              14.3238377,
              51.7621215
            ],
            [
              14.3238388,
              51.7620488
            ],
            [
              14.3238511,
              51.7618793
            ],
            [
              14.3238828,
              51.7615001
            ],
            [
              14.3239273,
              51.7611309
            ],
            [
              14.3239578,
              51.7608344
            ],
            [
              14.3239882,
              51.7605399
            ],
            [
              14.3240296,
              51.7601647
            ],
            [
              14.324072,
              51.7597209
            ],
            [
              14.3241175,
              51.7592852
            ],
            [
              14.3241441,
              51.759031
            ],
            [
              14.3241717,
              51.758778
            ],
            [
              14.324208,
              51.7584501
            ],
            [
              14.3242384,
              51.7581576
            ],
            [
              14.3242847,
              51.7576755
            ],
            [
              14.3243079,
              51.7574233
            ],
            [
              14.3243191,
              51.7573305
            ],
            [
              14.3243526,
              51.7570441
            ],
            [
              14.324377,
              51.756742
            ],
            [
              14.3243793,
              51.7567198
            ],
            [
              14.3243801,
              51.7567102
            ],
            [
              14.3243876,
              51.7566378
            ],
            [
              14.3243997,
              51.7565211
            ],
            [
              14.3244094,
              51.7564215
            ],
            [
              14.3244153,
              51.7563644
            ],
            [
              14.3244197,
              51.7563222
            ],
            [
              14.3244299,
              51.7562228
            ],
            [
              14.3244448,
              51.7560699
            ],
            [
              14.3244496,
              51.7560253
            ],
            [
              14.3244576,
              51.7559502
            ],
            [
              14.3244654,
              51.7558778
            ],
            [
              14.3244734,
              51.7558036
            ],
            [
              14.3244746,
              51.7557919
            ],
            [
              14.3244755,
              51.7557842
            ],
            [
              14.3244873,
              51.7556802
            ],
            [
              14.324488,
              51.7556666
            ],
            [
              14.3244891,
              51.7556576
            ],
            [
              14.3245058,
              51.7554887
            ],
            [
              14.3245068,
              51.7554778
            ],
            [
              14.3245187,
              51.7553631
            ],
            [
              14.3245305,
              51.7552488
            ],
            [
              14.324542,
              51.7551263
            ],
            [
              14.3245561,
              51.754993
            ],
            [
              14.3245646,
              51.7549133
            ],
            [
              14.324596,
              51.7546089
            ],
            [
              14.3246121,
              51.7544536
            ],
            [
              14.3246513,
              51.7540556
            ],
            [
              14.3247062,
              51.7540585
            ],
            [
              14.3247218,
              51.7538834
            ],
            [
              14.3245406,
              51.7538198
            ],
            [
              14.3241554,
              51.7536944
            ],
            [
              14.3238285,
              51.7535957
            ],
            [
              14.3237252,
              51.7535406
            ],
            [
              14.3236811,
              51.753495
            ]
          ]
        ]
      }
    },
    {
      "type": "Feature",
      "properties": {
        "name": "Schmellwitz",
        "city": "Cottbus",
        "osm_id": 1626107,
        "osm_type": "relation",
        "display": "Schmellwitz, Cottbus, Brandenburg, 03044, Deutschland"
      },
      "geometry": {
        "type": "Polygon",
        "coordinates": [
          [
            [
              14.2906186,
              51.7798713
            ],
            [
              14.2907598,
              51.7798242
            ],
            [
              14.2906248,
              51.7798012
            ],
            [
              14.2910317,
              51.7796661
            ],
            [
              14.291206,
              51.7796082
            ],
            [
              14.2916608,
              51.7794572
            ],
            [
              14.2917261,
              51.7794355
            ],
            [
              14.2939704,
              51.7786902
            ],
            [
              14.2940425,
              51.7786662
            ],
            [
              14.295691,
              51.7781187
            ],
            [
              14.2960158,
              51.778012
            ],
            [
              14.2960872,
              51.7779885
            ],
            [
              14.2972393,
              51.7776101
            ],
            [
              14.2981577,
              51.777213
            ],
            [
              14.2982357,
              51.7771793
            ],
            [
              14.3003005,
              51.7762865
            ],
            [
              14.3004004,
              51.7762433
            ],
            [
              14.3008629,
              51.7760433
            ],
            [
              14.3023756,
              51.7753662
            ],
            [
              14.30245,
              51.7753329
            ],
            [
              14.3043684,
              51.7744615
            ],
            [
              14.3051624,
              51.7740946
            ],
            [
              14.3062765,
              51.7735348
            ],
            [
              14.3063499,
              51.773498
            ],
            [
              14.3064313,
              51.7734571
            ],
            [
              14.3065899,
              51.7733484
            ],
            [
              14.3074369,
              51.7729006
            ],
            [
              14.3078654,
              51.7726697
            ],
            [
              14.3080846,
              51.7725482
            ],
            [
              14.3086994,
              51.7722238
            ],
            [
              14.3093567,
              51.7718775
            ],
            [
              14.3099326,
              51.7715569
            ],
            [
              14.3107073,
              51.771169
            ],
            [
              14.3108581,
              51.7712765
            ],
            [
              14.3109479,
              51.7713414
            ],
            [
              14.3110929,
              51.7714067
            ],
            [
              14.3112481,
              51.7714418
            ],
            [
              14.3114012,
              51.77146
            ],
            [
              14.3116692,
              51.7714785
            ],
            [
              14.3122104,
              51.7715118
            ],
            [
              14.3128131,
              51.7715556
            ],
            [
              14.3129654,
              51.7715666
            ],
            [
              14.3132182,
              51.7715821
            ],
            [
              14.3134577,
              51.7716157
            ],
            [
              14.3136938,
              51.7716654
            ],
            [
              14.3138939,
              51.771733
            ],
            [
              14.3140195,
              51.7717881
            ],
            [
              14.3144025,
              51.7719895
            ],
            [
              14.3147242,
              51.7721645
            ],
            [
              14.3152166,
              51.7724249
            ],
            [
              14.3153131,
              51.7724758
            ],
            [
              14.3155899,
              51.7726203
            ],
            [
              14.3162018,
              51.7729157
            ],
            [
              14.3165497,
              51.7730807
            ],
            [
              14.3170202,
              51.7732847
            ],
            [
              14.3174489,
              51.7734683
            ],
            [
              14.3176276,
              51.7735461
            ],
            [
              14.3179196,
              51.7736582
            ],
            [
              14.3182679,
              51.7737971
            ],
            [
              14.3186421,
              51.7739401
            ],
            [
              14.3190134,
              51.774057
            ],
            [
              14.3193086,
              51.7741456
            ],
            [
              14.3196483,
              51.7742275
            ],
            [
              14.3200893,
              51.7743338
            ],
            [
              14.3208269,
              51.774478
            ],
            [
              14.3214192,
              51.774568
            ],
            [
              14.3215942,
              51.7745851
            ],
            [
              14.3219149,
              51.7746111
            ],
            [
              14.3224075,
              51.7746481
            ],
            [
              14.3227221,
              51.774654
            ],
            [
              14.322959,
              51.7746493
            ],
            [
              14.3232416,
              51.7746445
            ],
            [
              14.3234082,
              51.774654
            ],
            [
              14.3237525,
              51.7746531
            ],
            [
              14.3239241,
              51.7746386
            ],
            [
              14.3240562,
              51.774627
            ],
            [
              14.3240953,
              51.7746242
            ],
            [
              14.3241522,
              51.7746213
            ],
            [
              14.3241943,
              51.7746181
            ],
            [
              14.3243591,
              51.7746049
            ],
            [
              14.3244583,
              51.7746416
            ],
            [
              14.3244622,
              51.7746414
            ],
            [
              14.324543,
              51.7746374
            ],
            [
              14.3245846,
              51.7746353
            ],
            [
              14.3247422,
              51.7744985
            ],
            [
              14.3248768,
              51.7743886
            ],
            [
              14.3251329,
              51.7741868
            ],
            [
              14.325596,
              51.7738071
            ],
            [
              14.3261789,
              51.7733251
            ],
            [
              14.326502,
              51.7730773
            ],
            [
              14.3267696,
              51.7728721
            ],
            [
              14.3273044,
              51.7724621
            ],
            [
              14.3275443,
              51.7722781
            ],
            [
              14.3277592,
              51.7720948
            ],
            [
              14.3279297,
              51.7719731
            ],
            [
              14.3279924,
              51.771903
            ],
            [
              14.3282032,
              51.7716828
            ],
            [
              14.3283782,
              51.7714745
            ],
            [
              14.3285697,
              51.7712482
            ],
            [
              14.3287347,
              51.77106
            ],
            [
              14.32889,
              51.7708677
            ],
            [
              14.3291375,
              51.7705833
            ],
            [
              14.3292302,
              51.7704591
            ],
            [
              14.3292897,
              51.7703829
            ],
            [
              14.3293428,
              51.7703068
            ],
            [
              14.3294366,
              51.7701
            ],
            [
              14.3294653,
              51.769917
            ],
            [
              14.3294559,
              51.7696775
            ],
            [
              14.3294547,
              51.7695366
            ],
            [
              14.3294267,
              51.7694044
            ],
            [
              14.3293757,
              51.7692311
            ],
            [
              14.3293751,
              51.769229
            ],
            [
              14.3293681,
              51.769207
            ],
            [
              14.3293572,
              51.7691723
            ],
            [
              14.3293482,
              51.7691437
            ],
            [
              14.3293468,
              51.7691393
            ],
            [
              14.3292942,
              51.7689718
            ],
            [
              14.3292839,
              51.7689393
            ],
            [
              14.3292474,
              51.7688231
            ],
            [
              14.3292195,
              51.7687346
            ],
            [
              14.3291964,
              51.768661
            ],
            [
              14.3291903,
              51.7686417
            ],
            [
              14.3291798,
              51.7686085
            ],
            [
              14.3291675,
              51.7685694
            ],
            [
              14.3290515,
              51.7682005
            ],
            [
              14.3288086,
              51.7674286
            ],
            [
              14.3287432,
              51.7672207
            ],
            [
              14.3287276,
              51.767171
            ],
            [
              14.3287034,
              51.7670943
            ],
            [
              14.3286756,
              51.7670058
            ],
            [
              14.3285998,
              51.7667648
            ],
            [
              14.3285047,
              51.7664836
            ],
            [
              14.3285037,
              51.7664807
            ],
            [
              14.3285001,
              51.76647
            ],
            [
              14.3282202,
              51.7656424
            ],
            [
              14.3282554,
              51.765638
            ],
            [
              14.3283723,
              51.7656236
            ],
            [
              14.3284363,
              51.7656157
            ],
            [
              14.3286927,
              51.765584
            ],
            [
              14.3287196,
              51.7655807
            ],
            [
              14.3288684,
              51.7655623
            ],
            [
              14.3289455,
              51.7655527
            ],
            [
              14.3290401,
              51.765541
            ],
            [
              14.3292329,
              51.7655172
            ],
            [
              14.3292574,
              51.7655142
            ],
            [
              14.3292719,
              51.7655124
            ],
            [
              14.3292847,
              51.7655107
            ],
            [
              14.3292993,
              51.7655089
            ],
            [
              14.32937,
              51.7654999
            ],
            [
              14.3293841,
              51.7654982
            ],
            [
              14.3293986,
              51.7654963
            ],
            [
              14.3294118,
              51.7654947
            ],
            [
              14.3295913,
              51.7654728
            ],
            [
              14.3297466,
              51.7654539
            ],
            [
              14.3297898,
              51.7654486
            ],
            [
              14.3298953,
              51.7654357
            ],
            [
              14.3300302,
              51.7654192
            ],
            [
              14.3300658,
              51.7654148
            ],
            [
              14.3301563,
              51.7654037
            ],
            [
              14.3302251,
              51.7653953
            ],
            [
              14.3304958,
              51.7653619
            ],
            [
              14.3305498,
              51.7653551
            ],
            [
              14.3306063,
              51.7653479
            ],
            [
              14.3306121,
              51.7653472
            ],
            [
              14.3308428,
              51.7653181
            ],
            [
              14.3308924,
              51.7653122
            ],
            [
              14.3309634,
              51.7653038
            ],
            [
              14.331012,
              51.765298
            ],
            [
              14.3314525,
              51.7652443
            ],
            [
              14.3315456,
              51.765233
            ],
            [
              14.3316992,
              51.7652142
            ],
            [
              14.3316999,
              51.7652141
            ],
            [
              14.3317465,
              51.7652084
            ],
            [
              14.3318141,
              51.7652002
            ],
            [
              14.3318524,
              51.7651955
            ],
            [
              14.3320287,
              51.7651739
            ],
            [
              14.3320472,
              51.7651717
            ],
            [
              14.3320536,
              51.7651735
            ],
            [
              14.3321712,
              51.7651818
            ],
            [
              14.3323453,
              51.7652014
            ],
            [
              14.3324745,
              51.7652191
            ],
            [
              14.332651,
              51.7652448
            ],
            [
              14.3328972,
              51.7652703
            ],
            [
              14.3330876,
              51.7652705
            ],
            [
              14.3335006,
              51.765283
            ],
            [
              14.3339332,
              51.7652854
            ],
            [
              14.3343657,
              51.7652939
            ],
            [
              14.3345251,
              51.7652908
            ],
            [
              14.3348602,
              51.7652887
            ],
            [
              14.3350993,
              51.7652814
            ],
            [
              14.3352148,
              51.7652752
            ],
            [
              14.335306,
              51.7652703
            ],
            [
              14.3353417,
              51.7652685
            ],
            [
              14.3353494,
              51.7652681
            ],
            [
              14.3356917,
              51.7652453
            ],
            [
              14.3357442,
              51.7652417
            ],
            [
              14.3358169,
              51.7652368
            ],
            [
              14.3358629,
              51.7652309
            ],
            [
              14.335868,
              51.7652302
            ],
            [
              14.3362244,
              51.7651845
            ],
            [
              14.3364706,
              51.7651413
            ],
            [
              14.3365304,
              51.7651308
            ],
            [
              14.3367271,
              51.7650893
            ],
            [
              14.3371091,
              51.7649946
            ],
            [
              14.3375728,
              51.764872
            ],
            [
              14.3378087,
              51.7647918
            ],
            [
              14.340096,
              51.7640465
            ],
            [
              14.3400246,
              51.7640925
            ],
            [
              14.3393193,
              51.7645466
            ],
            [
              14.3390624,
              51.7647654
            ],
            [
              14.3389061,
              51.7651734
            ],
            [
              14.3388823,
              51.7652357
            ],
            [
              14.3388218,
              51.7653937
            ],
            [
              14.3388594,
              51.7657485
            ],
            [
              14.3388788,
              51.7659322
            ],
            [
              14.3389713,
              51.7660527
            ],
            [
              14.3389987,
              51.7660884
            ],
            [
              14.339028,
              51.7661264
            ],
            [
              14.3391217,
              51.7662486
            ],
            [
              14.3391491,
              51.7662843
            ],
            [
              14.3392289,
              51.7663883
            ],
            [
              14.3399642,
              51.7669083
            ],
            [
              14.3400502,
              51.7669465
            ],
            [
              14.3401002,
              51.7669688
            ],
            [
              14.3401602,
              51.7669955
            ],
            [
              14.3407173,
              51.7672432
            ],
            [
              14.341229,
              51.7674708
            ],
            [
              14.3415747,
              51.7675493
            ],
            [
              14.3416499,
              51.7675663
            ],
            [
              14.3417329,
              51.7675758
            ],
            [
              14.3421305,
              51.7676209
            ],
            [
              14.342327,
              51.7676432
            ],
            [
              14.3431061,
              51.7677316
            ],
            [
              14.34317,
              51.7677389
            ],
            [
              14.3432413,
              51.767747
            ],
            [
              14.3440501,
              51.7676779
            ],
            [
              14.3448119,
              51.7676128
            ],
            [
              14.3449696,
              51.7675994
            ],
            [
              14.3450589,
              51.7675917
            ],
            [
              14.3451387,
              51.7675849
            ],
            [
              14.3463732,
              51.7674379
            ],
            [
              14.3464631,
              51.7674272
            ],
            [
              14.3479879,
              51.7672456
            ],
            [
              14.3480738,
              51.7672353
            ],
            [
              14.3490117,
              51.7671236
            ],
            [
              14.3492203,
              51.7671301
            ],
            [
              14.3496717,
              51.7671464
            ],
            [
              14.3497738,
              51.7671552
            ],
            [
              14.3507949,
              51.7672437
            ],
            [
              14.3512942,
              51.7673345
            ],
            [
              14.3513746,
              51.7673491
            ],
            [
              14.3524448,
              51.7675435
            ],
            [
              14.3527492,
              51.7675988
            ],
            [
              14.3530286,
              51.7676827
            ],
            [
              14.3536927,
              51.7678602
            ],
            [
              14.3540271,
              51.7679826
            ],
            [
              14.3544959,
              51.7681877
            ],
            [
              14.3546371,
              51.7682739
            ],
            [
              14.3547711,
              51.7684248
            ],
            [
              14.3549798,
              51.7690058
            ],
            [
              14.355085,
              51.7692988
            ],
            [
              14.3545332,
              51.7694217
            ],
            [
              14.3539976,
              51.7695768
            ],
            [
              14.3533388,
              51.7697646
            ],
            [
              14.3529958,
              51.769865
            ],
            [
              14.3527942,
              51.7699196
            ],
            [
              14.3522225,
              51.7700857
            ],
            [
              14.3517503,
              51.7702169
            ],
            [
              14.3513832,
              51.7703246
            ],
            [
              14.3509532,
              51.7704281
            ],
            [
              14.3506859,
              51.7704713
            ],
            [
              14.3500702,
              51.7705757
            ],
            [
              14.3495777,
              51.7706473
            ],
            [
              14.3492986,
              51.770683
            ],
            [
              14.3489054,
              51.7707254
            ],
            [
              14.3486264,
              51.7707499
            ],
            [
              14.3480713,
              51.7708044
            ],
            [
              14.3477411,
              51.7708454
            ],
            [
              14.3472701,
              51.7708892
            ],
            [
              14.3468829,
              51.7709298
            ],
            [
              14.3465829,
              51.7709598
            ],
            [
              14.3455506,
              51.7710637
            ],
            [
              14.3450195,
              51.7711165
            ],
            [
              14.3446654,
              51.7711517
            ],
            [
              14.344224,
              51.771202
            ],
            [
              14.3442549,
              51.7712624
            ],
            [
              14.344416,
              51.7715811
            ],
            [
              14.3445667,
              51.7718791
            ],
            [
              14.3447679,
              51.7722741
            ],
            [
              14.3447936,
              51.7723251
            ],
            [
              14.3448183,
              51.7723739
            ],
            [
              14.3452268,
              51.7731823
            ],
            [
              14.3453849,
              51.7734949
            ],
            [
              14.3454891,
              51.7736985
            ],
            [
              14.3455158,
              51.7737506
            ],
            [
              14.3455408,
              51.7737994
            ],
            [
              14.3455995,
              51.7739139
            ],
            [
              14.3459042,
              51.7745092
            ],
            [
              14.3461752,
              51.7750385
            ],
            [
              14.3462382,
              51.7751126
            ],
            [
              14.3462783,
              51.7751597
            ],
            [
              14.3463625,
              51.7752585
            ],
            [
              14.3466062,
              51.7755454
            ],
            [
              14.3466893,
              51.7756282
            ],
            [
              14.346873,
              51.7757705
            ],
            [
              14.3471697,
              51.7759766
            ],
            [
              14.3473833,
              51.7761246
            ],
            [
              14.3475856,
              51.7762262
            ],
            [
              14.3476539,
              51.776273
            ],
            [
              14.3477607,
              51.7763498
            ],
            [
              14.3483392,
              51.7767564
            ],
            [
              14.3488019,
              51.7770862
            ],
            [
              14.3492423,
              51.7773804
            ],
            [
              14.3494344,
              51.7775218
            ],
            [
              14.3499254,
              51.7778829
            ],
            [
              14.3503923,
              51.7781917
            ],
            [
              14.3507423,
              51.7784409
            ],
            [
              14.3509382,
              51.7785758
            ],
            [
              14.351321,
              51.7788382
            ],
            [
              14.3515998,
              51.7790405
            ],
            [
              14.3517301,
              51.779149
            ],
            [
              14.351869,
              51.7792911
            ],
            [
              14.3519484,
              51.7793938
            ],
            [
              14.3520451,
              51.7795597
            ],
            [
              14.3521264,
              51.7797331
            ],
            [
              14.3521461,
              51.7798224
            ],
            [
              14.3521603,
              51.7798764
            ],
            [
              14.3521695,
              51.7800698
            ],
            [
              14.3521585,
              51.7802073
            ],
            [
              14.3520492,
              51.7805153
            ],
            [
              14.3519438,
              51.7807601
            ],
            [
              14.3517315,
              51.7811437
            ],
            [
              14.3516426,
              51.7812845
            ],
            [
              14.3515469,
              51.781481
            ],
            [
              14.3513397,
              51.7819242
            ],
            [
              14.3510867,
              51.7824284
            ],
            [
              14.3509601,
              51.7826917
            ],
            [
              14.3508027,
              51.7830068
            ],
            [
              14.3504822,
              51.7837035
            ],
            [
              14.3503026,
              51.784058
            ],
            [
              14.3502588,
              51.7841446
            ],
            [
              14.350084,
              51.7845013
            ],
            [
              14.349915,
              51.7849506
            ],
            [
              14.3497446,
              51.7853061
            ],
            [
              14.3496204,
              51.7856084
            ],
            [
              14.3495176,
              51.7858792
            ],
            [
              14.3494204,
              51.7861724
            ],
            [
              14.349323,
              51.7864879
            ],
            [
              14.3492282,
              51.7868275
            ],
            [
              14.3491649,
              51.7870596
            ],
            [
              14.3490978,
              51.7873492
            ],
            [
              14.3490171,
              51.7877428
            ],
            [
              14.3489546,
              51.7881347
            ],
            [
              14.348905,
              51.7884523
            ],
            [
              14.3488635,
              51.7886324
            ],
            [
              14.3488068,
              51.7890243
            ],
            [
              14.3487346,
              51.7894339
            ],
            [
              14.3486757,
              51.7898044
            ],
            [
              14.3486685,
              51.789888
            ],
            [
              14.3486182,
              51.7902595
            ],
            [
              14.3485516,
              51.7907201
            ],
            [
              14.3485015,
              51.7910749
            ],
            [
              14.3484652,
              51.7913071
            ],
            [
              14.3484255,
              51.7915671
            ],
            [
              14.3483796,
              51.7918364
            ],
            [
              14.3483193,
              51.7923434
            ],
            [
              14.3482785,
              51.792686
            ],
            [
              14.3482613,
              51.7927652
            ],
            [
              14.3481991,
              51.7930529
            ],
            [
              14.3480936,
              51.7935905
            ],
            [
              14.3480618,
              51.7939185
            ],
            [
              14.3478848,
              51.7944332
            ],
            [
              14.3477613,
              51.794714
            ],
            [
              14.3476667,
              51.7951265
            ],
            [
              14.3476218,
              51.7953289
            ],
            [
              14.3475342,
              51.7955831
            ],
            [
              14.3474271,
              51.7958886
            ],
            [
              14.3473411,
              51.7962884
            ],
            [
              14.3472884,
              51.796619
            ],
            [
              14.3472753,
              51.7966951
            ],
            [
              14.3472446,
              51.7969534
            ],
            [
              14.3472338,
              51.7970378
            ],
            [
              14.3472078,
              51.7971928
            ],
            [
              14.3467909,
              51.7970938
            ],
            [
              14.3467148,
              51.7970735
            ],
            [
              14.3464987,
              51.7970245
            ],
            [
              14.3464735,
              51.7970188
            ],
            [
              14.3461509,
              51.7969659
            ],
            [
              14.3459961,
              51.7969405
            ],
            [
              14.3456707,
              51.7968872
            ],
            [
              14.3455983,
              51.796874
            ],
            [
              14.3448267,
              51.7967332
            ],
            [
              14.3441114,
              51.7966028
            ],
            [
              14.3430367,
              51.7964067
            ],
            [
              14.3429607,
              51.7965197
            ],
            [
              14.3427481,
              51.7964622
            ],
            [
              14.3426885,
              51.7965378
            ],
            [
              14.3421671,
              51.7964788
            ],
            [
              14.3421051,
              51.7965844
            ],
            [
              14.3417811,
              51.7965168
            ],
            [
              14.3417308,
              51.7965888
            ],
            [
              14.3413012,
              51.7965059
            ],
            [
              14.3403383,
              51.7963352
            ],
            [
              14.340211,
              51.7966205
            ],
            [
              14.3399539,
              51.7965687
            ],
            [
              14.3394711,
              51.7964714
            ],
            [
              14.3384946,
              51.7963384
            ],
            [
              14.3381847,
              51.7962905
            ],
            [
              14.3380716,
              51.7962746
            ],
            [
              14.3380874,
              51.7964631
            ],
            [
              14.3379243,
              51.7964473
            ],
            [
              14.3379043,
              51.7964454
            ],
            [
              14.3377709,
              51.7964324
            ],
            [
              14.3376951,
              51.7966338
            ],
            [
              14.3376261,
              51.7966204
            ],
            [
              14.3375369,
              51.7966029
            ],
            [
              14.3372165,
              51.7965403
            ],
            [
              14.3368726,
              51.7964737
            ],
            [
              14.3364302,
              51.7963867
            ],
            [
              14.3357769,
              51.7962591
            ],
            [
              14.335531,
              51.7962112
            ],
            [
              14.3352127,
              51.7961491
            ],
            [
              14.3348392,
              51.7960762
            ],
            [
              14.3344939,
              51.7960088
            ],
            [
              14.3342189,
              51.7959552
            ],
            [
              14.3330118,
              51.7957255
            ],
            [
              14.3326209,
              51.7956525
            ],
            [
              14.3325047,
              51.7957925
            ],
            [
              14.3319661,
              51.795651
            ],
            [
              14.3318522,
              51.7958989
            ],
            [
              14.331846,
              51.7959123
            ],
            [
              14.3317924,
              51.7961257
            ],
            [
              14.3317878,
              51.7961436
            ],
            [
              14.3317711,
              51.79621
            ],
            [
              14.3317135,
              51.7961843
            ],
            [
              14.3315564,
              51.7961142
            ],
            [
              14.3309865,
              51.79586
            ],
            [
              14.3296588,
              51.7954152
            ],
            [
              14.3292506,
              51.7952785
            ],
            [
              14.3285076,
              51.7950296
            ],
            [
              14.328426,
              51.7949517
            ],
            [
              14.3263183,
              51.7940959
            ],
            [
              14.326197,
              51.7940483
            ],
            [
              14.3261835,
              51.7940428
            ],
            [
              14.325968,
              51.7939554
            ],
            [
              14.3255207,
              51.7937741
            ],
            [
              14.3235597,
              51.7929792
            ],
            [
              14.3233657,
              51.7929042
            ],
            [
              14.3232782,
              51.7929092
            ],
            [
              14.3201366,
              51.7916875
            ],
            [
              14.3185302,
              51.7910945
            ],
            [
              14.3180956,
              51.7908808
            ],
            [
              14.3178203,
              51.7907901
            ],
            [
              14.3164484,
              51.7902671
            ],
            [
              14.3159462,
              51.7900685
            ],
            [
              14.3156207,
              51.7899397
            ],
            [
              14.3155803,
              51.7899237
            ],
            [
              14.3153832,
              51.7898457
            ],
            [
              14.3150108,
              51.7896984
            ],
            [
              14.3140907,
              51.7893348
            ],
            [
              14.3137834,
              51.7892129
            ],
            [
              14.3132977,
              51.7890209
            ],
            [
              14.3132165,
              51.7889888
            ],
            [
              14.3118433,
              51.7884494
            ],
            [
              14.3099559,
              51.7877042
            ],
            [
              14.310275,
              51.787411
            ],
            [
              14.3103939,
              51.7873018
            ],
            [
              14.3107988,
              51.7869404
            ],
            [
              14.3109725,
              51.7867854
            ],
            [
              14.3111474,
              51.78663
            ],
            [
              14.3114089,
              51.7863945
            ],
            [
              14.3115784,
              51.7862418
            ],
            [
              14.3115932,
              51.7862284
            ],
            [
              14.3116261,
              51.7861989
            ],
            [
              14.3117709,
              51.7860684
            ],
            [
              14.3119849,
              51.7858756
            ],
            [
              14.3120138,
              51.7858465
            ],
            [
              14.3120628,
              51.7858056
            ],
            [
              14.3120678,
              51.7858012
            ],
            [
              14.3120988,
              51.7857744
            ],
            [
              14.3123474,
              51.7855536
            ],
            [
              14.3126017,
              51.7853293
            ],
            [
              14.3130146,
              51.7849592
            ],
            [
              14.3132173,
              51.7847783
            ],
            [
              14.312898,
              51.7848245
            ],
            [
              14.3129819,
              51.7847484
            ],
            [
              14.3131302,
              51.7846139
            ],
            [
              14.3135558,
              51.7842421
            ],
            [
              14.313444,
              51.7841933
            ],
            [
              14.3125279,
              51.783793
            ],
            [
              14.3112324,
              51.7832268
            ],
            [
              14.3111798,
              51.7831649
            ],
            [
              14.3110642,
              51.7830299
            ],
            [
              14.3109639,
              51.7829141
            ],
            [
              14.3108995,
              51.7828373
            ],
            [
              14.3107315,
              51.7827868
            ],
            [
              14.3088869,
              51.7822782
            ],
            [
              14.3073287,
              51.7818485
            ],
            [
              14.3071787,
              51.7822981
            ],
            [
              14.3071205,
              51.7824757
            ],
            [
              14.3070826,
              51.7825886
            ],
            [
              14.3068723,
              51.7825521
            ],
            [
              14.3067615,
              51.7825336
            ],
            [
              14.3055196,
              51.7823229
            ],
            [
              14.3051479,
              51.78226
            ],
            [
              14.305021,
              51.7822385
            ],
            [
              14.3048956,
              51.7822173
            ],
            [
              14.3047724,
              51.7821963
            ],
            [
              14.3046463,
              51.7821751
            ],
            [
              14.3045221,
              51.7821541
            ],
            [
              14.3043979,
              51.7821332
            ],
            [
              14.3042738,
              51.7821121
            ],
            [
              14.3041503,
              51.7820912
            ],
            [
              14.3035524,
              51.78199
            ],
            [
              14.302364,
              51.7817887
            ],
            [
              14.3021981,
              51.7817607
            ],
            [
              14.3019527,
              51.7817193
            ],
            [
              14.3017058,
              51.7816776
            ],
            [
              14.301459,
              51.7816357
            ],
            [
              14.3012126,
              51.7815942
            ],
            [
              14.3009665,
              51.7815523
            ],
            [
              14.300721,
              51.781511
            ],
            [
              14.3004738,
              51.7814692
            ],
            [
              14.3002268,
              51.7814272
            ],
            [
              14.2999814,
              51.7813857
            ],
            [
              14.2997361,
              51.7813441
            ],
            [
              14.2994888,
              51.7813022
            ],
            [
              14.2992434,
              51.7812609
            ],
            [
              14.2989968,
              51.7812191
            ],
            [
              14.298751,
              51.7811774
            ],
            [
              14.2985046,
              51.7811359
            ],
            [
              14.2982583,
              51.7810943
            ],
            [
              14.2980128,
              51.7810528
            ],
            [
              14.2977665,
              51.7810108
            ],
            [
              14.297548,
              51.780974
            ],
            [
              14.2973298,
              51.7809365
            ],
            [
              14.2970772,
              51.7808938
            ],
            [
              14.2968256,
              51.7808515
            ],
            [
              14.2965185,
              51.7807994
            ],
            [
              14.2963406,
              51.7807695
            ],
            [
              14.2962121,
              51.7807479
            ],
            [
              14.2958636,
              51.7806886
            ],
            [
              14.2954986,
              51.7806269
            ],
            [
              14.2950817,
              51.7805563
            ],
            [
              14.2944824,
              51.7804549
            ],
            [
              14.294461,
              51.7804512
            ],
            [
              14.2941401,
              51.7803969
            ],
            [
              14.2937976,
              51.7803389
            ],
            [
              14.2934078,
              51.7802729
            ],
            [
              14.2930182,
              51.7802069
            ],
            [
              14.2926279,
              51.7801409
            ],
            [
              14.2922382,
              51.7800749
            ],
            [
              14.2913807,
              51.77993
            ],
            [
              14.2912752,
              51.7799119
            ],
            [
              14.2912527,
              51.7799783
            ],
            [
              14.2906186,
              51.7798713
            ]
          ]
        ]
      }
    },
    {
      "type": "Feature",
      "properties": {
        "name": "Sandow",
        "city": "Cottbus",
        "osm_id": 1626396,
        "osm_type": "relation",
        "display": "Sandow, Cottbus, Brandenburg, 03042, Deutschland"
      },
      "geometry": {
        "type": "Polygon",
        "coordinates": [
          [
            [
              14.3388218,
              51.7653937
            ],
            [
              14.3388823,
              51.7652357
            ],
            [
              14.3389061,
              51.7651734
            ],
            [
              14.3390624,
              51.7647654
            ],
            [
              14.3393193,
              51.7645466
            ],
            [
              14.3400246,
              51.7640925
            ],
            [
              14.340096,
              51.7640465
            ],
            [
              14.3402132,
              51.7639781
            ],
            [
              14.3402879,
              51.7639345
            ],
            [
              14.3407387,
              51.7636808
            ],
            [
              14.3408231,
              51.7636333
            ],
            [
              14.3411816,
              51.7632949
            ],
            [
              14.3412314,
              51.7632479
            ],
            [
              14.3414407,
              51.7625842
            ],
            [
              14.3414608,
              51.7625201
            ],
            [
              14.3415318,
              51.7622951
            ],
            [
              14.3415352,
              51.7622207
            ],
            [
              14.3415457,
              51.7619905
            ],
            [
              14.3415618,
              51.7616352
            ],
            [
              14.3416441,
              51.7609965
            ],
            [
              14.3416515,
              51.7609391
            ],
            [
              14.3417438,
              51.760223
            ],
            [
              14.3418525,
              51.7593792
            ],
            [
              14.3418624,
              51.7593027
            ],
            [
              14.3419196,
              51.758859
            ],
            [
              14.341994,
              51.757857
            ],
            [
              14.3419838,
              51.757772
            ],
            [
              14.3419778,
              51.7577213
            ],
            [
              14.3419264,
              51.7572914
            ],
            [
              14.3419046,
              51.7572112
            ],
            [
              14.3417831,
              51.7567651
            ],
            [
              14.3417553,
              51.7566629
            ],
            [
              14.3417643,
              51.7565748
            ],
            [
              14.341768,
              51.7565394
            ],
            [
              14.3417702,
              51.7565167
            ],
            [
              14.3417936,
              51.7562858
            ],
            [
              14.3419012,
              51.7561945
            ],
            [
              14.3419608,
              51.756144
            ],
            [
              14.3420075,
              51.7561043
            ],
            [
              14.3420603,
              51.7560596
            ],
            [
              14.3423429,
              51.755611
            ],
            [
              14.3425033,
              51.7551602
            ],
            [
              14.3424668,
              51.7547632
            ],
            [
              14.3424589,
              51.7546771
            ],
            [
              14.3424516,
              51.7545976
            ],
            [
              14.3424421,
              51.7544945
            ],
            [
              14.3423392,
              51.7540866
            ],
            [
              14.3422624,
              51.7538881
            ],
            [
              14.3421913,
              51.7536612
            ],
            [
              14.3420981,
              51.7533636
            ],
            [
              14.3420735,
              51.753116
            ],
            [
              14.3420687,
              51.7530676
            ],
            [
              14.3420535,
              51.752914
            ],
            [
              14.3421429,
              51.7527543
            ],
            [
              14.3421499,
              51.7527417
            ],
            [
              14.3421584,
              51.7527264
            ],
            [
              14.3421779,
              51.7526912
            ],
            [
              14.342247,
              51.7525667
            ],
            [
              14.3422167,
              51.7523545
            ],
            [
              14.3423533,
              51.7520834
            ],
            [
              14.3427826,
              51.7515678
            ],
            [
              14.3433157,
              51.7511198
            ],
            [
              14.3433798,
              51.7510669
            ],
            [
              14.3437285,
              51.7509007
            ],
            [
              14.3439953,
              51.7508439
            ],
            [
              14.3444541,
              51.7506522
            ],
            [
              14.3445026,
              51.7506319
            ],
            [
              14.3447943,
              51.75051
            ],
            [
              14.3448832,
              51.7504705
            ],
            [
              14.3449523,
              51.7504398
            ],
            [
              14.3449874,
              51.7504243
            ],
            [
              14.3450195,
              51.75041
            ],
            [
              14.3451355,
              51.7503404
            ],
            [
              14.345286,
              51.7502524
            ],
            [
              14.3452883,
              51.7502511
            ],
            [
              14.3453103,
              51.7502382
            ],
            [
              14.3455172,
              51.7500438
            ],
            [
              14.3456503,
              51.7498653
            ],
            [
              14.3457306,
              51.7496991
            ],
            [
              14.3457878,
              51.7494487
            ],
            [
              14.3457733,
              51.7492482
            ],
            [
              14.3456125,
              51.748847
            ],
            [
              14.3453565,
              51.7484083
            ],
            [
              14.3452358,
              51.7480588
            ],
            [
              14.3452365,
              51.7478628
            ],
            [
              14.3452371,
              51.7477185
            ],
            [
              14.345368,
              51.7471578
            ],
            [
              14.3453488,
              51.7468445
            ],
            [
              14.345197,
              51.7465723
            ],
            [
              14.3447053,
              51.7461458
            ],
            [
              14.3443886,
              51.7458162
            ],
            [
              14.3441733,
              51.7455415
            ],
            [
              14.3440417,
              51.7453183
            ],
            [
              14.3439349,
              51.7448552
            ],
            [
              14.3439627,
              51.7446126
            ],
            [
              14.3438901,
              51.7442305
            ],
            [
              14.3436986,
              51.7436809
            ],
            [
              14.3436811,
              51.7434913
            ],
            [
              14.3437222,
              51.743202
            ],
            [
              14.3438153,
              51.7427305
            ],
            [
              14.3441386,
              51.7422515
            ],
            [
              14.3444948,
              51.7420052
            ],
            [
              14.3447235,
              51.7418469
            ],
            [
              14.3448928,
              51.7417298
            ],
            [
              14.3454988,
              51.7413107
            ],
            [
              14.3464186,
              51.740827
            ],
            [
              14.3470548,
              51.740738
            ],
            [
              14.3483126,
              51.7405652
            ],
            [
              14.3494991,
              51.7406493
            ],
            [
              14.3503969,
              51.7406023
            ],
            [
              14.3512527,
              51.7403574
            ],
            [
              14.3525285,
              51.7401002
            ],
            [
              14.3534851,
              51.7396899
            ],
            [
              14.3536319,
              51.7396269
            ],
            [
              14.3547513,
              51.7389379
            ],
            [
              14.3555065,
              51.7385715
            ],
            [
              14.3558125,
              51.7382847
            ],
            [
              14.3561351,
              51.7376744
            ],
            [
              14.356836,
              51.7367776
            ],
            [
              14.3571002,
              51.7362301
            ],
            [
              14.3571328,
              51.7357
            ],
            [
              14.3569052,
              51.7351063
            ],
            [
              14.3564172,
              51.734494
            ],
            [
              14.3560147,
              51.7340795
            ],
            [
              14.3560163,
              51.7339791
            ],
            [
              14.3560181,
              51.7338646
            ],
            [
              14.3563692,
              51.7338645
            ],
            [
              14.3563895,
              51.7338637
            ],
            [
              14.3563892,
              51.7338615
            ],
            [
              14.3563764,
              51.7337576
            ],
            [
              14.3567293,
              51.7337117
            ],
            [
              14.3568399,
              51.7336978
            ],
            [
              14.3581336,
              51.7338506
            ],
            [
              14.3582481,
              51.7338641
            ],
            [
              14.358337,
              51.7338745
            ],
            [
              14.358261,
              51.734145
            ],
            [
              14.3581064,
              51.7344404
            ],
            [
              14.357989,
              51.7347278
            ],
            [
              14.3578935,
              51.734801
            ],
            [
              14.3577115,
              51.7349405
            ],
            [
              14.3581627,
              51.7349689
            ],
            [
              14.3586549,
              51.7350024
            ],
            [
              14.3594469,
              51.7350543
            ],
            [
              14.3595668,
              51.7350625
            ],
            [
              14.3595211,
              51.7351855
            ],
            [
              14.3595111,
              51.735212
            ],
            [
              14.3594724,
              51.7353718
            ],
            [
              14.3594358,
              51.7355264
            ],
            [
              14.3594248,
              51.7355736
            ],
            [
              14.3593296,
              51.7358108
            ],
            [
              14.3592325,
              51.736053
            ],
            [
              14.3591168,
              51.7363418
            ],
            [
              14.3591125,
              51.7363755
            ],
            [
              14.3592428,
              51.7363842
            ],
            [
              14.3607801,
              51.7364861
            ],
            [
              14.3613028,
              51.7367147
            ],
            [
              14.3612178,
              51.7370159
            ],
            [
              14.3611833,
              51.737142
            ],
            [
              14.3609284,
              51.738074
            ],
            [
              14.361121,
              51.7383637
            ],
            [
              14.3611363,
              51.7383867
            ],
            [
              14.361246,
              51.7383745
            ],
            [
              14.3615755,
              51.7383766
            ],
            [
              14.3618304,
              51.7384038
            ],
            [
              14.362007,
              51.738427
            ],
            [
              14.3620155,
              51.7384288
            ],
            [
              14.3622562,
              51.738478
            ],
            [
              14.3627302,
              51.7385744
            ],
            [
              14.3629667,
              51.7386233
            ],
            [
              14.363357,
              51.7387031
            ],
            [
              14.3634534,
              51.7387229
            ],
            [
              14.3636805,
              51.7387693
            ],
            [
              14.3648692,
              51.7390125
            ],
            [
              14.3649637,
              51.738971
            ],
            [
              14.3649305,
              51.7390952
            ],
            [
              14.3647951,
              51.7396029
            ],
            [
              14.3646992,
              51.739963
            ],
            [
              14.3645709,
              51.7403706
            ],
            [
              14.3649082,
              51.7403612
            ],
            [
              14.364992,
              51.7403589
            ],
            [
              14.3651141,
              51.7403555
            ],
            [
              14.3655221,
              51.7403443
            ],
            [
              14.3657856,
              51.740337
            ],
            [
              14.3659625,
              51.7403321
            ],
            [
              14.3662764,
              51.7403234
            ],
            [
              14.3664797,
              51.7403178
            ],
            [
              14.3667271,
              51.7402988
            ],
            [
              14.3668565,
              51.7402888
            ],
            [
              14.367078,
              51.7402718
            ],
            [
              14.3672339,
              51.7402452
            ],
            [
              14.3673601,
              51.7402198
            ],
            [
              14.3684436,
              51.7399874
            ],
            [
              14.3686034,
              51.7399532
            ],
            [
              14.3689528,
              51.7399463
            ],
            [
              14.3692172,
              51.7399412
            ],
            [
              14.3698852,
              51.7398317
            ],
            [
              14.3699791,
              51.7398242
            ],
            [
              14.3714343,
              51.7397084
            ],
            [
              14.3714156,
              51.7396372
            ],
            [
              14.3714015,
              51.7396083
            ],
            [
              14.3716941,
              51.7396008
            ],
            [
              14.3720115,
              51.7395882
            ],
            [
              14.3726821,
              51.7395616
            ],
            [
              14.3735589,
              51.7395267
            ],
            [
              14.3747134,
              51.7394809
            ],
            [
              14.3752258,
              51.7394605
            ],
            [
              14.3752154,
              51.7395078
            ],
            [
              14.3751751,
              51.7398648
            ],
            [
              14.3751823,
              51.7399247
            ],
            [
              14.3751742,
              51.740183
            ],
            [
              14.3750007,
              51.7405446
            ],
            [
              14.3749967,
              51.7405529
            ],
            [
              14.3749598,
              51.7406298
            ],
            [
              14.374889,
              51.7407771
            ],
            [
              14.3748203,
              51.741163
            ],
            [
              14.3748529,
              51.7414195
            ],
            [
              14.3749215,
              51.7419587
            ],
            [
              14.3742403,
              51.7420173
            ],
            [
              14.3736926,
              51.7420643
            ],
            [
              14.3732794,
              51.7420998
            ],
            [
              14.3722797,
              51.7421655
            ],
            [
              14.3720768,
              51.7423856
            ],
            [
              14.3718908,
              51.7425873
            ],
            [
              14.3716681,
              51.7426196
            ],
            [
              14.3716915,
              51.7430006
            ],
            [
              14.3717013,
              51.7431595
            ],
            [
              14.371387,
              51.743203
            ],
            [
              14.3713835,
              51.7432035
            ],
            [
              14.370201,
              51.7432895
            ],
            [
              14.3702322,
              51.7433292
            ],
            [
              14.3701733,
              51.7435696
            ],
            [
              14.370138,
              51.7437134
            ],
            [
              14.3701837,
              51.7439242
            ],
            [
              14.3701753,
              51.7439758
            ],
            [
              14.3700016,
              51.744171
            ],
            [
              14.3699509,
              51.7442279
            ],
            [
              14.3703648,
              51.7448918
            ],
            [
              14.3707204,
              51.7453838
            ],
            [
              14.3711784,
              51.7460177
            ],
            [
              14.3711255,
              51.746032
            ],
            [
              14.3709103,
              51.7461112
            ],
            [
              14.3693521,
              51.746629
            ],
            [
              14.3684499,
              51.7469288
            ],
            [
              14.3670264,
              51.7474017
            ],
            [
              14.3653855,
              51.7479469
            ],
            [
              14.3660674,
              51.7489198
            ],
            [
              14.3663686,
              51.7493495
            ],
            [
              14.367134,
              51.7505125
            ],
            [
              14.3666159,
              51.7506729
            ],
            [
              14.3663328,
              51.7507423
            ],
            [
              14.3665911,
              51.7508282
            ],
            [
              14.3666399,
              51.7508683
            ],
            [
              14.367219,
              51.7513445
            ],
            [
              14.3675968,
              51.7516552
            ],
            [
              14.3677975,
              51.7518202
            ],
            [
              14.3679039,
              51.7519086
            ],
            [
              14.3680907,
              51.7520616
            ],
            [
              14.3683001,
              51.7522339
            ],
            [
              14.3685094,
              51.7524062
            ],
            [
              14.3687188,
              51.7525785
            ],
            [
              14.3687453,
              51.7525993
            ],
            [
              14.3688147,
              51.7526564
            ],
            [
              14.3689286,
              51.75275
            ],
            [
              14.369138,
              51.7529228
            ],
            [
              14.3693719,
              51.7531158
            ],
            [
              14.3694284,
              51.7531625
            ],
            [
              14.3694787,
              51.7532039
            ],
            [
              14.3696303,
              51.7533286
            ],
            [
              14.3697816,
              51.7534529
            ],
            [
              14.3697826,
              51.7534538
            ],
            [
              14.3699329,
              51.7535773
            ],
            [
              14.3700843,
              51.7537017
            ],
            [
              14.3702354,
              51.753826
            ],
            [
              14.3703868,
              51.7539504
            ],
            [
              14.3705287,
              51.754067
            ],
            [
              14.3705381,
              51.7540748
            ],
            [
              14.3706898,
              51.7541995
            ],
            [
              14.370841,
              51.7543237
            ],
            [
              14.3708515,
              51.7543323
            ],
            [
              14.3709924,
              51.7544481
            ],
            [
              14.3710102,
              51.7544628
            ],
            [
              14.3711438,
              51.7545726
            ],
            [
              14.3712952,
              51.754697
            ],
            [
              14.3714451,
              51.7548202
            ],
            [
              14.3715324,
              51.7548921
            ],
            [
              14.3715886,
              51.7549387
            ],
            [
              14.3716669,
              51.7550078
            ],
            [
              14.3717798,
              51.7551072
            ],
            [
              14.3718382,
              51.7551588
            ],
            [
              14.3718945,
              51.7552084
            ],
            [
              14.3719567,
              51.7552632
            ],
            [
              14.3720227,
              51.7553174
            ],
            [
              14.3721713,
              51.7554394
            ],
            [
              14.3723199,
              51.7555613
            ],
            [
              14.3724685,
              51.7556833
            ],
            [
              14.3726171,
              51.7558052
            ],
            [
              14.3727657,
              51.7559272
            ],
            [
              14.3729143,
              51.7560491
            ],
            [
              14.3730626,
              51.7561709
            ],
            [
              14.3732202,
              51.7563002
            ],
            [
              14.3733914,
              51.7564407
            ],
            [
              14.3736269,
              51.7566279
            ],
            [
              14.3737875,
              51.7567555
            ],
            [
              14.373948,
              51.7568831
            ],
            [
              14.3741011,
              51.7570048
            ],
            [
              14.374109,
              51.7570104
            ],
            [
              14.3742823,
              51.7571334
            ],
            [
              14.3745177,
              51.7573006
            ],
            [
              14.3748545,
              51.7575397
            ],
            [
              14.3748721,
              51.7575525
            ],
            [
              14.3757873,
              51.7580045
            ],
            [
              14.3758502,
              51.7580399
            ],
            [
              14.3759501,
              51.7580963
            ],
            [
              14.3760092,
              51.7581297
            ],
            [
              14.37613,
              51.7581978
            ],
            [
              14.3761942,
              51.758234
            ],
            [
              14.3763035,
              51.7582957
            ],
            [
              14.3763809,
              51.7583413
            ],
            [
              14.3765141,
              51.7584183
            ],
            [
              14.3775147,
              51.7589964
            ],
            [
              14.3777728,
              51.7591455
            ],
            [
              14.3779159,
              51.7592282
            ],
            [
              14.3778923,
              51.7592848
            ],
            [
              14.3778829,
              51.7593073
            ],
            [
              14.3778362,
              51.7594193
            ],
            [
              14.3777864,
              51.7595388
            ],
            [
              14.3776401,
              51.7598899
            ],
            [
              14.3776074,
              51.7599689
            ],
            [
              14.3775853,
              51.7600417
            ],
            [
              14.3775438,
              51.7601772
            ],
            [
              14.3775295,
              51.7602211
            ],
            [
              14.377525,
              51.7602354
            ],
            [
              14.377441,
              51.7605054
            ],
            [
              14.3774004,
              51.7606359
            ],
            [
              14.3773721,
              51.7607268
            ],
            [
              14.3773647,
              51.7607506
            ],
            [
              14.3773243,
              51.7608774
            ],
            [
              14.3772695,
              51.7610539
            ],
            [
              14.3772364,
              51.7611607
            ],
            [
              14.3772212,
              51.7612307
            ],
            [
              14.3771827,
              51.7614088
            ],
            [
              14.3771491,
              51.7615639
            ],
            [
              14.3771389,
              51.7616111
            ],
            [
              14.3770915,
              51.7618305
            ],
            [
              14.3770626,
              51.7619637
            ],
            [
              14.3769882,
              51.7623071
            ],
            [
              14.3769048,
              51.7626919
            ],
            [
              14.3768542,
              51.7629237
            ],
            [
              14.3768267,
              51.7630509
            ],
            [
              14.3768739,
              51.7637942
            ],
            [
              14.3768829,
              51.7639345
            ],
            [
              14.376884,
              51.7639539
            ],
            [
              14.3768856,
              51.7639771
            ],
            [
              14.3769102,
              51.764388
            ],
            [
              14.3769148,
              51.7644647
            ],
            [
              14.3771711,
              51.7648492
            ],
            [
              14.3773542,
              51.7648422
            ],
            [
              14.3775956,
              51.7648332
            ],
            [
              14.3776927,
              51.7648293
            ],
            [
              14.3777483,
              51.7648292
            ],
            [
              14.3779008,
              51.764828
            ],
            [
              14.3782917,
              51.7648243
            ],
            [
              14.3783471,
              51.7648239
            ],
            [
              14.3785396,
              51.7648223
            ],
            [
              14.3788877,
              51.7648194
            ],
            [
              14.378946,
              51.7648189
            ],
            [
              14.3792245,
              51.7648166
            ],
            [
              14.3794276,
              51.7648149
            ],
            [
              14.379624,
              51.7648132
            ],
            [
              14.3796245,
              51.7648132
            ],
            [
              14.3798147,
              51.7648116
            ],
            [
              14.3799722,
              51.7648103
            ],
            [
              14.3800022,
              51.76481
            ],
            [
              14.3806742,
              51.7647578
            ],
            [
              14.3809989,
              51.7647326
            ],
            [
              14.3814878,
              51.7646947
            ],
            [
              14.3823051,
              51.7646312
            ],
            [
              14.3830575,
              51.7645728
            ],
            [
              14.3847346,
              51.7644428
            ],
            [
              14.3854229,
              51.7643892
            ],
            [
              14.3860029,
              51.764344
            ],
            [
              14.3860632,
              51.7643393
            ],
            [
              14.3864135,
              51.764312
            ],
            [
              14.3867858,
              51.7644125
            ],
            [
              14.3870009,
              51.7644706
            ],
            [
              14.3875382,
              51.7644389
            ],
            [
              14.3877992,
              51.7644363
            ],
            [
              14.3879459,
              51.7644348
            ],
            [
              14.38806,
              51.7644336
            ],
            [
              14.3883208,
              51.7644309
            ],
            [
              14.3884728,
              51.7644294
            ],
            [
              14.3884753,
              51.7644293
            ],
            [
              14.3885816,
              51.7644284
            ],
            [
              14.3886966,
              51.7644271
            ],
            [
              14.3886994,
              51.7644271
            ],
            [
              14.3888133,
              51.7644259
            ],
            [
              14.388841,
              51.7644256
            ],
            [
              14.3888424,
              51.7644256
            ],
            [
              14.3884225,
              51.7650198
            ],
            [
              14.3882362,
              51.7652835
            ],
            [
              14.3881437,
              51.7654144
            ],
            [
              14.3878687,
              51.765802
            ],
            [
              14.3872618,
              51.7666625
            ],
            [
              14.3868804,
              51.7672016
            ],
            [
              14.3864115,
              51.7678655
            ],
            [
              14.3864039,
              51.7678763
            ],
            [
              14.3862153,
              51.7681433
            ],
            [
              14.386191,
              51.7681582
            ],
            [
              14.3858706,
              51.7683552
            ],
            [
              14.3858013,
              51.7683978
            ],
            [
              14.384985,
              51.7688997
            ],
            [
              14.3847082,
              51.7690698
            ],
            [
              14.3845602,
              51.7691608
            ],
            [
              14.3843852,
              51.7692777
            ],
            [
              14.3834972,
              51.7698708
            ],
            [
              14.3833514,
              51.7699682
            ],
            [
              14.38281,
              51.7703299
            ],
            [
              14.3825083,
              51.770531
            ],
            [
              14.3824231,
              51.7705881
            ],
            [
              14.3823402,
              51.7706431
            ],
            [
              14.382185,
              51.7707471
            ],
            [
              14.38154,
              51.7704632
            ],
            [
              14.3813924,
              51.7703982
            ],
            [
              14.3813117,
              51.7703531
            ],
            [
              14.3813059,
              51.7703498
            ],
            [
              14.381267,
              51.7704118
            ],
            [
              14.3810923,
              51.7706905
            ],
            [
              14.3808601,
              51.7710609
            ],
            [
              14.3805336,
              51.7715818
            ],
            [
              14.3804495,
              51.7717159
            ],
            [
              14.3801606,
              51.7721768
            ],
            [
              14.3798346,
              51.7720377
            ],
            [
              14.3796381,
              51.7719538
            ],
            [
              14.3794496,
              51.7718734
            ],
            [
              14.3793204,
              51.7718182
            ],
            [
              14.3792919,
              51.7718061
            ],
            [
              14.3792174,
              51.7717738
            ],
            [
              14.3791095,
              51.771727
            ],
            [
              14.3790008,
              51.7716807
            ],
            [
              14.3788903,
              51.7716335
            ],
            [
              14.3787937,
              51.7715935
            ],
            [
              14.3786633,
              51.7715379
            ],
            [
              14.37805,
              51.7712762
            ],
            [
              14.3780369,
              51.7712917
            ],
            [
              14.3773284,
              51.7721268
            ],
            [
              14.377147,
              51.7723405
            ],
            [
              14.3768902,
              51.7726432
            ],
            [
              14.3750254,
              51.7716854
            ],
            [
              14.3746999,
              51.7715184
            ],
            [
              14.3746504,
              51.7714928
            ],
            [
              14.3746082,
              51.7714703
            ],
            [
              14.3745902,
              51.7715033
            ],
            [
              14.3745635,
              51.771552
            ],
            [
              14.3745544,
              51.7715693
            ],
            [
              14.37452,
              51.7716331
            ],
            [
              14.3744931,
              51.7716832
            ],
            [
              14.3743953,
              51.7718658
            ],
            [
              14.3743535,
              51.7719437
            ],
            [
              14.3743323,
              51.7719832
            ],
            [
              14.3742996,
              51.7720437
            ],
            [
              14.3742767,
              51.7720865
            ],
            [
              14.3742498,
              51.7721368
            ],
            [
              14.3742147,
              51.7722025
            ],
            [
              14.374198,
              51.7722325
            ],
            [
              14.3741281,
              51.7723618
            ],
            [
              14.3741039,
              51.772406
            ],
            [
              14.3744985,
              51.7724846
            ],
            [
              14.3747848,
              51.7726344
            ],
            [
              14.3749878,
              51.7729475
            ],
            [
              14.3750186,
              51.7731257
            ],
            [
              14.3744445,
              51.7738708
            ],
            [
              14.374491,
              51.7740787
            ],
            [
              14.3750135,
              51.7744447
            ],
            [
              14.3751643,
              51.7746478
            ],
            [
              14.3752165,
              51.7749637
            ],
            [
              14.3747926,
              51.7749514
            ],
            [
              14.3719229,
              51.7748665
            ],
            [
              14.3718871,
              51.774616
            ],
            [
              14.3717988,
              51.7746537
            ],
            [
              14.3703045,
              51.774612
            ],
            [
              14.3679749,
              51.7745439
            ],
            [
              14.3682634,
              51.775537
            ],
            [
              14.3684685,
              51.7763928
            ],
            [
              14.3686582,
              51.7770027
            ],
            [
              14.3688812,
              51.7779289
            ],
            [
              14.3689263,
              51.7780813
            ],
            [
              14.3689707,
              51.7782806
            ],
            [
              14.3689881,
              51.7783861
            ],
            [
              14.3690147,
              51.7785092
            ],
            [
              14.3690691,
              51.7786675
            ],
            [
              14.3690954,
              51.7788082
            ],
            [
              14.3691304,
              51.7790074
            ],
            [
              14.3692121,
              51.779242
            ],
            [
              14.3692376,
              51.7794412
            ],
            [
              14.3692717,
              51.7797048
            ],
            [
              14.3693159,
              51.7799158
            ],
            [
              14.3693879,
              51.7801679
            ],
            [
              14.3694511,
              51.7803264
            ],
            [
              14.3690363,
              51.7803175
            ],
            [
              14.3689019,
              51.7803147
            ],
            [
              14.3688538,
              51.780314
            ],
            [
              14.3688141,
              51.7803135
            ],
            [
              14.3686658,
              51.7803117
            ],
            [
              14.3684819,
              51.780323
            ],
            [
              14.3684288,
              51.7803214
            ],
            [
              14.3683633,
              51.7803194
            ],
            [
              14.3682089,
              51.7804598
            ],
            [
              14.3681758,
              51.7804899
            ],
            [
              14.368114,
              51.7805461
            ],
            [
              14.3678076,
              51.7808252
            ],
            [
              14.3670953,
              51.7814732
            ],
            [
              14.3667529,
              51.7817847
            ],
            [
              14.3662639,
              51.7822295
            ],
            [
              14.3662354,
              51.7822555
            ],
            [
              14.3661957,
              51.7822916
            ],
            [
              14.365822,
              51.7826316
            ],
            [
              14.3658061,
              51.782646
            ],
            [
              14.3657482,
              51.7826987
            ],
            [
              14.365723,
              51.7827217
            ],
            [
              14.3656144,
              51.7828107
            ],
            [
              14.3654694,
              51.7827933
            ],
            [
              14.3645832,
              51.782687
            ],
            [
              14.3643615,
              51.7826216
            ],
            [
              14.3640481,
              51.782529
            ],
            [
              14.3639699,
              51.7825059
            ],
            [
              14.3638385,
              51.7824671
            ],
            [
              14.3631375,
              51.7822122
            ],
            [
              14.3625927,
              51.7820599
            ],
            [
              14.3622987,
              51.7819777
            ],
            [
              14.3622406,
              51.7819614
            ],
            [
              14.3621815,
              51.7819449
            ],
            [
              14.3619814,
              51.7819067
            ],
            [
              14.3613102,
              51.7817785
            ],
            [
              14.3607827,
              51.781607
            ],
            [
              14.3607061,
              51.7815821
            ],
            [
              14.3604948,
              51.7815134
            ],
            [
              14.3603371,
              51.7814369
            ],
            [
              14.3600185,
              51.7812824
            ],
            [
              14.3596066,
              51.7810827
            ],
            [
              14.359448,
              51.7810058
            ],
            [
              14.3591414,
              51.7808571
            ],
            [
              14.3587523,
              51.7806684
            ],
            [
              14.3585557,
              51.7805731
            ],
            [
              14.3583726,
              51.7804111
            ],
            [
              14.3581322,
              51.7801986
            ],
            [
              14.3579234,
              51.7799147
            ],
            [
              14.3578526,
              51.7797823
            ],
            [
              14.3577476,
              51.7795863
            ],
            [
              14.3576665,
              51.7794346
            ],
            [
              14.3576629,
              51.7793536
            ],
            [
              14.3576527,
              51.7791211
            ],
            [
              14.3576873,
              51.7789077
            ],
            [
              14.3577281,
              51.7786819
            ],
            [
              14.3577792,
              51.778407
            ],
            [
              14.3578579,
              51.7778556
            ],
            [
              14.3578752,
              51.7774678
            ],
            [
              14.3578846,
              51.777137
            ],
            [
              14.3578589,
              51.7766187
            ],
            [
              14.3578135,
              51.7763243
            ],
            [
              14.3577951,
              51.7761266
            ],
            [
              14.3576213,
              51.7757348
            ],
            [
              14.3574294,
              51.7753266
            ],
            [
              14.3573671,
              51.7752476
            ],
            [
              14.3571151,
              51.7749323
            ],
            [
              14.356928,
              51.7747319
            ],
            [
              14.3566242,
              51.7744064
            ],
            [
              14.3565162,
              51.7742908
            ],
            [
              14.3562271,
              51.7739811
            ],
            [
              14.3561736,
              51.7737702
            ],
            [
              14.3560528,
              51.7732947
            ],
            [
              14.3560251,
              51.7731859
            ],
            [
              14.3562369,
              51.7728867
            ],
            [
              14.3564605,
              51.7725707
            ],
            [
              14.3566117,
              51.7721874
            ],
            [
              14.356564,
              51.7717847
            ],
            [
              14.3565592,
              51.7716792
            ],
            [
              14.356479,
              51.7715675
            ],
            [
              14.3561999,
              51.7712809
            ],
            [
              14.3560553,
              51.7710686
            ],
            [
              14.3559569,
              51.7708801
            ],
            [
              14.3558301,
              51.7706369
            ],
            [
              14.3555476,
              51.7701102
            ],
            [
              14.355211,
              51.7695198
            ],
            [
              14.355085,
              51.7692988
            ],
            [
              14.3549798,
              51.7690058
            ],
            [
              14.3547711,
              51.7684248
            ],
            [
              14.3546371,
              51.7682739
            ],
            [
              14.3544959,
              51.7681877
            ],
            [
              14.3540271,
              51.7679826
            ],
            [
              14.3536927,
              51.7678602
            ],
            [
              14.3530286,
              51.7676827
            ],
            [
              14.3527492,
              51.7675988
            ],
            [
              14.3524448,
              51.7675435
            ],
            [
              14.3513746,
              51.7673491
            ],
            [
              14.3512942,
              51.7673345
            ],
            [
              14.3507949,
              51.7672437
            ],
            [
              14.3497738,
              51.7671552
            ],
            [
              14.3496717,
              51.7671464
            ],
            [
              14.3492203,
              51.7671301
            ],
            [
              14.3490117,
              51.7671236
            ],
            [
              14.3480738,
              51.7672353
            ],
            [
              14.3479879,
              51.7672456
            ],
            [
              14.3464631,
              51.7674272
            ],
            [
              14.3463732,
              51.7674379
            ],
            [
              14.3451387,
              51.7675849
            ],
            [
              14.3450589,
              51.7675917
            ],
            [
              14.3449696,
              51.7675994
            ],
            [
              14.3448119,
              51.7676128
            ],
            [
              14.3440501,
              51.7676779
            ],
            [
              14.3432413,
              51.767747
            ],
            [
              14.34317,
              51.7677389
            ],
            [
              14.3431061,
              51.7677316
            ],
            [
              14.342327,
              51.7676432
            ],
            [
              14.3421305,
              51.7676209
            ],
            [
              14.3417329,
              51.7675758
            ],
            [
              14.3416499,
              51.7675663
            ],
            [
              14.3415747,
              51.7675493
            ],
            [
              14.341229,
              51.7674708
            ],
            [
              14.3407173,
              51.7672432
            ],
            [
              14.3401602,
              51.7669955
            ],
            [
              14.3401002,
              51.7669688
            ],
            [
              14.3400502,
              51.7669465
            ],
            [
              14.3399642,
              51.7669083
            ],
            [
              14.3392289,
              51.7663883
            ],
            [
              14.3391491,
              51.7662843
            ],
            [
              14.3391217,
              51.7662486
            ],
            [
              14.339028,
              51.7661264
            ],
            [
              14.3389987,
              51.7660884
            ],
            [
              14.3389713,
              51.7660527
            ],
            [
              14.3388788,
              51.7659322
            ],
            [
              14.3388594,
              51.7657485
            ],
            [
              14.3388218,
              51.7653937
            ]
          ]
        ]
      }
    },
    {
      "type": "Feature",
      "properties": {
        "name": "Spremberger Vorstadt",
        "city": "Cottbus",
        "osm_id": 1626672,
        "osm_type": "relation",
        "display": "Spremberger Vorstadt, Cottbus, Brandenburg, Deutschland"
      },
      "geometry": {
        "type": "Polygon",
        "coordinates": [
          [
            [
              14.3008079,
              51.7458305
            ],
            [
              14.3009235,
              51.7457993
            ],
            [
              14.3011858,
              51.745739
            ],
            [
              14.3016169,
              51.7456508
            ],
            [
              14.3020035,
              51.7455734
            ],
            [
              14.3022279,
              51.7455266
            ],
            [
              14.3022257,
              51.7455266
            ],
            [
              14.3027923,
              51.7454117
            ],
            [
              14.3035166,
              51.7452661
            ],
            [
              14.3037388,
              51.7452207
            ],
            [
              14.3037366,
              51.7452221
            ],
            [
              14.3041522,
              51.7451255
            ],
            [
              14.3045302,
              51.7450301
            ],
            [
              14.3049218,
              51.7449142
            ],
            [
              14.3052002,
              51.7448141
            ],
            [
              14.3053718,
              51.7447491
            ],
            [
              14.3056146,
              51.7446557
            ],
            [
              14.3058284,
              51.7445813
            ],
            [
              14.3060056,
              51.7445082
            ],
            [
              14.3062631,
              51.744401
            ],
            [
              14.306497,
              51.7443103
            ],
            [
              14.3067309,
              51.7442264
            ],
            [
              14.3069516,
              51.7441342
            ],
            [
              14.3071767,
              51.7440525
            ],
            [
              14.3077631,
              51.7438143
            ],
            [
              14.3082586,
              51.743613
            ],
            [
              14.3085459,
              51.7434963
            ],
            [
              14.3088656,
              51.7433664
            ],
            [
              14.3090686,
              51.7432839
            ],
            [
              14.3094028,
              51.7431601
            ],
            [
              14.3097503,
              51.743026
            ],
            [
              14.3100155,
              51.7429231
            ],
            [
              14.3102673,
              51.7428214
            ],
            [
              14.3106572,
              51.742667
            ],
            [
              14.3110229,
              51.7425082
            ],
            [
              14.3111464,
              51.7424527
            ],
            [
              14.3113034,
              51.7424109
            ],
            [
              14.3117666,
              51.742393
            ],
            [
              14.3121942,
              51.742379
            ],
            [
              14.312631,
              51.7423527
            ],
            [
              14.3129302,
              51.7423393
            ],
            [
              14.3135641,
              51.7423059
            ],
            [
              14.3140862,
              51.7422791
            ],
            [
              14.3144197,
              51.7422614
            ],
            [
              14.3146459,
              51.7422407
            ],
            [
              14.3147906,
              51.7421934
            ],
            [
              14.3150634,
              51.7420218
            ],
            [
              14.3153066,
              51.7418703
            ],
            [
              14.3154276,
              51.7417969
            ],
            [
              14.3155301,
              51.7417356
            ],
            [
              14.3156316,
              51.7416748
            ],
            [
              14.3156912,
              51.741639
            ],
            [
              14.3158221,
              51.7415607
            ],
            [
              14.3158915,
              51.7415191
            ],
            [
              14.3159456,
              51.7414867
            ],
            [
              14.3160139,
              51.7414251
            ],
            [
              14.3160213,
              51.7414185
            ],
            [
              14.3160376,
              51.7413746
            ],
            [
              14.3160561,
              51.7413069
            ],
            [
              14.3160777,
              51.7412284
            ],
            [
              14.3161059,
              51.7411916
            ],
            [
              14.3161317,
              51.741158
            ],
            [
              14.3161742,
              51.7411252
            ],
            [
              14.3162045,
              51.7411046
            ],
            [
              14.316315,
              51.7410296
            ],
            [
              14.3163399,
              51.7410086
            ],
            [
              14.3163837,
              51.7409717
            ],
            [
              14.3164336,
              51.7408917
            ],
            [
              14.3164389,
              51.7408832
            ],
            [
              14.3165071,
              51.7408412
            ],
            [
              14.3165683,
              51.7408248
            ],
            [
              14.3166194,
              51.7408139
            ],
            [
              14.3166698,
              51.7408031
            ],
            [
              14.3167515,
              51.7407727
            ],
            [
              14.3168056,
              51.7407516
            ],
            [
              14.3169563,
              51.7406887
            ],
            [
              14.3169747,
              51.7406784
            ],
            [
              14.3171142,
              51.7406007
            ],
            [
              14.317191,
              51.7405579
            ],
            [
              14.3171986,
              51.7405329
            ],
            [
              14.3172281,
              51.74045
            ],
            [
              14.3172608,
              51.7404239
            ],
            [
              14.3174358,
              51.7403302
            ],
            [
              14.3174445,
              51.7403255
            ],
            [
              14.3175765,
              51.7402543
            ],
            [
              14.3175861,
              51.7402503
            ],
            [
              14.3176383,
              51.7402286
            ],
            [
              14.3177658,
              51.7401756
            ],
            [
              14.3177719,
              51.7401658
            ],
            [
              14.317809,
              51.7401054
            ],
            [
              14.3178813,
              51.7400856
            ],
            [
              14.3179536,
              51.7400657
            ],
            [
              14.3180611,
              51.7400535
            ],
            [
              14.3181153,
              51.7400474
            ],
            [
              14.3182642,
              51.7399912
            ],
            [
              14.3183264,
              51.7399678
            ],
            [
              14.3184015,
              51.7399265
            ],
            [
              14.318431,
              51.7399219
            ],
            [
              14.3185507,
              51.7399036
            ],
            [
              14.318609,
              51.7398947
            ],
            [
              14.3186618,
              51.7398709
            ],
            [
              14.3187028,
              51.7398524
            ],
            [
              14.3188356,
              51.7397926
            ],
            [
              14.3189295,
              51.7397502
            ],
            [
              14.3189931,
              51.7397337
            ],
            [
              14.3190991,
              51.7397062
            ],
            [
              14.3191694,
              51.7396827
            ],
            [
              14.3192769,
              51.7396468
            ],
            [
              14.3193386,
              51.7396158
            ],
            [
              14.3193982,
              51.7395859
            ],
            [
              14.319456,
              51.739554
            ],
            [
              14.3195792,
              51.7394862
            ],
            [
              14.3196167,
              51.7394655
            ],
            [
              14.3197321,
              51.7394281
            ],
            [
              14.3198035,
              51.7394049
            ],
            [
              14.3198997,
              51.7393682
            ],
            [
              14.3199864,
              51.7393351
            ],
            [
              14.320049,
              51.7393031
            ],
            [
              14.3200497,
              51.7393023
            ],
            [
              14.3201089,
              51.7392386
            ],
            [
              14.3202109,
              51.7391767
            ],
            [
              14.3202777,
              51.7391583
            ],
            [
              14.3202955,
              51.7391531
            ],
            [
              14.3203015,
              51.7391514
            ],
            [
              14.3203647,
              51.739133
            ],
            [
              14.3204258,
              51.7391103
            ],
            [
              14.320444,
              51.7391035
            ],
            [
              14.3205714,
              51.7390562
            ],
            [
              14.3206091,
              51.739038
            ],
            [
              14.3206443,
              51.7390209
            ],
            [
              14.3207434,
              51.7389749
            ],
            [
              14.3208571,
              51.7389301
            ],
            [
              14.3209751,
              51.7388882
            ],
            [
              14.3210847,
              51.738816
            ],
            [
              14.3211159,
              51.7387983
            ],
            [
              14.3211413,
              51.738731
            ],
            [
              14.3211575,
              51.7386871
            ],
            [
              14.3211691,
              51.7386473
            ],
            [
              14.3212056,
              51.7385802
            ],
            [
              14.321284,
              51.7385215
            ],
            [
              14.3213937,
              51.738441
            ],
            [
              14.3214543,
              51.7383864
            ],
            [
              14.3215197,
              51.7383056
            ],
            [
              14.3215851,
              51.7382263
            ],
            [
              14.3216549,
              51.7381538
            ],
            [
              14.321747,
              51.7380649
            ],
            [
              14.3218324,
              51.7379788
            ],
            [
              14.3219178,
              51.7379009
            ],
            [
              14.3219471,
              51.7378667
            ],
            [
              14.3219795,
              51.7378392
            ],
            [
              14.3221135,
              51.7377555
            ],
            [
              14.3221526,
              51.7377256
            ],
            [
              14.3221772,
              51.7376962
            ],
            [
              14.3221873,
              51.7376004
            ],
            [
              14.3221823,
              51.737559
            ],
            [
              14.3221671,
              51.7374328
            ],
            [
              14.3221654,
              51.7373859
            ],
            [
              14.322194,
              51.7373181
            ],
            [
              14.3222037,
              51.7372951
            ],
            [
              14.3222044,
              51.7372933
            ],
            [
              14.3222485,
              51.7372613
            ],
            [
              14.3224052,
              51.737168
            ],
            [
              14.322425,
              51.7371572
            ],
            [
              14.3226839,
              51.7370172
            ],
            [
              14.3228986,
              51.7369026
            ],
            [
              14.3229818,
              51.7368648
            ],
            [
              14.32302,
              51.7368474
            ],
            [
              14.3231505,
              51.7367881
            ],
            [
              14.3232684,
              51.7367345
            ],
            [
              14.3240766,
              51.7370334
            ],
            [
              14.3245084,
              51.7371604
            ],
            [
              14.3246653,
              51.7372202
            ],
            [
              14.324722,
              51.7372425
            ],
            [
              14.3251395,
              51.737407
            ],
            [
              14.3253702,
              51.7374895
            ],
            [
              14.3254436,
              51.7375158
            ],
            [
              14.3256689,
              51.7375864
            ],
            [
              14.3258384,
              51.7376346
            ],
            [
              14.3259255,
              51.7376593
            ],
            [
              14.3259191,
              51.737669
            ],
            [
              14.3260391,
              51.7377035
            ],
            [
              14.326163,
              51.7377391
            ],
            [
              14.3261886,
              51.7377465
            ],
            [
              14.3261931,
              51.7377457
            ],
            [
              14.3262179,
              51.7377415
            ],
            [
              14.3264517,
              51.7377954
            ],
            [
              14.3265714,
              51.7378211
            ],
            [
              14.3268276,
              51.7378709
            ],
            [
              14.3271045,
              51.7379139
            ],
            [
              14.3274573,
              51.7379567
            ],
            [
              14.3275441,
              51.7379672
            ],
            [
              14.3279716,
              51.7380149
            ],
            [
              14.3279768,
              51.7380154
            ],
            [
              14.3279995,
              51.7380174
            ],
            [
              14.3283279,
              51.7380467
            ],
            [
              14.3285154,
              51.7380592
            ],
            [
              14.3286902,
              51.7380647
            ],
            [
              14.3289199,
              51.7380592
            ],
            [
              14.3290076,
              51.7380484
            ],
            [
              14.3292083,
              51.7380337
            ],
            [
              14.329712,
              51.7379868
            ],
            [
              14.3305123,
              51.7379141
            ],
            [
              14.3310404,
              51.7378722
            ],
            [
              14.3313945,
              51.7378357
            ],
            [
              14.3316025,
              51.7378188
            ],
            [
              14.3318872,
              51.7377932
            ],
            [
              14.3322811,
              51.7377751
            ],
            [
              14.3328465,
              51.7377466
            ],
            [
              14.3332548,
              51.7377399
            ],
            [
              14.3338052,
              51.7377385
            ],
            [
              14.334228,
              51.7377386
            ],
            [
              14.3344649,
              51.73774
            ],
            [
              14.3349167,
              51.7377538
            ],
            [
              14.3354412,
              51.7377772
            ],
            [
              14.3357734,
              51.7378224
            ],
            [
              14.3362039,
              51.7379603
            ],
            [
              14.3366246,
              51.7381029
            ],
            [
              14.3369624,
              51.7381841
            ],
            [
              14.3377582,
              51.7383537
            ],
            [
              14.3382505,
              51.7384474
            ],
            [
              14.3386414,
              51.7385239
            ],
            [
              14.3389031,
              51.7385774
            ],
            [
              14.3394045,
              51.7386843
            ],
            [
              14.3397862,
              51.7387544
            ],
            [
              14.340171,
              51.7388222
            ],
            [
              14.3404953,
              51.7388692
            ],
            [
              14.3409649,
              51.7389126
            ],
            [
              14.3412269,
              51.738939
            ],
            [
              14.3419804,
              51.7390111
            ],
            [
              14.3425845,
              51.7390801
            ],
            [
              14.3430938,
              51.7391463
            ],
            [
              14.3433813,
              51.7391796
            ],
            [
              14.3436469,
              51.7392128
            ],
            [
              14.3441312,
              51.7392426
            ],
            [
              14.3441967,
              51.739252
            ],
            [
              14.3444056,
              51.7389228
            ],
            [
              14.3446179,
              51.7386072
            ],
            [
              14.3447071,
              51.7384923
            ],
            [
              14.3449038,
              51.7382444
            ],
            [
              14.3450224,
              51.738107
            ],
            [
              14.3451558,
              51.7379584
            ],
            [
              14.3453039,
              51.7378009
            ],
            [
              14.3454258,
              51.7376906
            ],
            [
              14.3455664,
              51.7375443
            ],
            [
              14.3457069,
              51.7374048
            ],
            [
              14.3458398,
              51.7372879
            ],
            [
              14.3459763,
              51.737171
            ],
            [
              14.3461018,
              51.7370676
            ],
            [
              14.3462235,
              51.7369664
            ],
            [
              14.3463931,
              51.7368293
            ],
            [
              14.3465664,
              51.7366968
            ],
            [
              14.3467468,
              51.7365665
            ],
            [
              14.3469418,
              51.7364409
            ],
            [
              14.3471039,
              51.7363241
            ],
            [
              14.3472547,
              51.7362299
            ],
            [
              14.347387,
              51.7361492
            ],
            [
              14.3476076,
              51.7360169
            ],
            [
              14.3478612,
              51.7358689
            ],
            [
              14.348067,
              51.7357547
            ],
            [
              14.3482984,
              51.7356269
            ],
            [
              14.3485077,
              51.7355217
            ],
            [
              14.3486105,
              51.7354703
            ],
            [
              14.3488197,
              51.7353696
            ],
            [
              14.3490217,
              51.7352644
            ],
            [
              14.3493447,
              51.7351009
            ],
            [
              14.3496384,
              51.7349555
            ],
            [
              14.3498807,
              51.7348301
            ],
            [
              14.3501635,
              51.7346846
            ],
            [
              14.3504461,
              51.7345436
            ],
            [
              14.3506701,
              51.7344294
            ],
            [
              14.3509271,
              51.734295
            ],
            [
              14.3511768,
              51.7341697
            ],
            [
              14.3513566,
              51.7340802
            ],
            [
              14.3518522,
              51.733834
            ],
            [
              14.3524503,
              51.7335476
            ],
            [
              14.3530083,
              51.7332701
            ],
            [
              14.3533973,
              51.7330776
            ],
            [
              14.3537789,
              51.7329009
            ],
            [
              14.3539699,
              51.7327979
            ],
            [
              14.3544286,
              51.7325718
            ],
            [
              14.354719,
              51.7324287
            ],
            [
              14.3548691,
              51.7323547
            ],
            [
              14.3550932,
              51.732242
            ],
            [
              14.3554294,
              51.7324968
            ],
            [
              14.3556477,
              51.7327481
            ],
            [
              14.3558589,
              51.7331774
            ],
            [
              14.3559932,
              51.7336616
            ],
            [
              14.3560168,
              51.7337467
            ],
            [
              14.3560181,
              51.7338646
            ],
            [
              14.3560163,
              51.7339791
            ],
            [
              14.3560147,
              51.7340795
            ],
            [
              14.3564172,
              51.734494
            ],
            [
              14.3569052,
              51.7351063
            ],
            [
              14.3571328,
              51.7357
            ],
            [
              14.3571002,
              51.7362301
            ],
            [
              14.356836,
              51.7367776
            ],
            [
              14.3561351,
              51.7376744
            ],
            [
              14.3558125,
              51.7382847
            ],
            [
              14.3555065,
              51.7385715
            ],
            [
              14.3547513,
              51.7389379
            ],
            [
              14.3536319,
              51.7396269
            ],
            [
              14.3534851,
              51.7396899
            ],
            [
              14.3525285,
              51.7401002
            ],
            [
              14.3512527,
              51.7403574
            ],
            [
              14.3503969,
              51.7406023
            ],
            [
              14.3494991,
              51.7406493
            ],
            [
              14.3483126,
              51.7405652
            ],
            [
              14.3470548,
              51.740738
            ],
            [
              14.3464186,
              51.740827
            ],
            [
              14.3454988,
              51.7413107
            ],
            [
              14.3448928,
              51.7417298
            ],
            [
              14.3447235,
              51.7418469
            ],
            [
              14.3444948,
              51.7420052
            ],
            [
              14.3441386,
              51.7422515
            ],
            [
              14.3438153,
              51.7427305
            ],
            [
              14.3437222,
              51.743202
            ],
            [
              14.3436811,
              51.7434913
            ],
            [
              14.3436986,
              51.7436809
            ],
            [
              14.3438901,
              51.7442305
            ],
            [
              14.3439627,
              51.7446126
            ],
            [
              14.3439349,
              51.7448552
            ],
            [
              14.3440417,
              51.7453183
            ],
            [
              14.3441733,
              51.7455415
            ],
            [
              14.3443886,
              51.7458162
            ],
            [
              14.3447053,
              51.7461458
            ],
            [
              14.345197,
              51.7465723
            ],
            [
              14.3453488,
              51.7468445
            ],
            [
              14.345368,
              51.7471578
            ],
            [
              14.3452371,
              51.7477185
            ],
            [
              14.3452365,
              51.7478628
            ],
            [
              14.3452358,
              51.7480588
            ],
            [
              14.3453565,
              51.7484083
            ],
            [
              14.3456125,
              51.748847
            ],
            [
              14.3457733,
              51.7492482
            ],
            [
              14.3457878,
              51.7494487
            ],
            [
              14.3457306,
              51.7496991
            ],
            [
              14.3456503,
              51.7498653
            ],
            [
              14.3455172,
              51.7500438
            ],
            [
              14.3453103,
              51.7502382
            ],
            [
              14.3452883,
              51.7502511
            ],
            [
              14.345286,
              51.7502524
            ],
            [
              14.3451355,
              51.7503404
            ],
            [
              14.3450195,
              51.75041
            ],
            [
              14.3449874,
              51.7504243
            ],
            [
              14.3449523,
              51.7504398
            ],
            [
              14.3448832,
              51.7504705
            ],
            [
              14.3447943,
              51.75051
            ],
            [
              14.3445026,
              51.7506319
            ],
            [
              14.3444541,
              51.7506522
            ],
            [
              14.3439953,
              51.7508439
            ],
            [
              14.3437285,
              51.7509007
            ],
            [
              14.3433798,
              51.7510669
            ],
            [
              14.3433157,
              51.7511198
            ],
            [
              14.3427826,
              51.7515678
            ],
            [
              14.3423533,
              51.7520834
            ],
            [
              14.3422167,
              51.7523545
            ],
            [
              14.342247,
              51.7525667
            ],
            [
              14.3421779,
              51.7526912
            ],
            [
              14.3421584,
              51.7527264
            ],
            [
              14.3421499,
              51.7527417
            ],
            [
              14.3421429,
              51.7527543
            ],
            [
              14.3420407,
              51.7527326
            ],
            [
              14.3420001,
              51.752724
            ],
            [
              14.3419974,
              51.7527234
            ],
            [
              14.3416879,
              51.7526578
            ],
            [
              14.3416797,
              51.7526561
            ],
            [
              14.3416484,
              51.7527134
            ],
            [
              14.3416474,
              51.7527147
            ],
            [
              14.3416312,
              51.7527385
            ],
            [
              14.3415667,
              51.7527238
            ],
            [
              14.3415154,
              51.7527121
            ],
            [
              14.3413763,
              51.7526805
            ],
            [
              14.3409286,
              51.7525771
            ],
            [
              14.339898,
              51.752339
            ],
            [
              14.3398551,
              51.7523293
            ],
            [
              14.3397703,
              51.7523093
            ],
            [
              14.3393791,
              51.7522203
            ],
            [
              14.3392806,
              51.7521979
            ],
            [
              14.3388774,
              51.7521062
            ],
            [
              14.3385395,
              51.7520294
            ],
            [
              14.3384101,
              51.7519993
            ],
            [
              14.3384089,
              51.7519991
            ],
            [
              14.3383566,
              51.7519863
            ],
            [
              14.3384017,
              51.751969
            ],
            [
              14.338391,
              51.7519668
            ],
            [
              14.3382851,
              51.7519449
            ],
            [
              14.3382367,
              51.7519349
            ],
            [
              14.3368737,
              51.751642
            ],
            [
              14.3366778,
              51.7515999
            ],
            [
              14.3362672,
              51.7515202
            ],
            [
              14.3360852,
              51.7514858
            ],
            [
              14.3359329,
              51.7514658
            ],
            [
              14.3358567,
              51.7514444
            ],
            [
              14.3357413,
              51.7514405
            ],
            [
              14.3355607,
              51.7514343
            ],
            [
              14.3344762,
              51.7513948
            ],
            [
              14.3343478,
              51.7513915
            ],
            [
              14.3342051,
              51.7513877
            ],
            [
              14.3341454,
              51.7513862
            ],
            [
              14.3333042,
              51.7514338
            ],
            [
              14.3332981,
              51.7514346
            ],
            [
              14.3330796,
              51.7514455
            ],
            [
              14.3330096,
              51.7514489
            ],
            [
              14.3330038,
              51.7514489
            ],
            [
              14.3329836,
              51.75145
            ],
            [
              14.3329668,
              51.7514509
            ],
            [
              14.3314622,
              51.7516288
            ],
            [
              14.3313613,
              51.7516407
            ],
            [
              14.3310977,
              51.751674
            ],
            [
              14.3302578,
              51.7517799
            ],
            [
              14.3300961,
              51.7518003
            ],
            [
              14.3300014,
              51.7518163
            ],
            [
              14.3299465,
              51.7518282
            ],
            [
              14.3299096,
              51.7518362
            ],
            [
              14.3298177,
              51.751857
            ],
            [
              14.3297334,
              51.7518782
            ],
            [
              14.3297271,
              51.7518798
            ],
            [
              14.3296388,
              51.7519063
            ],
            [
              14.3294684,
              51.7519654
            ],
            [
              14.3294499,
              51.751972
            ],
            [
              14.3291958,
              51.7520622
            ],
            [
              14.3290607,
              51.7520976
            ],
            [
              14.328946,
              51.7521337
            ],
            [
              14.3287077,
              51.7522087
            ],
            [
              14.3282515,
              51.7523466
            ],
            [
              14.328256,
              51.7521146
            ],
            [
              14.3282884,
              51.7514818
            ],
            [
              14.3283,
              51.7511742
            ],
            [
              14.3283137,
              51.7508133
            ],
            [
              14.3283184,
              51.7507515
            ],
            [
              14.3282928,
              51.7506681
            ],
            [
              14.3282759,
              51.7505157
            ],
            [
              14.3282362,
              51.7500658
            ],
            [
              14.3282178,
              51.7497801
            ],
            [
              14.3282115,
              51.7496873
            ],
            [
              14.3281818,
              51.7496252
            ],
            [
              14.3281245,
              51.7496106
            ],
            [
              14.3280324,
              51.7496149
            ],
            [
              14.3277867,
              51.7496396
            ],
            [
              14.3270037,
              51.7497089
            ],
            [
              14.3266237,
              51.7497401
            ],
            [
              14.3263436,
              51.7497551
            ],
            [
              14.3258026,
              51.7497877
            ],
            [
              14.3254267,
              51.7498022
            ],
            [
              14.3252888,
              51.7497967
            ],
            [
              14.3250789,
              51.7497845
            ],
            [
              14.324893,
              51.7497452
            ],
            [
              14.3246293,
              51.7496894
            ],
            [
              14.3245924,
              51.7496816
            ],
            [
              14.3244754,
              51.7496568
            ],
            [
              14.3233101,
              51.7494102
            ],
            [
              14.3229782,
              51.7493433
            ],
            [
              14.3226445,
              51.7492703
            ],
            [
              14.3224622,
              51.7492321
            ],
            [
              14.3223337,
              51.749205
            ],
            [
              14.3218834,
              51.7491105
            ],
            [
              14.3216376,
              51.7490593
            ],
            [
              14.3215449,
              51.74904
            ],
            [
              14.3200283,
              51.7487242
            ],
            [
              14.319909,
              51.7486993
            ],
            [
              14.3197715,
              51.7486707
            ],
            [
              14.3177854,
              51.7482673
            ],
            [
              14.3175293,
              51.7482153
            ],
            [
              14.3174013,
              51.7481896
            ],
            [
              14.3168449,
              51.7480784
            ],
            [
              14.3167112,
              51.7480549
            ],
            [
              14.3164864,
              51.7480154
            ],
            [
              14.3155879,
              51.7478836
            ],
            [
              14.3147695,
              51.7477759
            ],
            [
              14.3146326,
              51.7477579
            ],
            [
              14.3140113,
              51.7476761
            ],
            [
              14.3140065,
              51.7476887
            ],
            [
              14.313984,
              51.7478469
            ],
            [
              14.3139397,
              51.7480293
            ],
            [
              14.3138923,
              51.7482666
            ],
            [
              14.3138785,
              51.7483358
            ],
            [
              14.3131809,
              51.7482712
            ],
            [
              14.3127745,
              51.7482123
            ],
            [
              14.3125675,
              51.7481899
            ],
            [
              14.3120552,
              51.7481307
            ],
            [
              14.3117806,
              51.7481019
            ],
            [
              14.3117722,
              51.7480265
            ],
            [
              14.3117094,
              51.7474595
            ],
            [
              14.3116984,
              51.7473716
            ],
            [
              14.3107439,
              51.7472449
            ],
            [
              14.3106999,
              51.7472391
            ],
            [
              14.3103529,
              51.7472083
            ],
            [
              14.3100607,
              51.7471895
            ],
            [
              14.3099679,
              51.7471859
            ],
            [
              14.3098089,
              51.7471799
            ],
            [
              14.3095136,
              51.7471773
            ],
            [
              14.3092659,
              51.7471794
            ],
            [
              14.3090138,
              51.7471878
            ],
            [
              14.3086804,
              51.7472137
            ],
            [
              14.3084107,
              51.7472409
            ],
            [
              14.3081336,
              51.7472761
            ],
            [
              14.3078607,
              51.7473185
            ],
            [
              14.3077063,
              51.7473468
            ],
            [
              14.3075644,
              51.7473728
            ],
            [
              14.3073278,
              51.7474161
            ],
            [
              14.3073154,
              51.7474371
            ],
            [
              14.3072785,
              51.7474439
            ],
            [
              14.307084,
              51.7474797
            ],
            [
              14.3070067,
              51.7476162
            ],
            [
              14.3068944,
              51.7478053
            ],
            [
              14.3066195,
              51.7482581
            ],
            [
              14.3064217,
              51.7486574
            ],
            [
              14.3063387,
              51.7487786
            ],
            [
              14.306281,
              51.748863
            ],
            [
              14.3061205,
              51.7488102
            ],
            [
              14.305869,
              51.7487221
            ],
            [
              14.3053889,
              51.7485365
            ],
            [
              14.3049913,
              51.7483773
            ],
            [
              14.3047104,
              51.7482421
            ],
            [
              14.3044069,
              51.7480998
            ],
            [
              14.3041596,
              51.7479859
            ],
            [
              14.3038974,
              51.7478602
            ],
            [
              14.3037852,
              51.7477986
            ],
            [
              14.3035045,
              51.7476447
            ],
            [
              14.3032015,
              51.7474766
            ],
            [
              14.3027753,
              51.7472188
            ],
            [
              14.3023979,
              51.74698
            ],
            [
              14.3020916,
              51.746772
            ],
            [
              14.3019199,
              51.7466516
            ],
            [
              14.3015245,
              51.7463588
            ],
            [
              14.3013008,
              51.7461841
            ],
            [
              14.3010219,
              51.7460038
            ],
            [
              14.3008079,
              51.7458305
            ]
          ]
        ]
      }
    },
    {
      "type": "Feature",
      "properties": {
        "name": "Ströbitz",
        "city": "Cottbus",
        "osm_id": 1626436,
        "osm_type": "relation",
        "display": "Ströbitz, Cottbus, Brandenburg, 03046, Deutschland"
      },
      "geometry": {
        "type": "Polygon",
        "coordinates": [
          [
            [
              14.2749333,
              51.7671067
            ],
            [
              14.2751854,
              51.7662878
            ],
            [
              14.2751955,
              51.7662544
            ],
            [
              14.2756976,
              51.7646215
            ],
            [
              14.2758439,
              51.7646389
            ],
            [
              14.2764762,
              51.7647137
            ],
            [
              14.2774336,
              51.7648268
            ],
            [
              14.2779176,
              51.7648842
            ],
            [
              14.2782024,
              51.7649176
            ],
            [
              14.2789196,
              51.7650021
            ],
            [
              14.2793179,
              51.7650493
            ],
            [
              14.2794009,
              51.7650591
            ],
            [
              14.2794851,
              51.7646279
            ],
            [
              14.2796953,
              51.7634999
            ],
            [
              14.2797775,
              51.7635017
            ],
            [
              14.2800031,
              51.7635068
            ],
            [
              14.2797815,
              51.7634893
            ],
            [
              14.2793634,
              51.7634574
            ],
            [
              14.2784261,
              51.7633847
            ],
            [
              14.278202,
              51.7633674
            ],
            [
              14.2781817,
              51.7633658
            ],
            [
              14.2781786,
              51.7632974
            ],
            [
              14.2782337,
              51.7628535
            ],
            [
              14.2782491,
              51.7627307
            ],
            [
              14.2782698,
              51.7625868
            ],
            [
              14.2783389,
              51.7621058
            ],
            [
              14.2784933,
              51.7609862
            ],
            [
              14.2786503,
              51.7596662
            ],
            [
              14.2786534,
              51.7596402
            ],
            [
              14.2786591,
              51.7595998
            ],
            [
              14.2786009,
              51.7594615
            ],
            [
              14.2786438,
              51.7592181
            ],
            [
              14.2788452,
              51.758853
            ],
            [
              14.2787994,
              51.7588223
            ],
            [
              14.2781148,
              51.7587615
            ],
            [
              14.2780268,
              51.7587352
            ],
            [
              14.2779967,
              51.7586768
            ],
            [
              14.2780159,
              51.7585736
            ],
            [
              14.2780728,
              51.7584406
            ],
            [
              14.2780846,
              51.758412
            ],
            [
              14.2781883,
              51.7581896
            ],
            [
              14.2782854,
              51.7580349
            ],
            [
              14.2783628,
              51.757873
            ],
            [
              14.2783789,
              51.7578062
            ],
            [
              14.2784027,
              51.7577609
            ],
            [
              14.2784354,
              51.7576997
            ],
            [
              14.278481,
              51.7576224
            ],
            [
              14.2785131,
              51.7575935
            ],
            [
              14.2785886,
              51.7575248
            ],
            [
              14.2785993,
              51.757501
            ],
            [
              14.2786182,
              51.7574435
            ],
            [
              14.2786433,
              51.7573798
            ],
            [
              14.2786707,
              51.7573408
            ],
            [
              14.2787316,
              51.7572482
            ],
            [
              14.2787785,
              51.7571876
            ],
            [
              14.2788113,
              51.757131
            ],
            [
              14.2788374,
              51.7570484
            ],
            [
              14.2788846,
              51.7569302
            ],
            [
              14.2789413,
              51.7568365
            ],
            [
              14.2790367,
              51.7567394
            ],
            [
              14.2791267,
              51.7566449
            ],
            [
              14.2791013,
              51.75664
            ],
            [
              14.2795741,
              51.7558022
            ],
            [
              14.2796043,
              51.7557538
            ],
            [
              14.2802502,
              51.7549747
            ],
            [
              14.2810147,
              51.7554186
            ],
            [
              14.2817023,
              51.7545022
            ],
            [
              14.281787,
              51.7545252
            ],
            [
              14.2820822,
              51.7546164
            ],
            [
              14.2823613,
              51.7546865
            ],
            [
              14.2825119,
              51.7547386
            ],
            [
              14.2826663,
              51.7547697
            ],
            [
              14.2830625,
              51.7548088
            ],
            [
              14.2832521,
              51.7548534
            ],
            [
              14.2833451,
              51.754903
            ],
            [
              14.2833558,
              51.7548873
            ],
            [
              14.2833633,
              51.7548709
            ],
            [
              14.2834012,
              51.7547967
            ],
            [
              14.2838828,
              51.7539292
            ],
            [
              14.2842389,
              51.7531359
            ],
            [
              14.2842466,
              51.7531196
            ],
            [
              14.2842764,
              51.7530563
            ],
            [
              14.284308,
              51.7530057
            ],
            [
              14.2848212,
              51.7520508
            ],
            [
              14.2848588,
              51.7519799
            ],
            [
              14.2848695,
              51.7519599
            ],
            [
              14.2849423,
              51.7518343
            ],
            [
              14.2844665,
              51.7517669
            ],
            [
              14.2839519,
              51.7516988
            ],
            [
              14.2838499,
              51.7516863
            ],
            [
              14.2830107,
              51.751584
            ],
            [
              14.2827184,
              51.7515484
            ],
            [
              14.2825434,
              51.7515269
            ],
            [
              14.282341,
              51.751502
            ],
            [
              14.2818681,
              51.7514439
            ],
            [
              14.2817242,
              51.7514261
            ],
            [
              14.2812675,
              51.7513699
            ],
            [
              14.2807189,
              51.751309
            ],
            [
              14.2803373,
              51.7512667
            ],
            [
              14.2802583,
              51.7512579
            ],
            [
              14.2797352,
              51.7511945
            ],
            [
              14.2796011,
              51.7511782
            ],
            [
              14.2796134,
              51.7511558
            ],
            [
              14.2797563,
              51.7509013
            ],
            [
              14.2798844,
              51.750673
            ],
            [
              14.2799557,
              51.7505458
            ],
            [
              14.2800272,
              51.7504189
            ],
            [
              14.2800981,
              51.7502925
            ],
            [
              14.2802425,
              51.7500366
            ],
            [
              14.2803139,
              51.7499085
            ],
            [
              14.2803852,
              51.7497808
            ],
            [
              14.2804563,
              51.7496531
            ],
            [
              14.2805299,
              51.7495229
            ],
            [
              14.2805879,
              51.7494195
            ],
            [
              14.2806048,
              51.7493895
            ],
            [
              14.2807009,
              51.7492181
            ],
            [
              14.2807082,
              51.7492053
            ],
            [
              14.2807321,
              51.7491626
            ],
            [
              14.2808175,
              51.7490108
            ],
            [
              14.2808686,
              51.7489233
            ],
            [
              14.2809508,
              51.7487738
            ],
            [
              14.2810213,
              51.7486486
            ],
            [
              14.2810302,
              51.7486326
            ],
            [
              14.2810688,
              51.7485637
            ],
            [
              14.2811354,
              51.7484447
            ],
            [
              14.2812323,
              51.7483589
            ],
            [
              14.2809318,
              51.74834
            ],
            [
              14.2809299,
              51.7483399
            ],
            [
              14.2808118,
              51.7483325
            ],
            [
              14.2806596,
              51.7483197
            ],
            [
              14.2806472,
              51.7483193
            ],
            [
              14.2805446,
              51.7483111
            ],
            [
              14.2805544,
              51.7482654
            ],
            [
              14.2806244,
              51.7479356
            ],
            [
              14.2806504,
              51.7479372
            ],
            [
              14.2806492,
              51.7478822
            ],
            [
              14.2806476,
              51.7478238
            ],
            [
              14.2791238,
              51.7477133
            ],
            [
              14.2788636,
              51.7477054
            ],
            [
              14.278228,
              51.747635
            ],
            [
              14.2777956,
              51.7476361
            ],
            [
              14.2776363,
              51.7476394
            ],
            [
              14.2770182,
              51.7476549
            ],
            [
              14.276342,
              51.7476661
            ],
            [
              14.2756479,
              51.74767
            ],
            [
              14.2754905,
              51.7463462
            ],
            [
              14.2752968,
              51.744674
            ],
            [
              14.2753263,
              51.7445745
            ],
            [
              14.2753795,
              51.7445658
            ],
            [
              14.2755281,
              51.7445416
            ],
            [
              14.2756011,
              51.7445297
            ],
            [
              14.2756056,
              51.7443459
            ],
            [
              14.2756283,
              51.74342
            ],
            [
              14.2756495,
              51.7426539
            ],
            [
              14.2756789,
              51.7413773
            ],
            [
              14.2757083,
              51.7401952
            ],
            [
              14.2757089,
              51.7401736
            ],
            [
              14.2757094,
              51.740154
            ],
            [
              14.2757148,
              51.7399366
            ],
            [
              14.275739,
              51.7389145
            ],
            [
              14.2757672,
              51.7377488
            ],
            [
              14.2761356,
              51.7376836
            ],
            [
              14.2767452,
              51.7375745
            ],
            [
              14.2769259,
              51.7375421
            ],
            [
              14.2776895,
              51.7374055
            ],
            [
              14.2779785,
              51.7373601
            ],
            [
              14.2780904,
              51.7373392
            ],
            [
              14.2784186,
              51.7372781
            ],
            [
              14.2790076,
              51.7371685
            ],
            [
              14.279466,
              51.7370782
            ],
            [
              14.2797727,
              51.7370178
            ],
            [
              14.2799231,
              51.7369882
            ],
            [
              14.2802102,
              51.7369317
            ],
            [
              14.2807923,
              51.736817
            ],
            [
              14.2810487,
              51.7367692
            ],
            [
              14.2811284,
              51.7367544
            ],
            [
              14.2812896,
              51.7367244
            ],
            [
              14.2816679,
              51.7366539
            ],
            [
              14.2816921,
              51.7366495
            ],
            [
              14.2819001,
              51.7366121
            ],
            [
              14.2820819,
              51.7365795
            ],
            [
              14.2821599,
              51.7365654
            ],
            [
              14.2825641,
              51.7364928
            ],
            [
              14.2827939,
              51.7364461
            ],
            [
              14.2828733,
              51.73643
            ],
            [
              14.2831183,
              51.7363802
            ],
            [
              14.2854431,
              51.7359125
            ],
            [
              14.2854647,
              51.7359082
            ],
            [
              14.2854672,
              51.7359077
            ],
            [
              14.285469,
              51.7359074
            ],
            [
              14.2854866,
              51.7359039
            ],
            [
              14.2856077,
              51.7357998
            ],
            [
              14.2856431,
              51.7357694
            ],
            [
              14.2858616,
              51.7355817
            ],
            [
              14.286281,
              51.7352212
            ],
            [
              14.2865219,
              51.7350144
            ],
            [
              14.2865602,
              51.7349815
            ],
            [
              14.286595,
              51.7349531
            ],
            [
              14.2871292,
              51.7345167
            ],
            [
              14.287206,
              51.7344539
            ],
            [
              14.2872219,
              51.7344409
            ],
            [
              14.2877263,
              51.7343517
            ],
            [
              14.2884972,
              51.7342154
            ],
            [
              14.2888534,
              51.7341524
            ],
            [
              14.288872,
              51.7341491
            ],
            [
              14.2892787,
              51.7340772
            ],
            [
              14.2894371,
              51.7340492
            ],
            [
              14.2894429,
              51.7340482
            ],
            [
              14.2896367,
              51.7340139
            ],
            [
              14.289694,
              51.7340038
            ],
            [
              14.2898932,
              51.7342071
            ],
            [
              14.2902115,
              51.7345252
            ],
            [
              14.2904533,
              51.7347811
            ],
            [
              14.290645,
              51.734983
            ],
            [
              14.2908518,
              51.7352083
            ],
            [
              14.2911654,
              51.7355457
            ],
            [
              14.291368,
              51.73576
            ],
            [
              14.291551,
              51.7359523
            ],
            [
              14.2915488,
              51.7359522
            ],
            [
              14.2919496,
              51.7363795
            ],
            [
              14.2923265,
              51.7367778
            ],
            [
              14.292538,
              51.736988
            ],
            [
              14.2925402,
              51.7369881
            ],
            [
              14.2929386,
              51.7374318
            ],
            [
              14.2931755,
              51.7377151
            ],
            [
              14.293352,
              51.7379045
            ],
            [
              14.2934413,
              51.7379958
            ],
            [
              14.2935982,
              51.7381645
            ],
            [
              14.2937594,
              51.7383305
            ],
            [
              14.2939686,
              51.7385503
            ],
            [
              14.2941603,
              51.7387563
            ],
            [
              14.2942606,
              51.7388601
            ],
            [
              14.2942583,
              51.7388601
            ],
            [
              14.2944784,
              51.7390937
            ],
            [
              14.2946747,
              51.739286
            ],
            [
              14.2948447,
              51.7394644
            ],
            [
              14.2950254,
              51.7396649
            ],
            [
              14.295204,
              51.7398529
            ],
            [
              14.2954481,
              51.7401088
            ],
            [
              14.2956901,
              51.7403577
            ],
            [
              14.2958927,
              51.7405707
            ],
            [
              14.2960823,
              51.7407698
            ],
            [
              14.2960845,
              51.7407698
            ],
            [
              14.2961847,
              51.7408776
            ],
            [
              14.2965269,
              51.7412303
            ],
            [
              14.2969015,
              51.7416395
            ],
            [
              14.297076,
              51.7418152
            ],
            [
              14.2970738,
              51.7418152
            ],
            [
              14.2972701,
              51.7420102
            ],
            [
              14.2974137,
              51.7421761
            ],
            [
              14.2975856,
              51.7423696
            ],
            [
              14.2977598,
              51.7425617
            ],
            [
              14.2978795,
              51.7426986
            ],
            [
              14.2979841,
              51.7428147
            ],
            [
              14.2979818,
              51.7428161
            ],
            [
              14.2982605,
              51.7431039
            ],
            [
              14.2985219,
              51.7434119
            ],
            [
              14.2986761,
              51.7436039
            ],
            [
              14.2987938,
              51.7437311
            ],
            [
              14.298868,
              51.7438003
            ],
            [
              14.2989072,
              51.7438445
            ],
            [
              14.2989158,
              51.7438583
            ],
            [
              14.2993223,
              51.7442431
            ],
            [
              14.2995974,
              51.7445383
            ],
            [
              14.299811,
              51.7447674
            ],
            [
              14.2998117,
              51.7447683
            ],
            [
              14.3000411,
              51.7450144
            ],
            [
              14.3004072,
              51.745407
            ],
            [
              14.3005281,
              51.7455368
            ],
            [
              14.3005283,
              51.745537
            ],
            [
              14.3006921,
              51.7457128
            ],
            [
              14.3007833,
              51.7458106
            ],
            [
              14.3008079,
              51.7458305
            ],
            [
              14.3010219,
              51.7460038
            ],
            [
              14.3013008,
              51.7461841
            ],
            [
              14.3015245,
              51.7463588
            ],
            [
              14.3019199,
              51.7466516
            ],
            [
              14.3020916,
              51.746772
            ],
            [
              14.3023979,
              51.74698
            ],
            [
              14.3027753,
              51.7472188
            ],
            [
              14.3032015,
              51.7474766
            ],
            [
              14.3035045,
              51.7476447
            ],
            [
              14.3037852,
              51.7477986
            ],
            [
              14.3038974,
              51.7478602
            ],
            [
              14.3041596,
              51.7479859
            ],
            [
              14.3044069,
              51.7480998
            ],
            [
              14.3047104,
              51.7482421
            ],
            [
              14.3049913,
              51.7483773
            ],
            [
              14.3053889,
              51.7485365
            ],
            [
              14.305869,
              51.7487221
            ],
            [
              14.3061205,
              51.7488102
            ],
            [
              14.306281,
              51.748863
            ],
            [
              14.3063387,
              51.7487786
            ],
            [
              14.3064217,
              51.7486574
            ],
            [
              14.3066195,
              51.7482581
            ],
            [
              14.3068944,
              51.7478053
            ],
            [
              14.3070067,
              51.7476162
            ],
            [
              14.307084,
              51.7474797
            ],
            [
              14.3072785,
              51.7474439
            ],
            [
              14.3073154,
              51.7474371
            ],
            [
              14.3073278,
              51.7474161
            ],
            [
              14.3075644,
              51.7473728
            ],
            [
              14.3077063,
              51.7473468
            ],
            [
              14.3078607,
              51.7473185
            ],
            [
              14.3081336,
              51.7472761
            ],
            [
              14.3084107,
              51.7472409
            ],
            [
              14.3086804,
              51.7472137
            ],
            [
              14.3090138,
              51.7471878
            ],
            [
              14.3092659,
              51.7471794
            ],
            [
              14.3095136,
              51.7471773
            ],
            [
              14.3098089,
              51.7471799
            ],
            [
              14.3099679,
              51.7471859
            ],
            [
              14.3100607,
              51.7471895
            ],
            [
              14.3103529,
              51.7472083
            ],
            [
              14.3106999,
              51.7472391
            ],
            [
              14.3107439,
              51.7472449
            ],
            [
              14.3116984,
              51.7473716
            ],
            [
              14.3117094,
              51.7474595
            ],
            [
              14.3117722,
              51.7480265
            ],
            [
              14.3117806,
              51.7481019
            ],
            [
              14.3120552,
              51.7481307
            ],
            [
              14.3125675,
              51.7481899
            ],
            [
              14.3127745,
              51.7482123
            ],
            [
              14.3131809,
              51.7482712
            ],
            [
              14.3138785,
              51.7483358
            ],
            [
              14.3138923,
              51.7482666
            ],
            [
              14.3139397,
              51.7480293
            ],
            [
              14.313984,
              51.7478469
            ],
            [
              14.3140065,
              51.7476887
            ],
            [
              14.3140113,
              51.7476761
            ],
            [
              14.3146326,
              51.7477579
            ],
            [
              14.3147695,
              51.7477759
            ],
            [
              14.3155879,
              51.7478836
            ],
            [
              14.3164864,
              51.7480154
            ],
            [
              14.3167112,
              51.7480549
            ],
            [
              14.3168449,
              51.7480784
            ],
            [
              14.3174013,
              51.7481896
            ],
            [
              14.3175293,
              51.7482153
            ],
            [
              14.3177854,
              51.7482673
            ],
            [
              14.3197715,
              51.7486707
            ],
            [
              14.319909,
              51.7486993
            ],
            [
              14.3200283,
              51.7487242
            ],
            [
              14.3215449,
              51.74904
            ],
            [
              14.3216376,
              51.7490593
            ],
            [
              14.3218834,
              51.7491105
            ],
            [
              14.3223337,
              51.749205
            ],
            [
              14.3224622,
              51.7492321
            ],
            [
              14.3226445,
              51.7492703
            ],
            [
              14.3229782,
              51.7493433
            ],
            [
              14.3233101,
              51.7494102
            ],
            [
              14.3244754,
              51.7496568
            ],
            [
              14.3245924,
              51.7496816
            ],
            [
              14.3246293,
              51.7496894
            ],
            [
              14.324893,
              51.7497452
            ],
            [
              14.3250789,
              51.7497845
            ],
            [
              14.3252888,
              51.7497967
            ],
            [
              14.3254267,
              51.7498022
            ],
            [
              14.3258026,
              51.7497877
            ],
            [
              14.3263436,
              51.7497551
            ],
            [
              14.3266237,
              51.7497401
            ],
            [
              14.3270037,
              51.7497089
            ],
            [
              14.3277867,
              51.7496396
            ],
            [
              14.3280324,
              51.7496149
            ],
            [
              14.3281245,
              51.7496106
            ],
            [
              14.3281818,
              51.7496252
            ],
            [
              14.3282115,
              51.7496873
            ],
            [
              14.3282178,
              51.7497801
            ],
            [
              14.3282362,
              51.7500658
            ],
            [
              14.3282759,
              51.7505157
            ],
            [
              14.3282928,
              51.7506681
            ],
            [
              14.3283184,
              51.7507515
            ],
            [
              14.3283137,
              51.7508133
            ],
            [
              14.3283,
              51.7511742
            ],
            [
              14.3282884,
              51.7514818
            ],
            [
              14.328256,
              51.7521146
            ],
            [
              14.3282515,
              51.7523466
            ],
            [
              14.3279338,
              51.7524277
            ],
            [
              14.3277134,
              51.752484
            ],
            [
              14.3275214,
              51.752533
            ],
            [
              14.3272546,
              51.752604
            ],
            [
              14.3271492,
              51.7526242
            ],
            [
              14.3270964,
              51.7526343
            ],
            [
              14.3269704,
              51.7526596
            ],
            [
              14.3268164,
              51.7526919
            ],
            [
              14.3264701,
              51.7527645
            ],
            [
              14.3264461,
              51.7527721
            ],
            [
              14.326066,
              51.7528905
            ],
            [
              14.3258836,
              51.7529473
            ],
            [
              14.325819,
              51.7529678
            ],
            [
              14.3252706,
              51.7531414
            ],
            [
              14.3251815,
              51.7531696
            ],
            [
              14.3247468,
              51.7532668
            ],
            [
              14.3245554,
              51.7533094
            ],
            [
              14.3244448,
              51.7533329
            ],
            [
              14.3243553,
              51.7533518
            ],
            [
              14.3241204,
              51.7534015
            ],
            [
              14.3240315,
              51.7534203
            ],
            [
              14.3237377,
              51.7534835
            ],
            [
              14.3236811,
              51.753495
            ],
            [
              14.3237252,
              51.7535406
            ],
            [
              14.3238285,
              51.7535957
            ],
            [
              14.3241554,
              51.7536944
            ],
            [
              14.3245406,
              51.7538198
            ],
            [
              14.3247218,
              51.7538834
            ],
            [
              14.3247062,
              51.7540585
            ],
            [
              14.3246513,
              51.7540556
            ],
            [
              14.3246121,
              51.7544536
            ],
            [
              14.324596,
              51.7546089
            ],
            [
              14.3245646,
              51.7549133
            ],
            [
              14.3245561,
              51.754993
            ],
            [
              14.324542,
              51.7551263
            ],
            [
              14.3245305,
              51.7552488
            ],
            [
              14.3245187,
              51.7553631
            ],
            [
              14.3245068,
              51.7554778
            ],
            [
              14.3245058,
              51.7554887
            ],
            [
              14.3244891,
              51.7556576
            ],
            [
              14.324488,
              51.7556666
            ],
            [
              14.3244873,
              51.7556802
            ],
            [
              14.3244755,
              51.7557842
            ],
            [
              14.3244746,
              51.7557919
            ],
            [
              14.3244734,
              51.7558036
            ],
            [
              14.3244654,
              51.7558778
            ],
            [
              14.3244576,
              51.7559502
            ],
            [
              14.3244496,
              51.7560253
            ],
            [
              14.3244448,
              51.7560699
            ],
            [
              14.3244299,
              51.7562228
            ],
            [
              14.3244197,
              51.7563222
            ],
            [
              14.3244153,
              51.7563644
            ],
            [
              14.3244094,
              51.7564215
            ],
            [
              14.3243997,
              51.7565211
            ],
            [
              14.3243876,
              51.7566378
            ],
            [
              14.3243801,
              51.7567102
            ],
            [
              14.3243793,
              51.7567198
            ],
            [
              14.324377,
              51.756742
            ],
            [
              14.3243526,
              51.7570441
            ],
            [
              14.3243191,
              51.7573305
            ],
            [
              14.3243079,
              51.7574233
            ],
            [
              14.3242847,
              51.7576755
            ],
            [
              14.3242384,
              51.7581576
            ],
            [
              14.324208,
              51.7584501
            ],
            [
              14.3241717,
              51.758778
            ],
            [
              14.3241441,
              51.759031
            ],
            [
              14.3241175,
              51.7592852
            ],
            [
              14.324072,
              51.7597209
            ],
            [
              14.3240296,
              51.7601647
            ],
            [
              14.3239882,
              51.7605399
            ],
            [
              14.3239578,
              51.7608344
            ],
            [
              14.3239273,
              51.7611309
            ],
            [
              14.3238828,
              51.7615001
            ],
            [
              14.3238511,
              51.7618793
            ],
            [
              14.3238388,
              51.7620488
            ],
            [
              14.3238377,
              51.7621215
            ],
            [
              14.323862,
              51.7622387
            ],
            [
              14.3240348,
              51.7624314
            ],
            [
              14.3242958,
              51.7625944
            ],
            [
              14.3243634,
              51.7626412
            ],
            [
              14.3244892,
              51.7627126
            ],
            [
              14.3245797,
              51.7627514
            ],
            [
              14.3246638,
              51.7627842
            ],
            [
              14.3247511,
              51.762817
            ],
            [
              14.324858,
              51.7628459
            ],
            [
              14.3249715,
              51.7628708
            ],
            [
              14.3251014,
              51.7628876
            ],
            [
              14.3252377,
              51.7629046
            ],
            [
              14.3254131,
              51.7629217
            ],
            [
              14.3255399,
              51.7629245
            ],
            [
              14.3257451,
              51.7629115
            ],
            [
              14.3259537,
              51.7628824
            ],
            [
              14.3261495,
              51.7628392
            ],
            [
              14.3262637,
              51.7628136
            ],
            [
              14.3264594,
              51.7627763
            ],
            [
              14.3267463,
              51.7627316
            ],
            [
              14.3269932,
              51.7627199
            ],
            [
              14.327127,
              51.7627237
            ],
            [
              14.3272471,
              51.7627445
            ],
            [
              14.3274557,
              51.7628018
            ],
            [
              14.3276753,
              51.7628868
            ],
            [
              14.3276541,
              51.7630732
            ],
            [
              14.3276503,
              51.7633301
            ],
            [
              14.3276586,
              51.763393
            ],
            [
              14.3276933,
              51.7635302
            ],
            [
              14.3276966,
              51.7637206
            ],
            [
              14.3276506,
              51.7638769
            ],
            [
              14.3276325,
              51.7639124
            ],
            [
              14.327682,
              51.7640897
            ],
            [
              14.3277672,
              51.7643414
            ],
            [
              14.3278022,
              51.7644596
            ],
            [
              14.3278504,
              51.7645801
            ],
            [
              14.3279895,
              51.7650001
            ],
            [
              14.3281146,
              51.7653531
            ],
            [
              14.3282202,
              51.7656424
            ],
            [
              14.3285001,
              51.76647
            ],
            [
              14.3285037,
              51.7664807
            ],
            [
              14.3285047,
              51.7664836
            ],
            [
              14.3285998,
              51.7667648
            ],
            [
              14.3286756,
              51.7670058
            ],
            [
              14.3287034,
              51.7670943
            ],
            [
              14.3287276,
              51.767171
            ],
            [
              14.3287432,
              51.7672207
            ],
            [
              14.3288086,
              51.7674286
            ],
            [
              14.3290515,
              51.7682005
            ],
            [
              14.3291675,
              51.7685694
            ],
            [
              14.3291798,
              51.7686085
            ],
            [
              14.3291903,
              51.7686417
            ],
            [
              14.3291964,
              51.768661
            ],
            [
              14.3292195,
              51.7687346
            ],
            [
              14.3292474,
              51.7688231
            ],
            [
              14.3292839,
              51.7689393
            ],
            [
              14.3292942,
              51.7689718
            ],
            [
              14.3293468,
              51.7691393
            ],
            [
              14.3293482,
              51.7691437
            ],
            [
              14.3293572,
              51.7691723
            ],
            [
              14.3293681,
              51.769207
            ],
            [
              14.3293751,
              51.769229
            ],
            [
              14.3293757,
              51.7692311
            ],
            [
              14.3294267,
              51.7694044
            ],
            [
              14.3294547,
              51.7695366
            ],
            [
              14.3294559,
              51.7696775
            ],
            [
              14.3294653,
              51.769917
            ],
            [
              14.3294366,
              51.7701
            ],
            [
              14.3293428,
              51.7703068
            ],
            [
              14.3292897,
              51.7703829
            ],
            [
              14.3292302,
              51.7704591
            ],
            [
              14.3291375,
              51.7705833
            ],
            [
              14.32889,
              51.7708677
            ],
            [
              14.3287347,
              51.77106
            ],
            [
              14.3285697,
              51.7712482
            ],
            [
              14.3283782,
              51.7714745
            ],
            [
              14.3282032,
              51.7716828
            ],
            [
              14.3279924,
              51.771903
            ],
            [
              14.3279297,
              51.7719731
            ],
            [
              14.3277592,
              51.7720948
            ],
            [
              14.3275443,
              51.7722781
            ],
            [
              14.3273044,
              51.7724621
            ],
            [
              14.3267696,
              51.7728721
            ],
            [
              14.326502,
              51.7730773
            ],
            [
              14.3261789,
              51.7733251
            ],
            [
              14.325596,
              51.7738071
            ],
            [
              14.3251329,
              51.7741868
            ],
            [
              14.3248768,
              51.7743886
            ],
            [
              14.3247422,
              51.7744985
            ],
            [
              14.3245846,
              51.7746353
            ],
            [
              14.324543,
              51.7746374
            ],
            [
              14.3244622,
              51.7746414
            ],
            [
              14.3244583,
              51.7746416
            ],
            [
              14.3243591,
              51.7746049
            ],
            [
              14.3241943,
              51.7746181
            ],
            [
              14.3241522,
              51.7746213
            ],
            [
              14.3240953,
              51.7746242
            ],
            [
              14.3240562,
              51.774627
            ],
            [
              14.3239241,
              51.7746386
            ],
            [
              14.3237525,
              51.7746531
            ],
            [
              14.3234082,
              51.774654
            ],
            [
              14.3232416,
              51.7746445
            ],
            [
              14.322959,
              51.7746493
            ],
            [
              14.3227221,
              51.774654
            ],
            [
              14.3224075,
              51.7746481
            ],
            [
              14.3219149,
              51.7746111
            ],
            [
              14.3215942,
              51.7745851
            ],
            [
              14.3214192,
              51.774568
            ],
            [
              14.3208269,
              51.774478
            ],
            [
              14.3200893,
              51.7743338
            ],
            [
              14.3196483,
              51.7742275
            ],
            [
              14.3193086,
              51.7741456
            ],
            [
              14.3190134,
              51.774057
            ],
            [
              14.3186421,
              51.7739401
            ],
            [
              14.3182679,
              51.7737971
            ],
            [
              14.3179196,
              51.7736582
            ],
            [
              14.3176276,
              51.7735461
            ],
            [
              14.3174489,
              51.7734683
            ],
            [
              14.3170202,
              51.7732847
            ],
            [
              14.3165497,
              51.7730807
            ],
            [
              14.3162018,
              51.7729157
            ],
            [
              14.3155899,
              51.7726203
            ],
            [
              14.3153131,
              51.7724758
            ],
            [
              14.3152166,
              51.7724249
            ],
            [
              14.3147242,
              51.7721645
            ],
            [
              14.3144025,
              51.7719895
            ],
            [
              14.3140195,
              51.7717881
            ],
            [
              14.3138939,
              51.771733
            ],
            [
              14.3136938,
              51.7716654
            ],
            [
              14.3134577,
              51.7716157
            ],
            [
              14.3132182,
              51.7715821
            ],
            [
              14.3129654,
              51.7715666
            ],
            [
              14.3128131,
              51.7715556
            ],
            [
              14.3122104,
              51.7715118
            ],
            [
              14.3116692,
              51.7714785
            ],
            [
              14.3114012,
              51.77146
            ],
            [
              14.3112481,
              51.7714418
            ],
            [
              14.3110929,
              51.7714067
            ],
            [
              14.3109479,
              51.7713414
            ],
            [
              14.3108581,
              51.7712765
            ],
            [
              14.3107073,
              51.771169
            ],
            [
              14.3099326,
              51.7715569
            ],
            [
              14.3093567,
              51.7718775
            ],
            [
              14.3086994,
              51.7722238
            ],
            [
              14.3080846,
              51.7725482
            ],
            [
              14.3078654,
              51.7726697
            ],
            [
              14.3074369,
              51.7729006
            ],
            [
              14.3065899,
              51.7733484
            ],
            [
              14.3064313,
              51.7734571
            ],
            [
              14.3063499,
              51.773498
            ],
            [
              14.3062765,
              51.7735348
            ],
            [
              14.3051624,
              51.7740946
            ],
            [
              14.3043684,
              51.7744615
            ],
            [
              14.30245,
              51.7753329
            ],
            [
              14.3023756,
              51.7753662
            ],
            [
              14.3008629,
              51.7760433
            ],
            [
              14.3004004,
              51.7762433
            ],
            [
              14.3003005,
              51.7762865
            ],
            [
              14.2982357,
              51.7771793
            ],
            [
              14.2981577,
              51.777213
            ],
            [
              14.2972393,
              51.7776101
            ],
            [
              14.2960872,
              51.7779885
            ],
            [
              14.2960158,
              51.778012
            ],
            [
              14.295691,
              51.7781187
            ],
            [
              14.2940425,
              51.7786662
            ],
            [
              14.2939704,
              51.7786902
            ],
            [
              14.2917261,
              51.7794355
            ],
            [
              14.2916608,
              51.7794572
            ],
            [
              14.291206,
              51.7796082
            ],
            [
              14.2910317,
              51.7796661
            ],
            [
              14.2906248,
              51.7798012
            ],
            [
              14.2898421,
              51.7800582
            ],
            [
              14.2891473,
              51.7803632
            ],
            [
              14.288486,
              51.7806535
            ],
            [
              14.2884647,
              51.7806628
            ],
            [
              14.2875128,
              51.7810805
            ],
            [
              14.2862845,
              51.7816835
            ],
            [
              14.2861643,
              51.781671
            ],
            [
              14.2820887,
              51.781255
            ],
            [
              14.2820685,
              51.7812403
            ],
            [
              14.2818369,
              51.7810819
            ],
            [
              14.2818199,
              51.7807721
            ],
            [
              14.2819396,
              51.7807036
            ],
            [
              14.2820637,
              51.7804818
            ],
            [
              14.2822257,
              51.7803349
            ],
            [
              14.2828209,
              51.7802349
            ],
            [
              14.2829975,
              51.7800543
            ],
            [
              14.2830417,
              51.7799281
            ],
            [
              14.28307,
              51.7798456
            ],
            [
              14.2830998,
              51.7797449
            ],
            [
              14.2831575,
              51.7795503
            ],
            [
              14.2829494,
              51.779413
            ],
            [
              14.282787,
              51.7793058
            ],
            [
              14.2825946,
              51.7791435
            ],
            [
              14.2826619,
              51.7789563
            ],
            [
              14.2827786,
              51.7788877
            ],
            [
              14.2829567,
              51.7787833
            ],
            [
              14.282973,
              51.7787528
            ],
            [
              14.2830389,
              51.7786302
            ],
            [
              14.2830904,
              51.7785344
            ],
            [
              14.2830512,
              51.7784714
            ],
            [
              14.2829606,
              51.7783259
            ],
            [
              14.282919,
              51.7782591
            ],
            [
              14.2828428,
              51.7780228
            ],
            [
              14.2833322,
              51.7777943
            ],
            [
              14.283366,
              51.7777775
            ],
            [
              14.2835664,
              51.7776782
            ],
            [
              14.2834875,
              51.7775208
            ],
            [
              14.2833353,
              51.7773591
            ],
            [
              14.2832038,
              51.7772194
            ],
            [
              14.2827377,
              51.7769371
            ],
            [
              14.2828653,
              51.7768036
            ],
            [
              14.2832202,
              51.7765119
            ],
            [
              14.2833964,
              51.7763225
            ],
            [
              14.2832274,
              51.7761396
            ],
            [
              14.282941,
              51.7760848
            ],
            [
              14.2828133,
              51.7756811
            ],
            [
              14.2827957,
              51.7756254
            ],
            [
              14.2828483,
              51.7756029
            ],
            [
              14.2831122,
              51.77549
            ],
            [
              14.283507,
              51.7753211
            ],
            [
              14.2837673,
              51.7748738
            ],
            [
              14.2838332,
              51.7747958
            ],
            [
              14.2840386,
              51.7745554
            ],
            [
              14.2844481,
              51.7743878
            ],
            [
              14.2850766,
              51.7743014
            ],
            [
              14.2852471,
              51.7740833
            ],
            [
              14.2854149,
              51.7738686
            ],
            [
              14.286155,
              51.7737278
            ],
            [
              14.2865026,
              51.7737511
            ],
            [
              14.2866234,
              51.7736936
            ],
            [
              14.2866656,
              51.7736384
            ],
            [
              14.287575,
              51.7724929
            ],
            [
              14.287985,
              51.7708528
            ],
            [
              14.2880804,
              51.7704584
            ],
            [
              14.2874237,
              51.7705496
            ],
            [
              14.2872812,
              51.7705547
            ],
            [
              14.2869024,
              51.7705665
            ],
            [
              14.285794,
              51.7702739
            ],
            [
              14.2831376,
              51.7695719
            ],
            [
              14.2816635,
              51.769183
            ],
            [
              14.280512,
              51.768878
            ],
            [
              14.2802548,
              51.76881
            ],
            [
              14.279877,
              51.7687098
            ],
            [
              14.2797373,
              51.7686729
            ],
            [
              14.2788478,
              51.7684373
            ],
            [
              14.2788741,
              51.7682975
            ],
            [
              14.2790076,
              51.7675879
            ],
            [
              14.2789263,
              51.7675782
            ],
            [
              14.2788844,
              51.7675733
            ],
            [
              14.2783551,
              51.7675108
            ],
            [
              14.2771733,
              51.7673712
            ],
            [
              14.2769518,
              51.7673451
            ],
            [
              14.2753662,
              51.7671577
            ],
            [
              14.2749333,
              51.7671067
            ]
          ]
        ]
      }
    },
    {
      "type": "Feature",
      "properties": {
        "name": "Sielow",
        "city": "Cottbus",
        "osm_id": 1626011,
        "osm_type": "relation",
        "display": "Sielow, Cottbus, Brandenburg, 03055, Deutschland"
      },
      "geometry": {
        "type": "Polygon",
        "coordinates": [
          [
            [
              14.2732889,
              51.7949755
            ],
            [
              14.2741435,
              51.7937592
            ],
            [
              14.2746021,
              51.7930401
            ],
            [
              14.2746517,
              51.7929623
            ],
            [
              14.2750735,
              51.7923005
            ],
            [
              14.2773833,
              51.7921402
            ],
            [
              14.2774407,
              51.791511
            ],
            [
              14.2774738,
              51.7912221
            ],
            [
              14.2774854,
              51.7911207
            ],
            [
              14.2775408,
              51.7906815
            ],
            [
              14.2775916,
              51.7903501
            ],
            [
              14.277631,
              51.7901997
            ],
            [
              14.2776368,
              51.7901734
            ],
            [
              14.2776677,
              51.7900332
            ],
            [
              14.2777781,
              51.7896374
            ],
            [
              14.277814,
              51.7895002
            ],
            [
              14.2778851,
              51.7892281
            ],
            [
              14.2779552,
              51.7889603
            ],
            [
              14.2779688,
              51.7889081
            ],
            [
              14.277978,
              51.7888731
            ],
            [
              14.2780271,
              51.7886852
            ],
            [
              14.278044,
              51.7886205
            ],
            [
              14.2782883,
              51.7876868
            ],
            [
              14.2784009,
              51.7872565
            ],
            [
              14.2784036,
              51.7872461
            ],
            [
              14.2784343,
              51.7871286
            ],
            [
              14.2785421,
              51.7870439
            ],
            [
              14.2802987,
              51.785546
            ],
            [
              14.2805766,
              51.7853091
            ],
            [
              14.2806238,
              51.7852706
            ],
            [
              14.2810269,
              51.7849455
            ],
            [
              14.2812134,
              51.7847949
            ],
            [
              14.281372,
              51.7846601
            ],
            [
              14.2815446,
              51.7845161
            ],
            [
              14.2816615,
              51.7844177
            ],
            [
              14.2821422,
              51.784013
            ],
            [
              14.2822399,
              51.783858
            ],
            [
              14.2823105,
              51.7837454
            ],
            [
              14.2823844,
              51.7836278
            ],
            [
              14.2824006,
              51.7835352
            ],
            [
              14.2824677,
              51.783149
            ],
            [
              14.2825514,
              51.7825952
            ],
            [
              14.2825898,
              51.7823447
            ],
            [
              14.2820539,
              51.7819701
            ],
            [
              14.2820641,
              51.7818457
            ],
            [
              14.2820847,
              51.7815943
            ],
            [
              14.2820743,
              51.7813429
            ],
            [
              14.2820685,
              51.7812403
            ],
            [
              14.2820887,
              51.781255
            ],
            [
              14.2861643,
              51.781671
            ],
            [
              14.2862845,
              51.7816835
            ],
            [
              14.2875128,
              51.7810805
            ],
            [
              14.2884647,
              51.7806628
            ],
            [
              14.288486,
              51.7806535
            ],
            [
              14.2891473,
              51.7803632
            ],
            [
              14.2898421,
              51.7800582
            ],
            [
              14.2906248,
              51.7798012
            ],
            [
              14.2907598,
              51.7798242
            ],
            [
              14.2906186,
              51.7798713
            ],
            [
              14.2912527,
              51.7799783
            ],
            [
              14.2912752,
              51.7799119
            ],
            [
              14.2913807,
              51.77993
            ],
            [
              14.2922382,
              51.7800749
            ],
            [
              14.2926279,
              51.7801409
            ],
            [
              14.2930182,
              51.7802069
            ],
            [
              14.2934078,
              51.7802729
            ],
            [
              14.2937976,
              51.7803389
            ],
            [
              14.2941401,
              51.7803969
            ],
            [
              14.294461,
              51.7804512
            ],
            [
              14.2944824,
              51.7804549
            ],
            [
              14.2950817,
              51.7805563
            ],
            [
              14.2954986,
              51.7806269
            ],
            [
              14.2958636,
              51.7806886
            ],
            [
              14.2962121,
              51.7807479
            ],
            [
              14.2963406,
              51.7807695
            ],
            [
              14.2965185,
              51.7807994
            ],
            [
              14.2968256,
              51.7808515
            ],
            [
              14.2970772,
              51.7808938
            ],
            [
              14.2973298,
              51.7809365
            ],
            [
              14.297548,
              51.780974
            ],
            [
              14.2977665,
              51.7810108
            ],
            [
              14.2980128,
              51.7810528
            ],
            [
              14.2982583,
              51.7810943
            ],
            [
              14.2985046,
              51.7811359
            ],
            [
              14.298751,
              51.7811774
            ],
            [
              14.2989968,
              51.7812191
            ],
            [
              14.2992434,
              51.7812609
            ],
            [
              14.2994888,
              51.7813022
            ],
            [
              14.2997361,
              51.7813441
            ],
            [
              14.2999814,
              51.7813857
            ],
            [
              14.3002268,
              51.7814272
            ],
            [
              14.3004738,
              51.7814692
            ],
            [
              14.300721,
              51.781511
            ],
            [
              14.3009665,
              51.7815523
            ],
            [
              14.3012126,
              51.7815942
            ],
            [
              14.301459,
              51.7816357
            ],
            [
              14.3017058,
              51.7816776
            ],
            [
              14.3019527,
              51.7817193
            ],
            [
              14.3021981,
              51.7817607
            ],
            [
              14.302364,
              51.7817887
            ],
            [
              14.3035524,
              51.78199
            ],
            [
              14.3041503,
              51.7820912
            ],
            [
              14.3042738,
              51.7821121
            ],
            [
              14.3043979,
              51.7821332
            ],
            [
              14.3045221,
              51.7821541
            ],
            [
              14.3046463,
              51.7821751
            ],
            [
              14.3047724,
              51.7821963
            ],
            [
              14.3048956,
              51.7822173
            ],
            [
              14.305021,
              51.7822385
            ],
            [
              14.3051479,
              51.78226
            ],
            [
              14.3055196,
              51.7823229
            ],
            [
              14.3067615,
              51.7825336
            ],
            [
              14.3068723,
              51.7825521
            ],
            [
              14.3070826,
              51.7825886
            ],
            [
              14.3071205,
              51.7824757
            ],
            [
              14.3071787,
              51.7822981
            ],
            [
              14.3073287,
              51.7818485
            ],
            [
              14.3088869,
              51.7822782
            ],
            [
              14.3107315,
              51.7827868
            ],
            [
              14.3108995,
              51.7828373
            ],
            [
              14.3109639,
              51.7829141
            ],
            [
              14.3110642,
              51.7830299
            ],
            [
              14.3111798,
              51.7831649
            ],
            [
              14.3112324,
              51.7832268
            ],
            [
              14.3125279,
              51.783793
            ],
            [
              14.313444,
              51.7841933
            ],
            [
              14.3135558,
              51.7842421
            ],
            [
              14.3131302,
              51.7846139
            ],
            [
              14.3129819,
              51.7847484
            ],
            [
              14.312898,
              51.7848245
            ],
            [
              14.3132173,
              51.7847783
            ],
            [
              14.3130146,
              51.7849592
            ],
            [
              14.3126017,
              51.7853293
            ],
            [
              14.3123474,
              51.7855536
            ],
            [
              14.3120988,
              51.7857744
            ],
            [
              14.3120678,
              51.7858012
            ],
            [
              14.3120628,
              51.7858056
            ],
            [
              14.3120138,
              51.7858465
            ],
            [
              14.3119849,
              51.7858756
            ],
            [
              14.3117709,
              51.7860684
            ],
            [
              14.3116261,
              51.7861989
            ],
            [
              14.3115932,
              51.7862284
            ],
            [
              14.3115784,
              51.7862418
            ],
            [
              14.3114089,
              51.7863945
            ],
            [
              14.3111474,
              51.78663
            ],
            [
              14.3109725,
              51.7867854
            ],
            [
              14.3107988,
              51.7869404
            ],
            [
              14.3103939,
              51.7873018
            ],
            [
              14.310275,
              51.787411
            ],
            [
              14.3099559,
              51.7877042
            ],
            [
              14.3118433,
              51.7884494
            ],
            [
              14.3132165,
              51.7889888
            ],
            [
              14.3132977,
              51.7890209
            ],
            [
              14.3137834,
              51.7892129
            ],
            [
              14.3140907,
              51.7893348
            ],
            [
              14.3150108,
              51.7896984
            ],
            [
              14.3153832,
              51.7898457
            ],
            [
              14.3155803,
              51.7899237
            ],
            [
              14.3156207,
              51.7899397
            ],
            [
              14.3159462,
              51.7900685
            ],
            [
              14.3164484,
              51.7902671
            ],
            [
              14.3178203,
              51.7907901
            ],
            [
              14.3180956,
              51.7908808
            ],
            [
              14.3185302,
              51.7910945
            ],
            [
              14.3201366,
              51.7916875
            ],
            [
              14.3232782,
              51.7929092
            ],
            [
              14.3233657,
              51.7929042
            ],
            [
              14.3235597,
              51.7929792
            ],
            [
              14.3255207,
              51.7937741
            ],
            [
              14.325968,
              51.7939554
            ],
            [
              14.3261835,
              51.7940428
            ],
            [
              14.326197,
              51.7940483
            ],
            [
              14.3263183,
              51.7940959
            ],
            [
              14.328426,
              51.7949517
            ],
            [
              14.3285076,
              51.7950296
            ],
            [
              14.3292506,
              51.7952785
            ],
            [
              14.3296588,
              51.7954152
            ],
            [
              14.3309865,
              51.79586
            ],
            [
              14.3315564,
              51.7961142
            ],
            [
              14.3317135,
              51.7961843
            ],
            [
              14.3317711,
              51.79621
            ],
            [
              14.3319732,
              51.7962694
            ],
            [
              14.3327529,
              51.796579
            ],
            [
              14.3336274,
              51.7969262
            ],
            [
              14.333949,
              51.7970539
            ],
            [
              14.334226,
              51.7971638
            ],
            [
              14.3342345,
              51.7971672
            ],
            [
              14.3345004,
              51.7972728
            ],
            [
              14.3351547,
              51.7975325
            ],
            [
              14.3352867,
              51.7975788
            ],
            [
              14.3356602,
              51.7977096
            ],
            [
              14.3359175,
              51.7977997
            ],
            [
              14.3361548,
              51.7978828
            ],
            [
              14.3362707,
              51.7979234
            ],
            [
              14.3365692,
              51.7980279
            ],
            [
              14.3371064,
              51.798216
            ],
            [
              14.3379437,
              51.7985092
            ],
            [
              14.3380227,
              51.7985369
            ],
            [
              14.3381055,
              51.7985482
            ],
            [
              14.3381839,
              51.7985588
            ],
            [
              14.3385682,
              51.79869
            ],
            [
              14.339385,
              51.7989686
            ],
            [
              14.3397621,
              51.7990973
            ],
            [
              14.3397588,
              51.7991841
            ],
            [
              14.3397322,
              51.7992208
            ],
            [
              14.3395376,
              51.7994891
            ],
            [
              14.3392588,
              51.7998735
            ],
            [
              14.3387208,
              51.8004601
            ],
            [
              14.3385228,
              51.8006758
            ],
            [
              14.338435,
              51.8007715
            ],
            [
              14.3381708,
              51.8010593
            ],
            [
              14.3381534,
              51.8011261
            ],
            [
              14.3381202,
              51.8012537
            ],
            [
              14.3380935,
              51.8013564
            ],
            [
              14.338022,
              51.8014635
            ],
            [
              14.3378739,
              51.8016854
            ],
            [
              14.3376295,
              51.8019776
            ],
            [
              14.3373243,
              51.8024512
            ],
            [
              14.3370883,
              51.8028176
            ],
            [
              14.3370125,
              51.8029965
            ],
            [
              14.3367228,
              51.8033757
            ],
            [
              14.3365324,
              51.8036111
            ],
            [
              14.3363643,
              51.8038084
            ],
            [
              14.3360062,
              51.8042408
            ],
            [
              14.3359597,
              51.8043299
            ],
            [
              14.3355194,
              51.8049396
            ],
            [
              14.3354535,
              51.8050494
            ],
            [
              14.3352903,
              51.8053171
            ],
            [
              14.3352574,
              51.805472
            ],
            [
              14.3352493,
              51.8055101
            ],
            [
              14.33544,
              51.8057525
            ],
            [
              14.3359964,
              51.805898
            ],
            [
              14.3368544,
              51.8061223
            ],
            [
              14.3378492,
              51.8063783
            ],
            [
              14.3384966,
              51.8065464
            ],
            [
              14.3397257,
              51.806851
            ],
            [
              14.3399202,
              51.8068971
            ],
            [
              14.3411069,
              51.8071861
            ],
            [
              14.341383,
              51.8072555
            ],
            [
              14.3416803,
              51.8073301
            ],
            [
              14.3415988,
              51.8073731
            ],
            [
              14.3413356,
              51.8074972
            ],
            [
              14.3412843,
              51.8075214
            ],
            [
              14.3411233,
              51.8075973
            ],
            [
              14.3409826,
              51.8076636
            ],
            [
              14.3407032,
              51.8077953
            ],
            [
              14.3406771,
              51.8078076
            ],
            [
              14.3395507,
              51.8083404
            ],
            [
              14.3387326,
              51.8087249
            ],
            [
              14.3379233,
              51.8091052
            ],
            [
              14.3375654,
              51.8092744
            ],
            [
              14.3373559,
              51.8093734
            ],
            [
              14.3375607,
              51.8096987
            ],
            [
              14.3377189,
              51.8099584
            ],
            [
              14.3377228,
              51.8101551
            ],
            [
              14.3377313,
              51.8105698
            ],
            [
              14.3377336,
              51.8106258
            ],
            [
              14.3377387,
              51.8108894
            ],
            [
              14.3377447,
              51.8111968
            ],
            [
              14.3377474,
              51.8112971
            ],
            [
              14.337752,
              51.8115665
            ],
            [
              14.3377527,
              51.8116013
            ],
            [
              14.3375898,
              51.8116449
            ],
            [
              14.3375899,
              51.8116931
            ],
            [
              14.3375861,
              51.8117864
            ],
            [
              14.3370967,
              51.8120423
            ],
            [
              14.3369143,
              51.8121279
            ],
            [
              14.3365239,
              51.8122332
            ],
            [
              14.335986,
              51.8123782
            ],
            [
              14.3355927,
              51.8124842
            ],
            [
              14.3347033,
              51.8127257
            ],
            [
              14.3343995,
              51.8128063
            ],
            [
              14.3341252,
              51.8128826
            ],
            [
              14.3335743,
              51.8130216
            ],
            [
              14.333145,
              51.8131297
            ],
            [
              14.3330119,
              51.8131651
            ],
            [
              14.3320584,
              51.8134184
            ],
            [
              14.3313546,
              51.8136032
            ],
            [
              14.3307343,
              51.8137661
            ],
            [
              14.3303031,
              51.8138778
            ],
            [
              14.3301678,
              51.8139148
            ],
            [
              14.3298659,
              51.8139942
            ],
            [
              14.3296399,
              51.8140536
            ],
            [
              14.3294536,
              51.814231
            ],
            [
              14.3295357,
              51.8142634
            ],
            [
              14.3299559,
              51.814429
            ],
            [
              14.3302383,
              51.8145403
            ],
            [
              14.3304516,
              51.8146244
            ],
            [
              14.3305801,
              51.8146751
            ],
            [
              14.3317922,
              51.8151528
            ],
            [
              14.3320799,
              51.8152662
            ],
            [
              14.3322246,
              51.8153233
            ],
            [
              14.3322552,
              51.8153353
            ],
            [
              14.3330129,
              51.8156326
            ],
            [
              14.3333675,
              51.8157737
            ],
            [
              14.3334769,
              51.8158246
            ],
            [
              14.3333739,
              51.8159009
            ],
            [
              14.3337547,
              51.8160861
            ],
            [
              14.3341324,
              51.8162685
            ],
            [
              14.3343727,
              51.8163845
            ],
            [
              14.3346046,
              51.8164965
            ],
            [
              14.3347673,
              51.8165749
            ],
            [
              14.3350514,
              51.8167121
            ],
            [
              14.3352722,
              51.8168188
            ],
            [
              14.33536,
              51.8168613
            ],
            [
              14.3357619,
              51.8170123
            ],
            [
              14.3359897,
              51.8170977
            ],
            [
              14.3373209,
              51.8175974
            ],
            [
              14.3377349,
              51.8177526
            ],
            [
              14.3378059,
              51.8177791
            ],
            [
              14.3378013,
              51.8178865
            ],
            [
              14.3377886,
              51.8180653
            ],
            [
              14.3377112,
              51.8180716
            ],
            [
              14.3374137,
              51.8180955
            ],
            [
              14.3373347,
              51.8181021
            ],
            [
              14.3371282,
              51.8181195
            ],
            [
              14.3368459,
              51.8181729
            ],
            [
              14.336588,
              51.8182483
            ],
            [
              14.3363923,
              51.8183263
            ],
            [
              14.3362571,
              51.8184037
            ],
            [
              14.3359603,
              51.8186275
            ],
            [
              14.3359245,
              51.8186536
            ],
            [
              14.3358551,
              51.818728
            ],
            [
              14.3357593,
              51.818831
            ],
            [
              14.3357445,
              51.8188463
            ],
            [
              14.3356205,
              51.8189696
            ],
            [
              14.3355701,
              51.8190205
            ],
            [
              14.3355833,
              51.8191028
            ],
            [
              14.3356752,
              51.8196426
            ],
            [
              14.3357225,
              51.8199238
            ],
            [
              14.3356546,
              51.82012
            ],
            [
              14.3355364,
              51.820332
            ],
            [
              14.3354145,
              51.820454
            ],
            [
              14.3353321,
              51.8205379
            ],
            [
              14.3352105,
              51.8206579
            ],
            [
              14.3348859,
              51.8209789
            ],
            [
              14.3346232,
              51.821251
            ],
            [
              14.3345988,
              51.8214951
            ],
            [
              14.3345941,
              51.8215401
            ],
            [
              14.3346883,
              51.8217514
            ],
            [
              14.3347475,
              51.8218878
            ],
            [
              14.3347812,
              51.821967
            ],
            [
              14.334831,
              51.8221651
            ],
            [
              14.3348787,
              51.8222387
            ],
            [
              14.3350106,
              51.8224421
            ],
            [
              14.3350176,
              51.8225081
            ],
            [
              14.3349882,
              51.8225896
            ],
            [
              14.3348877,
              51.8227245
            ],
            [
              14.3351303,
              51.8227884
            ],
            [
              14.335173,
              51.8228029
            ],
            [
              14.3351951,
              51.822841
            ],
            [
              14.3350726,
              51.8230895
            ],
            [
              14.3350289,
              51.8231798
            ],
            [
              14.3349101,
              51.8233536
            ],
            [
              14.3346595,
              51.8237268
            ],
            [
              14.3345779,
              51.8238473
            ],
            [
              14.3344054,
              51.8241016
            ],
            [
              14.3342308,
              51.8243255
            ],
            [
              14.3339382,
              51.8246997
            ],
            [
              14.3339148,
              51.8247267
            ],
            [
              14.3335784,
              51.8251314
            ],
            [
              14.3333662,
              51.8253922
            ],
            [
              14.333287,
              51.8254904
            ],
            [
              14.333206,
              51.8255869
            ],
            [
              14.3331296,
              51.8256779
            ],
            [
              14.3326987,
              51.8261912
            ],
            [
              14.3323655,
              51.8264934
            ],
            [
              14.332177,
              51.8266233
            ],
            [
              14.3320835,
              51.8266697
            ],
            [
              14.3319304,
              51.8267389
            ],
            [
              14.3318558,
              51.8267736
            ],
            [
              14.331524,
              51.8269306
            ],
            [
              14.3314343,
              51.8270066
            ],
            [
              14.3311771,
              51.827169
            ],
            [
              14.3310518,
              51.8272581
            ],
            [
              14.3309759,
              51.8273134
            ],
            [
              14.3309226,
              51.8273944
            ],
            [
              14.330944,
              51.8274342
            ],
            [
              14.3311824,
              51.8274643
            ],
            [
              14.3312647,
              51.8274739
            ],
            [
              14.3306519,
              51.8279971
            ],
            [
              14.3306133,
              51.8280627
            ],
            [
              14.3302221,
              51.8283755
            ],
            [
              14.330009,
              51.8285419
            ],
            [
              14.3299616,
              51.828585
            ],
            [
              14.3298953,
              51.8286453
            ],
            [
              14.3292563,
              51.8292264
            ],
            [
              14.3290287,
              51.8294322
            ],
            [
              14.3286688,
              51.8297532
            ],
            [
              14.3284873,
              51.829917
            ],
            [
              14.3283623,
              51.8300285
            ],
            [
              14.328266,
              51.830114
            ],
            [
              14.3282471,
              51.8301312
            ],
            [
              14.3281794,
              51.8301942
            ],
            [
              14.3280877,
              51.8302779
            ],
            [
              14.3276228,
              51.83069
            ],
            [
              14.3274866,
              51.8308073
            ],
            [
              14.3274033,
              51.8308775
            ],
            [
              14.3273702,
              51.8309053
            ],
            [
              14.3270321,
              51.8311808
            ],
            [
              14.3265486,
              51.831575
            ],
            [
              14.3265185,
              51.8315998
            ],
            [
              14.3264638,
              51.8316443
            ],
            [
              14.3262975,
              51.8317807
            ],
            [
              14.3258696,
              51.8321319
            ],
            [
              14.3255928,
              51.8323596
            ],
            [
              14.3252969,
              51.8326029
            ],
            [
              14.3251898,
              51.8326911
            ],
            [
              14.3250289,
              51.8328234
            ],
            [
              14.3248308,
              51.832986
            ],
            [
              14.3247335,
              51.8330664
            ],
            [
              14.3245122,
              51.8332489
            ],
            [
              14.3243653,
              51.8333703
            ],
            [
              14.3242861,
              51.8334358
            ],
            [
              14.3242048,
              51.8335036
            ],
            [
              14.3241166,
              51.8335784
            ],
            [
              14.324037,
              51.8336463
            ],
            [
              14.3239761,
              51.8336981
            ],
            [
              14.3237706,
              51.8338731
            ],
            [
              14.3236004,
              51.8340181
            ],
            [
              14.3235823,
              51.8340333
            ],
            [
              14.3233915,
              51.8341846
            ],
            [
              14.3231324,
              51.8343899
            ],
            [
              14.3226745,
              51.8347529
            ],
            [
              14.3226161,
              51.8347992
            ],
            [
              14.3218475,
              51.8354255
            ],
            [
              14.3213627,
              51.8358195
            ],
            [
              14.3209485,
              51.8361547
            ],
            [
              14.320787,
              51.8362855
            ],
            [
              14.3205861,
              51.8364481
            ],
            [
              14.3205111,
              51.8365118
            ],
            [
              14.3202861,
              51.836703
            ],
            [
              14.3199271,
              51.837008
            ],
            [
              14.3196366,
              51.8372534
            ],
            [
              14.3192765,
              51.8375576
            ],
            [
              14.3189872,
              51.8378019
            ],
            [
              14.3187508,
              51.8380016
            ],
            [
              14.3182574,
              51.8384183
            ],
            [
              14.318075,
              51.8385723
            ],
            [
              14.3178456,
              51.8387661
            ],
            [
              14.3177391,
              51.8388592
            ],
            [
              14.317425,
              51.8391379
            ],
            [
              14.3172271,
              51.8393016
            ],
            [
              14.3172108,
              51.8393368
            ],
            [
              14.3170219,
              51.8394825
            ],
            [
              14.3169436,
              51.839536
            ],
            [
              14.3163382,
              51.8394874
            ],
            [
              14.3145348,
              51.8393014
            ],
            [
              14.3144211,
              51.8393231
            ],
            [
              14.3134735,
              51.8397368
            ],
            [
              14.3146798,
              51.8409587
            ],
            [
              14.3148564,
              51.841198
            ],
            [
              14.3149646,
              51.8412654
            ],
            [
              14.3150371,
              51.8413682
            ],
            [
              14.3151366,
              51.8418264
            ],
            [
              14.3151979,
              51.8419429
            ],
            [
              14.3153071,
              51.8420496
            ],
            [
              14.3154729,
              51.8421446
            ],
            [
              14.315632,
              51.8422084
            ],
            [
              14.3160509,
              51.8423243
            ],
            [
              14.3164823,
              51.8424274
            ],
            [
              14.3169319,
              51.8426194
            ],
            [
              14.3170631,
              51.8426639
            ],
            [
              14.3171422,
              51.8426932
            ],
            [
              14.3173777,
              51.8428036
            ],
            [
              14.3175356,
              51.8429668
            ],
            [
              14.3175158,
              51.8433647
            ],
            [
              14.3174952,
              51.8435037
            ],
            [
              14.317423,
              51.8439915
            ],
            [
              14.3173972,
              51.8441662
            ],
            [
              14.3172793,
              51.8460972
            ],
            [
              14.3175852,
              51.8463486
            ],
            [
              14.3176281,
              51.8464698
            ],
            [
              14.3173654,
              51.8464654
            ],
            [
              14.3163672,
              51.8464488
            ],
            [
              14.316392,
              51.8466182
            ],
            [
              14.3160463,
              51.8472425
            ],
            [
              14.315888,
              51.8473502
            ],
            [
              14.3155405,
              51.8477163
            ],
            [
              14.3152659,
              51.8479509
            ],
            [
              14.3150079,
              51.8481252
            ],
            [
              14.3145726,
              51.848402
            ],
            [
              14.3142397,
              51.8486003
            ],
            [
              14.3140737,
              51.8486841
            ],
            [
              14.3138763,
              51.8487271
            ],
            [
              14.3130655,
              51.8488512
            ],
            [
              14.3128407,
              51.8489223
            ],
            [
              14.3115068,
              51.8494701
            ],
            [
              14.3104086,
              51.8499036
            ],
            [
              14.3099863,
              51.8500274
            ],
            [
              14.3094369,
              51.8501151
            ],
            [
              14.3091825,
              51.8501203
            ],
            [
              14.3092363,
              51.8513419
            ],
            [
              14.3092652,
              51.8520005
            ],
            [
              14.3092118,
              51.8520655
            ],
            [
              14.3090153,
              51.852057
            ],
            [
              14.3087347,
              51.8520171
            ],
            [
              14.3085206,
              51.8519906
            ],
            [
              14.3083163,
              51.8519653
            ],
            [
              14.308131,
              51.8519477
            ],
            [
              14.308137,
              51.851984
            ],
            [
              14.3081617,
              51.8521331
            ],
            [
              14.3081643,
              51.8521479
            ],
            [
              14.3082892,
              51.8528993
            ],
            [
              14.3094599,
              51.8528562
            ],
            [
              14.3100135,
              51.8528204
            ],
            [
              14.3100491,
              51.8527717
            ],
            [
              14.3101792,
              51.8528822
            ],
            [
              14.311054,
              51.8536404
            ],
            [
              14.3112018,
              51.8537692
            ],
            [
              14.3119238,
              51.8543952
            ],
            [
              14.312373,
              51.8547845
            ],
            [
              14.3129226,
              51.8552616
            ],
            [
              14.3131089,
              51.8554233
            ],
            [
              14.3132469,
              51.8555441
            ],
            [
              14.3136219,
              51.8558723
            ],
            [
              14.314007,
              51.8562074
            ],
            [
              14.3140868,
              51.8562746
            ],
            [
              14.3141267,
              51.856359
            ],
            [
              14.3148259,
              51.8563229
            ],
            [
              14.3149988,
              51.8563133
            ],
            [
              14.3150912,
              51.8563085
            ],
            [
              14.3151089,
              51.8563686
            ],
            [
              14.3151245,
              51.8564212
            ],
            [
              14.3154467,
              51.8574551
            ],
            [
              14.3154759,
              51.8575358
            ],
            [
              14.3154784,
              51.8575386
            ],
            [
              14.3157551,
              51.8575091
            ],
            [
              14.3160731,
              51.8574752
            ],
            [
              14.3162583,
              51.8574557
            ],
            [
              14.3164126,
              51.8574394
            ],
            [
              14.3166318,
              51.8574157
            ],
            [
              14.3169241,
              51.8573846
            ],
            [
              14.3172796,
              51.85735
            ],
            [
              14.3173472,
              51.8573434
            ],
            [
              14.3179053,
              51.857289
            ],
            [
              14.3185732,
              51.857219
            ],
            [
              14.3187959,
              51.8571956
            ],
            [
              14.3193124,
              51.8571415
            ],
            [
              14.3194431,
              51.8571278
            ],
            [
              14.3195199,
              51.8571404
            ],
            [
              14.3194891,
              51.8570319
            ],
            [
              14.3196104,
              51.8570166
            ],
            [
              14.3196173,
              51.8570385
            ],
            [
              14.3196862,
              51.8572867
            ],
            [
              14.319705,
              51.8573545
            ],
            [
              14.3204642,
              51.8599573
            ],
            [
              14.3205211,
              51.8601731
            ],
            [
              14.3211163,
              51.8622257
            ],
            [
              14.3211607,
              51.8623754
            ],
            [
              14.3212019,
              51.8624733
            ],
            [
              14.3201286,
              51.8625234
            ],
            [
              14.3197061,
              51.8625335
            ],
            [
              14.3190741,
              51.8625361
            ],
            [
              14.3184451,
              51.8625855
            ],
            [
              14.3181053,
              51.8625811
            ],
            [
              14.3180117,
              51.8625886
            ],
            [
              14.3178983,
              51.8626046
            ],
            [
              14.317498,
              51.8626874
            ],
            [
              14.3173883,
              51.862728
            ],
            [
              14.3168612,
              51.8628068
            ],
            [
              14.3165437,
              51.862848
            ],
            [
              14.3162635,
              51.8628948
            ],
            [
              14.3159541,
              51.8629392
            ],
            [
              14.3154997,
              51.8630134
            ],
            [
              14.3152485,
              51.8630299
            ],
            [
              14.3150109,
              51.8630386
            ],
            [
              14.314702,
              51.8630936
            ],
            [
              14.3136916,
              51.8632953
            ],
            [
              14.3134111,
              51.8633739
            ],
            [
              14.3130765,
              51.8634817
            ],
            [
              14.3128865,
              51.8635253
            ],
            [
              14.312614,
              51.863603
            ],
            [
              14.3124309,
              51.8636599
            ],
            [
              14.3119711,
              51.8637598
            ],
            [
              14.3115679,
              51.8638564
            ],
            [
              14.3110095,
              51.8640106
            ],
            [
              14.3107435,
              51.8640692
            ],
            [
              14.3104641,
              51.8641079
            ],
            [
              14.3102449,
              51.8641506
            ],
            [
              14.3098445,
              51.8640932
            ],
            [
              14.3095991,
              51.8640701
            ],
            [
              14.3088525,
              51.8640424
            ],
            [
              14.3087243,
              51.8640732
            ],
            [
              14.3086575,
              51.8640632
            ],
            [
              14.3082732,
              51.8640246
            ],
            [
              14.3081912,
              51.8640263
            ],
            [
              14.3079557,
              51.8640056
            ],
            [
              14.3076972,
              51.8640002
            ],
            [
              14.3068846,
              51.8639558
            ],
            [
              14.3067414,
              51.8639538
            ],
            [
              14.3066649,
              51.8639678
            ],
            [
              14.3065881,
              51.863993
            ],
            [
              14.3061471,
              51.8639933
            ],
            [
              14.3057052,
              51.8640314
            ],
            [
              14.3054612,
              51.8640596
            ],
            [
              14.305021,
              51.8640826
            ],
            [
              14.304748,
              51.8641152
            ],
            [
              14.3044607,
              51.8641592
            ],
            [
              14.3037245,
              51.8642173
            ],
            [
              14.3035456,
              51.8642212
            ],
            [
              14.3030313,
              51.8625648
            ],
            [
              14.3029106,
              51.8625891
            ],
            [
              14.3025669,
              51.8615352
            ],
            [
              14.3025194,
              51.8613721
            ],
            [
              14.3025155,
              51.8613585
            ],
            [
              14.3024285,
              51.8610593
            ],
            [
              14.3024086,
              51.8609903
            ],
            [
              14.3022853,
              51.8605587
            ],
            [
              14.3022782,
              51.8605097
            ],
            [
              14.3021059,
              51.8599455
            ],
            [
              14.3020901,
              51.8598926
            ],
            [
              14.301826,
              51.8590191
            ],
            [
              14.3018099,
              51.8589732
            ],
            [
              14.3017662,
              51.8588488
            ],
            [
              14.3012926,
              51.8572294
            ],
            [
              14.3012645,
              51.8571253
            ],
            [
              14.3013248,
              51.8569656
            ],
            [
              14.3013205,
              51.8569365
            ],
            [
              14.3012706,
              51.8566412
            ],
            [
              14.3012637,
              51.8566007
            ],
            [
              14.3010817,
              51.8554167
            ],
            [
              14.3010517,
              51.8553074
            ],
            [
              14.3010879,
              51.8553034
            ],
            [
              14.3011917,
              51.8552959
            ],
            [
              14.3011417,
              51.8550042
            ],
            [
              14.301958,
              51.8549486
            ],
            [
              14.3017111,
              51.8534258
            ],
            [
              14.3009429,
              51.8534663
            ],
            [
              14.3008806,
              51.8535028
            ],
            [
              14.300865,
              51.8533531
            ],
            [
              14.3006119,
              51.8518867
            ],
            [
              14.3001933,
              51.849184
            ],
            [
              14.3001409,
              51.8490759
            ],
            [
              14.3000555,
              51.8490039
            ],
            [
              14.2979467,
              51.8480349
            ],
            [
              14.2970451,
              51.8476842
            ],
            [
              14.296977,
              51.8476307
            ],
            [
              14.2969383,
              51.8475633
            ],
            [
              14.2969367,
              51.8474952
            ],
            [
              14.2971424,
              51.8471198
            ],
            [
              14.2974234,
              51.8466588
            ],
            [
              14.2976346,
              51.8463122
            ],
            [
              14.2976965,
              51.8461688
            ],
            [
              14.2977541,
              51.8459933
            ],
            [
              14.2977868,
              51.8458107
            ],
            [
              14.2978405,
              51.8453242
            ],
            [
              14.2978612,
              51.8450063
            ],
            [
              14.2978639,
              51.8447779
            ],
            [
              14.2978658,
              51.8446042
            ],
            [
              14.2978664,
              51.8445561
            ],
            [
              14.2997711,
              51.8424331
            ],
            [
              14.2995129,
              51.8423167
            ],
            [
              14.2995836,
              51.8422562
            ],
            [
              14.2996271,
              51.8422547
            ],
            [
              14.299813,
              51.8422485
            ],
            [
              14.2998231,
              51.8422481
            ],
            [
              14.299881,
              51.8422461
            ],
            [
              14.2999632,
              51.8421866
            ],
            [
              14.2999857,
              51.8421463
            ],
            [
              14.2999975,
              51.8421095
            ],
            [
              14.3000191,
              51.8419924
            ],
            [
              14.3000435,
              51.8419372
            ],
            [
              14.3001366,
              51.8418154
            ],
            [
              14.3001437,
              51.8418061
            ],
            [
              14.3005278,
              51.8413497
            ],
            [
              14.3006837,
              51.8411635
            ],
            [
              14.3008608,
              51.840952
            ],
            [
              14.3010458,
              51.840731
            ],
            [
              14.3011351,
              51.840623
            ],
            [
              14.3012978,
              51.8404299
            ],
            [
              14.301532,
              51.8401501
            ],
            [
              14.3015502,
              51.8401284
            ],
            [
              14.3019052,
              51.8397044
            ],
            [
              14.3020544,
              51.8395261
            ],
            [
              14.302449,
              51.8390547
            ],
            [
              14.3026219,
              51.8388482
            ],
            [
              14.30278,
              51.8386593
            ],
            [
              14.3030368,
              51.8383524
            ],
            [
              14.303539,
              51.8377528
            ],
            [
              14.3036701,
              51.8375961
            ],
            [
              14.3049523,
              51.8360558
            ],
            [
              14.305013,
              51.835982
            ],
            [
              14.3050307,
              51.8359606
            ],
            [
              14.3041588,
              51.8324493
            ],
            [
              14.3041395,
              51.8323835
            ],
            [
              14.304129,
              51.8323577
            ],
            [
              14.3035105,
              51.8299505
            ],
            [
              14.3031473,
              51.8288128
            ],
            [
              14.3031281,
              51.8287353
            ],
            [
              14.3030752,
              51.8287163
            ],
            [
              14.303073,
              51.8287027
            ],
            [
              14.3030271,
              51.8285875
            ],
            [
              14.3029146,
              51.8268693
            ],
            [
              14.3028911,
              51.8259611
            ],
            [
              14.302871,
              51.8254334
            ],
            [
              14.3028687,
              51.825388
            ],
            [
              14.3028662,
              51.8253217
            ],
            [
              14.302914,
              51.825313
            ],
            [
              14.3032098,
              51.8252754
            ],
            [
              14.3034715,
              51.8252624
            ],
            [
              14.3034658,
              51.8252438
            ],
            [
              14.3036302,
              51.8252276
            ],
            [
              14.3042478,
              51.8252099
            ],
            [
              14.3044606,
              51.8251936
            ],
            [
              14.3046774,
              51.825176
            ],
            [
              14.3048661,
              51.8251168
            ],
            [
              14.3051334,
              51.8250531
            ],
            [
              14.3054074,
              51.8249767
            ],
            [
              14.3056356,
              51.8249169
            ],
            [
              14.3059822,
              51.8247919
            ],
            [
              14.306617,
              51.8245631
            ],
            [
              14.3092796,
              51.8236018
            ],
            [
              14.3094459,
              51.8235405
            ],
            [
              14.3099519,
              51.8233395
            ],
            [
              14.3104847,
              51.8231309
            ],
            [
              14.3115019,
              51.8227372
            ],
            [
              14.3118218,
              51.8222262
            ],
            [
              14.3122564,
              51.8215318
            ],
            [
              14.3115388,
              51.8212627
            ],
            [
              14.3111698,
              51.8211243
            ],
            [
              14.3103312,
              51.8208098
            ],
            [
              14.3097431,
              51.8205892
            ],
            [
              14.3093384,
              51.8204374
            ],
            [
              14.3089777,
              51.8203022
            ],
            [
              14.3088744,
              51.8202634
            ],
            [
              14.3089149,
              51.8201904
            ],
            [
              14.3085422,
              51.8200493
            ],
            [
              14.3083812,
              51.8199908
            ],
            [
              14.3074798,
              51.8196628
            ],
            [
              14.3068295,
              51.8194263
            ],
            [
              14.3065954,
              51.8193413
            ],
            [
              14.3063572,
              51.819255
            ],
            [
              14.3059074,
              51.8190921
            ],
            [
              14.3058255,
              51.8190545
            ],
            [
              14.3058022,
              51.8190438
            ],
            [
              14.3058643,
              51.8185397
            ],
            [
              14.3058907,
              51.8181805
            ],
            [
              14.305919,
              51.8179777
            ],
            [
              14.3059852,
              51.8178044
            ],
            [
              14.3061054,
              51.8175932
            ],
            [
              14.3062967,
              51.817343
            ],
            [
              14.3063669,
              51.817286
            ],
            [
              14.3065024,
              51.8172202
            ],
            [
              14.306596,
              51.8171333
            ],
            [
              14.3066924,
              51.8170069
            ],
            [
              14.306743,
              51.8169405
            ],
            [
              14.3068057,
              51.8167977
            ],
            [
              14.3068429,
              51.8167539
            ],
            [
              14.3068746,
              51.8167206
            ],
            [
              14.3069697,
              51.8166211
            ],
            [
              14.3071516,
              51.8163762
            ],
            [
              14.3070566,
              51.8163051
            ],
            [
              14.3069454,
              51.816222
            ],
            [
              14.3067997,
              51.8160447
            ],
            [
              14.3066517,
              51.8158941
            ],
            [
              14.3064944,
              51.8157259
            ],
            [
              14.3062084,
              51.815515
            ],
            [
              14.3060117,
              51.8153263
            ],
            [
              14.3053306,
              51.8145298
            ],
            [
              14.3047387,
              51.8139216
            ],
            [
              14.3044919,
              51.8137078
            ],
            [
              14.3043261,
              51.8135888
            ],
            [
              14.3041597,
              51.8134803
            ],
            [
              14.3039882,
              51.8133696
            ],
            [
              14.3037746,
              51.8132337
            ],
            [
              14.3032635,
              51.8128486
            ],
            [
              14.3028878,
              51.8125109
            ],
            [
              14.3025928,
              51.8122894
            ],
            [
              14.3022968,
              51.8120494
            ],
            [
              14.3019308,
              51.8117538
            ],
            [
              14.3018566,
              51.8116548
            ],
            [
              14.3018065,
              51.8116192
            ],
            [
              14.3014844,
              51.811381
            ],
            [
              14.301181,
              51.811135
            ],
            [
              14.3010137,
              51.8109872
            ],
            [
              14.3008109,
              51.810812
            ],
            [
              14.3007048,
              51.810719
            ],
            [
              14.3005409,
              51.8105999
            ],
            [
              14.3002598,
              51.8103788
            ],
            [
              14.300059,
              51.8102163
            ],
            [
              14.2998699,
              51.8100596
            ],
            [
              14.2997561,
              51.8099505
            ],
            [
              14.2995628,
              51.8097457
            ],
            [
              14.2995138,
              51.8096496
            ],
            [
              14.2993329,
              51.8094842
            ],
            [
              14.2990754,
              51.8091862
            ],
            [
              14.2990293,
              51.8090975
            ],
            [
              14.2989398,
              51.8090238
            ],
            [
              14.2988724,
              51.8089743
            ],
            [
              14.2987914,
              51.8089362
            ],
            [
              14.298596,
              51.8088673
            ],
            [
              14.2981475,
              51.8086975
            ],
            [
              14.2979925,
              51.8086332
            ],
            [
              14.2978675,
              51.8086145
            ],
            [
              14.2977304,
              51.8085959
            ],
            [
              14.2973911,
              51.8085509
            ],
            [
              14.297192,
              51.8085122
            ],
            [
              14.2969547,
              51.8084684
            ],
            [
              14.2965964,
              51.8083568
            ],
            [
              14.2962379,
              51.8082577
            ],
            [
              14.2961979,
              51.8082501
            ],
            [
              14.2960014,
              51.8082128
            ],
            [
              14.2959438,
              51.8082018
            ],
            [
              14.2956565,
              51.8081103
            ],
            [
              14.2955114,
              51.808034
            ],
            [
              14.2953196,
              51.807972
            ],
            [
              14.295031,
              51.8078834
            ],
            [
              14.294599,
              51.8077253
            ],
            [
              14.2944574,
              51.8076614
            ],
            [
              14.2943375,
              51.8075811
            ],
            [
              14.2943055,
              51.8075591
            ],
            [
              14.2942591,
              51.8075271
            ],
            [
              14.294183,
              51.8074535
            ],
            [
              14.2939197,
              51.8073422
            ],
            [
              14.293716,
              51.8072853
            ],
            [
              14.2935014,
              51.8072048
            ],
            [
              14.2926704,
              51.8068921
            ],
            [
              14.2920705,
              51.8067148
            ],
            [
              14.291828,
              51.8066432
            ],
            [
              14.2914214,
              51.8064621
            ],
            [
              14.2913856,
              51.8064461
            ],
            [
              14.2911871,
              51.8063465
            ],
            [
              14.2911254,
              51.8063141
            ],
            [
              14.2910169,
              51.8062573
            ],
            [
              14.2906249,
              51.8060951
            ],
            [
              14.2904363,
              51.8060443
            ],
            [
              14.2902493,
              51.8059715
            ],
            [
              14.2898546,
              51.8058317
            ],
            [
              14.2895737,
              51.8057763
            ],
            [
              14.2893829,
              51.8057229
            ],
            [
              14.2885939,
              51.8054749
            ],
            [
              14.28848,
              51.8054454
            ],
            [
              14.28825,
              51.805386
            ],
            [
              14.2876145,
              51.8052218
            ],
            [
              14.2871925,
              51.8051306
            ],
            [
              14.2869366,
              51.8050894
            ],
            [
              14.2868224,
              51.8050898
            ],
            [
              14.2860369,
              51.8050497
            ],
            [
              14.285445,
              51.8050741
            ],
            [
              14.2850526,
              51.8050068
            ],
            [
              14.2849019,
              51.8049301
            ],
            [
              14.2848703,
              51.8048677
            ],
            [
              14.2848208,
              51.8048024
            ],
            [
              14.2846725,
              51.8047147
            ],
            [
              14.2845291,
              51.8046613
            ],
            [
              14.2840471,
              51.8045118
            ],
            [
              14.2840601,
              51.804475
            ],
            [
              14.2834555,
              51.8043532
            ],
            [
              14.28323,
              51.8043019
            ],
            [
              14.2831337,
              51.8042748
            ],
            [
              14.2829746,
              51.8042378
            ],
            [
              14.2827975,
              51.8041463
            ],
            [
              14.2808232,
              51.8039369
            ],
            [
              14.2806445,
              51.8039141
            ],
            [
              14.2765806,
              51.8035159
            ],
            [
              14.2749618,
              51.8034064
            ],
            [
              14.2747908,
              51.80339
            ],
            [
              14.274611,
              51.8032414
            ],
            [
              14.2745308,
              51.8031865
            ],
            [
              14.2736429,
              51.8011096
            ],
            [
              14.2736067,
              51.7990119
            ],
            [
              14.2735866,
              51.7988633
            ],
            [
              14.2735207,
              51.7971837
            ],
            [
              14.2734831,
              51.7967337
            ],
            [
              14.2734283,
              51.7963044
            ],
            [
              14.2732889,
              51.7949755
            ]
          ]
        ]
      }
    },
    {
      "type": "Feature",
      "properties": {
        "name": "Saspow",
        "city": "Cottbus",
        "osm_id": 1626179,
        "osm_type": "relation",
        "display": "Saspow, Cottbus, Brandenburg, Deutschland"
      },
      "geometry": {
        "type": "Polygon",
        "coordinates": [
          [
            [
              14.344224,
              51.771202
            ],
            [
              14.3446654,
              51.7711517
            ],
            [
              14.3450195,
              51.7711165
            ],
            [
              14.3455506,
              51.7710637
            ],
            [
              14.3465829,
              51.7709598
            ],
            [
              14.3468829,
              51.7709298
            ],
            [
              14.3472701,
              51.7708892
            ],
            [
              14.3477411,
              51.7708454
            ],
            [
              14.3480713,
              51.7708044
            ],
            [
              14.3486264,
              51.7707499
            ],
            [
              14.3489054,
              51.7707254
            ],
            [
              14.3492986,
              51.770683
            ],
            [
              14.3495777,
              51.7706473
            ],
            [
              14.3500702,
              51.7705757
            ],
            [
              14.3506859,
              51.7704713
            ],
            [
              14.3509532,
              51.7704281
            ],
            [
              14.3513832,
              51.7703246
            ],
            [
              14.3517503,
              51.7702169
            ],
            [
              14.3522225,
              51.7700857
            ],
            [
              14.3527942,
              51.7699196
            ],
            [
              14.3529958,
              51.769865
            ],
            [
              14.3533388,
              51.7697646
            ],
            [
              14.3539976,
              51.7695768
            ],
            [
              14.3545332,
              51.7694217
            ],
            [
              14.355085,
              51.7692988
            ],
            [
              14.355211,
              51.7695198
            ],
            [
              14.3555476,
              51.7701102
            ],
            [
              14.3558301,
              51.7706369
            ],
            [
              14.3559569,
              51.7708801
            ],
            [
              14.3560553,
              51.7710686
            ],
            [
              14.3561999,
              51.7712809
            ],
            [
              14.356479,
              51.7715675
            ],
            [
              14.3565592,
              51.7716792
            ],
            [
              14.356564,
              51.7717847
            ],
            [
              14.3566117,
              51.7721874
            ],
            [
              14.3564605,
              51.7725707
            ],
            [
              14.3562369,
              51.7728867
            ],
            [
              14.3560251,
              51.7731859
            ],
            [
              14.3560528,
              51.7732947
            ],
            [
              14.3561736,
              51.7737702
            ],
            [
              14.3562271,
              51.7739811
            ],
            [
              14.3565162,
              51.7742908
            ],
            [
              14.3566242,
              51.7744064
            ],
            [
              14.356928,
              51.7747319
            ],
            [
              14.3571151,
              51.7749323
            ],
            [
              14.3573671,
              51.7752476
            ],
            [
              14.3574294,
              51.7753266
            ],
            [
              14.3576213,
              51.7757348
            ],
            [
              14.3577951,
              51.7761266
            ],
            [
              14.3578135,
              51.7763243
            ],
            [
              14.3578589,
              51.7766187
            ],
            [
              14.3578846,
              51.777137
            ],
            [
              14.3578752,
              51.7774678
            ],
            [
              14.3578579,
              51.7778556
            ],
            [
              14.3577792,
              51.778407
            ],
            [
              14.3577281,
              51.7786819
            ],
            [
              14.3576873,
              51.7789077
            ],
            [
              14.3576527,
              51.7791211
            ],
            [
              14.3576629,
              51.7793536
            ],
            [
              14.3576665,
              51.7794346
            ],
            [
              14.3577476,
              51.7795863
            ],
            [
              14.3578526,
              51.7797823
            ],
            [
              14.3579234,
              51.7799147
            ],
            [
              14.3581322,
              51.7801986
            ],
            [
              14.3583726,
              51.7804111
            ],
            [
              14.3585557,
              51.7805731
            ],
            [
              14.3587523,
              51.7806684
            ],
            [
              14.3591414,
              51.7808571
            ],
            [
              14.359448,
              51.7810058
            ],
            [
              14.3596066,
              51.7810827
            ],
            [
              14.3600185,
              51.7812824
            ],
            [
              14.3603371,
              51.7814369
            ],
            [
              14.3604948,
              51.7815134
            ],
            [
              14.3607061,
              51.7815821
            ],
            [
              14.3607827,
              51.781607
            ],
            [
              14.3613102,
              51.7817785
            ],
            [
              14.3619814,
              51.7819067
            ],
            [
              14.3621815,
              51.7819449
            ],
            [
              14.3622406,
              51.7819614
            ],
            [
              14.3622987,
              51.7819777
            ],
            [
              14.3625927,
              51.7820599
            ],
            [
              14.3631375,
              51.7822122
            ],
            [
              14.3638385,
              51.7824671
            ],
            [
              14.3639699,
              51.7825059
            ],
            [
              14.3640481,
              51.782529
            ],
            [
              14.3643615,
              51.7826216
            ],
            [
              14.3645832,
              51.782687
            ],
            [
              14.3654694,
              51.7827933
            ],
            [
              14.3656144,
              51.7828107
            ],
            [
              14.365723,
              51.7827217
            ],
            [
              14.3657862,
              51.7827149
            ],
            [
              14.3658696,
              51.7827278
            ],
            [
              14.3659632,
              51.7827228
            ],
            [
              14.366121,
              51.782727
            ],
            [
              14.3661642,
              51.7827067
            ],
            [
              14.3662024,
              51.7827154
            ],
            [
              14.3663714,
              51.7827879
            ],
            [
              14.3664792,
              51.782802
            ],
            [
              14.3666514,
              51.7828165
            ],
            [
              14.3668269,
              51.7828441
            ],
            [
              14.3673966,
              51.7829136
            ],
            [
              14.3674168,
              51.7829116
            ],
            [
              14.3681144,
              51.7830378
            ],
            [
              14.3685272,
              51.7831486
            ],
            [
              14.3686029,
              51.7831733
            ],
            [
              14.3689491,
              51.7833172
            ],
            [
              14.3692737,
              51.7834563
            ],
            [
              14.3694362,
              51.7835363
            ],
            [
              14.3696506,
              51.783655
            ],
            [
              14.3698904,
              51.7838158
            ],
            [
              14.370013,
              51.7839487
            ],
            [
              14.3701271,
              51.7841013
            ],
            [
              14.3702134,
              51.7842604
            ],
            [
              14.3702723,
              51.7844418
            ],
            [
              14.3702954,
              51.7845128
            ],
            [
              14.3703071,
              51.7847111
            ],
            [
              14.3705016,
              51.7847083
            ],
            [
              14.3706232,
              51.784707
            ],
            [
              14.370621,
              51.7849004
            ],
            [
              14.3706142,
              51.7849671
            ],
            [
              14.3705991,
              51.7850413
            ],
            [
              14.3705588,
              51.7851382
            ],
            [
              14.370494,
              51.785209
            ],
            [
              14.3703911,
              51.7852892
            ],
            [
              14.3702882,
              51.7853893
            ],
            [
              14.3700927,
              51.7854445
            ],
            [
              14.3699646,
              51.7856072
            ],
            [
              14.3697584,
              51.7857069
            ],
            [
              14.3696354,
              51.7857553
            ],
            [
              14.3695064,
              51.7857965
            ],
            [
              14.3694267,
              51.7858143
            ],
            [
              14.3693015,
              51.785814
            ],
            [
              14.3689056,
              51.7859565
            ],
            [
              14.3684781,
              51.7861501
            ],
            [
              14.3684556,
              51.7861571
            ],
            [
              14.3683097,
              51.7862026
            ],
            [
              14.3680638,
              51.7861996
            ],
            [
              14.367662,
              51.7863616
            ],
            [
              14.3674659,
              51.7864406
            ],
            [
              14.3671951,
              51.7865498
            ],
            [
              14.3666863,
              51.7868862
            ],
            [
              14.366415,
              51.7873072
            ],
            [
              14.3662114,
              51.7875146
            ],
            [
              14.3661667,
              51.7876022
            ],
            [
              14.3659397,
              51.7878806
            ],
            [
              14.3658908,
              51.7879858
            ],
            [
              14.365865,
              51.7882382
            ],
            [
              14.3658446,
              51.788343
            ],
            [
              14.3657967,
              51.7885898
            ],
            [
              14.3657925,
              51.7886357
            ],
            [
              14.3658254,
              51.7887669
            ],
            [
              14.3658727,
              51.7889555
            ],
            [
              14.3659137,
              51.7891187
            ],
            [
              14.3659918,
              51.7892879
            ],
            [
              14.3660778,
              51.7895918
            ],
            [
              14.366068,
              51.789772
            ],
            [
              14.3660858,
              51.7899515
            ],
            [
              14.366118,
              51.7901307
            ],
            [
              14.366138,
              51.7902927
            ],
            [
              14.3661402,
              51.7903101
            ],
            [
              14.3661333,
              51.7904902
            ],
            [
              14.3661496,
              51.7906698
            ],
            [
              14.3661565,
              51.7908184
            ],
            [
              14.3666699,
              51.7907104
            ],
            [
              14.3669499,
              51.7906517
            ],
            [
              14.3672567,
              51.7905873
            ],
            [
              14.3672328,
              51.7905604
            ],
            [
              14.367568,
              51.790332
            ],
            [
              14.3676186,
              51.7903162
            ],
            [
              14.367638,
              51.7902867
            ],
            [
              14.3676768,
              51.7902413
            ],
            [
              14.3677246,
              51.7902225
            ],
            [
              14.36782,
              51.7902205
            ],
            [
              14.3677773,
              51.7901943
            ],
            [
              14.3677467,
              51.7901318
            ],
            [
              14.3678194,
              51.790075
            ],
            [
              14.3679398,
              51.7900325
            ],
            [
              14.3681701,
              51.789992
            ],
            [
              14.3684009,
              51.7899488
            ],
            [
              14.3687284,
              51.78991
            ],
            [
              14.3690076,
              51.7898664
            ],
            [
              14.3691586,
              51.7898733
            ],
            [
              14.3693925,
              51.7898597
            ],
            [
              14.3694942,
              51.7898365
            ],
            [
              14.3696555,
              51.7898217
            ],
            [
              14.3697815,
              51.7897861
            ],
            [
              14.3698108,
              51.7897825
            ],
            [
              14.3698895,
              51.7897947
            ],
            [
              14.3699718,
              51.7898075
            ],
            [
              14.3700614,
              51.7898334
            ],
            [
              14.3701831,
              51.7898144
            ],
            [
              14.3703264,
              51.7897768
            ],
            [
              14.3705599,
              51.7898001
            ],
            [
              14.3707221,
              51.789788
            ],
            [
              14.3707574,
              51.7897854
            ],
            [
              14.3711212,
              51.7897664
            ],
            [
              14.371398,
              51.7897498
            ],
            [
              14.3716079,
              51.7897756
            ],
            [
              14.3717922,
              51.7897823
            ],
            [
              14.3718001,
              51.7897849
            ],
            [
              14.3718627,
              51.789806
            ],
            [
              14.3720063,
              51.7898269
            ],
            [
              14.3721101,
              51.789842
            ],
            [
              14.3721717,
              51.7898617
            ],
            [
              14.372177,
              51.7898785
            ],
            [
              14.3724048,
              51.7898918
            ],
            [
              14.3724925,
              51.7898954
            ],
            [
              14.3727359,
              51.790593
            ],
            [
              14.3727888,
              51.7910081
            ],
            [
              14.3729169,
              51.7913879
            ],
            [
              14.3729638,
              51.7913812
            ],
            [
              14.3731822,
              51.7913499
            ],
            [
              14.3732049,
              51.7913986
            ],
            [
              14.3729642,
              51.7914427
            ],
            [
              14.3730171,
              51.7916004
            ],
            [
              14.3730418,
              51.79172
            ],
            [
              14.3730295,
              51.791867
            ],
            [
              14.3731393,
              51.7921755
            ],
            [
              14.3732128,
              51.7922839
            ],
            [
              14.3733302,
              51.7923152
            ],
            [
              14.3733247,
              51.792354
            ],
            [
              14.3732158,
              51.7923612
            ],
            [
              14.3732425,
              51.7924597
            ],
            [
              14.3733976,
              51.7930308
            ],
            [
              14.3734918,
              51.7933818
            ],
            [
              14.3736061,
              51.7938062
            ],
            [
              14.3734555,
              51.7938218
            ],
            [
              14.3735278,
              51.7940796
            ],
            [
              14.3735382,
              51.7941167
            ],
            [
              14.3735567,
              51.7941775
            ],
            [
              14.3735778,
              51.794247
            ],
            [
              14.373808,
              51.7951063
            ],
            [
              14.3738434,
              51.7950114
            ],
            [
              14.3739222,
              51.7952809
            ],
            [
              14.374111,
              51.7959105
            ],
            [
              14.3741225,
              51.7959486
            ],
            [
              14.3741594,
              51.7960706
            ],
            [
              14.3742296,
              51.796164
            ],
            [
              14.3742378,
              51.7961749
            ],
            [
              14.3742674,
              51.7962142
            ],
            [
              14.3743709,
              51.796206
            ],
            [
              14.3743784,
              51.7962522
            ],
            [
              14.3742842,
              51.7962809
            ],
            [
              14.3742859,
              51.7964431
            ],
            [
              14.3743789,
              51.7968586
            ],
            [
              14.3744282,
              51.7970475
            ],
            [
              14.3745629,
              51.7975635
            ],
            [
              14.3746077,
              51.797748
            ],
            [
              14.3747259,
              51.7981931
            ],
            [
              14.3747773,
              51.7982666
            ],
            [
              14.374733,
              51.798306
            ],
            [
              14.3746745,
              51.7983129
            ],
            [
              14.374766,
              51.7986468
            ],
            [
              14.3749529,
              51.7993246
            ],
            [
              14.375183,
              51.8001496
            ],
            [
              14.3752495,
              51.8003855
            ],
            [
              14.3753945,
              51.8009031
            ],
            [
              14.3755094,
              51.8013133
            ],
            [
              14.3757491,
              51.8021796
            ],
            [
              14.3758096,
              51.802395
            ],
            [
              14.3758341,
              51.8024994
            ],
            [
              14.3758662,
              51.8026366
            ],
            [
              14.3759299,
              51.802908
            ],
            [
              14.3757956,
              51.8029953
            ],
            [
              14.3757742,
              51.8031094
            ],
            [
              14.3756586,
              51.8031947
            ],
            [
              14.3756412,
              51.8032076
            ],
            [
              14.3755781,
              51.803225
            ],
            [
              14.3755631,
              51.8032292
            ],
            [
              14.3755316,
              51.8032379
            ],
            [
              14.3754833,
              51.803296
            ],
            [
              14.3749866,
              51.8038946
            ],
            [
              14.3743653,
              51.8042209
            ],
            [
              14.3736624,
              51.804365
            ],
            [
              14.3735437,
              51.8043895
            ],
            [
              14.3731088,
              51.8045148
            ],
            [
              14.3728175,
              51.8045938
            ],
            [
              14.3726585,
              51.8046369
            ],
            [
              14.3724012,
              51.8046934
            ],
            [
              14.3724745,
              51.8049128
            ],
            [
              14.3725062,
              51.8050074
            ],
            [
              14.3725192,
              51.8050516
            ],
            [
              14.3725649,
              51.8052072
            ],
            [
              14.3726822,
              51.8055691
            ],
            [
              14.3726449,
              51.8056511
            ],
            [
              14.3725371,
              51.8056898
            ],
            [
              14.3724734,
              51.8057164
            ],
            [
              14.3724108,
              51.80576
            ],
            [
              14.3722741,
              51.8058544
            ],
            [
              14.3721816,
              51.8059056
            ],
            [
              14.3720901,
              51.805928
            ],
            [
              14.371928,
              51.805954
            ],
            [
              14.3713929,
              51.8058626
            ],
            [
              14.3712748,
              51.8058424
            ],
            [
              14.3707982,
              51.805761
            ],
            [
              14.3701279,
              51.8056652
            ],
            [
              14.3699011,
              51.8056647
            ],
            [
              14.3696678,
              51.8056345
            ],
            [
              14.3695743,
              51.8056317
            ],
            [
              14.3694459,
              51.8056201
            ],
            [
              14.3691452,
              51.8055985
            ],
            [
              14.3690903,
              51.8056008
            ],
            [
              14.3686017,
              51.8056214
            ],
            [
              14.3682882,
              51.8056346
            ],
            [
              14.367918,
              51.8057331
            ],
            [
              14.3676871,
              51.8051307
            ],
            [
              14.3676102,
              51.8049297
            ],
            [
              14.3675939,
              51.8045581
            ],
            [
              14.3676701,
              51.8041887
            ],
            [
              14.3677101,
              51.8038897
            ],
            [
              14.3677648,
              51.8037473
            ],
            [
              14.3678207,
              51.8036019
            ],
            [
              14.3679437,
              51.8035015
            ],
            [
              14.3679723,
              51.8033498
            ],
            [
              14.3679783,
              51.8033179
            ],
            [
              14.3681506,
              51.8032136
            ],
            [
              14.3683098,
              51.8031173
            ],
            [
              14.3688886,
              51.8027476
            ],
            [
              14.3689781,
              51.8026904
            ],
            [
              14.3690149,
              51.8026533
            ],
            [
              14.3692153,
              51.8024946
            ],
            [
              14.3693412,
              51.8023183
            ],
            [
              14.3694651,
              51.8021991
            ],
            [
              14.3696043,
              51.8020837
            ],
            [
              14.369747,
              51.8019621
            ],
            [
              14.3697464,
              51.8019464
            ],
            [
              14.3697916,
              51.8019028
            ],
            [
              14.3697449,
              51.8019069
            ],
            [
              14.3697419,
              51.8018285
            ],
            [
              14.3694623,
              51.801931
            ],
            [
              14.3693946,
              51.8019557
            ],
            [
              14.3691836,
              51.8019726
            ],
            [
              14.3691166,
              51.8019779
            ],
            [
              14.3688622,
              51.8019981
            ],
            [
              14.3684925,
              51.8020276
            ],
            [
              14.3682592,
              51.8020461
            ],
            [
              14.3681016,
              51.8020587
            ],
            [
              14.3675182,
              51.8021152
            ],
            [
              14.3673174,
              51.8024143
            ],
            [
              14.3672442,
              51.8024029
            ],
            [
              14.3671957,
              51.8023953
            ],
            [
              14.3671637,
              51.8023903
            ],
            [
              14.3671568,
              51.8024021
            ],
            [
              14.3671025,
              51.8023942
            ],
            [
              14.3670527,
              51.802387
            ],
            [
              14.3663053,
              51.8022783
            ],
            [
              14.3657551,
              51.8021983
            ],
            [
              14.36539,
              51.8021452
            ],
            [
              14.3641766,
              51.8019687
            ],
            [
              14.363762,
              51.8019084
            ],
            [
              14.3630775,
              51.8018089
            ],
            [
              14.3627594,
              51.8017626
            ],
            [
              14.3627268,
              51.8017579
            ],
            [
              14.3624213,
              51.8017135
            ],
            [
              14.362302,
              51.8016961
            ],
            [
              14.3620711,
              51.8016625
            ],
            [
              14.3620122,
              51.8016559
            ],
            [
              14.3618525,
              51.8016378
            ],
            [
              14.3612096,
              51.8015651
            ],
            [
              14.3610985,
              51.8015525
            ],
            [
              14.3610108,
              51.8015426
            ],
            [
              14.3608554,
              51.8015276
            ],
            [
              14.360426,
              51.8014861
            ],
            [
              14.3602127,
              51.8014654
            ],
            [
              14.359684,
              51.8014143
            ],
            [
              14.3594819,
              51.8013948
            ],
            [
              14.3590295,
              51.801351
            ],
            [
              14.3588261,
              51.8013313
            ],
            [
              14.3586487,
              51.8013142
            ],
            [
              14.3585969,
              51.8013092
            ],
            [
              14.358478,
              51.8012949
            ],
            [
              14.3581818,
              51.8012593
            ],
            [
              14.3570886,
              51.8011281
            ],
            [
              14.3563948,
              51.8010448
            ],
            [
              14.3562896,
              51.8010321
            ],
            [
              14.3555091,
              51.8009384
            ],
            [
              14.3554364,
              51.8008888
            ],
            [
              14.3554093,
              51.8008847
            ],
            [
              14.3551741,
              51.8008503
            ],
            [
              14.3546045,
              51.8007048
            ],
            [
              14.3542139,
              51.8005862
            ],
            [
              14.3539459,
              51.8004972
            ],
            [
              14.3533809,
              51.8003098
            ],
            [
              14.3530654,
              51.8001919
            ],
            [
              14.3524852,
              51.799975
            ],
            [
              14.3524475,
              51.7999584
            ],
            [
              14.3519822,
              51.7997386
            ],
            [
              14.3517831,
              51.7996502
            ],
            [
              14.3513893,
              51.7994567
            ],
            [
              14.3512298,
              51.7993783
            ],
            [
              14.3511944,
              51.7993409
            ],
            [
              14.3512037,
              51.799113
            ],
            [
              14.351236,
              51.7989734
            ],
            [
              14.3512667,
              51.7988062
            ],
            [
              14.3513029,
              51.7985871
            ],
            [
              14.3513165,
              51.7984151
            ],
            [
              14.3513848,
              51.797997
            ],
            [
              14.3514378,
              51.7978295
            ],
            [
              14.3514431,
              51.7978128
            ],
            [
              14.3513113,
              51.7977924
            ],
            [
              14.3511055,
              51.7977609
            ],
            [
              14.3507605,
              51.797708
            ],
            [
              14.3502508,
              51.79763
            ],
            [
              14.3500766,
              51.7977607
            ],
            [
              14.3500219,
              51.7977812
            ],
            [
              14.3494656,
              51.7975771
            ],
            [
              14.348501,
              51.7974188
            ],
            [
              14.3483161,
              51.797387
            ],
            [
              14.3477141,
              51.7972837
            ],
            [
              14.3476075,
              51.7972654
            ],
            [
              14.3474116,
              51.7972318
            ],
            [
              14.3472689,
              51.7972073
            ],
            [
              14.3472078,
              51.7971928
            ],
            [
              14.3472338,
              51.7970378
            ],
            [
              14.3472446,
              51.7969534
            ],
            [
              14.3472753,
              51.7966951
            ],
            [
              14.3472884,
              51.796619
            ],
            [
              14.3473411,
              51.7962884
            ],
            [
              14.3474271,
              51.7958886
            ],
            [
              14.3475342,
              51.7955831
            ],
            [
              14.3476218,
              51.7953289
            ],
            [
              14.3476667,
              51.7951265
            ],
            [
              14.3477613,
              51.794714
            ],
            [
              14.3478848,
              51.7944332
            ],
            [
              14.3480618,
              51.7939185
            ],
            [
              14.3480936,
              51.7935905
            ],
            [
              14.3481991,
              51.7930529
            ],
            [
              14.3482613,
              51.7927652
            ],
            [
              14.3482785,
              51.792686
            ],
            [
              14.3483193,
              51.7923434
            ],
            [
              14.3483796,
              51.7918364
            ],
            [
              14.3484255,
              51.7915671
            ],
            [
              14.3484652,
              51.7913071
            ],
            [
              14.3485015,
              51.7910749
            ],
            [
              14.3485516,
              51.7907201
            ],
            [
              14.3486182,
              51.7902595
            ],
            [
              14.3486685,
              51.789888
            ],
            [
              14.3486757,
              51.7898044
            ],
            [
              14.3487346,
              51.7894339
            ],
            [
              14.3488068,
              51.7890243
            ],
            [
              14.3488635,
              51.7886324
            ],
            [
              14.348905,
              51.7884523
            ],
            [
              14.3489546,
              51.7881347
            ],
            [
              14.3490171,
              51.7877428
            ],
            [
              14.3490978,
              51.7873492
            ],
            [
              14.3491649,
              51.7870596
            ],
            [
              14.3492282,
              51.7868275
            ],
            [
              14.349323,
              51.7864879
            ],
            [
              14.3494204,
              51.7861724
            ],
            [
              14.3495176,
              51.7858792
            ],
            [
              14.3496204,
              51.7856084
            ],
            [
              14.3497446,
              51.7853061
            ],
            [
              14.349915,
              51.7849506
            ],
            [
              14.350084,
              51.7845013
            ],
            [
              14.3502588,
              51.7841446
            ],
            [
              14.3503026,
              51.784058
            ],
            [
              14.3504822,
              51.7837035
            ],
            [
              14.3508027,
              51.7830068
            ],
            [
              14.3509601,
              51.7826917
            ],
            [
              14.3510867,
              51.7824284
            ],
            [
              14.3513397,
              51.7819242
            ],
            [
              14.3515469,
              51.781481
            ],
            [
              14.3516426,
              51.7812845
            ],
            [
              14.3517315,
              51.7811437
            ],
            [
              14.3519438,
              51.7807601
            ],
            [
              14.3520492,
              51.7805153
            ],
            [
              14.3521585,
              51.7802073
            ],
            [
              14.3521695,
              51.7800698
            ],
            [
              14.3521603,
              51.7798764
            ],
            [
              14.3521461,
              51.7798224
            ],
            [
              14.3521264,
              51.7797331
            ],
            [
              14.3520451,
              51.7795597
            ],
            [
              14.3519484,
              51.7793938
            ],
            [
              14.351869,
              51.7792911
            ],
            [
              14.3517301,
              51.779149
            ],
            [
              14.3515998,
              51.7790405
            ],
            [
              14.351321,
              51.7788382
            ],
            [
              14.3509382,
              51.7785758
            ],
            [
              14.3507423,
              51.7784409
            ],
            [
              14.3503923,
              51.7781917
            ],
            [
              14.3499254,
              51.7778829
            ],
            [
              14.3494344,
              51.7775218
            ],
            [
              14.3492423,
              51.7773804
            ],
            [
              14.3488019,
              51.7770862
            ],
            [
              14.3483392,
              51.7767564
            ],
            [
              14.3477607,
              51.7763498
            ],
            [
              14.3476539,
              51.776273
            ],
            [
              14.3475856,
              51.7762262
            ],
            [
              14.3473833,
              51.7761246
            ],
            [
              14.3471697,
              51.7759766
            ],
            [
              14.346873,
              51.7757705
            ],
            [
              14.3466893,
              51.7756282
            ],
            [
              14.3466062,
              51.7755454
            ],
            [
              14.3463625,
              51.7752585
            ],
            [
              14.3462783,
              51.7751597
            ],
            [
              14.3462382,
              51.7751126
            ],
            [
              14.3461752,
              51.7750385
            ],
            [
              14.3459042,
              51.7745092
            ],
            [
              14.3455995,
              51.7739139
            ],
            [
              14.3455408,
              51.7737994
            ],
            [
              14.3455158,
              51.7737506
            ],
            [
              14.3454891,
              51.7736985
            ],
            [
              14.3453849,
              51.7734949
            ],
            [
              14.3452268,
              51.7731823
            ],
            [
              14.3448183,
              51.7723739
            ],
            [
              14.3447936,
              51.7723251
            ],
            [
              14.3447679,
              51.7722741
            ],
            [
              14.3445667,
              51.7718791
            ],
            [
              14.344416,
              51.7715811
            ],
            [
              14.3442549,
              51.7712624
            ],
            [
              14.344224,
              51.771202
            ]
          ]
        ]
      }
    },
    {
      "type": "Feature",
      "properties": {
        "name": "Merzdorf",
        "city": "Cottbus",
        "osm_id": 1626367,
        "osm_type": "relation",
        "display": "Merzdorf, Cottbus, Brandenburg, Deutschland"
      },
      "geometry": {
        "type": "Polygon",
        "coordinates": [
          [
            [
              14.365723,
              51.7827217
            ],
            [
              14.3657482,
              51.7826987
            ],
            [
              14.3658061,
              51.782646
            ],
            [
              14.365822,
              51.7826316
            ],
            [
              14.3661957,
              51.7822916
            ],
            [
              14.3662354,
              51.7822555
            ],
            [
              14.3662639,
              51.7822295
            ],
            [
              14.3667529,
              51.7817847
            ],
            [
              14.3670953,
              51.7814732
            ],
            [
              14.3678076,
              51.7808252
            ],
            [
              14.368114,
              51.7805461
            ],
            [
              14.3681758,
              51.7804899
            ],
            [
              14.3682089,
              51.7804598
            ],
            [
              14.3683633,
              51.7803194
            ],
            [
              14.3684288,
              51.7803214
            ],
            [
              14.3684819,
              51.780323
            ],
            [
              14.3686658,
              51.7803117
            ],
            [
              14.3688141,
              51.7803135
            ],
            [
              14.3688538,
              51.780314
            ],
            [
              14.3689019,
              51.7803147
            ],
            [
              14.3690363,
              51.7803175
            ],
            [
              14.3694511,
              51.7803264
            ],
            [
              14.3693879,
              51.7801679
            ],
            [
              14.3693159,
              51.7799158
            ],
            [
              14.3692717,
              51.7797048
            ],
            [
              14.3692376,
              51.7794412
            ],
            [
              14.3692121,
              51.779242
            ],
            [
              14.3691304,
              51.7790074
            ],
            [
              14.3690954,
              51.7788082
            ],
            [
              14.3690691,
              51.7786675
            ],
            [
              14.3690147,
              51.7785092
            ],
            [
              14.3689881,
              51.7783861
            ],
            [
              14.3689707,
              51.7782806
            ],
            [
              14.3689263,
              51.7780813
            ],
            [
              14.3688812,
              51.7779289
            ],
            [
              14.3686582,
              51.7770027
            ],
            [
              14.3684685,
              51.7763928
            ],
            [
              14.3682634,
              51.775537
            ],
            [
              14.3679749,
              51.7745439
            ],
            [
              14.3703045,
              51.774612
            ],
            [
              14.3717988,
              51.7746537
            ],
            [
              14.3718871,
              51.774616
            ],
            [
              14.3719229,
              51.7748665
            ],
            [
              14.3747926,
              51.7749514
            ],
            [
              14.3752165,
              51.7749637
            ],
            [
              14.3751643,
              51.7746478
            ],
            [
              14.3750135,
              51.7744447
            ],
            [
              14.374491,
              51.7740787
            ],
            [
              14.3744445,
              51.7738708
            ],
            [
              14.3750186,
              51.7731257
            ],
            [
              14.3749878,
              51.7729475
            ],
            [
              14.3747848,
              51.7726344
            ],
            [
              14.3744985,
              51.7724846
            ],
            [
              14.3741039,
              51.772406
            ],
            [
              14.3741281,
              51.7723618
            ],
            [
              14.374198,
              51.7722325
            ],
            [
              14.3742147,
              51.7722025
            ],
            [
              14.3742498,
              51.7721368
            ],
            [
              14.3742767,
              51.7720865
            ],
            [
              14.3742996,
              51.7720437
            ],
            [
              14.3743323,
              51.7719832
            ],
            [
              14.3743535,
              51.7719437
            ],
            [
              14.3743953,
              51.7718658
            ],
            [
              14.3744931,
              51.7716832
            ],
            [
              14.37452,
              51.7716331
            ],
            [
              14.3745544,
              51.7715693
            ],
            [
              14.3745635,
              51.771552
            ],
            [
              14.3745902,
              51.7715033
            ],
            [
              14.3746082,
              51.7714703
            ],
            [
              14.3746504,
              51.7714928
            ],
            [
              14.3746999,
              51.7715184
            ],
            [
              14.3750254,
              51.7716854
            ],
            [
              14.3768902,
              51.7726432
            ],
            [
              14.377147,
              51.7723405
            ],
            [
              14.3773284,
              51.7721268
            ],
            [
              14.3780369,
              51.7712917
            ],
            [
              14.37805,
              51.7712762
            ],
            [
              14.3786633,
              51.7715379
            ],
            [
              14.3787937,
              51.7715935
            ],
            [
              14.3788903,
              51.7716335
            ],
            [
              14.3790008,
              51.7716807
            ],
            [
              14.3791095,
              51.771727
            ],
            [
              14.3792174,
              51.7717738
            ],
            [
              14.3792919,
              51.7718061
            ],
            [
              14.3793204,
              51.7718182
            ],
            [
              14.3794496,
              51.7718734
            ],
            [
              14.3796381,
              51.7719538
            ],
            [
              14.3798346,
              51.7720377
            ],
            [
              14.3801606,
              51.7721768
            ],
            [
              14.3804495,
              51.7717159
            ],
            [
              14.3805336,
              51.7715818
            ],
            [
              14.3808601,
              51.7710609
            ],
            [
              14.3810923,
              51.7706905
            ],
            [
              14.381267,
              51.7704118
            ],
            [
              14.3813059,
              51.7703498
            ],
            [
              14.3813117,
              51.7703531
            ],
            [
              14.3813924,
              51.7703982
            ],
            [
              14.38154,
              51.7704632
            ],
            [
              14.382185,
              51.7707471
            ],
            [
              14.3823402,
              51.7706431
            ],
            [
              14.3824231,
              51.7705881
            ],
            [
              14.3825083,
              51.770531
            ],
            [
              14.38281,
              51.7703299
            ],
            [
              14.3833514,
              51.7699682
            ],
            [
              14.3834972,
              51.7698708
            ],
            [
              14.3843852,
              51.7692777
            ],
            [
              14.3845602,
              51.7691608
            ],
            [
              14.3847082,
              51.7690698
            ],
            [
              14.384985,
              51.7688997
            ],
            [
              14.3858013,
              51.7683978
            ],
            [
              14.3858706,
              51.7683552
            ],
            [
              14.386191,
              51.7681582
            ],
            [
              14.3862153,
              51.7681433
            ],
            [
              14.3865162,
              51.768254
            ],
            [
              14.3869174,
              51.768453
            ],
            [
              14.3872467,
              51.7686164
            ],
            [
              14.3874165,
              51.7687006
            ],
            [
              14.388322,
              51.7691498
            ],
            [
              14.3887516,
              51.7693629
            ],
            [
              14.3891011,
              51.7695362
            ],
            [
              14.3891161,
              51.7695393
            ],
            [
              14.3893234,
              51.769593
            ],
            [
              14.3894225,
              51.7696183
            ],
            [
              14.3895661,
              51.769655
            ],
            [
              14.3896303,
              51.7696714
            ],
            [
              14.3897787,
              51.7697093
            ],
            [
              14.3907174,
              51.769944
            ],
            [
              14.3914916,
              51.7701382
            ],
            [
              14.3923171,
              51.7703453
            ],
            [
              14.3927612,
              51.770455
            ],
            [
              14.3945387,
              51.770894
            ],
            [
              14.3957962,
              51.7712477
            ],
            [
              14.3970965,
              51.7716113
            ],
            [
              14.3976136,
              51.7717537
            ],
            [
              14.3980732,
              51.7718868
            ],
            [
              14.3981775,
              51.7719176
            ],
            [
              14.3982167,
              51.7719263
            ],
            [
              14.3982728,
              51.7719381
            ],
            [
              14.3982847,
              51.7719404
            ],
            [
              14.3983947,
              51.7719619
            ],
            [
              14.3985049,
              51.7719833
            ],
            [
              14.3991128,
              51.7721033
            ],
            [
              14.4005389,
              51.7723846
            ],
            [
              14.4019827,
              51.7727017
            ],
            [
              14.4026624,
              51.7728897
            ],
            [
              14.4029767,
              51.772972
            ],
            [
              14.4037396,
              51.7731301
            ],
            [
              14.4040876,
              51.7732022
            ],
            [
              14.4042869,
              51.7732302
            ],
            [
              14.4043344,
              51.7732368
            ],
            [
              14.4046608,
              51.7732735
            ],
            [
              14.4047486,
              51.7732834
            ],
            [
              14.4048493,
              51.7732947
            ],
            [
              14.4056129,
              51.7733804
            ],
            [
              14.4056696,
              51.7733868
            ],
            [
              14.4066134,
              51.7734928
            ],
            [
              14.4068231,
              51.7735163
            ],
            [
              14.4071177,
              51.7735644
            ],
            [
              14.4076613,
              51.7736301
            ],
            [
              14.4080526,
              51.7736781
            ],
            [
              14.4094893,
              51.7738585
            ],
            [
              14.4095253,
              51.7738633
            ],
            [
              14.4103712,
              51.7740077
            ],
            [
              14.4120611,
              51.7742951
            ],
            [
              14.4123472,
              51.7743422
            ],
            [
              14.4124007,
              51.7744013
            ],
            [
              14.4124339,
              51.7744384
            ],
            [
              14.4136157,
              51.7757424
            ],
            [
              14.4146529,
              51.7768872
            ],
            [
              14.4152746,
              51.77728
            ],
            [
              14.4156704,
              51.7775499
            ],
            [
              14.4160316,
              51.7777804
            ],
            [
              14.4161381,
              51.777848
            ],
            [
              14.4167799,
              51.7782556
            ],
            [
              14.4168153,
              51.7782784
            ],
            [
              14.4168584,
              51.778306
            ],
            [
              14.4173852,
              51.7786407
            ],
            [
              14.4183784,
              51.7792681
            ],
            [
              14.4197136,
              51.7801105
            ],
            [
              14.4197438,
              51.7801318
            ],
            [
              14.4202825,
              51.7816228
            ],
            [
              14.4205039,
              51.7822292
            ],
            [
              14.4204486,
              51.7824798
            ],
            [
              14.420276,
              51.7832618
            ],
            [
              14.4201741,
              51.7837236
            ],
            [
              14.4201452,
              51.7838536
            ],
            [
              14.4200556,
              51.7842641
            ],
            [
              14.4199327,
              51.7848091
            ],
            [
              14.4199322,
              51.7848113
            ],
            [
              14.4197987,
              51.7854036
            ],
            [
              14.4196287,
              51.7861574
            ],
            [
              14.4195725,
              51.7862362
            ],
            [
              14.4195566,
              51.7862578
            ],
            [
              14.4195403,
              51.7862799
            ],
            [
              14.419451,
              51.7864067
            ],
            [
              14.418948,
              51.78712
            ],
            [
              14.4183799,
              51.7879266
            ],
            [
              14.4183134,
              51.7880193
            ],
            [
              14.4182711,
              51.7880613
            ],
            [
              14.4180493,
              51.7882802
            ],
            [
              14.4178849,
              51.7884434
            ],
            [
              14.4173549,
              51.7889695
            ],
            [
              14.4172792,
              51.7890418
            ],
            [
              14.4166391,
              51.7896872
            ],
            [
              14.4166071,
              51.789726
            ],
            [
              14.4164071,
              51.7900157
            ],
            [
              14.4162685,
              51.7902171
            ],
            [
              14.4161824,
              51.7903413
            ],
            [
              14.4160224,
              51.7905722
            ],
            [
              14.4159485,
              51.7906802
            ],
            [
              14.4158559,
              51.7908118
            ],
            [
              14.4156168,
              51.7911572
            ],
            [
              14.415551,
              51.7912522
            ],
            [
              14.4155246,
              51.7912904
            ],
            [
              14.415494,
              51.7913326
            ],
            [
              14.415458,
              51.7913904
            ],
            [
              14.4153756,
              51.7915231
            ],
            [
              14.4152049,
              51.7917902
            ],
            [
              14.4150691,
              51.7920049
            ],
            [
              14.4149431,
              51.7922031
            ],
            [
              14.4148807,
              51.7923013
            ],
            [
              14.4148756,
              51.7923101
            ],
            [
              14.414852,
              51.7923509
            ],
            [
              14.4147551,
              51.792471
            ],
            [
              14.4147092,
              51.7925257
            ],
            [
              14.4139891,
              51.7933925
            ],
            [
              14.4139634,
              51.7934233
            ],
            [
              14.413879,
              51.7935246
            ],
            [
              14.4137105,
              51.7937275
            ],
            [
              14.4136232,
              51.7938327
            ],
            [
              14.4134102,
              51.7940892
            ],
            [
              14.413364,
              51.7941448
            ],
            [
              14.4133332,
              51.7941819
            ],
            [
              14.4129435,
              51.7946526
            ],
            [
              14.412669,
              51.7949842
            ],
            [
              14.4125577,
              51.7951909
            ],
            [
              14.4125316,
              51.7952436
            ],
            [
              14.4124957,
              51.7953162
            ],
            [
              14.4124317,
              51.7954427
            ],
            [
              14.4124024,
              51.7955027
            ],
            [
              14.4123682,
              51.7955739
            ],
            [
              14.4117745,
              51.7967001
            ],
            [
              14.4114574,
              51.797337
            ],
            [
              14.41144,
              51.7973693
            ],
            [
              14.411359,
              51.7975346
            ],
            [
              14.4113143,
              51.7976244
            ],
            [
              14.4110035,
              51.7982487
            ],
            [
              14.4109224,
              51.7984116
            ],
            [
              14.4108699,
              51.7984555
            ],
            [
              14.4108456,
              51.7981137
            ],
            [
              14.4107752,
              51.7979778
            ],
            [
              14.4107175,
              51.7978665
            ],
            [
              14.4106701,
              51.7977345
            ],
            [
              14.4106512,
              51.7976423
            ],
            [
              14.4107663,
              51.7974676
            ],
            [
              14.410784,
              51.7973892
            ],
            [
              14.4108202,
              51.7973209
            ],
            [
              14.4108648,
              51.7972492
            ],
            [
              14.4108845,
              51.7971681
            ],
            [
              14.4107248,
              51.7970155
            ],
            [
              14.4106604,
              51.796954
            ],
            [
              14.410589,
              51.7968858
            ],
            [
              14.4104839,
              51.7967853
            ],
            [
              14.4103971,
              51.7966637
            ],
            [
              14.4103748,
              51.7965987
            ],
            [
              14.4103844,
              51.7965402
            ],
            [
              14.4104065,
              51.7964048
            ],
            [
              14.4104284,
              51.7962779
            ],
            [
              14.4104488,
              51.7961603
            ],
            [
              14.4104716,
              51.796028
            ],
            [
              14.4103863,
              51.7959118
            ],
            [
              14.410294,
              51.7958403
            ],
            [
              14.4100553,
              51.7957514
            ],
            [
              14.4098394,
              51.7956588
            ],
            [
              14.4097681,
              51.7956104
            ],
            [
              14.4097134,
              51.7955369
            ],
            [
              14.4097038,
              51.7954656
            ],
            [
              14.4097364,
              51.7953619
            ],
            [
              14.4098362,
              51.7952177
            ],
            [
              14.4098592,
              51.7951845
            ],
            [
              14.4099035,
              51.7950556
            ],
            [
              14.4099079,
              51.794939
            ],
            [
              14.4098701,
              51.7948617
            ],
            [
              14.409806,
              51.7947916
            ],
            [
              14.4097631,
              51.7947458
            ],
            [
              14.4096471,
              51.7946764
            ],
            [
              14.4094655,
              51.7945948
            ],
            [
              14.4090572,
              51.7944688
            ],
            [
              14.4088813,
              51.7944159
            ],
            [
              14.4086341,
              51.7943535
            ],
            [
              14.4082589,
              51.7942248
            ],
            [
              14.408269,
              51.7942079
            ],
            [
              14.4080335,
              51.7941108
            ],
            [
              14.4079484,
              51.794055
            ],
            [
              14.4078408,
              51.7940111
            ],
            [
              14.4076728,
              51.7939455
            ],
            [
              14.407562,
              51.793932
            ],
            [
              14.407516,
              51.7938787
            ],
            [
              14.4073334,
              51.7938371
            ],
            [
              14.4072597,
              51.7938319
            ],
            [
              14.4062098,
              51.7937576
            ],
            [
              14.4060799,
              51.7937484
            ],
            [
              14.4057732,
              51.7936611
            ],
            [
              14.4054867,
              51.7935795
            ],
            [
              14.405083,
              51.793464
            ],
            [
              14.4046157,
              51.7933303
            ],
            [
              14.4045266,
              51.7933047
            ],
            [
              14.4043241,
              51.7932296
            ],
            [
              14.4040473,
              51.7931269
            ],
            [
              14.4039033,
              51.7932561
            ],
            [
              14.4038832,
              51.7933066
            ],
            [
              14.4038891,
              51.7935156
            ],
            [
              14.4038908,
              51.7936853
            ],
            [
              14.4039583,
              51.7941138
            ],
            [
              14.4042962,
              51.7941939
            ],
            [
              14.4042929,
              51.7943467
            ],
            [
              14.4033593,
              51.7943098
            ],
            [
              14.4030584,
              51.7942979
            ],
            [
              14.4030079,
              51.7942959
            ],
            [
              14.4025439,
              51.7942733
            ],
            [
              14.4023762,
              51.7942651
            ],
            [
              14.4019216,
              51.7942754
            ],
            [
              14.4016622,
              51.7942813
            ],
            [
              14.4015331,
              51.7942678
            ],
            [
              14.4013093,
              51.7942404
            ],
            [
              14.4006034,
              51.7942736
            ],
            [
              14.4001743,
              51.7942935
            ],
            [
              14.3997895,
              51.7943114
            ],
            [
              14.3996982,
              51.7942751
            ],
            [
              14.3995671,
              51.794223
            ],
            [
              14.3993,
              51.7940012
            ],
            [
              14.3992585,
              51.7939798
            ],
            [
              14.3992575,
              51.7939664
            ],
            [
              14.3991512,
              51.793921
            ],
            [
              14.3990374,
              51.7938724
            ],
            [
              14.3989132,
              51.7938193
            ],
            [
              14.3987642,
              51.7937557
            ],
            [
              14.3984732,
              51.7937015
            ],
            [
              14.3980308,
              51.7936003
            ],
            [
              14.3978191,
              51.7935518
            ],
            [
              14.3977159,
              51.793562
            ],
            [
              14.3970292,
              51.7934164
            ],
            [
              14.3966586,
              51.793403
            ],
            [
              14.3965154,
              51.7933978
            ],
            [
              14.3961686,
              51.793447
            ],
            [
              14.3959931,
              51.7934508
            ],
            [
              14.3959288,
              51.7934433
            ],
            [
              14.395873,
              51.793419
            ],
            [
              14.3958604,
              51.7933848
            ],
            [
              14.3959077,
              51.7933172
            ],
            [
              14.3959118,
              51.7932816
            ],
            [
              14.395903,
              51.7932482
            ],
            [
              14.3958891,
              51.7931851
            ],
            [
              14.3958746,
              51.7931172
            ],
            [
              14.3958447,
              51.7929765
            ],
            [
              14.3953797,
              51.7930833
            ],
            [
              14.3951612,
              51.7931335
            ],
            [
              14.3950511,
              51.7931588
            ],
            [
              14.3949376,
              51.7931848
            ],
            [
              14.3948078,
              51.7932088
            ],
            [
              14.39461,
              51.7932453
            ],
            [
              14.3942872,
              51.7933048
            ],
            [
              14.3941456,
              51.7933472
            ],
            [
              14.3940343,
              51.7933993
            ],
            [
              14.3938274,
              51.7935128
            ],
            [
              14.3936895,
              51.7935833
            ],
            [
              14.3935205,
              51.7936673
            ],
            [
              14.3933834,
              51.7937207
            ],
            [
              14.3932513,
              51.793757
            ],
            [
              14.3931393,
              51.7937878
            ],
            [
              14.3929987,
              51.7938149
            ],
            [
              14.3927768,
              51.7938406
            ],
            [
              14.3927337,
              51.7938456
            ],
            [
              14.3925503,
              51.7938668
            ],
            [
              14.3923654,
              51.7938883
            ],
            [
              14.3919475,
              51.7939367
            ],
            [
              14.3917991,
              51.7939539
            ],
            [
              14.3914844,
              51.7939801
            ],
            [
              14.3913197,
              51.7939938
            ],
            [
              14.3911557,
              51.7939927
            ],
            [
              14.3909808,
              51.7939848
            ],
            [
              14.3908028,
              51.7939691
            ],
            [
              14.3903866,
              51.7939723
            ],
            [
              14.3900475,
              51.7939818
            ],
            [
              14.3899517,
              51.7939948
            ],
            [
              14.3898105,
              51.7940247
            ],
            [
              14.3895102,
              51.7941094
            ],
            [
              14.3891555,
              51.7942398
            ],
            [
              14.3889227,
              51.7943117
            ],
            [
              14.3886685,
              51.7943616
            ],
            [
              14.3885203,
              51.7943977
            ],
            [
              14.3883026,
              51.7944112
            ],
            [
              14.3881012,
              51.7944123
            ],
            [
              14.3878054,
              51.7943935
            ],
            [
              14.3874784,
              51.79437
            ],
            [
              14.387158,
              51.7943461
            ],
            [
              14.3869647,
              51.7943388
            ],
            [
              14.3868082,
              51.7943552
            ],
            [
              14.386698,
              51.7943755
            ],
            [
              14.3861527,
              51.7945865
            ],
            [
              14.3860541,
              51.7946332
            ],
            [
              14.3859129,
              51.7946668
            ],
            [
              14.3858176,
              51.7946837
            ],
            [
              14.3856206,
              51.7947029
            ],
            [
              14.3855092,
              51.7946872
            ],
            [
              14.3853432,
              51.7946511
            ],
            [
              14.3851565,
              51.7945742
            ],
            [
              14.3849825,
              51.7944845
            ],
            [
              14.3847332,
              51.794385
            ],
            [
              14.3846678,
              51.7943723
            ],
            [
              14.3845743,
              51.794333
            ],
            [
              14.3845477,
              51.7943016
            ],
            [
              14.3845242,
              51.7942615
            ],
            [
              14.3844772,
              51.7942291
            ],
            [
              14.3840409,
              51.7939835
            ],
            [
              14.3839471,
              51.7939287
            ],
            [
              14.3838643,
              51.793882
            ],
            [
              14.3836941,
              51.7937718
            ],
            [
              14.3832918,
              51.7934974
            ],
            [
              14.383138,
              51.793395
            ],
            [
              14.3830387,
              51.7933398
            ],
            [
              14.3825109,
              51.7929928
            ],
            [
              14.3824486,
              51.7929359
            ],
            [
              14.3823009,
              51.7928394
            ],
            [
              14.3821911,
              51.7927575
            ],
            [
              14.3820071,
              51.7926454
            ],
            [
              14.3818249,
              51.7925446
            ],
            [
              14.3817597,
              51.7925107
            ],
            [
              14.3816812,
              51.792482
            ],
            [
              14.3814183,
              51.7923228
            ],
            [
              14.3812571,
              51.7922075
            ],
            [
              14.3812671,
              51.792201
            ],
            [
              14.3813308,
              51.7921602
            ],
            [
              14.3803579,
              51.7892828
            ],
            [
              14.3803418,
              51.789216
            ],
            [
              14.3803371,
              51.7891936
            ],
            [
              14.3802955,
              51.7889995
            ],
            [
              14.38025,
              51.7887868
            ],
            [
              14.3802268,
              51.7886785
            ],
            [
              14.3802238,
              51.7886647
            ],
            [
              14.380162,
              51.788467
            ],
            [
              14.3801059,
              51.7882879
            ],
            [
              14.3800871,
              51.7882568
            ],
            [
              14.3799884,
              51.7880933
            ],
            [
              14.3799024,
              51.7879527
            ],
            [
              14.3798527,
              51.7878714
            ],
            [
              14.3797355,
              51.7876799
            ],
            [
              14.3796506,
              51.7875409
            ],
            [
              14.3795289,
              51.7872884
            ],
            [
              14.3795168,
              51.7872632
            ],
            [
              14.3793943,
              51.78719
            ],
            [
              14.3792679,
              51.7871145
            ],
            [
              14.379137,
              51.7870362
            ],
            [
              14.3788839,
              51.7868849
            ],
            [
              14.3787486,
              51.7868041
            ],
            [
              14.3784607,
              51.786632
            ],
            [
              14.3782173,
              51.7864866
            ],
            [
              14.3781582,
              51.7864512
            ],
            [
              14.3780197,
              51.7863684
            ],
            [
              14.3780015,
              51.7863575
            ],
            [
              14.3776065,
              51.7861215
            ],
            [
              14.3775374,
              51.7860802
            ],
            [
              14.3774118,
              51.7860051
            ],
            [
              14.3770343,
              51.7859856
            ],
            [
              14.3768025,
              51.7859736
            ],
            [
              14.3764425,
              51.785955
            ],
            [
              14.3759569,
              51.7859299
            ],
            [
              14.3756263,
              51.7859128
            ],
            [
              14.3755175,
              51.7859072
            ],
            [
              14.3754515,
              51.7855005
            ],
            [
              14.3754409,
              51.7852904
            ],
            [
              14.3753905,
              51.7844773
            ],
            [
              14.3750545,
              51.7846504
            ],
            [
              14.3749998,
              51.7846493
            ],
            [
              14.3749513,
              51.7846483
            ],
            [
              14.3747629,
              51.7846445
            ],
            [
              14.3746638,
              51.7846425
            ],
            [
              14.3741093,
              51.7846082
            ],
            [
              14.3734491,
              51.7846233
            ],
            [
              14.3732779,
              51.7846272
            ],
            [
              14.3730339,
              51.7846327
            ],
            [
              14.3729237,
              51.7846353
            ],
            [
              14.3727429,
              51.7846383
            ],
            [
              14.3726824,
              51.7846636
            ],
            [
              14.3725012,
              51.7846652
            ],
            [
              14.3721457,
              51.7846683
            ],
            [
              14.3717275,
              51.7846773
            ],
            [
              14.3714181,
              51.784684
            ],
            [
              14.3711421,
              51.78469
            ],
            [
              14.3711038,
              51.7846916
            ],
            [
              14.3710687,
              51.7846931
            ],
            [
              14.3710564,
              51.7846937
            ],
            [
              14.3709684,
              51.7846964
            ],
            [
              14.3707972,
              51.7847027
            ],
            [
              14.3707324,
              51.784704
            ],
            [
              14.3706656,
              51.7847052
            ],
            [
              14.3706232,
              51.784707
            ],
            [
              14.3705016,
              51.7847083
            ],
            [
              14.3703071,
              51.7847111
            ],
            [
              14.3702954,
              51.7845128
            ],
            [
              14.3702723,
              51.7844418
            ],
            [
              14.3702134,
              51.7842604
            ],
            [
              14.3701271,
              51.7841013
            ],
            [
              14.370013,
              51.7839487
            ],
            [
              14.3698904,
              51.7838158
            ],
            [
              14.3696506,
              51.783655
            ],
            [
              14.3694362,
              51.7835363
            ],
            [
              14.3692737,
              51.7834563
            ],
            [
              14.3689491,
              51.7833172
            ],
            [
              14.3686029,
              51.7831733
            ],
            [
              14.3685272,
              51.7831486
            ],
            [
              14.3681144,
              51.7830378
            ],
            [
              14.3674168,
              51.7829116
            ],
            [
              14.3673966,
              51.7829136
            ],
            [
              14.3668269,
              51.7828441
            ],
            [
              14.3666514,
              51.7828165
            ],
            [
              14.3664792,
              51.782802
            ],
            [
              14.3663714,
              51.7827879
            ],
            [
              14.3662024,
              51.7827154
            ],
            [
              14.3661642,
              51.7827067
            ],
            [
              14.366121,
              51.782727
            ],
            [
              14.3659632,
              51.7827228
            ],
            [
              14.3658696,
              51.7827278
            ],
            [
              14.3657862,
              51.7827149
            ],
            [
              14.365723,
              51.7827217
            ]
          ]
        ]
      }
    },
    {
      "type": "Feature",
      "properties": {
        "name": "Dissenchen",
        "city": "Cottbus",
        "osm_id": 1626366,
        "osm_type": "relation",
        "display": "Dissenchen, Cottbus, Brandenburg, 03052, Deutschland"
      },
      "geometry": {
        "type": "MultiPolygon",
        "coordinates": [
          [
            [
              [
                14.3768267,
                51.7630509
              ],
              [
                14.3768542,
                51.7629237
              ],
              [
                14.3769048,
                51.7626919
              ],
              [
                14.3769882,
                51.7623071
              ],
              [
                14.3770626,
                51.7619637
              ],
              [
                14.3770915,
                51.7618305
              ],
              [
                14.3771389,
                51.7616111
              ],
              [
                14.3771491,
                51.7615639
              ],
              [
                14.3771827,
                51.7614088
              ],
              [
                14.3772212,
                51.7612307
              ],
              [
                14.3772364,
                51.7611607
              ],
              [
                14.3772695,
                51.7610539
              ],
              [
                14.3773243,
                51.7608774
              ],
              [
                14.3773647,
                51.7607506
              ],
              [
                14.3773721,
                51.7607268
              ],
              [
                14.3774004,
                51.7606359
              ],
              [
                14.377441,
                51.7605054
              ],
              [
                14.377525,
                51.7602354
              ],
              [
                14.3775295,
                51.7602211
              ],
              [
                14.3775438,
                51.7601772
              ],
              [
                14.3775853,
                51.7600417
              ],
              [
                14.3776074,
                51.7599689
              ],
              [
                14.3776401,
                51.7598899
              ],
              [
                14.3777864,
                51.7595388
              ],
              [
                14.3778362,
                51.7594193
              ],
              [
                14.3778829,
                51.7593073
              ],
              [
                14.3778923,
                51.7592848
              ],
              [
                14.3779159,
                51.7592282
              ],
              [
                14.3779703,
                51.7592139
              ],
              [
                14.3780267,
                51.7591992
              ],
              [
                14.37849,
                51.7590783
              ],
              [
                14.3787084,
                51.7590213
              ],
              [
                14.3793456,
                51.758855
              ],
              [
                14.3794052,
                51.7588395
              ],
              [
                14.3800265,
                51.7586771
              ],
              [
                14.3801396,
                51.7586476
              ],
              [
                14.3803897,
                51.7583442
              ],
              [
                14.3804526,
                51.7582679
              ],
              [
                14.3804892,
                51.7582236
              ],
              [
                14.3810055,
                51.7576269
              ],
              [
                14.3810512,
                51.7575741
              ],
              [
                14.3811326,
                51.75748
              ],
              [
                14.3811947,
                51.7574082
              ],
              [
                14.3813674,
                51.7572086
              ],
              [
                14.381425,
                51.757142
              ],
              [
                14.3816827,
                51.7568441
              ],
              [
                14.3826469,
                51.756127
              ],
              [
                14.3828573,
                51.7560746
              ],
              [
                14.3831411,
                51.756004
              ],
              [
                14.3832426,
                51.7559787
              ],
              [
                14.3836782,
                51.7558703
              ],
              [
                14.3841947,
                51.7557417
              ],
              [
                14.3845073,
                51.7556534
              ],
              [
                14.3846525,
                51.7556123
              ],
              [
                14.384773,
                51.7555769
              ],
              [
                14.385152,
                51.7554655
              ],
              [
                14.3856586,
                51.7553166
              ],
              [
                14.3862948,
                51.7551296
              ],
              [
                14.3863994,
                51.7550989
              ],
              [
                14.3871664,
                51.7548734
              ],
              [
                14.3875111,
                51.7547721
              ],
              [
                14.3886584,
                51.7544349
              ],
              [
                14.3898869,
                51.7540055
              ],
              [
                14.3901671,
                51.7539075
              ],
              [
                14.3907385,
                51.753668
              ],
              [
                14.3910533,
                51.753536
              ],
              [
                14.3911967,
                51.7534758
              ],
              [
                14.3912726,
                51.753444
              ],
              [
                14.3915973,
                51.7533189
              ],
              [
                14.3915601,
                51.7535676
              ],
              [
                14.3916111,
                51.7535286
              ],
              [
                14.39441,
                51.7529134
              ],
              [
                14.3957967,
                51.7525813
              ],
              [
                14.3965643,
                51.7524195
              ],
              [
                14.3966731,
                51.7524121
              ],
              [
                14.4005805,
                51.7520711
              ],
              [
                14.402062,
                51.751943
              ],
              [
                14.4026564,
                51.7519935
              ],
              [
                14.4035407,
                51.7520935
              ],
              [
                14.406158,
                51.7529018
              ],
              [
                14.4074897,
                51.7532609
              ],
              [
                14.4084569,
                51.75352
              ],
              [
                14.4087339,
                51.7535955
              ],
              [
                14.4089755,
                51.7536276
              ],
              [
                14.4115121,
                51.7539362
              ],
              [
                14.4124532,
                51.7540807
              ],
              [
                14.4164194,
                51.7542957
              ],
              [
                14.4178861,
                51.753835
              ],
              [
                14.4223999,
                51.7533487
              ],
              [
                14.4285245,
                51.7530967
              ],
              [
                14.4298983,
                51.7528719
              ],
              [
                14.4341883,
                51.7522561
              ],
              [
                14.4348067,
                51.7520882
              ],
              [
                14.4375747,
                51.7500092
              ],
              [
                14.4378054,
                51.7499029
              ],
              [
                14.4380248,
                51.7498538
              ],
              [
                14.4437331,
                51.7492354
              ],
              [
                14.4439369,
                51.749154
              ],
              [
                14.4481917,
                51.7479414
              ],
              [
                14.4501543,
                51.7475981
              ],
              [
                14.452697,
                51.7479069
              ],
              [
                14.4534427,
                51.7479103
              ],
              [
                14.4546175,
                51.7482324
              ],
              [
                14.4555777,
                51.7483719
              ],
              [
                14.4557226,
                51.7484217
              ],
              [
                14.4635332,
                51.7486044
              ],
              [
                14.4639328,
                51.7506137
              ],
              [
                14.4642493,
                51.7521164
              ],
              [
                14.4643298,
                51.7526012
              ],
              [
                14.464362,
                51.7530761
              ],
              [
                14.4643405,
                51.7534962
              ],
              [
                14.4642895,
                51.7538565
              ],
              [
                14.4641957,
                51.7542434
              ],
              [
                14.4636109,
                51.7558041
              ],
              [
                14.4635278,
                51.7560764
              ],
              [
                14.4635037,
                51.7562076
              ],
              [
                14.4634125,
                51.756714
              ],
              [
                14.463399,
                51.7569763
              ],
              [
                14.4634031,
                51.7573872
              ],
              [
                14.4634876,
                51.7574304
              ],
              [
                14.4634889,
                51.7575109
              ],
              [
                14.4634728,
                51.7576462
              ],
              [
                14.4637719,
                51.758351
              ],
              [
                14.4639945,
                51.7587495
              ],
              [
                14.4642895,
                51.7592176
              ],
              [
                14.4644183,
                51.7593837
              ],
              [
                14.4661295,
                51.7618971
              ],
              [
                14.4666821,
                51.7627338
              ],
              [
                14.4667786,
                51.7631289
              ],
              [
                14.4669986,
                51.763524
              ],
              [
                14.4670683,
                51.7637464
              ],
              [
                14.4672936,
                51.7640419
              ],
              [
                14.4679213,
                51.7654297
              ],
              [
                14.4687232,
                51.7676905
              ],
              [
                14.46886,
                51.7677088
              ],
              [
                14.4700777,
                51.7708741
              ],
              [
                14.4718105,
                51.7745619
              ],
              [
                14.4728216,
                51.776682
              ],
              [
                14.4732547,
                51.7766211
              ],
              [
                14.4749274,
                51.7763937
              ],
              [
                14.4750372,
                51.7763543
              ],
              [
                14.4766283,
                51.7762988
              ],
              [
                14.4787461,
                51.7762173
              ],
              [
                14.4811231,
                51.7761253
              ],
              [
                14.481174,
                51.7762414
              ],
              [
                14.4812196,
                51.7762478
              ],
              [
                14.4818634,
                51.7778844
              ],
              [
                14.4819688,
                51.7780142
              ],
              [
                14.4832324,
                51.7788203
              ],
              [
                14.4833599,
                51.7793806
              ],
              [
                14.4836699,
                51.7794476
              ],
              [
                14.4865393,
                51.7797256
              ],
              [
                14.4877969,
                51.7780874
              ],
              [
                14.4893521,
                51.7759953
              ],
              [
                14.4901709,
                51.7749075
              ],
              [
                14.4920952,
                51.7747711
              ],
              [
                14.4923108,
                51.775131
              ],
              [
                14.4941954,
                51.7769793
              ],
              [
                14.4946853,
                51.7778332
              ],
              [
                14.5011265,
                51.7781239
              ],
              [
                14.5005463,
                51.7801496
              ],
              [
                14.5006415,
                51.7802309
              ],
              [
                14.5012877,
                51.7805825
              ],
              [
                14.5008251,
                51.7814485
              ],
              [
                14.4991684,
                51.7845455
              ],
              [
                14.4991521,
                51.7845941
              ],
              [
                14.4965082,
                51.7842332
              ],
              [
                14.4955185,
                51.7840715
              ],
              [
                14.4953522,
                51.7840325
              ],
              [
                14.4949901,
                51.7839993
              ],
              [
                14.4947185,
                51.7839619
              ],
              [
                14.4946112,
                51.7839093
              ],
              [
                14.4943953,
                51.7838441
              ],
              [
                14.4942351,
                51.7838338
              ],
              [
                14.4941164,
                51.783811
              ],
              [
                14.4937241,
                51.7838192
              ],
              [
                14.493592,
                51.7838068
              ],
              [
                14.49348,
                51.7837861
              ],
              [
                14.4933313,
                51.7837315
              ],
              [
                14.493075,
                51.7836732
              ],
              [
                14.492788,
                51.7835961
              ],
              [
                14.4924916,
                51.7834559
              ],
              [
                14.4922583,
                51.7833074
              ],
              [
                14.4921489,
                51.7832524
              ],
              [
                14.4920236,
                51.7832518
              ],
              [
                14.4918077,
                51.7835778
              ],
              [
                14.4918184,
                51.7836566
              ],
              [
                14.4917674,
                51.7836956
              ],
              [
                14.4917312,
                51.7838209
              ],
              [
                14.4916441,
                51.7838757
              ],
              [
                14.4916078,
                51.7839337
              ],
              [
                14.4915622,
                51.7840623
              ],
              [
                14.4914348,
                51.7841138
              ],
              [
                14.4913316,
                51.7842117
              ],
              [
                14.4912954,
                51.7842747
              ],
              [
                14.4911438,
                51.7842913
              ],
              [
                14.4909158,
                51.7847294
              ],
              [
                14.4906179,
                51.7852652
              ],
              [
                14.4904384,
                51.7857996
              ],
              [
                14.4902525,
                51.786091
              ],
              [
                14.4898149,
                51.7865454
              ],
              [
                14.4895882,
                51.7867788
              ],
              [
                14.4913245,
                51.787662
              ],
              [
                14.4918559,
                51.7881112
              ],
              [
                14.4928536,
                51.7890636
              ],
              [
                14.493317,
                51.7898005
              ],
              [
                14.4951025,
                51.7908852
              ],
              [
                14.4951215,
                51.7909628
              ],
              [
                14.4937053,
                51.7922933
              ],
              [
                14.4936463,
                51.7924045
              ],
              [
                14.4927755,
                51.7932116
              ],
              [
                14.4906823,
                51.7951585
              ],
              [
                14.4909078,
                51.7952893
              ],
              [
                14.4912926,
                51.7955444
              ],
              [
                14.4923687,
                51.7964842
              ],
              [
                14.4924366,
                51.7965559
              ],
              [
                14.4925547,
                51.7966496
              ],
              [
                14.4929263,
                51.7970812
              ],
              [
                14.4931608,
                51.7972783
              ],
              [
                14.4933405,
                51.7974806
              ],
              [
                14.4935531,
                51.7977366
              ],
              [
                14.4908372,
                51.7984565
              ],
              [
                14.4905068,
                51.7984676
              ],
              [
                14.4904798,
                51.7986233
              ],
              [
                14.4896391,
                51.7986542
              ],
              [
                14.4883405,
                51.7987552
              ],
              [
                14.4884314,
                51.7990718
              ],
              [
                14.4894566,
                51.7989851
              ],
              [
                14.4897789,
                51.7994019
              ],
              [
                14.4885665,
                51.7995015
              ],
              [
                14.4887579,
                51.8001782
              ],
              [
                14.4894542,
                51.7999915
              ],
              [
                14.4895439,
                51.8006016
              ],
              [
                14.4898576,
                51.8012119
              ],
              [
                14.4900253,
                51.8017742
              ],
              [
                14.4900311,
                51.8020134
              ],
              [
                14.4905806,
                51.8021516
              ],
              [
                14.49069,
                51.802211
              ],
              [
                14.4910258,
                51.8026359
              ],
              [
                14.491353,
                51.8033524
              ],
              [
                14.49186,
                51.80384
              ],
              [
                14.4921496,
                51.804175
              ],
              [
                14.4923938,
                51.8046777
              ],
              [
                14.4924588,
                51.8049664
              ],
              [
                14.4925015,
                51.8051494
              ],
              [
                14.4919807,
                51.805176
              ],
              [
                14.4913777,
                51.8052157
              ],
              [
                14.4902014,
                51.8053063
              ],
              [
                14.4900145,
                51.805314
              ],
              [
                14.4891664,
                51.8048297
              ],
              [
                14.4890805,
                51.8047638
              ],
              [
                14.4889022,
                51.8046618
              ],
              [
                14.4887553,
                51.8045524
              ],
              [
                14.4884711,
                51.8042634
              ],
              [
                14.4881424,
                51.8040021
              ],
              [
                14.4880237,
                51.8039001
              ],
              [
                14.4879346,
                51.8038313
              ],
              [
                14.4874307,
                51.8034189
              ],
              [
                14.4868892,
                51.8032284
              ],
              [
                14.4864191,
                51.8029912
              ],
              [
                14.4861541,
                51.8027516
              ],
              [
                14.486,
                51.8026657
              ],
              [
                14.4857506,
                51.8025647
              ],
              [
                14.4853355,
                51.8023871
              ],
              [
                14.4841459,
                51.8020545
              ],
              [
                14.4839904,
                51.8019787
              ],
              [
                14.4838736,
                51.8019432
              ],
              [
                14.4836591,
                51.8019194
              ],
              [
                14.4834184,
                51.8018771
              ],
              [
                14.4832407,
                51.8018688
              ],
              [
                14.4828692,
                51.8018957
              ],
              [
                14.48277,
                51.8018975
              ],
              [
                14.4825185,
                51.8019559
              ],
              [
                14.4821645,
                51.8019708
              ],
              [
                14.4818795,
                51.8019675
              ],
              [
                14.4817152,
                51.8019571
              ],
              [
                14.4814738,
                51.8019691
              ],
              [
                14.4813752,
                51.8019695
              ],
              [
                14.481278,
                51.8019633
              ],
              [
                14.4809206,
                51.8019961
              ],
              [
                14.4804974,
                51.8019956
              ],
              [
                14.4802661,
                51.8020815
              ],
              [
                14.4800562,
                51.8021176
              ],
              [
                14.4797987,
                51.8020943
              ],
              [
                14.479554,
                51.8020533
              ],
              [
                14.4790229,
                51.8020151
              ],
              [
                14.4787393,
                51.802038
              ],
              [
                14.4786488,
                51.8020317
              ],
              [
                14.478583,
                51.8020193
              ],
              [
                14.4785006,
                51.8019882
              ],
              [
                14.478296,
                51.801882
              ],
              [
                14.4782116,
                51.8018671
              ],
              [
                14.4780365,
                51.8018203
              ],
              [
                14.4779527,
                51.8018107
              ],
              [
                14.4777904,
                51.801831
              ],
              [
                14.477539,
                51.8018497
              ],
              [
                14.4773398,
                51.8018248
              ],
              [
                14.4771293,
                51.8017883
              ],
              [
                14.4762442,
                51.8016988
              ],
              [
                14.4758499,
                51.8017013
              ],
              [
                14.475591,
                51.8016308
              ],
              [
                14.475929,
                51.8009217
              ],
              [
                14.476013,
                51.8003558
              ],
              [
                14.4754972,
                51.8003461
              ],
              [
                14.4752474,
                51.8003928
              ],
              [
                14.4750746,
                51.7997679
              ],
              [
                14.4750016,
                51.7994906
              ],
              [
                14.4749151,
                51.799506
              ],
              [
                14.4748856,
                51.799506
              ],
              [
                14.4748373,
                51.7994857
              ],
              [
                14.4747502,
                51.7994637
              ],
              [
                14.4745061,
                51.7994479
              ],
              [
                14.4744122,
                51.7994517
              ],
              [
                14.4742251,
                51.7994326
              ],
              [
                14.4741775,
                51.7994488
              ],
              [
                14.4740387,
                51.7994376
              ],
              [
                14.4740219,
                51.7994164
              ],
              [
                14.4733916,
                51.7993559
              ],
              [
                14.4733054,
                51.7993766
              ],
              [
                14.4728015,
                51.7992663
              ],
              [
                14.4726996,
                51.7992315
              ],
              [
                14.4725004,
                51.7993018
              ],
              [
                14.4723897,
                51.800397
              ],
              [
                14.4722638,
                51.8003884
              ],
              [
                14.4719768,
                51.80041
              ],
              [
                14.4715515,
                51.8004625
              ],
              [
                14.4692726,
                51.8002137
              ],
              [
                14.4677979,
                51.7999373
              ],
              [
                14.4673928,
                51.7995354
              ],
              [
                14.4667894,
                51.7995193
              ],
              [
                14.4668055,
                51.7998875
              ],
              [
                14.46404,
                51.7998252
              ],
              [
                14.4601604,
                51.8002236
              ],
              [
                14.4585054,
                51.8006658
              ],
              [
                14.4553152,
                51.8021884
              ],
              [
                14.4524973,
                51.8035201
              ],
              [
                14.4520365,
                51.8043922
              ],
              [
                14.451549,
                51.8052959
              ],
              [
                14.4522186,
                51.8063364
              ],
              [
                14.4531319,
                51.807757
              ],
              [
                14.4535717,
                51.8084756
              ],
              [
                14.4526648,
                51.8100144
              ],
              [
                14.4505963,
                51.8128259
              ],
              [
                14.4462964,
                51.8151244
              ],
              [
                14.4461036,
                51.8149977
              ],
              [
                14.4460593,
                51.8149686
              ],
              [
                14.4456791,
                51.8147187
              ],
              [
                14.4455443,
                51.8146301
              ],
              [
                14.4453405,
                51.814495
              ],
              [
                14.4443546,
                51.8138474
              ],
              [
                14.4436539,
                51.8133702
              ],
              [
                14.4433529,
                51.8131652
              ],
              [
                14.4430481,
                51.8129574
              ],
              [
                14.442994,
                51.8129205
              ],
              [
                14.4428656,
                51.812833
              ],
              [
                14.4426833,
                51.8127093
              ],
              [
                14.4425153,
                51.8125906
              ],
              [
                14.4421612,
                51.8123372
              ],
              [
                14.4418185,
                51.8120994
              ],
              [
                14.4410987,
                51.8116188
              ],
              [
                14.4410634,
                51.8115856
              ],
              [
                14.4402036,
                51.8109813
              ],
              [
                14.4395909,
                51.8105421
              ],
              [
                14.4389039,
                51.8100837
              ],
              [
                14.4382918,
                51.8096645
              ],
              [
                14.4382347,
                51.8096254
              ],
              [
                14.4375873,
                51.8091767
              ],
              [
                14.4366983,
                51.8085531
              ],
              [
                14.4363864,
                51.8083352
              ],
              [
                14.4360515,
                51.8081013
              ],
              [
                14.4358705,
                51.8079738
              ],
              [
                14.4357584,
                51.8078955
              ],
              [
                14.4350163,
                51.807378
              ],
              [
                14.4348694,
                51.8072855
              ],
              [
                14.4344757,
                51.8070105
              ],
              [
                14.4341543,
                51.8067861
              ],
              [
                14.4340703,
                51.8067275
              ],
              [
                14.4336107,
                51.8064072
              ],
              [
                14.4335619,
                51.8063731
              ],
              [
                14.4333322,
                51.806213
              ],
              [
                14.4332923,
                51.8061768
              ],
              [
                14.4330486,
                51.8060087
              ],
              [
                14.432812,
                51.805845
              ],
              [
                14.4327624,
                51.8058096
              ],
              [
                14.4325627,
                51.8056735
              ],
              [
                14.4325522,
                51.8056663
              ],
              [
                14.4325243,
                51.8056453
              ],
              [
                14.432416,
                51.8055724
              ],
              [
                14.4323516,
                51.8055283
              ],
              [
                14.4323237,
                51.8055093
              ],
              [
                14.4321941,
                51.8054146
              ],
              [
                14.4319962,
                51.8052792
              ],
              [
                14.4319315,
                51.8052338
              ],
              [
                14.4319178,
                51.8052241
              ],
              [
                14.4317815,
                51.8051284
              ],
              [
                14.4317609,
                51.805114
              ],
              [
                14.4314884,
                51.8049224
              ],
              [
                14.4312378,
                51.8047464
              ],
              [
                14.431191,
                51.8047136
              ],
              [
                14.4311328,
                51.8046637
              ],
              [
                14.4310621,
                51.8046029
              ],
              [
                14.4310236,
                51.8045699
              ],
              [
                14.4309795,
                51.804349
              ],
              [
                14.4309835,
                51.8042378
              ],
              [
                14.4309878,
                51.8041003
              ],
              [
                14.4309892,
                51.804068
              ],
              [
                14.4302747,
                51.8040488
              ],
              [
                14.4293686,
                51.8034022
              ],
              [
                14.4286253,
                51.8028707
              ],
              [
                14.4285959,
                51.8028253
              ],
              [
                14.4286037,
                51.8028064
              ],
              [
                14.4284345,
                51.8027417
              ],
              [
                14.4280288,
                51.8026142
              ],
              [
                14.4277431,
                51.8025349
              ],
              [
                14.4273197,
                51.8024241
              ],
              [
                14.4270378,
                51.8023625
              ],
              [
                14.4268013,
                51.8023118
              ],
              [
                14.4265126,
                51.80222
              ],
              [
                14.4262324,
                51.8021162
              ],
              [
                14.4259774,
                51.8020013
              ],
              [
                14.4256408,
                51.8018502
              ],
              [
                14.425168,
                51.8016381
              ],
              [
                14.4249293,
                51.8015311
              ],
              [
                14.4247135,
                51.8014335
              ],
              [
                14.4246102,
                51.8013867
              ],
              [
                14.4244952,
                51.8013112
              ],
              [
                14.4243642,
                51.8012454
              ],
              [
                14.4238714,
                51.8010252
              ],
              [
                14.4234524,
                51.8008218
              ],
              [
                14.4231968,
                51.800698
              ],
              [
                14.4228247,
                51.8005173
              ],
              [
                14.4225652,
                51.8004497
              ],
              [
                14.4224553,
                51.80045
              ],
              [
                14.4221276,
                51.8004803
              ],
              [
                14.4218538,
                51.8004787
              ],
              [
                14.4216448,
                51.8004892
              ],
              [
                14.4212549,
                51.8005414
              ],
              [
                14.4208684,
                51.8006206
              ],
              [
                14.4205457,
                51.8006917
              ],
              [
                14.4204685,
                51.8007039
              ],
              [
                14.4200628,
                51.8007675
              ],
              [
                14.4198175,
                51.8007992
              ],
              [
                14.4194932,
                51.8008407
              ],
              [
                14.4193117,
                51.8008475
              ],
              [
                14.41901,
                51.8008363
              ],
              [
                14.418805,
                51.8008247
              ],
              [
                14.4185198,
                51.8008233
              ],
              [
                14.4182354,
                51.8008422
              ],
              [
                14.4179808,
                51.8008655
              ],
              [
                14.4176857,
                51.8008973
              ],
              [
                14.417359,
                51.8009421
              ],
              [
                14.4171419,
                51.8009805
              ],
              [
                14.4168119,
                51.8010389
              ],
              [
                14.4163968,
                51.8011123
              ],
              [
                14.4162664,
                51.8011502
              ],
              [
                14.4161157,
                51.8011749
              ],
              [
                14.4159172,
                51.8012075
              ],
              [
                14.4154634,
                51.8013283
              ],
              [
                14.4152721,
                51.8013676
              ],
              [
                14.4150754,
                51.8013983
              ],
              [
                14.4148273,
                51.8014406
              ],
              [
                14.4146432,
                51.8014717
              ],
              [
                14.4144384,
                51.8015114
              ],
              [
                14.4142168,
                51.801554
              ],
              [
                14.4137895,
                51.801643
              ],
              [
                14.4136045,
                51.8016669
              ],
              [
                14.4135023,
                51.8016798
              ],
              [
                14.4134094,
                51.8016744
              ],
              [
                14.4131419,
                51.8016046
              ],
              [
                14.4130433,
                51.8015847
              ],
              [
                14.4129478,
                51.8015655
              ],
              [
                14.4128481,
                51.8015665
              ],
              [
                14.4125915,
                51.8015417
              ],
              [
                14.4123955,
                51.8015401
              ],
              [
                14.4122217,
                51.801539
              ],
              [
                14.4121327,
                51.8015383
              ],
              [
                14.4119176,
                51.8015568
              ],
              [
                14.411742,
                51.8015784
              ],
              [
                14.4114037,
                51.8016201
              ],
              [
                14.411317,
                51.8016309
              ],
              [
                14.4112415,
                51.8016397
              ],
              [
                14.4110946,
                51.8016579
              ],
              [
                14.411007,
                51.8016174
              ],
              [
                14.4110161,
                51.801571
              ],
              [
                14.4110527,
                51.8014883
              ],
              [
                14.4110916,
                51.8014207
              ],
              [
                14.4111069,
                51.801394
              ],
              [
                14.4111983,
                51.8012348
              ],
              [
                14.411418,
                51.8011558
              ],
              [
                14.4116157,
                51.801042
              ],
              [
                14.4116441,
                51.8009506
              ],
              [
                14.4116429,
                51.8008452
              ],
              [
                14.4116266,
                51.8007393
              ],
              [
                14.4115104,
                51.8005972
              ],
              [
                14.4113747,
                51.8004276
              ],
              [
                14.4112039,
                51.8002227
              ],
              [
                14.4110643,
                51.8000067
              ],
              [
                14.4109762,
                51.7998703
              ],
              [
                14.4109341,
                51.799757
              ],
              [
                14.4108591,
                51.799566
              ],
              [
                14.4108114,
                51.7994419
              ],
              [
                14.4107805,
                51.7993079
              ],
              [
                14.4108285,
                51.7990836
              ],
              [
                14.4108625,
                51.7989217
              ],
              [
                14.410899,
                51.7987484
              ],
              [
                14.4108775,
                51.7984808
              ],
              [
                14.4108699,
                51.7984555
              ],
              [
                14.4109224,
                51.7984116
              ],
              [
                14.4110035,
                51.7982487
              ],
              [
                14.4113143,
                51.7976244
              ],
              [
                14.411359,
                51.7975346
              ],
              [
                14.41144,
                51.7973693
              ],
              [
                14.4114574,
                51.797337
              ],
              [
                14.4117745,
                51.7967001
              ],
              [
                14.4123682,
                51.7955739
              ],
              [
                14.4124024,
                51.7955027
              ],
              [
                14.4124317,
                51.7954427
              ],
              [
                14.4124957,
                51.7953162
              ],
              [
                14.4125316,
                51.7952436
              ],
              [
                14.4125577,
                51.7951909
              ],
              [
                14.412669,
                51.7949842
              ],
              [
                14.4129435,
                51.7946526
              ],
              [
                14.4133332,
                51.7941819
              ],
              [
                14.413364,
                51.7941448
              ],
              [
                14.4134102,
                51.7940892
              ],
              [
                14.4136232,
                51.7938327
              ],
              [
                14.4137105,
                51.7937275
              ],
              [
                14.413879,
                51.7935246
              ],
              [
                14.4139634,
                51.7934233
              ],
              [
                14.4139891,
                51.7933925
              ],
              [
                14.4147092,
                51.7925257
              ],
              [
                14.4147551,
                51.792471
              ],
              [
                14.414852,
                51.7923509
              ],
              [
                14.4148756,
                51.7923101
              ],
              [
                14.4148807,
                51.7923013
              ],
              [
                14.4149431,
                51.7922031
              ],
              [
                14.4150691,
                51.7920049
              ],
              [
                14.4152049,
                51.7917902
              ],
              [
                14.4153756,
                51.7915231
              ],
              [
                14.415458,
                51.7913904
              ],
              [
                14.415494,
                51.7913326
              ],
              [
                14.4155246,
                51.7912904
              ],
              [
                14.415551,
                51.7912522
              ],
              [
                14.4156168,
                51.7911572
              ],
              [
                14.4158559,
                51.7908118
              ],
              [
                14.4159485,
                51.7906802
              ],
              [
                14.4160224,
                51.7905722
              ],
              [
                14.4161824,
                51.7903413
              ],
              [
                14.4162685,
                51.7902171
              ],
              [
                14.4164071,
                51.7900157
              ],
              [
                14.4166071,
                51.789726
              ],
              [
                14.4166391,
                51.7896872
              ],
              [
                14.4172792,
                51.7890418
              ],
              [
                14.4173549,
                51.7889695
              ],
              [
                14.4178849,
                51.7884434
              ],
              [
                14.4180493,
                51.7882802
              ],
              [
                14.4182711,
                51.7880613
              ],
              [
                14.4183134,
                51.7880193
              ],
              [
                14.4183799,
                51.7879266
              ],
              [
                14.418948,
                51.78712
              ],
              [
                14.419451,
                51.7864067
              ],
              [
                14.4195403,
                51.7862799
              ],
              [
                14.4195566,
                51.7862578
              ],
              [
                14.4195725,
                51.7862362
              ],
              [
                14.4196287,
                51.7861574
              ],
              [
                14.4197987,
                51.7854036
              ],
              [
                14.4199322,
                51.7848113
              ],
              [
                14.4199327,
                51.7848091
              ],
              [
                14.4200556,
                51.7842641
              ],
              [
                14.4201452,
                51.7838536
              ],
              [
                14.4201741,
                51.7837236
              ],
              [
                14.420276,
                51.7832618
              ],
              [
                14.4204486,
                51.7824798
              ],
              [
                14.4205039,
                51.7822292
              ],
              [
                14.4202825,
                51.7816228
              ],
              [
                14.4197438,
                51.7801318
              ],
              [
                14.4197136,
                51.7801105
              ],
              [
                14.4183784,
                51.7792681
              ],
              [
                14.4173852,
                51.7786407
              ],
              [
                14.4168584,
                51.778306
              ],
              [
                14.4168153,
                51.7782784
              ],
              [
                14.4167799,
                51.7782556
              ],
              [
                14.4161381,
                51.777848
              ],
              [
                14.4160316,
                51.7777804
              ],
              [
                14.4156704,
                51.7775499
              ],
              [
                14.4152746,
                51.77728
              ],
              [
                14.4146529,
                51.7768872
              ],
              [
                14.4136157,
                51.7757424
              ],
              [
                14.4124339,
                51.7744384
              ],
              [
                14.4124007,
                51.7744013
              ],
              [
                14.4123472,
                51.7743422
              ],
              [
                14.4120611,
                51.7742951
              ],
              [
                14.4103712,
                51.7740077
              ],
              [
                14.4095253,
                51.7738633
              ],
              [
                14.4094893,
                51.7738585
              ],
              [
                14.4080526,
                51.7736781
              ],
              [
                14.4076613,
                51.7736301
              ],
              [
                14.4071177,
                51.7735644
              ],
              [
                14.4068231,
                51.7735163
              ],
              [
                14.4066134,
                51.7734928
              ],
              [
                14.4056696,
                51.7733868
              ],
              [
                14.4056129,
                51.7733804
              ],
              [
                14.4048493,
                51.7732947
              ],
              [
                14.4047486,
                51.7732834
              ],
              [
                14.4046608,
                51.7732735
              ],
              [
                14.4043344,
                51.7732368
              ],
              [
                14.4042869,
                51.7732302
              ],
              [
                14.4040876,
                51.7732022
              ],
              [
                14.4037396,
                51.7731301
              ],
              [
                14.4029767,
                51.772972
              ],
              [
                14.4026624,
                51.7728897
              ],
              [
                14.4019827,
                51.7727017
              ],
              [
                14.4005389,
                51.7723846
              ],
              [
                14.3991128,
                51.7721033
              ],
              [
                14.3985049,
                51.7719833
              ],
              [
                14.3983947,
                51.7719619
              ],
              [
                14.3982847,
                51.7719404
              ],
              [
                14.3982728,
                51.7719381
              ],
              [
                14.3982167,
                51.7719263
              ],
              [
                14.3981775,
                51.7719176
              ],
              [
                14.3980732,
                51.7718868
              ],
              [
                14.3976136,
                51.7717537
              ],
              [
                14.3970965,
                51.7716113
              ],
              [
                14.3957962,
                51.7712477
              ],
              [
                14.3945387,
                51.770894
              ],
              [
                14.3927612,
                51.770455
              ],
              [
                14.3923171,
                51.7703453
              ],
              [
                14.3914916,
                51.7701382
              ],
              [
                14.3907174,
                51.769944
              ],
              [
                14.3897787,
                51.7697093
              ],
              [
                14.3896303,
                51.7696714
              ],
              [
                14.3895661,
                51.769655
              ],
              [
                14.3894225,
                51.7696183
              ],
              [
                14.3893234,
                51.769593
              ],
              [
                14.3891161,
                51.7695393
              ],
              [
                14.3891011,
                51.7695362
              ],
              [
                14.3887516,
                51.7693629
              ],
              [
                14.388322,
                51.7691498
              ],
              [
                14.3874165,
                51.7687006
              ],
              [
                14.3872467,
                51.7686164
              ],
              [
                14.3869174,
                51.768453
              ],
              [
                14.3865162,
                51.768254
              ],
              [
                14.3862153,
                51.7681433
              ],
              [
                14.3864039,
                51.7678763
              ],
              [
                14.3864115,
                51.7678655
              ],
              [
                14.3868804,
                51.7672016
              ],
              [
                14.3872618,
                51.7666625
              ],
              [
                14.3878687,
                51.765802
              ],
              [
                14.3881437,
                51.7654144
              ],
              [
                14.3882362,
                51.7652835
              ],
              [
                14.3884225,
                51.7650198
              ],
              [
                14.3888424,
                51.7644256
              ],
              [
                14.388841,
                51.7644256
              ],
              [
                14.3888133,
                51.7644259
              ],
              [
                14.3886994,
                51.7644271
              ],
              [
                14.3886966,
                51.7644271
              ],
              [
                14.3885816,
                51.7644284
              ],
              [
                14.3884753,
                51.7644293
              ],
              [
                14.3884728,
                51.7644294
              ],
              [
                14.3883208,
                51.7644309
              ],
              [
                14.38806,
                51.7644336
              ],
              [
                14.3879459,
                51.7644348
              ],
              [
                14.3877992,
                51.7644363
              ],
              [
                14.3875382,
                51.7644389
              ],
              [
                14.3870009,
                51.7644706
              ],
              [
                14.3867858,
                51.7644125
              ],
              [
                14.3864135,
                51.764312
              ],
              [
                14.3860632,
                51.7643393
              ],
              [
                14.3860029,
                51.764344
              ],
              [
                14.3854229,
                51.7643892
              ],
              [
                14.3847346,
                51.7644428
              ],
              [
                14.3830575,
                51.7645728
              ],
              [
                14.3823051,
                51.7646312
              ],
              [
                14.3814878,
                51.7646947
              ],
              [
                14.3809989,
                51.7647326
              ],
              [
                14.3806742,
                51.7647578
              ],
              [
                14.3800022,
                51.76481
              ],
              [
                14.3799722,
                51.7648103
              ],
              [
                14.3798147,
                51.7648116
              ],
              [
                14.3796245,
                51.7648132
              ],
              [
                14.379624,
                51.7648132
              ],
              [
                14.3794276,
                51.7648149
              ],
              [
                14.3792245,
                51.7648166
              ],
              [
                14.378946,
                51.7648189
              ],
              [
                14.3788877,
                51.7648194
              ],
              [
                14.3785396,
                51.7648223
              ],
              [
                14.3783471,
                51.7648239
              ],
              [
                14.3782917,
                51.7648243
              ],
              [
                14.3779008,
                51.764828
              ],
              [
                14.3777483,
                51.7648292
              ],
              [
                14.3776927,
                51.7648293
              ],
              [
                14.3775956,
                51.7648332
              ],
              [
                14.3773542,
                51.7648422
              ],
              [
                14.3771711,
                51.7648492
              ],
              [
                14.3769148,
                51.7644647
              ],
              [
                14.3769102,
                51.764388
              ],
              [
                14.3768856,
                51.7639771
              ],
              [
                14.376884,
                51.7639539
              ],
              [
                14.3768829,
                51.7639345
              ],
              [
                14.3768739,
                51.7637942
              ],
              [
                14.3768267,
                51.7630509
              ]
            ]
          ],
          [
            [
              [
                14.4678998,
                51.7566343
              ],
              [
                14.4710433,
                51.7576371
              ],
              [
                14.470861,
                51.7580555
              ],
              [
                14.4698095,
                51.7592674
              ],
              [
                14.4690531,
                51.7583742
              ],
              [
                14.468447,
                51.7574943
              ],
              [
                14.4678998,
                51.7566343
              ]
            ]
          ]
        ]
      }
    },
    {
      "type": "Feature",
      "properties": {
        "name": "Branitz",
        "city": "Cottbus",
        "osm_id": 1626821,
        "osm_type": "relation",
        "display": "Branitz, Cottbus, Brandenburg, Deutschland"
      },
      "geometry": {
        "type": "Polygon",
        "coordinates": [
          [
            [
              14.3516491,
              51.7279349
            ],
            [
              14.3518389,
              51.7279404
            ],
            [
              14.3523265,
              51.7279545
            ],
            [
              14.3528367,
              51.7279692
            ],
            [
              14.3531454,
              51.7279781
            ],
            [
              14.3542561,
              51.7280102
            ],
            [
              14.3545248,
              51.728018
            ],
            [
              14.3546076,
              51.7280204
            ],
            [
              14.3546789,
              51.7280225
            ],
            [
              14.3548292,
              51.7280268
            ],
            [
              14.3548607,
              51.7280277
            ],
            [
              14.3548741,
              51.728028
            ],
            [
              14.3549611,
              51.7280287
            ],
            [
              14.3559856,
              51.7280547
            ],
            [
              14.3562891,
              51.7280624
            ],
            [
              14.3563757,
              51.7280646
            ],
            [
              14.357168,
              51.7280847
            ],
            [
              14.3573849,
              51.7280901
            ],
            [
              14.3578776,
              51.7281037
            ],
            [
              14.3579932,
              51.7281069
            ],
            [
              14.3581354,
              51.7281109
            ],
            [
              14.3584615,
              51.7281199
            ],
            [
              14.3592363,
              51.7281413
            ],
            [
              14.359621,
              51.728152
            ],
            [
              14.3602793,
              51.7281702
            ],
            [
              14.3604212,
              51.7281742
            ],
            [
              14.3607014,
              51.7281817
            ],
            [
              14.3607546,
              51.7281834
            ],
            [
              14.3608012,
              51.7281847
            ],
            [
              14.3608444,
              51.7281868
            ],
            [
              14.3608746,
              51.7281847
            ],
            [
              14.3609556,
              51.7281794
            ],
            [
              14.3615049,
              51.7281945
            ],
            [
              14.3615939,
              51.728197
            ],
            [
              14.3616393,
              51.7281982
            ],
            [
              14.3619005,
              51.7282055
            ],
            [
              14.3619155,
              51.728207
            ],
            [
              14.3622939,
              51.7282143
            ],
            [
              14.3623904,
              51.728217
            ],
            [
              14.3628737,
              51.7282309
            ],
            [
              14.3629985,
              51.7282339
            ],
            [
              14.3652942,
              51.7283005
            ],
            [
              14.36535,
              51.7283019
            ],
            [
              14.3653647,
              51.7283023
            ],
            [
              14.3655799,
              51.7283075
            ],
            [
              14.3665165,
              51.7283305
            ],
            [
              14.3665702,
              51.7283318
            ],
            [
              14.367296,
              51.7283486
            ],
            [
              14.3677023,
              51.728358
            ],
            [
              14.3678075,
              51.7283604
            ],
            [
              14.3678293,
              51.7283609
            ],
            [
              14.3680599,
              51.7283663
            ],
            [
              14.3681024,
              51.7283672
            ],
            [
              14.3681929,
              51.7283693
            ],
            [
              14.3682281,
              51.7283701
            ],
            [
              14.3686263,
              51.7283793
            ],
            [
              14.3689441,
              51.7283866
            ],
            [
              14.3691048,
              51.7283903
            ],
            [
              14.3695213,
              51.7283999
            ],
            [
              14.3697452,
              51.7284051
            ],
            [
              14.3701409,
              51.7284142
            ],
            [
              14.3711956,
              51.7284385
            ],
            [
              14.3716073,
              51.728448
            ],
            [
              14.3719864,
              51.7284567
            ],
            [
              14.3721869,
              51.7284613
            ],
            [
              14.3725731,
              51.7284703
            ],
            [
              14.372638,
              51.7284718
            ],
            [
              14.3737493,
              51.7284972
            ],
            [
              14.3759624,
              51.7285512
            ],
            [
              14.3765207,
              51.7285651
            ],
            [
              14.3765352,
              51.7285654
            ],
            [
              14.3772082,
              51.7285819
            ],
            [
              14.3774397,
              51.7285875
            ],
            [
              14.3774642,
              51.7285875
            ],
            [
              14.3780773,
              51.7286031
            ],
            [
              14.37817,
              51.7286056
            ],
            [
              14.3800472,
              51.7286549
            ],
            [
              14.3801288,
              51.7286571
            ],
            [
              14.3809855,
              51.7286796
            ],
            [
              14.3810428,
              51.7286811
            ],
            [
              14.3817945,
              51.7287009
            ],
            [
              14.3818534,
              51.7287024
            ],
            [
              14.3825009,
              51.7287194
            ],
            [
              14.3825509,
              51.728721
            ],
            [
              14.3826265,
              51.7287227
            ],
            [
              14.3826327,
              51.7288552
            ],
            [
              14.3826445,
              51.7291069
            ],
            [
              14.3826598,
              51.7294304
            ],
            [
              14.3826394,
              51.7297781
            ],
            [
              14.3826183,
              51.7301386
            ],
            [
              14.382616,
              51.730179
            ],
            [
              14.3826125,
              51.7302331
            ],
            [
              14.3825941,
              51.7305292
            ],
            [
              14.3825889,
              51.7306134
            ],
            [
              14.3825533,
              51.731237
            ],
            [
              14.3829739,
              51.7319772
            ],
            [
              14.3829794,
              51.7319848
            ],
            [
              14.3834086,
              51.7325784
            ],
            [
              14.3838358,
              51.7331693
            ],
            [
              14.3845757,
              51.73394
            ],
            [
              14.3850763,
              51.7344615
            ],
            [
              14.3862846,
              51.7357484
            ],
            [
              14.386358,
              51.7358596
            ],
            [
              14.3863739,
              51.7358845
            ],
            [
              14.3875742,
              51.7377028
            ],
            [
              14.3875771,
              51.7377116
            ],
            [
              14.3875859,
              51.7377386
            ],
            [
              14.3877789,
              51.7382875
            ],
            [
              14.3881743,
              51.7394167
            ],
            [
              14.3884078,
              51.7400835
            ],
            [
              14.3886923,
              51.7402336
            ],
            [
              14.3893961,
              51.7406047
            ],
            [
              14.3896099,
              51.7406872
            ],
            [
              14.3896817,
              51.7407156
            ],
            [
              14.3906405,
              51.7410845
            ],
            [
              14.3906852,
              51.7411018
            ],
            [
              14.3918674,
              51.7415576
            ],
            [
              14.3931804,
              51.7419096
            ],
            [
              14.3939938,
              51.7421277
            ],
            [
              14.3942448,
              51.742195
            ],
            [
              14.3950033,
              51.7423984
            ],
            [
              14.3950456,
              51.7429879
            ],
            [
              14.3952074,
              51.7438949
            ],
            [
              14.3946232,
              51.7451896
            ],
            [
              14.3949383,
              51.7463791
            ],
            [
              14.3950663,
              51.7475414
            ],
            [
              14.3948939,
              51.7487309
            ],
            [
              14.3945347,
              51.7494521
            ],
            [
              14.3944995,
              51.7494849
            ],
            [
              14.3941205,
              51.7502249
            ],
            [
              14.3939612,
              51.750521
            ],
            [
              14.3927333,
              51.7511982
            ],
            [
              14.3917572,
              51.7526096
            ],
            [
              14.3915973,
              51.7533189
            ],
            [
              14.3912726,
              51.753444
            ],
            [
              14.3911967,
              51.7534758
            ],
            [
              14.3910533,
              51.753536
            ],
            [
              14.3907385,
              51.753668
            ],
            [
              14.3901671,
              51.7539075
            ],
            [
              14.3898869,
              51.7540055
            ],
            [
              14.3886584,
              51.7544349
            ],
            [
              14.3875111,
              51.7547721
            ],
            [
              14.3871664,
              51.7548734
            ],
            [
              14.3863994,
              51.7550989
            ],
            [
              14.3862948,
              51.7551296
            ],
            [
              14.3856586,
              51.7553166
            ],
            [
              14.385152,
              51.7554655
            ],
            [
              14.384773,
              51.7555769
            ],
            [
              14.3846525,
              51.7556123
            ],
            [
              14.3845073,
              51.7556534
            ],
            [
              14.3841947,
              51.7557417
            ],
            [
              14.3836782,
              51.7558703
            ],
            [
              14.3832426,
              51.7559787
            ],
            [
              14.3831411,
              51.756004
            ],
            [
              14.3828573,
              51.7560746
            ],
            [
              14.3826469,
              51.756127
            ],
            [
              14.3816827,
              51.7568441
            ],
            [
              14.381425,
              51.757142
            ],
            [
              14.3813674,
              51.7572086
            ],
            [
              14.3811947,
              51.7574082
            ],
            [
              14.3811326,
              51.75748
            ],
            [
              14.3810512,
              51.7575741
            ],
            [
              14.3810055,
              51.7576269
            ],
            [
              14.3804892,
              51.7582236
            ],
            [
              14.3804526,
              51.7582679
            ],
            [
              14.3803897,
              51.7583442
            ],
            [
              14.3801396,
              51.7586476
            ],
            [
              14.3800265,
              51.7586771
            ],
            [
              14.3794052,
              51.7588395
            ],
            [
              14.3793456,
              51.758855
            ],
            [
              14.3787084,
              51.7590213
            ],
            [
              14.37849,
              51.7590783
            ],
            [
              14.3780267,
              51.7591992
            ],
            [
              14.3779703,
              51.7592139
            ],
            [
              14.3779159,
              51.7592282
            ],
            [
              14.3777728,
              51.7591455
            ],
            [
              14.3775147,
              51.7589964
            ],
            [
              14.3765141,
              51.7584183
            ],
            [
              14.3763809,
              51.7583413
            ],
            [
              14.3763035,
              51.7582957
            ],
            [
              14.3761942,
              51.758234
            ],
            [
              14.37613,
              51.7581978
            ],
            [
              14.3760092,
              51.7581297
            ],
            [
              14.3759501,
              51.7580963
            ],
            [
              14.3758502,
              51.7580399
            ],
            [
              14.3757873,
              51.7580045
            ],
            [
              14.3748721,
              51.7575525
            ],
            [
              14.3748545,
              51.7575397
            ],
            [
              14.3745177,
              51.7573006
            ],
            [
              14.3742823,
              51.7571334
            ],
            [
              14.374109,
              51.7570104
            ],
            [
              14.3741011,
              51.7570048
            ],
            [
              14.373948,
              51.7568831
            ],
            [
              14.3737875,
              51.7567555
            ],
            [
              14.3736269,
              51.7566279
            ],
            [
              14.3733914,
              51.7564407
            ],
            [
              14.3732202,
              51.7563002
            ],
            [
              14.3730626,
              51.7561709
            ],
            [
              14.3729143,
              51.7560491
            ],
            [
              14.3727657,
              51.7559272
            ],
            [
              14.3726171,
              51.7558052
            ],
            [
              14.3724685,
              51.7556833
            ],
            [
              14.3723199,
              51.7555613
            ],
            [
              14.3721713,
              51.7554394
            ],
            [
              14.3720227,
              51.7553174
            ],
            [
              14.3719567,
              51.7552632
            ],
            [
              14.3718945,
              51.7552084
            ],
            [
              14.3718382,
              51.7551588
            ],
            [
              14.3717798,
              51.7551072
            ],
            [
              14.3716669,
              51.7550078
            ],
            [
              14.3715886,
              51.7549387
            ],
            [
              14.3715324,
              51.7548921
            ],
            [
              14.3714451,
              51.7548202
            ],
            [
              14.3712952,
              51.754697
            ],
            [
              14.3711438,
              51.7545726
            ],
            [
              14.3710102,
              51.7544628
            ],
            [
              14.3709924,
              51.7544481
            ],
            [
              14.3708515,
              51.7543323
            ],
            [
              14.370841,
              51.7543237
            ],
            [
              14.3706898,
              51.7541995
            ],
            [
              14.3705381,
              51.7540748
            ],
            [
              14.3705287,
              51.754067
            ],
            [
              14.3703868,
              51.7539504
            ],
            [
              14.3702354,
              51.753826
            ],
            [
              14.3700843,
              51.7537017
            ],
            [
              14.3699329,
              51.7535773
            ],
            [
              14.3697826,
              51.7534538
            ],
            [
              14.3697816,
              51.7534529
            ],
            [
              14.3696303,
              51.7533286
            ],
            [
              14.3694787,
              51.7532039
            ],
            [
              14.3694284,
              51.7531625
            ],
            [
              14.3693719,
              51.7531158
            ],
            [
              14.369138,
              51.7529228
            ],
            [
              14.3689286,
              51.75275
            ],
            [
              14.3688147,
              51.7526564
            ],
            [
              14.3687453,
              51.7525993
            ],
            [
              14.3687188,
              51.7525785
            ],
            [
              14.3685094,
              51.7524062
            ],
            [
              14.3683001,
              51.7522339
            ],
            [
              14.3680907,
              51.7520616
            ],
            [
              14.3679039,
              51.7519086
            ],
            [
              14.3677975,
              51.7518202
            ],
            [
              14.3675968,
              51.7516552
            ],
            [
              14.367219,
              51.7513445
            ],
            [
              14.3666399,
              51.7508683
            ],
            [
              14.3665911,
              51.7508282
            ],
            [
              14.3663328,
              51.7507423
            ],
            [
              14.3666159,
              51.7506729
            ],
            [
              14.367134,
              51.7505125
            ],
            [
              14.3663686,
              51.7493495
            ],
            [
              14.3660674,
              51.7489198
            ],
            [
              14.3653855,
              51.7479469
            ],
            [
              14.3670264,
              51.7474017
            ],
            [
              14.3684499,
              51.7469288
            ],
            [
              14.3693521,
              51.746629
            ],
            [
              14.3709103,
              51.7461112
            ],
            [
              14.3711255,
              51.746032
            ],
            [
              14.3711784,
              51.7460177
            ],
            [
              14.3707204,
              51.7453838
            ],
            [
              14.3703648,
              51.7448918
            ],
            [
              14.3699509,
              51.7442279
            ],
            [
              14.3700016,
              51.744171
            ],
            [
              14.3701753,
              51.7439758
            ],
            [
              14.3701837,
              51.7439242
            ],
            [
              14.370138,
              51.7437134
            ],
            [
              14.3701733,
              51.7435696
            ],
            [
              14.3702322,
              51.7433292
            ],
            [
              14.370201,
              51.7432895
            ],
            [
              14.3713835,
              51.7432035
            ],
            [
              14.371387,
              51.743203
            ],
            [
              14.3717013,
              51.7431595
            ],
            [
              14.3716915,
              51.7430006
            ],
            [
              14.3716681,
              51.7426196
            ],
            [
              14.3718908,
              51.7425873
            ],
            [
              14.3720768,
              51.7423856
            ],
            [
              14.3722797,
              51.7421655
            ],
            [
              14.3732794,
              51.7420998
            ],
            [
              14.3736926,
              51.7420643
            ],
            [
              14.3742403,
              51.7420173
            ],
            [
              14.3749215,
              51.7419587
            ],
            [
              14.3748529,
              51.7414195
            ],
            [
              14.3748203,
              51.741163
            ],
            [
              14.374889,
              51.7407771
            ],
            [
              14.3749598,
              51.7406298
            ],
            [
              14.3749967,
              51.7405529
            ],
            [
              14.3750007,
              51.7405446
            ],
            [
              14.3751742,
              51.740183
            ],
            [
              14.3751823,
              51.7399247
            ],
            [
              14.3751751,
              51.7398648
            ],
            [
              14.3752154,
              51.7395078
            ],
            [
              14.3752258,
              51.7394605
            ],
            [
              14.3747134,
              51.7394809
            ],
            [
              14.3735589,
              51.7395267
            ],
            [
              14.3726821,
              51.7395616
            ],
            [
              14.3720115,
              51.7395882
            ],
            [
              14.3716941,
              51.7396008
            ],
            [
              14.3714015,
              51.7396083
            ],
            [
              14.3714156,
              51.7396372
            ],
            [
              14.3714343,
              51.7397084
            ],
            [
              14.3699791,
              51.7398242
            ],
            [
              14.3698852,
              51.7398317
            ],
            [
              14.3692172,
              51.7399412
            ],
            [
              14.3689528,
              51.7399463
            ],
            [
              14.3686034,
              51.7399532
            ],
            [
              14.3684436,
              51.7399874
            ],
            [
              14.3673601,
              51.7402198
            ],
            [
              14.3672339,
              51.7402452
            ],
            [
              14.367078,
              51.7402718
            ],
            [
              14.3668565,
              51.7402888
            ],
            [
              14.3667271,
              51.7402988
            ],
            [
              14.3664797,
              51.7403178
            ],
            [
              14.3662764,
              51.7403234
            ],
            [
              14.3659625,
              51.7403321
            ],
            [
              14.3657856,
              51.740337
            ],
            [
              14.3655221,
              51.7403443
            ],
            [
              14.3651141,
              51.7403555
            ],
            [
              14.364992,
              51.7403589
            ],
            [
              14.3649082,
              51.7403612
            ],
            [
              14.3645709,
              51.7403706
            ],
            [
              14.3646992,
              51.739963
            ],
            [
              14.3647951,
              51.7396029
            ],
            [
              14.3649305,
              51.7390952
            ],
            [
              14.3649637,
              51.738971
            ],
            [
              14.3648692,
              51.7390125
            ],
            [
              14.3636805,
              51.7387693
            ],
            [
              14.3634534,
              51.7387229
            ],
            [
              14.363357,
              51.7387031
            ],
            [
              14.3629667,
              51.7386233
            ],
            [
              14.3627302,
              51.7385744
            ],
            [
              14.3622562,
              51.738478
            ],
            [
              14.3620155,
              51.7384288
            ],
            [
              14.362007,
              51.738427
            ],
            [
              14.3618304,
              51.7384038
            ],
            [
              14.3615755,
              51.7383766
            ],
            [
              14.361246,
              51.7383745
            ],
            [
              14.3611363,
              51.7383867
            ],
            [
              14.361121,
              51.7383637
            ],
            [
              14.3609284,
              51.738074
            ],
            [
              14.3611833,
              51.737142
            ],
            [
              14.3612178,
              51.7370159
            ],
            [
              14.3613028,
              51.7367147
            ],
            [
              14.3607801,
              51.7364861
            ],
            [
              14.3592428,
              51.7363842
            ],
            [
              14.3591125,
              51.7363755
            ],
            [
              14.3591168,
              51.7363418
            ],
            [
              14.3592325,
              51.736053
            ],
            [
              14.3593296,
              51.7358108
            ],
            [
              14.3594248,
              51.7355736
            ],
            [
              14.3594358,
              51.7355264
            ],
            [
              14.3594724,
              51.7353718
            ],
            [
              14.3595111,
              51.735212
            ],
            [
              14.3595211,
              51.7351855
            ],
            [
              14.3595668,
              51.7350625
            ],
            [
              14.3594469,
              51.7350543
            ],
            [
              14.3586549,
              51.7350024
            ],
            [
              14.3581627,
              51.7349689
            ],
            [
              14.3577115,
              51.7349405
            ],
            [
              14.3578935,
              51.734801
            ],
            [
              14.357989,
              51.7347278
            ],
            [
              14.3581064,
              51.7344404
            ],
            [
              14.358261,
              51.734145
            ],
            [
              14.358337,
              51.7338745
            ],
            [
              14.3582481,
              51.7338641
            ],
            [
              14.3581336,
              51.7338506
            ],
            [
              14.3568399,
              51.7336978
            ],
            [
              14.3567293,
              51.7337117
            ],
            [
              14.3563764,
              51.7337576
            ],
            [
              14.3563892,
              51.7338615
            ],
            [
              14.3563895,
              51.7338637
            ],
            [
              14.3563692,
              51.7338645
            ],
            [
              14.3560181,
              51.7338646
            ],
            [
              14.3560168,
              51.7337467
            ],
            [
              14.3559932,
              51.7336616
            ],
            [
              14.3558589,
              51.7331774
            ],
            [
              14.3556477,
              51.7327481
            ],
            [
              14.3554294,
              51.7324968
            ],
            [
              14.3550932,
              51.732242
            ],
            [
              14.3550653,
              51.7322209
            ],
            [
              14.354576,
              51.7320146
            ],
            [
              14.3541074,
              51.7317299
            ],
            [
              14.3535919,
              51.7313187
            ],
            [
              14.3532453,
              51.7309862
            ],
            [
              14.3529694,
              51.7304894
            ],
            [
              14.3529339,
              51.7301648
            ],
            [
              14.3527457,
              51.7295253
            ],
            [
              14.3525027,
              51.7290879
            ],
            [
              14.352315,
              51.7288106
            ],
            [
              14.3518368,
              51.7281818
            ],
            [
              14.3518138,
              51.7281515
            ],
            [
              14.3516507,
              51.727937
            ],
            [
              14.3516491,
              51.7279349
            ]
          ]
        ]
      }
    },
    {
      "type": "Feature",
      "properties": {
        "name": "Madlow",
        "city": "Cottbus",
        "osm_id": 1626776,
        "osm_type": "relation",
        "display": "Madlow, Cottbus, Brandenburg, 03050, Deutschland"
      },
      "geometry": {
        "type": "Polygon",
        "coordinates": [
          [
            [
              14.3240766,
              51.7370334
            ],
            [
              14.3243593,
              51.7365616
            ],
            [
              14.3246449,
              51.7361179
            ],
            [
              14.3249054,
              51.7357083
            ],
            [
              14.3249775,
              51.7355825
            ],
            [
              14.3251526,
              51.7353269
            ],
            [
              14.325502,
              51.7351983
            ],
            [
              14.326134,
              51.7349217
            ],
            [
              14.3263346,
              51.7348315
            ],
            [
              14.3266364,
              51.734738
            ],
            [
              14.3268212,
              51.7346744
            ],
            [
              14.3270128,
              51.7346108
            ],
            [
              14.3273516,
              51.7345021
            ],
            [
              14.3275441,
              51.734439
            ],
            [
              14.3277292,
              51.7343881
            ],
            [
              14.327954,
              51.7343164
            ],
            [
              14.3280275,
              51.7342669
            ],
            [
              14.328078,
              51.7342208
            ],
            [
              14.3280941,
              51.7341709
            ],
            [
              14.3281444,
              51.7341331
            ],
            [
              14.3281811,
              51.7341179
            ],
            [
              14.3282642,
              51.734066
            ],
            [
              14.3283202,
              51.7340354
            ],
            [
              14.3283857,
              51.7340132
            ],
            [
              14.3284741,
              51.7339935
            ],
            [
              14.3285469,
              51.7339927
            ],
            [
              14.3286198,
              51.733986
            ],
            [
              14.328727,
              51.7339901
            ],
            [
              14.3287884,
              51.7339846
            ],
            [
              14.3288922,
              51.7339614
            ],
            [
              14.3291006,
              51.7338602
            ],
            [
              14.3292606,
              51.733791
            ],
            [
              14.3293956,
              51.7337311
            ],
            [
              14.3294476,
              51.7337135
            ],
            [
              14.3296478,
              51.7336493
            ],
            [
              14.3297344,
              51.7336188
            ],
            [
              14.3298214,
              51.733567
            ],
            [
              14.3298798,
              51.7335043
            ],
            [
              14.3299066,
              51.7334443
            ],
            [
              14.32994,
              51.7333898
            ],
            [
              14.329991,
              51.7333092
            ],
            [
              14.3300456,
              51.7332417
            ],
            [
              14.3301251,
              51.7331827
            ],
            [
              14.3301958,
              51.7331503
            ],
            [
              14.3303115,
              51.7331329
            ],
            [
              14.3304265,
              51.7331392
            ],
            [
              14.3305279,
              51.7331469
            ],
            [
              14.3306083,
              51.7331474
            ],
            [
              14.3306892,
              51.7331217
            ],
            [
              14.330836,
              51.7330416
            ],
            [
              14.3310346,
              51.7329511
            ],
            [
              14.3312137,
              51.7328844
            ],
            [
              14.3314105,
              51.7327939
            ],
            [
              14.3315785,
              51.7327044
            ],
            [
              14.3317887,
              51.7326105
            ],
            [
              14.3319853,
              51.7325283
            ],
            [
              14.3321261,
              51.7324625
            ],
            [
              14.3322978,
              51.7323814
            ],
            [
              14.3325858,
              51.7322683
            ],
            [
              14.3326591,
              51.7322295
            ],
            [
              14.3328759,
              51.7320761
            ],
            [
              14.3329689,
              51.7320064
            ],
            [
              14.3330658,
              51.7319344
            ],
            [
              14.3331452,
              51.7318718
            ],
            [
              14.3332422,
              51.7317927
            ],
            [
              14.3333275,
              51.731723
            ],
            [
              14.3333741,
              51.7316792
            ],
            [
              14.3334341,
              51.7316367
            ],
            [
              14.3334586,
              51.7316243
            ],
            [
              14.3335012,
              51.731575
            ],
            [
              14.3335173,
              51.7315563
            ],
            [
              14.333599,
              51.7314444
            ],
            [
              14.3336694,
              51.7313329
            ],
            [
              14.3337258,
              51.7312731
            ],
            [
              14.3337575,
              51.7312203
            ],
            [
              14.3338178,
              51.7311674
            ],
            [
              14.33383,
              51.7311502
            ],
            [
              14.333843,
              51.7311043
            ],
            [
              14.3338623,
              51.7310807
            ],
            [
              14.3339321,
              51.7310052
            ],
            [
              14.3339636,
              51.7309561
            ],
            [
              14.3339915,
              51.7308859
            ],
            [
              14.3340189,
              51.7308462
            ],
            [
              14.3340745,
              51.7307654
            ],
            [
              14.3340889,
              51.730738
            ],
            [
              14.3341593,
              51.7306568
            ],
            [
              14.3342871,
              51.7303841
            ],
            [
              14.3344773,
              51.730099
            ],
            [
              14.3345066,
              51.7300549
            ],
            [
              14.3345846,
              51.729938
            ],
            [
              14.3346966,
              51.7298841
            ],
            [
              14.3352331,
              51.7295819
            ],
            [
              14.3353051,
              51.7295215
            ],
            [
              14.3354803,
              51.7294452
            ],
            [
              14.3355707,
              51.7293507
            ],
            [
              14.3356964,
              51.7293028
            ],
            [
              14.3357655,
              51.7292766
            ],
            [
              14.3357898,
              51.7292673
            ],
            [
              14.3363203,
              51.7290496
            ],
            [
              14.3364472,
              51.729034
            ],
            [
              14.3365773,
              51.7290218
            ],
            [
              14.336651,
              51.7289988
            ],
            [
              14.3367927,
              51.7289154
            ],
            [
              14.3369189,
              51.7287886
            ],
            [
              14.3369436,
              51.7287641
            ],
            [
              14.3370294,
              51.7287448
            ],
            [
              14.3371224,
              51.7287248
            ],
            [
              14.3372003,
              51.7287104
            ],
            [
              14.3376995,
              51.7286177
            ],
            [
              14.3381724,
              51.7285228
            ],
            [
              14.3394828,
              51.7282574
            ],
            [
              14.3394834,
              51.7282587
            ],
            [
              14.3395795,
              51.7282379
            ],
            [
              14.3396173,
              51.7282302
            ],
            [
              14.3402647,
              51.7281612
            ],
            [
              14.3404071,
              51.728146
            ],
            [
              14.3405464,
              51.7281119
            ],
            [
              14.3406735,
              51.7280662
            ],
            [
              14.3407409,
              51.7280416
            ],
            [
              14.3408414,
              51.7279815
            ],
            [
              14.3408937,
              51.7279414
            ],
            [
              14.3409323,
              51.7279155
            ],
            [
              14.3409992,
              51.7278694
            ],
            [
              14.3410229,
              51.7278576
            ],
            [
              14.3410678,
              51.7275671
            ],
            [
              14.3410861,
              51.7274822
            ],
            [
              14.3410999,
              51.7274146
            ],
            [
              14.3411505,
              51.7271718
            ],
            [
              14.3411811,
              51.7269795
            ],
            [
              14.3409718,
              51.7269637
            ],
            [
              14.3407133,
              51.726949
            ],
            [
              14.3405252,
              51.72694
            ],
            [
              14.3402881,
              51.7269253
            ],
            [
              14.3402929,
              51.7268882
            ],
            [
              14.3403005,
              51.7268059
            ],
            [
              14.3403146,
              51.7267223
            ],
            [
              14.3403242,
              51.726648
            ],
            [
              14.340334,
              51.7265644
            ],
            [
              14.3403457,
              51.7264955
            ],
            [
              14.3403597,
              51.7264159
            ],
            [
              14.3403694,
              51.7263349
            ],
            [
              14.3403791,
              51.7262566
            ],
            [
              14.3403911,
              51.7261638
            ],
            [
              14.3404074,
              51.7260736
            ],
            [
              14.3403909,
              51.7260336
            ],
            [
              14.3403601,
              51.7259471
            ],
            [
              14.3403335,
              51.7258647
            ],
            [
              14.340307,
              51.7257769
            ],
            [
              14.3402825,
              51.7256931
            ],
            [
              14.3402621,
              51.7256266
            ],
            [
              14.3402458,
              51.7255747
            ],
            [
              14.3400551,
              51.7256002
            ],
            [
              14.3396673,
              51.7256551
            ],
            [
              14.3392666,
              51.7257166
            ],
            [
              14.3391894,
              51.7257321
            ],
            [
              14.3390664,
              51.7253702
            ],
            [
              14.3389559,
              51.7250284
            ],
            [
              14.33887,
              51.7247597
            ],
            [
              14.3388433,
              51.7246891
            ],
            [
              14.3388167,
              51.7246014
            ],
            [
              14.3387577,
              51.7243965
            ],
            [
              14.3386757,
              51.7241597
            ],
            [
              14.3386187,
              51.7239589
            ],
            [
              14.3385838,
              51.7238631
            ],
            [
              14.338557,
              51.7237939
            ],
            [
              14.338549,
              51.7237593
            ],
            [
              14.3387482,
              51.7237312
            ],
            [
              14.3393951,
              51.7236473
            ],
            [
              14.3392742,
              51.7232907
            ],
            [
              14.3391864,
              51.7230034
            ],
            [
              14.3391619,
              51.7229236
            ],
            [
              14.3391291,
              51.7228305
            ],
            [
              14.3390415,
              51.7225326
            ],
            [
              14.3389642,
              51.7222586
            ],
            [
              14.3388946,
              51.7220497
            ],
            [
              14.3388499,
              51.7219505
            ],
            [
              14.3388305,
              51.7218157
            ],
            [
              14.3387976,
              51.7216367
            ],
            [
              14.3387251,
              51.7212478
            ],
            [
              14.3387085,
              51.7211239
            ],
            [
              14.3390852,
              51.7210979
            ],
            [
              14.3391511,
              51.7210932
            ],
            [
              14.3390837,
              51.720784
            ],
            [
              14.3390273,
              51.7205122
            ],
            [
              14.3389945,
              51.7203244
            ],
            [
              14.3389532,
              51.7199842
            ],
            [
              14.3388772,
              51.7193458
            ],
            [
              14.3388249,
              51.7190342
            ],
            [
              14.3387786,
              51.7187956
            ],
            [
              14.3387594,
              51.7187032
            ],
            [
              14.3387369,
              51.7185547
            ],
            [
              14.3386153,
              51.7185104
            ],
            [
              14.3383278,
              51.7184056
            ],
            [
              14.3379321,
              51.7182613
            ],
            [
              14.3376969,
              51.7181749
            ],
            [
              14.3373877,
              51.71806
            ],
            [
              14.3368694,
              51.7178675
            ],
            [
              14.336476,
              51.7177214
            ],
            [
              14.3365001,
              51.7175979
            ],
            [
              14.3365035,
              51.7175841
            ],
            [
              14.3365071,
              51.717566
            ],
            [
              14.3366315,
              51.7175582
            ],
            [
              14.3377825,
              51.7174864
            ],
            [
              14.3378992,
              51.7174794
            ],
            [
              14.3380159,
              51.7174723
            ],
            [
              14.3382436,
              51.7174592
            ],
            [
              14.3384856,
              51.7174453
            ],
            [
              14.3387219,
              51.7174316
            ],
            [
              14.3389524,
              51.7174183
            ],
            [
              14.3391901,
              51.7174046
            ],
            [
              14.3394248,
              51.7173911
            ],
            [
              14.3396699,
              51.717377
            ],
            [
              14.3401558,
              51.7173501
            ],
            [
              14.3404376,
              51.717333
            ],
            [
              14.3416915,
              51.7172604
            ],
            [
              14.3421925,
              51.7172338
            ],
            [
              14.3423408,
              51.7172244
            ],
            [
              14.3426063,
              51.7172076
            ],
            [
              14.3433421,
              51.7171735
            ],
            [
              14.3450966,
              51.7171018
            ],
            [
              14.3460921,
              51.7170999
            ],
            [
              14.3461793,
              51.7170997
            ],
            [
              14.3478542,
              51.7170964
            ],
            [
              14.3496508,
              51.7171154
            ],
            [
              14.3498492,
              51.7171032
            ],
            [
              14.3498987,
              51.7171002
            ],
            [
              14.3514783,
              51.7170052
            ],
            [
              14.3520881,
              51.7169623
            ],
            [
              14.3528936,
              51.7169056
            ],
            [
              14.3532939,
              51.7168558
            ],
            [
              14.3549686,
              51.7166465
            ],
            [
              14.3551646,
              51.716622
            ],
            [
              14.355301,
              51.716606
            ],
            [
              14.3553634,
              51.7165954
            ],
            [
              14.355535,
              51.7165762
            ],
            [
              14.3557925,
              51.7164928
            ],
            [
              14.3561465,
              51.7163648
            ],
            [
              14.3565494,
              51.7162076
            ],
            [
              14.3567267,
              51.716135
            ],
            [
              14.3567989,
              51.7160955
            ],
            [
              14.3569895,
              51.7160049
            ],
            [
              14.357278,
              51.7160275
            ],
            [
              14.3572968,
              51.716029
            ],
            [
              14.3574106,
              51.7160379
            ],
            [
              14.3574556,
              51.7161915
            ],
            [
              14.3575391,
              51.7163939
            ],
            [
              14.3575881,
              51.716509
            ],
            [
              14.3576943,
              51.7167329
            ],
            [
              14.3576944,
              51.7169852
            ],
            [
              14.3576603,
              51.7172556
            ],
            [
              14.3576019,
              51.7174944
            ],
            [
              14.3575523,
              51.717663
            ],
            [
              14.3573668,
              51.7182992
            ],
            [
              14.3571642,
              51.7189943
            ],
            [
              14.3570916,
              51.7192434
            ],
            [
              14.356877,
              51.7199786
            ],
            [
              14.3567257,
              51.7205468
            ],
            [
              14.3566712,
              51.7207515
            ],
            [
              14.356566,
              51.7210858
            ],
            [
              14.3563338,
              51.7218769
            ],
            [
              14.3560725,
              51.7225004
            ],
            [
              14.3557919,
              51.7228979
            ],
            [
              14.3555034,
              51.7231515
            ],
            [
              14.3552135,
              51.7233334
            ],
            [
              14.3544081,
              51.7237212
            ],
            [
              14.3538451,
              51.7239654
            ],
            [
              14.3536849,
              51.7240349
            ],
            [
              14.3534136,
              51.7241694
            ],
            [
              14.3532901,
              51.7242509
            ],
            [
              14.3528301,
              51.7246662
            ],
            [
              14.3524345,
              51.7250774
            ],
            [
              14.3519588,
              51.7258219
            ],
            [
              14.3517795,
              51.7260824
            ],
            [
              14.3516464,
              51.7262758
            ],
            [
              14.3514335,
              51.7264925
            ],
            [
              14.3513828,
              51.7266025
            ],
            [
              14.3513574,
              51.7269002
            ],
            [
              14.3513695,
              51.7271544
            ],
            [
              14.3514665,
              51.7275762
            ],
            [
              14.3515703,
              51.7277924
            ],
            [
              14.3516207,
              51.7278974
            ],
            [
              14.3516491,
              51.7279349
            ],
            [
              14.3516507,
              51.727937
            ],
            [
              14.3518138,
              51.7281515
            ],
            [
              14.3518368,
              51.7281818
            ],
            [
              14.352315,
              51.7288106
            ],
            [
              14.3525027,
              51.7290879
            ],
            [
              14.3527457,
              51.7295253
            ],
            [
              14.3529339,
              51.7301648
            ],
            [
              14.3529694,
              51.7304894
            ],
            [
              14.3532453,
              51.7309862
            ],
            [
              14.3535919,
              51.7313187
            ],
            [
              14.3541074,
              51.7317299
            ],
            [
              14.354576,
              51.7320146
            ],
            [
              14.3550653,
              51.7322209
            ],
            [
              14.3550932,
              51.732242
            ],
            [
              14.3548691,
              51.7323547
            ],
            [
              14.354719,
              51.7324287
            ],
            [
              14.3544286,
              51.7325718
            ],
            [
              14.3539699,
              51.7327979
            ],
            [
              14.3537789,
              51.7329009
            ],
            [
              14.3533973,
              51.7330776
            ],
            [
              14.3530083,
              51.7332701
            ],
            [
              14.3524503,
              51.7335476
            ],
            [
              14.3518522,
              51.733834
            ],
            [
              14.3513566,
              51.7340802
            ],
            [
              14.3511768,
              51.7341697
            ],
            [
              14.3509271,
              51.734295
            ],
            [
              14.3506701,
              51.7344294
            ],
            [
              14.3504461,
              51.7345436
            ],
            [
              14.3501635,
              51.7346846
            ],
            [
              14.3498807,
              51.7348301
            ],
            [
              14.3496384,
              51.7349555
            ],
            [
              14.3493447,
              51.7351009
            ],
            [
              14.3490217,
              51.7352644
            ],
            [
              14.3488197,
              51.7353696
            ],
            [
              14.3486105,
              51.7354703
            ],
            [
              14.3485077,
              51.7355217
            ],
            [
              14.3482984,
              51.7356269
            ],
            [
              14.348067,
              51.7357547
            ],
            [
              14.3478612,
              51.7358689
            ],
            [
              14.3476076,
              51.7360169
            ],
            [
              14.347387,
              51.7361492
            ],
            [
              14.3472547,
              51.7362299
            ],
            [
              14.3471039,
              51.7363241
            ],
            [
              14.3469418,
              51.7364409
            ],
            [
              14.3467468,
              51.7365665
            ],
            [
              14.3465664,
              51.7366968
            ],
            [
              14.3463931,
              51.7368293
            ],
            [
              14.3462235,
              51.7369664
            ],
            [
              14.3461018,
              51.7370676
            ],
            [
              14.3459763,
              51.737171
            ],
            [
              14.3458398,
              51.7372879
            ],
            [
              14.3457069,
              51.7374048
            ],
            [
              14.3455664,
              51.7375443
            ],
            [
              14.3454258,
              51.7376906
            ],
            [
              14.3453039,
              51.7378009
            ],
            [
              14.3451558,
              51.7379584
            ],
            [
              14.3450224,
              51.738107
            ],
            [
              14.3449038,
              51.7382444
            ],
            [
              14.3447071,
              51.7384923
            ],
            [
              14.3446179,
              51.7386072
            ],
            [
              14.3444056,
              51.7389228
            ],
            [
              14.3441967,
              51.739252
            ],
            [
              14.3441312,
              51.7392426
            ],
            [
              14.3436469,
              51.7392128
            ],
            [
              14.3433813,
              51.7391796
            ],
            [
              14.3430938,
              51.7391463
            ],
            [
              14.3425845,
              51.7390801
            ],
            [
              14.3419804,
              51.7390111
            ],
            [
              14.3412269,
              51.738939
            ],
            [
              14.3409649,
              51.7389126
            ],
            [
              14.3404953,
              51.7388692
            ],
            [
              14.340171,
              51.7388222
            ],
            [
              14.3397862,
              51.7387544
            ],
            [
              14.3394045,
              51.7386843
            ],
            [
              14.3389031,
              51.7385774
            ],
            [
              14.3386414,
              51.7385239
            ],
            [
              14.3382505,
              51.7384474
            ],
            [
              14.3377582,
              51.7383537
            ],
            [
              14.3369624,
              51.7381841
            ],
            [
              14.3366246,
              51.7381029
            ],
            [
              14.3362039,
              51.7379603
            ],
            [
              14.3357734,
              51.7378224
            ],
            [
              14.3354412,
              51.7377772
            ],
            [
              14.3349167,
              51.7377538
            ],
            [
              14.3344649,
              51.73774
            ],
            [
              14.334228,
              51.7377386
            ],
            [
              14.3338052,
              51.7377385
            ],
            [
              14.3332548,
              51.7377399
            ],
            [
              14.3328465,
              51.7377466
            ],
            [
              14.3322811,
              51.7377751
            ],
            [
              14.3318872,
              51.7377932
            ],
            [
              14.3316025,
              51.7378188
            ],
            [
              14.3313945,
              51.7378357
            ],
            [
              14.3310404,
              51.7378722
            ],
            [
              14.3305123,
              51.7379141
            ],
            [
              14.329712,
              51.7379868
            ],
            [
              14.3292083,
              51.7380337
            ],
            [
              14.3290076,
              51.7380484
            ],
            [
              14.3289199,
              51.7380592
            ],
            [
              14.3286902,
              51.7380647
            ],
            [
              14.3285154,
              51.7380592
            ],
            [
              14.3283279,
              51.7380467
            ],
            [
              14.3279995,
              51.7380174
            ],
            [
              14.3279768,
              51.7380154
            ],
            [
              14.3279716,
              51.7380149
            ],
            [
              14.3275441,
              51.7379672
            ],
            [
              14.3274573,
              51.7379567
            ],
            [
              14.3271045,
              51.7379139
            ],
            [
              14.3268276,
              51.7378709
            ],
            [
              14.3265714,
              51.7378211
            ],
            [
              14.3264517,
              51.7377954
            ],
            [
              14.3262179,
              51.7377415
            ],
            [
              14.3261931,
              51.7377457
            ],
            [
              14.3261886,
              51.7377465
            ],
            [
              14.326163,
              51.7377391
            ],
            [
              14.3260391,
              51.7377035
            ],
            [
              14.3259191,
              51.737669
            ],
            [
              14.3259255,
              51.7376593
            ],
            [
              14.3258384,
              51.7376346
            ],
            [
              14.3256689,
              51.7375864
            ],
            [
              14.3254436,
              51.7375158
            ],
            [
              14.3253702,
              51.7374895
            ],
            [
              14.3251395,
              51.737407
            ],
            [
              14.324722,
              51.7372425
            ],
            [
              14.3246653,
              51.7372202
            ],
            [
              14.3245084,
              51.7371604
            ],
            [
              14.3240766,
              51.7370334
            ]
          ]
        ]
      }
    },
    {
      "type": "Feature",
      "properties": {
        "name": "Sachsendorf",
        "city": "Cottbus",
        "osm_id": 1626705,
        "osm_type": "relation",
        "display": "Sachsendorf, Cottbus, Brandenburg, 03048, Deutschland"
      },
      "geometry": {
        "type": "Polygon",
        "coordinates": [
          [
            [
              14.2854056,
              51.7289396
            ],
            [
              14.2856427,
              51.7283112
            ],
            [
              14.2854469,
              51.728233
            ],
            [
              14.2858069,
              51.7277479
            ],
            [
              14.2898112,
              51.7283269
            ],
            [
              14.2900322,
              51.7277401
            ],
            [
              14.2899438,
              51.7267738
            ],
            [
              14.2900827,
              51.7255845
            ],
            [
              14.2875627,
              51.7253654
            ],
            [
              14.2876069,
              51.724939
            ],
            [
              14.2900764,
              51.7250916
            ],
            [
              14.2923588,
              51.725181
            ],
            [
              14.2961968,
              51.7250578
            ],
            [
              14.2967681,
              51.7250814
            ],
            [
              14.2972546,
              51.7252099
            ],
            [
              14.2973436,
              51.7252334
            ],
            [
              14.2977287,
              51.7254929
            ],
            [
              14.2979149,
              51.7256555
            ],
            [
              14.2981942,
              51.7257996
            ],
            [
              14.2984692,
              51.7258468
            ],
            [
              14.2990659,
              51.7258232
            ],
            [
              14.3014066,
              51.7253502
            ],
            [
              14.3021886,
              51.7251146
            ],
            [
              14.3018128,
              51.7250077
            ],
            [
              14.3008818,
              51.7244345
            ],
            [
              14.3028759,
              51.7239889
            ],
            [
              14.3069617,
              51.7229385
            ],
            [
              14.309127,
              51.7223818
            ],
            [
              14.3096736,
              51.7221891
            ],
            [
              14.3097319,
              51.7221758
            ],
            [
              14.3097509,
              51.7221715
            ],
            [
              14.3102309,
              51.7220619
            ],
            [
              14.3104305,
              51.7220164
            ],
            [
              14.3112997,
              51.721818
            ],
            [
              14.3121758,
              51.721618
            ],
            [
              14.3123468,
              51.7215846
            ],
            [
              14.3136515,
              51.721327
            ],
            [
              14.3136625,
              51.7213234
            ],
            [
              14.3144187,
              51.721074
            ],
            [
              14.3148537,
              51.7209305
            ],
            [
              14.3148586,
              51.7209289
            ],
            [
              14.3149439,
              51.7209031
            ],
            [
              14.3152922,
              51.7207953
            ],
            [
              14.315529,
              51.7207312
            ],
            [
              14.3157206,
              51.7206794
            ],
            [
              14.3158023,
              51.7206573
            ],
            [
              14.3161493,
              51.7205635
            ],
            [
              14.3165697,
              51.7204499
            ],
            [
              14.3171917,
              51.7202818
            ],
            [
              14.317815,
              51.7201133
            ],
            [
              14.3184311,
              51.7199468
            ],
            [
              14.3186155,
              51.7198968
            ],
            [
              14.3186535,
              51.7199881
            ],
            [
              14.3187868,
              51.719948
            ],
            [
              14.3188543,
              51.7199293
            ],
            [
              14.3189568,
              51.7199052
            ],
            [
              14.3191936,
              51.719852
            ],
            [
              14.319337,
              51.7198207
            ],
            [
              14.3194756,
              51.7197905
            ],
            [
              14.3201464,
              51.7196444
            ],
            [
              14.3206876,
              51.7195266
            ],
            [
              14.3216839,
              51.7193094
            ],
            [
              14.3216901,
              51.7193086
            ],
            [
              14.323437,
              51.7190607
            ],
            [
              14.3251063,
              51.7188776
            ],
            [
              14.3252845,
              51.7188581
            ],
            [
              14.3253148,
              51.7188538
            ],
            [
              14.325375,
              51.7188473
            ],
            [
              14.3253917,
              51.7188455
            ],
            [
              14.3255295,
              51.7188307
            ],
            [
              14.3256134,
              51.7188218
            ],
            [
              14.3256861,
              51.718814
            ],
            [
              14.3257983,
              51.7188019
            ],
            [
              14.3258658,
              51.718795
            ],
            [
              14.325921,
              51.7187894
            ],
            [
              14.3261262,
              51.7187684
            ],
            [
              14.3264572,
              51.7187345
            ],
            [
              14.3267863,
              51.7187008
            ],
            [
              14.3280484,
              51.7185717
            ],
            [
              14.3284107,
              51.7185353
            ],
            [
              14.3290199,
              51.7184741
            ],
            [
              14.3297424,
              51.7184015
            ],
            [
              14.3304289,
              51.718341
            ],
            [
              14.3312498,
              51.7182686
            ],
            [
              14.3332582,
              51.7180584
            ],
            [
              14.3346433,
              51.7179134
            ],
            [
              14.3361565,
              51.7177551
            ],
            [
              14.3361682,
              51.7177536
            ],
            [
              14.3363274,
              51.7177369
            ],
            [
              14.3363401,
              51.7177356
            ],
            [
              14.336476,
              51.7177214
            ],
            [
              14.3368694,
              51.7178675
            ],
            [
              14.3373877,
              51.71806
            ],
            [
              14.3376969,
              51.7181749
            ],
            [
              14.3379321,
              51.7182613
            ],
            [
              14.3383278,
              51.7184056
            ],
            [
              14.3386153,
              51.7185104
            ],
            [
              14.3387369,
              51.7185547
            ],
            [
              14.3387594,
              51.7187032
            ],
            [
              14.3387786,
              51.7187956
            ],
            [
              14.3388249,
              51.7190342
            ],
            [
              14.3388772,
              51.7193458
            ],
            [
              14.3389532,
              51.7199842
            ],
            [
              14.3389945,
              51.7203244
            ],
            [
              14.3390273,
              51.7205122
            ],
            [
              14.3390837,
              51.720784
            ],
            [
              14.3391511,
              51.7210932
            ],
            [
              14.3390852,
              51.7210979
            ],
            [
              14.3387085,
              51.7211239
            ],
            [
              14.3387251,
              51.7212478
            ],
            [
              14.3387976,
              51.7216367
            ],
            [
              14.3388305,
              51.7218157
            ],
            [
              14.3388499,
              51.7219505
            ],
            [
              14.3388946,
              51.7220497
            ],
            [
              14.3389642,
              51.7222586
            ],
            [
              14.3390415,
              51.7225326
            ],
            [
              14.3391291,
              51.7228305
            ],
            [
              14.3391619,
              51.7229236
            ],
            [
              14.3391864,
              51.7230034
            ],
            [
              14.3392742,
              51.7232907
            ],
            [
              14.3393951,
              51.7236473
            ],
            [
              14.3387482,
              51.7237312
            ],
            [
              14.338549,
              51.7237593
            ],
            [
              14.338557,
              51.7237939
            ],
            [
              14.3385838,
              51.7238631
            ],
            [
              14.3386187,
              51.7239589
            ],
            [
              14.3386757,
              51.7241597
            ],
            [
              14.3387577,
              51.7243965
            ],
            [
              14.3388167,
              51.7246014
            ],
            [
              14.3388433,
              51.7246891
            ],
            [
              14.33887,
              51.7247597
            ],
            [
              14.3389559,
              51.7250284
            ],
            [
              14.3390664,
              51.7253702
            ],
            [
              14.3391894,
              51.7257321
            ],
            [
              14.3392666,
              51.7257166
            ],
            [
              14.3396673,
              51.7256551
            ],
            [
              14.3400551,
              51.7256002
            ],
            [
              14.3402458,
              51.7255747
            ],
            [
              14.3402621,
              51.7256266
            ],
            [
              14.3402825,
              51.7256931
            ],
            [
              14.340307,
              51.7257769
            ],
            [
              14.3403335,
              51.7258647
            ],
            [
              14.3403601,
              51.7259471
            ],
            [
              14.3403909,
              51.7260336
            ],
            [
              14.3404074,
              51.7260736
            ],
            [
              14.3403911,
              51.7261638
            ],
            [
              14.3403791,
              51.7262566
            ],
            [
              14.3403694,
              51.7263349
            ],
            [
              14.3403597,
              51.7264159
            ],
            [
              14.3403457,
              51.7264955
            ],
            [
              14.340334,
              51.7265644
            ],
            [
              14.3403242,
              51.726648
            ],
            [
              14.3403146,
              51.7267223
            ],
            [
              14.3403005,
              51.7268059
            ],
            [
              14.3402929,
              51.7268882
            ],
            [
              14.3402881,
              51.7269253
            ],
            [
              14.3405252,
              51.72694
            ],
            [
              14.3407133,
              51.726949
            ],
            [
              14.3409718,
              51.7269637
            ],
            [
              14.3411811,
              51.7269795
            ],
            [
              14.3411505,
              51.7271718
            ],
            [
              14.3410999,
              51.7274146
            ],
            [
              14.3410861,
              51.7274822
            ],
            [
              14.3410678,
              51.7275671
            ],
            [
              14.3410229,
              51.7278576
            ],
            [
              14.3409992,
              51.7278694
            ],
            [
              14.3409323,
              51.7279155
            ],
            [
              14.3408937,
              51.7279414
            ],
            [
              14.3408414,
              51.7279815
            ],
            [
              14.3407409,
              51.7280416
            ],
            [
              14.3406735,
              51.7280662
            ],
            [
              14.3405464,
              51.7281119
            ],
            [
              14.3404071,
              51.728146
            ],
            [
              14.3402647,
              51.7281612
            ],
            [
              14.3396173,
              51.7282302
            ],
            [
              14.3395795,
              51.7282379
            ],
            [
              14.3394834,
              51.7282587
            ],
            [
              14.3394828,
              51.7282574
            ],
            [
              14.3381724,
              51.7285228
            ],
            [
              14.3376995,
              51.7286177
            ],
            [
              14.3372003,
              51.7287104
            ],
            [
              14.3371224,
              51.7287248
            ],
            [
              14.3370294,
              51.7287448
            ],
            [
              14.3369436,
              51.7287641
            ],
            [
              14.3369189,
              51.7287886
            ],
            [
              14.3367927,
              51.7289154
            ],
            [
              14.336651,
              51.7289988
            ],
            [
              14.3365773,
              51.7290218
            ],
            [
              14.3364472,
              51.729034
            ],
            [
              14.3363203,
              51.7290496
            ],
            [
              14.3357898,
              51.7292673
            ],
            [
              14.3357655,
              51.7292766
            ],
            [
              14.3356964,
              51.7293028
            ],
            [
              14.3355707,
              51.7293507
            ],
            [
              14.3354803,
              51.7294452
            ],
            [
              14.3353051,
              51.7295215
            ],
            [
              14.3352331,
              51.7295819
            ],
            [
              14.3346966,
              51.7298841
            ],
            [
              14.3345846,
              51.729938
            ],
            [
              14.3345066,
              51.7300549
            ],
            [
              14.3344773,
              51.730099
            ],
            [
              14.3342871,
              51.7303841
            ],
            [
              14.3341593,
              51.7306568
            ],
            [
              14.3340889,
              51.730738
            ],
            [
              14.3340745,
              51.7307654
            ],
            [
              14.3340189,
              51.7308462
            ],
            [
              14.3339915,
              51.7308859
            ],
            [
              14.3339636,
              51.7309561
            ],
            [
              14.3339321,
              51.7310052
            ],
            [
              14.3338623,
              51.7310807
            ],
            [
              14.333843,
              51.7311043
            ],
            [
              14.33383,
              51.7311502
            ],
            [
              14.3338178,
              51.7311674
            ],
            [
              14.3337575,
              51.7312203
            ],
            [
              14.3337258,
              51.7312731
            ],
            [
              14.3336694,
              51.7313329
            ],
            [
              14.333599,
              51.7314444
            ],
            [
              14.3335173,
              51.7315563
            ],
            [
              14.3335012,
              51.731575
            ],
            [
              14.3334586,
              51.7316243
            ],
            [
              14.3334341,
              51.7316367
            ],
            [
              14.3333741,
              51.7316792
            ],
            [
              14.3333275,
              51.731723
            ],
            [
              14.3332422,
              51.7317927
            ],
            [
              14.3331452,
              51.7318718
            ],
            [
              14.3330658,
              51.7319344
            ],
            [
              14.3329689,
              51.7320064
            ],
            [
              14.3328759,
              51.7320761
            ],
            [
              14.3326591,
              51.7322295
            ],
            [
              14.3325858,
              51.7322683
            ],
            [
              14.3322978,
              51.7323814
            ],
            [
              14.3321261,
              51.7324625
            ],
            [
              14.3319853,
              51.7325283
            ],
            [
              14.3317887,
              51.7326105
            ],
            [
              14.3315785,
              51.7327044
            ],
            [
              14.3314105,
              51.7327939
            ],
            [
              14.3312137,
              51.7328844
            ],
            [
              14.3310346,
              51.7329511
            ],
            [
              14.330836,
              51.7330416
            ],
            [
              14.3306892,
              51.7331217
            ],
            [
              14.3306083,
              51.7331474
            ],
            [
              14.3305279,
              51.7331469
            ],
            [
              14.3304265,
              51.7331392
            ],
            [
              14.3303115,
              51.7331329
            ],
            [
              14.3301958,
              51.7331503
            ],
            [
              14.3301251,
              51.7331827
            ],
            [
              14.3300456,
              51.7332417
            ],
            [
              14.329991,
              51.7333092
            ],
            [
              14.32994,
              51.7333898
            ],
            [
              14.3299066,
              51.7334443
            ],
            [
              14.3298798,
              51.7335043
            ],
            [
              14.3298214,
              51.733567
            ],
            [
              14.3297344,
              51.7336188
            ],
            [
              14.3296478,
              51.7336493
            ],
            [
              14.3294476,
              51.7337135
            ],
            [
              14.3293956,
              51.7337311
            ],
            [
              14.3292606,
              51.733791
            ],
            [
              14.3291006,
              51.7338602
            ],
            [
              14.3288922,
              51.7339614
            ],
            [
              14.3287884,
              51.7339846
            ],
            [
              14.328727,
              51.7339901
            ],
            [
              14.3286198,
              51.733986
            ],
            [
              14.3285469,
              51.7339927
            ],
            [
              14.3284741,
              51.7339935
            ],
            [
              14.3283857,
              51.7340132
            ],
            [
              14.3283202,
              51.7340354
            ],
            [
              14.3282642,
              51.734066
            ],
            [
              14.3281811,
              51.7341179
            ],
            [
              14.3281444,
              51.7341331
            ],
            [
              14.3280941,
              51.7341709
            ],
            [
              14.328078,
              51.7342208
            ],
            [
              14.3280275,
              51.7342669
            ],
            [
              14.327954,
              51.7343164
            ],
            [
              14.3277292,
              51.7343881
            ],
            [
              14.3275441,
              51.734439
            ],
            [
              14.3273516,
              51.7345021
            ],
            [
              14.3270128,
              51.7346108
            ],
            [
              14.3268212,
              51.7346744
            ],
            [
              14.3266364,
              51.734738
            ],
            [
              14.3263346,
              51.7348315
            ],
            [
              14.326134,
              51.7349217
            ],
            [
              14.325502,
              51.7351983
            ],
            [
              14.3251526,
              51.7353269
            ],
            [
              14.3249775,
              51.7355825
            ],
            [
              14.3249054,
              51.7357083
            ],
            [
              14.3246449,
              51.7361179
            ],
            [
              14.3243593,
              51.7365616
            ],
            [
              14.3240766,
              51.7370334
            ],
            [
              14.3232684,
              51.7367345
            ],
            [
              14.3231505,
              51.7367881
            ],
            [
              14.32302,
              51.7368474
            ],
            [
              14.3229818,
              51.7368648
            ],
            [
              14.3228986,
              51.7369026
            ],
            [
              14.3226839,
              51.7370172
            ],
            [
              14.322425,
              51.7371572
            ],
            [
              14.3224052,
              51.737168
            ],
            [
              14.3222485,
              51.7372613
            ],
            [
              14.3222044,
              51.7372933
            ],
            [
              14.3222037,
              51.7372951
            ],
            [
              14.322194,
              51.7373181
            ],
            [
              14.3221654,
              51.7373859
            ],
            [
              14.3221671,
              51.7374328
            ],
            [
              14.3221823,
              51.737559
            ],
            [
              14.3221873,
              51.7376004
            ],
            [
              14.3221772,
              51.7376962
            ],
            [
              14.3221526,
              51.7377256
            ],
            [
              14.3221135,
              51.7377555
            ],
            [
              14.3219795,
              51.7378392
            ],
            [
              14.3219471,
              51.7378667
            ],
            [
              14.3219178,
              51.7379009
            ],
            [
              14.3218324,
              51.7379788
            ],
            [
              14.321747,
              51.7380649
            ],
            [
              14.3216549,
              51.7381538
            ],
            [
              14.3215851,
              51.7382263
            ],
            [
              14.3215197,
              51.7383056
            ],
            [
              14.3214543,
              51.7383864
            ],
            [
              14.3213937,
              51.738441
            ],
            [
              14.321284,
              51.7385215
            ],
            [
              14.3212056,
              51.7385802
            ],
            [
              14.3211691,
              51.7386473
            ],
            [
              14.3211575,
              51.7386871
            ],
            [
              14.3211413,
              51.738731
            ],
            [
              14.3211159,
              51.7387983
            ],
            [
              14.3210847,
              51.738816
            ],
            [
              14.3209751,
              51.7388882
            ],
            [
              14.3208571,
              51.7389301
            ],
            [
              14.3207434,
              51.7389749
            ],
            [
              14.3206443,
              51.7390209
            ],
            [
              14.3206091,
              51.739038
            ],
            [
              14.3205714,
              51.7390562
            ],
            [
              14.320444,
              51.7391035
            ],
            [
              14.3204258,
              51.7391103
            ],
            [
              14.3203647,
              51.739133
            ],
            [
              14.3203015,
              51.7391514
            ],
            [
              14.3202955,
              51.7391531
            ],
            [
              14.3202777,
              51.7391583
            ],
            [
              14.3202109,
              51.7391767
            ],
            [
              14.3201089,
              51.7392386
            ],
            [
              14.3200497,
              51.7393023
            ],
            [
              14.320049,
              51.7393031
            ],
            [
              14.3199864,
              51.7393351
            ],
            [
              14.3198997,
              51.7393682
            ],
            [
              14.3198035,
              51.7394049
            ],
            [
              14.3197321,
              51.7394281
            ],
            [
              14.3196167,
              51.7394655
            ],
            [
              14.3195792,
              51.7394862
            ],
            [
              14.319456,
              51.739554
            ],
            [
              14.3193982,
              51.7395859
            ],
            [
              14.3193386,
              51.7396158
            ],
            [
              14.3192769,
              51.7396468
            ],
            [
              14.3191694,
              51.7396827
            ],
            [
              14.3190991,
              51.7397062
            ],
            [
              14.3189931,
              51.7397337
            ],
            [
              14.3189295,
              51.7397502
            ],
            [
              14.3188356,
              51.7397926
            ],
            [
              14.3187028,
              51.7398524
            ],
            [
              14.3186618,
              51.7398709
            ],
            [
              14.318609,
              51.7398947
            ],
            [
              14.3185507,
              51.7399036
            ],
            [
              14.318431,
              51.7399219
            ],
            [
              14.3184015,
              51.7399265
            ],
            [
              14.3183264,
              51.7399678
            ],
            [
              14.3182642,
              51.7399912
            ],
            [
              14.3181153,
              51.7400474
            ],
            [
              14.3180611,
              51.7400535
            ],
            [
              14.3179536,
              51.7400657
            ],
            [
              14.3178813,
              51.7400856
            ],
            [
              14.317809,
              51.7401054
            ],
            [
              14.3177719,
              51.7401658
            ],
            [
              14.3177658,
              51.7401756
            ],
            [
              14.3176383,
              51.7402286
            ],
            [
              14.3175861,
              51.7402503
            ],
            [
              14.3175765,
              51.7402543
            ],
            [
              14.3174445,
              51.7403255
            ],
            [
              14.3174358,
              51.7403302
            ],
            [
              14.3172608,
              51.7404239
            ],
            [
              14.3172281,
              51.74045
            ],
            [
              14.3171986,
              51.7405329
            ],
            [
              14.317191,
              51.7405579
            ],
            [
              14.3171142,
              51.7406007
            ],
            [
              14.3169747,
              51.7406784
            ],
            [
              14.3169563,
              51.7406887
            ],
            [
              14.3168056,
              51.7407516
            ],
            [
              14.3167515,
              51.7407727
            ],
            [
              14.3166698,
              51.7408031
            ],
            [
              14.3166194,
              51.7408139
            ],
            [
              14.3165683,
              51.7408248
            ],
            [
              14.3165071,
              51.7408412
            ],
            [
              14.3164389,
              51.7408832
            ],
            [
              14.3164336,
              51.7408917
            ],
            [
              14.3163837,
              51.7409717
            ],
            [
              14.3163399,
              51.7410086
            ],
            [
              14.316315,
              51.7410296
            ],
            [
              14.3162045,
              51.7411046
            ],
            [
              14.3161742,
              51.7411252
            ],
            [
              14.3161317,
              51.741158
            ],
            [
              14.3161059,
              51.7411916
            ],
            [
              14.3160777,
              51.7412284
            ],
            [
              14.3160561,
              51.7413069
            ],
            [
              14.3160376,
              51.7413746
            ],
            [
              14.3160213,
              51.7414185
            ],
            [
              14.3160139,
              51.7414251
            ],
            [
              14.3159456,
              51.7414867
            ],
            [
              14.3158915,
              51.7415191
            ],
            [
              14.3158221,
              51.7415607
            ],
            [
              14.3156912,
              51.741639
            ],
            [
              14.3156316,
              51.7416748
            ],
            [
              14.3155301,
              51.7417356
            ],
            [
              14.3154276,
              51.7417969
            ],
            [
              14.3153066,
              51.7418703
            ],
            [
              14.3150634,
              51.7420218
            ],
            [
              14.3147906,
              51.7421934
            ],
            [
              14.3146459,
              51.7422407
            ],
            [
              14.3144197,
              51.7422614
            ],
            [
              14.3140862,
              51.7422791
            ],
            [
              14.3135641,
              51.7423059
            ],
            [
              14.3129302,
              51.7423393
            ],
            [
              14.312631,
              51.7423527
            ],
            [
              14.3121942,
              51.742379
            ],
            [
              14.3117666,
              51.742393
            ],
            [
              14.3113034,
              51.7424109
            ],
            [
              14.3111464,
              51.7424527
            ],
            [
              14.3110229,
              51.7425082
            ],
            [
              14.3106572,
              51.742667
            ],
            [
              14.3102673,
              51.7428214
            ],
            [
              14.3100155,
              51.7429231
            ],
            [
              14.3097503,
              51.743026
            ],
            [
              14.3094028,
              51.7431601
            ],
            [
              14.3090686,
              51.7432839
            ],
            [
              14.3088656,
              51.7433664
            ],
            [
              14.3085459,
              51.7434963
            ],
            [
              14.3082586,
              51.743613
            ],
            [
              14.3077631,
              51.7438143
            ],
            [
              14.3071767,
              51.7440525
            ],
            [
              14.3069516,
              51.7441342
            ],
            [
              14.3067309,
              51.7442264
            ],
            [
              14.306497,
              51.7443103
            ],
            [
              14.3062631,
              51.744401
            ],
            [
              14.3060056,
              51.7445082
            ],
            [
              14.3058284,
              51.7445813
            ],
            [
              14.3056146,
              51.7446557
            ],
            [
              14.3053718,
              51.7447491
            ],
            [
              14.3052002,
              51.7448141
            ],
            [
              14.3049218,
              51.7449142
            ],
            [
              14.3045302,
              51.7450301
            ],
            [
              14.3041522,
              51.7451255
            ],
            [
              14.3037366,
              51.7452221
            ],
            [
              14.3037388,
              51.7452207
            ],
            [
              14.3035166,
              51.7452661
            ],
            [
              14.3027923,
              51.7454117
            ],
            [
              14.3022257,
              51.7455266
            ],
            [
              14.3022279,
              51.7455266
            ],
            [
              14.3020035,
              51.7455734
            ],
            [
              14.3016169,
              51.7456508
            ],
            [
              14.3011858,
              51.745739
            ],
            [
              14.3009235,
              51.7457993
            ],
            [
              14.3008079,
              51.7458305
            ],
            [
              14.3007833,
              51.7458106
            ],
            [
              14.3006921,
              51.7457128
            ],
            [
              14.3005283,
              51.745537
            ],
            [
              14.3005281,
              51.7455368
            ],
            [
              14.3004072,
              51.745407
            ],
            [
              14.3000411,
              51.7450144
            ],
            [
              14.2998117,
              51.7447683
            ],
            [
              14.299811,
              51.7447674
            ],
            [
              14.2995974,
              51.7445383
            ],
            [
              14.2993223,
              51.7442431
            ],
            [
              14.2989158,
              51.7438583
            ],
            [
              14.2989072,
              51.7438445
            ],
            [
              14.298868,
              51.7438003
            ],
            [
              14.2987938,
              51.7437311
            ],
            [
              14.2986761,
              51.7436039
            ],
            [
              14.2985219,
              51.7434119
            ],
            [
              14.2982605,
              51.7431039
            ],
            [
              14.2979818,
              51.7428161
            ],
            [
              14.2979841,
              51.7428147
            ],
            [
              14.2978795,
              51.7426986
            ],
            [
              14.2977598,
              51.7425617
            ],
            [
              14.2975856,
              51.7423696
            ],
            [
              14.2974137,
              51.7421761
            ],
            [
              14.2972701,
              51.7420102
            ],
            [
              14.2970738,
              51.7418152
            ],
            [
              14.297076,
              51.7418152
            ],
            [
              14.2969015,
              51.7416395
            ],
            [
              14.2965269,
              51.7412303
            ],
            [
              14.2961847,
              51.7408776
            ],
            [
              14.2960845,
              51.7407698
            ],
            [
              14.2960823,
              51.7407698
            ],
            [
              14.2958927,
              51.7405707
            ],
            [
              14.2956901,
              51.7403577
            ],
            [
              14.2954481,
              51.7401088
            ],
            [
              14.295204,
              51.7398529
            ],
            [
              14.2950254,
              51.7396649
            ],
            [
              14.2948447,
              51.7394644
            ],
            [
              14.2946747,
              51.739286
            ],
            [
              14.2944784,
              51.7390937
            ],
            [
              14.2942583,
              51.7388601
            ],
            [
              14.2942606,
              51.7388601
            ],
            [
              14.2941603,
              51.7387563
            ],
            [
              14.2939686,
              51.7385503
            ],
            [
              14.2937594,
              51.7383305
            ],
            [
              14.2935982,
              51.7381645
            ],
            [
              14.2934413,
              51.7379958
            ],
            [
              14.293352,
              51.7379045
            ],
            [
              14.2931755,
              51.7377151
            ],
            [
              14.2929386,
              51.7374318
            ],
            [
              14.2925402,
              51.7369881
            ],
            [
              14.292538,
              51.736988
            ],
            [
              14.2923265,
              51.7367778
            ],
            [
              14.2919496,
              51.7363795
            ],
            [
              14.2915488,
              51.7359522
            ],
            [
              14.291551,
              51.7359523
            ],
            [
              14.291368,
              51.73576
            ],
            [
              14.2911654,
              51.7355457
            ],
            [
              14.2908518,
              51.7352083
            ],
            [
              14.290645,
              51.734983
            ],
            [
              14.2904533,
              51.7347811
            ],
            [
              14.2902115,
              51.7345252
            ],
            [
              14.2898932,
              51.7342071
            ],
            [
              14.289694,
              51.7340038
            ],
            [
              14.2903374,
              51.7338997
            ],
            [
              14.2854056,
              51.7289396
            ]
          ]
        ]
      }
    },
    {
      "type": "Feature",
      "properties": {
        "name": "Döbbrick",
        "city": "Cottbus",
        "osm_id": 1626002,
        "osm_type": "relation",
        "display": "Döbbrick, Cottbus, Brandenburg, 03054, Deutschland"
      },
      "geometry": {
        "type": "Polygon",
        "coordinates": [
          [
            [
              14.308131,
              51.8519477
            ],
            [
              14.3083163,
              51.8519653
            ],
            [
              14.3085206,
              51.8519906
            ],
            [
              14.3087347,
              51.8520171
            ],
            [
              14.3090153,
              51.852057
            ],
            [
              14.3092118,
              51.8520655
            ],
            [
              14.3092652,
              51.8520005
            ],
            [
              14.3092363,
              51.8513419
            ],
            [
              14.3091825,
              51.8501203
            ],
            [
              14.3094369,
              51.8501151
            ],
            [
              14.3099863,
              51.8500274
            ],
            [
              14.3104086,
              51.8499036
            ],
            [
              14.3115068,
              51.8494701
            ],
            [
              14.3128407,
              51.8489223
            ],
            [
              14.3130655,
              51.8488512
            ],
            [
              14.3138763,
              51.8487271
            ],
            [
              14.3140737,
              51.8486841
            ],
            [
              14.3142397,
              51.8486003
            ],
            [
              14.3145726,
              51.848402
            ],
            [
              14.3150079,
              51.8481252
            ],
            [
              14.3152659,
              51.8479509
            ],
            [
              14.3155405,
              51.8477163
            ],
            [
              14.315888,
              51.8473502
            ],
            [
              14.3160463,
              51.8472425
            ],
            [
              14.316392,
              51.8466182
            ],
            [
              14.3163672,
              51.8464488
            ],
            [
              14.3173654,
              51.8464654
            ],
            [
              14.3176281,
              51.8464698
            ],
            [
              14.3175852,
              51.8463486
            ],
            [
              14.3172793,
              51.8460972
            ],
            [
              14.3173972,
              51.8441662
            ],
            [
              14.317423,
              51.8439915
            ],
            [
              14.3174952,
              51.8435037
            ],
            [
              14.3175158,
              51.8433647
            ],
            [
              14.3175356,
              51.8429668
            ],
            [
              14.3173777,
              51.8428036
            ],
            [
              14.3171422,
              51.8426932
            ],
            [
              14.3170631,
              51.8426639
            ],
            [
              14.3169319,
              51.8426194
            ],
            [
              14.3164823,
              51.8424274
            ],
            [
              14.3160509,
              51.8423243
            ],
            [
              14.315632,
              51.8422084
            ],
            [
              14.3154729,
              51.8421446
            ],
            [
              14.3153071,
              51.8420496
            ],
            [
              14.3151979,
              51.8419429
            ],
            [
              14.3151366,
              51.8418264
            ],
            [
              14.3150371,
              51.8413682
            ],
            [
              14.3149646,
              51.8412654
            ],
            [
              14.3148564,
              51.841198
            ],
            [
              14.3146798,
              51.8409587
            ],
            [
              14.3134735,
              51.8397368
            ],
            [
              14.3144211,
              51.8393231
            ],
            [
              14.3145348,
              51.8393014
            ],
            [
              14.3163382,
              51.8394874
            ],
            [
              14.3169436,
              51.839536
            ],
            [
              14.3170219,
              51.8394825
            ],
            [
              14.3172108,
              51.8393368
            ],
            [
              14.3172271,
              51.8393016
            ],
            [
              14.317425,
              51.8391379
            ],
            [
              14.3177391,
              51.8388592
            ],
            [
              14.3178456,
              51.8387661
            ],
            [
              14.318075,
              51.8385723
            ],
            [
              14.3182574,
              51.8384183
            ],
            [
              14.3187508,
              51.8380016
            ],
            [
              14.3189872,
              51.8378019
            ],
            [
              14.3192765,
              51.8375576
            ],
            [
              14.3196366,
              51.8372534
            ],
            [
              14.3199271,
              51.837008
            ],
            [
              14.3202861,
              51.836703
            ],
            [
              14.3205111,
              51.8365118
            ],
            [
              14.3205861,
              51.8364481
            ],
            [
              14.320787,
              51.8362855
            ],
            [
              14.3209485,
              51.8361547
            ],
            [
              14.3213627,
              51.8358195
            ],
            [
              14.3218475,
              51.8354255
            ],
            [
              14.3226161,
              51.8347992
            ],
            [
              14.3226745,
              51.8347529
            ],
            [
              14.3231324,
              51.8343899
            ],
            [
              14.3233915,
              51.8341846
            ],
            [
              14.3235823,
              51.8340333
            ],
            [
              14.3236004,
              51.8340181
            ],
            [
              14.3237706,
              51.8338731
            ],
            [
              14.3239761,
              51.8336981
            ],
            [
              14.324037,
              51.8336463
            ],
            [
              14.3241166,
              51.8335784
            ],
            [
              14.3242048,
              51.8335036
            ],
            [
              14.3242861,
              51.8334358
            ],
            [
              14.3243653,
              51.8333703
            ],
            [
              14.3245122,
              51.8332489
            ],
            [
              14.3247335,
              51.8330664
            ],
            [
              14.3248308,
              51.832986
            ],
            [
              14.3250289,
              51.8328234
            ],
            [
              14.3251898,
              51.8326911
            ],
            [
              14.3252969,
              51.8326029
            ],
            [
              14.3255928,
              51.8323596
            ],
            [
              14.3258696,
              51.8321319
            ],
            [
              14.3262975,
              51.8317807
            ],
            [
              14.3264638,
              51.8316443
            ],
            [
              14.3265185,
              51.8315998
            ],
            [
              14.3265486,
              51.831575
            ],
            [
              14.3270321,
              51.8311808
            ],
            [
              14.3273702,
              51.8309053
            ],
            [
              14.3274033,
              51.8308775
            ],
            [
              14.3274866,
              51.8308073
            ],
            [
              14.3276228,
              51.83069
            ],
            [
              14.3280877,
              51.8302779
            ],
            [
              14.3281794,
              51.8301942
            ],
            [
              14.3282471,
              51.8301312
            ],
            [
              14.328266,
              51.830114
            ],
            [
              14.3283623,
              51.8300285
            ],
            [
              14.3284873,
              51.829917
            ],
            [
              14.3286688,
              51.8297532
            ],
            [
              14.3290287,
              51.8294322
            ],
            [
              14.3292563,
              51.8292264
            ],
            [
              14.3298953,
              51.8286453
            ],
            [
              14.3299616,
              51.828585
            ],
            [
              14.330009,
              51.8285419
            ],
            [
              14.3302221,
              51.8283755
            ],
            [
              14.3306133,
              51.8280627
            ],
            [
              14.3306519,
              51.8279971
            ],
            [
              14.3312647,
              51.8274739
            ],
            [
              14.3311824,
              51.8274643
            ],
            [
              14.330944,
              51.8274342
            ],
            [
              14.3309226,
              51.8273944
            ],
            [
              14.3309759,
              51.8273134
            ],
            [
              14.3310518,
              51.8272581
            ],
            [
              14.3311771,
              51.827169
            ],
            [
              14.3314343,
              51.8270066
            ],
            [
              14.331524,
              51.8269306
            ],
            [
              14.3318558,
              51.8267736
            ],
            [
              14.3319304,
              51.8267389
            ],
            [
              14.3320835,
              51.8266697
            ],
            [
              14.332177,
              51.8266233
            ],
            [
              14.3323655,
              51.8264934
            ],
            [
              14.3326987,
              51.8261912
            ],
            [
              14.3331296,
              51.8256779
            ],
            [
              14.333206,
              51.8255869
            ],
            [
              14.333287,
              51.8254904
            ],
            [
              14.3333662,
              51.8253922
            ],
            [
              14.3335784,
              51.8251314
            ],
            [
              14.3339148,
              51.8247267
            ],
            [
              14.3339382,
              51.8246997
            ],
            [
              14.3342308,
              51.8243255
            ],
            [
              14.3344054,
              51.8241016
            ],
            [
              14.3345779,
              51.8238473
            ],
            [
              14.3346595,
              51.8237268
            ],
            [
              14.3349101,
              51.8233536
            ],
            [
              14.3350289,
              51.8231798
            ],
            [
              14.3350726,
              51.8230895
            ],
            [
              14.3351951,
              51.822841
            ],
            [
              14.335173,
              51.8228029
            ],
            [
              14.3351303,
              51.8227884
            ],
            [
              14.3348877,
              51.8227245
            ],
            [
              14.3349882,
              51.8225896
            ],
            [
              14.3350176,
              51.8225081
            ],
            [
              14.3350106,
              51.8224421
            ],
            [
              14.3348787,
              51.8222387
            ],
            [
              14.334831,
              51.8221651
            ],
            [
              14.3347812,
              51.821967
            ],
            [
              14.3347475,
              51.8218878
            ],
            [
              14.3346883,
              51.8217514
            ],
            [
              14.3345941,
              51.8215401
            ],
            [
              14.3345988,
              51.8214951
            ],
            [
              14.3346232,
              51.821251
            ],
            [
              14.3348859,
              51.8209789
            ],
            [
              14.3352105,
              51.8206579
            ],
            [
              14.3353321,
              51.8205379
            ],
            [
              14.3354145,
              51.820454
            ],
            [
              14.3355364,
              51.820332
            ],
            [
              14.3356546,
              51.82012
            ],
            [
              14.3357225,
              51.8199238
            ],
            [
              14.3356752,
              51.8196426
            ],
            [
              14.3355833,
              51.8191028
            ],
            [
              14.3355701,
              51.8190205
            ],
            [
              14.3356205,
              51.8189696
            ],
            [
              14.3357445,
              51.8188463
            ],
            [
              14.3357593,
              51.818831
            ],
            [
              14.3358551,
              51.818728
            ],
            [
              14.3359245,
              51.8186536
            ],
            [
              14.3359603,
              51.8186275
            ],
            [
              14.3362571,
              51.8184037
            ],
            [
              14.3363923,
              51.8183263
            ],
            [
              14.336588,
              51.8182483
            ],
            [
              14.3368459,
              51.8181729
            ],
            [
              14.3371282,
              51.8181195
            ],
            [
              14.3373347,
              51.8181021
            ],
            [
              14.3374137,
              51.8180955
            ],
            [
              14.3377112,
              51.8180716
            ],
            [
              14.3377886,
              51.8180653
            ],
            [
              14.3378013,
              51.8178865
            ],
            [
              14.3378059,
              51.8177791
            ],
            [
              14.3377349,
              51.8177526
            ],
            [
              14.3373209,
              51.8175974
            ],
            [
              14.3359897,
              51.8170977
            ],
            [
              14.3357619,
              51.8170123
            ],
            [
              14.33536,
              51.8168613
            ],
            [
              14.3352722,
              51.8168188
            ],
            [
              14.3350514,
              51.8167121
            ],
            [
              14.3347673,
              51.8165749
            ],
            [
              14.3346046,
              51.8164965
            ],
            [
              14.3343727,
              51.8163845
            ],
            [
              14.3341324,
              51.8162685
            ],
            [
              14.3337547,
              51.8160861
            ],
            [
              14.3333739,
              51.8159009
            ],
            [
              14.3334769,
              51.8158246
            ],
            [
              14.3333675,
              51.8157737
            ],
            [
              14.3330129,
              51.8156326
            ],
            [
              14.3322552,
              51.8153353
            ],
            [
              14.3322246,
              51.8153233
            ],
            [
              14.3320799,
              51.8152662
            ],
            [
              14.3317922,
              51.8151528
            ],
            [
              14.3305801,
              51.8146751
            ],
            [
              14.3304516,
              51.8146244
            ],
            [
              14.3302383,
              51.8145403
            ],
            [
              14.3299559,
              51.814429
            ],
            [
              14.3295357,
              51.8142634
            ],
            [
              14.3294536,
              51.814231
            ],
            [
              14.3296399,
              51.8140536
            ],
            [
              14.3298659,
              51.8139942
            ],
            [
              14.3301678,
              51.8139148
            ],
            [
              14.3303031,
              51.8138778
            ],
            [
              14.3307343,
              51.8137661
            ],
            [
              14.3313546,
              51.8136032
            ],
            [
              14.3320584,
              51.8134184
            ],
            [
              14.3330119,
              51.8131651
            ],
            [
              14.333145,
              51.8131297
            ],
            [
              14.3335743,
              51.8130216
            ],
            [
              14.3341252,
              51.8128826
            ],
            [
              14.3343995,
              51.8128063
            ],
            [
              14.3347033,
              51.8127257
            ],
            [
              14.3355927,
              51.8124842
            ],
            [
              14.335986,
              51.8123782
            ],
            [
              14.3365239,
              51.8122332
            ],
            [
              14.3369143,
              51.8121279
            ],
            [
              14.3370967,
              51.8120423
            ],
            [
              14.3375861,
              51.8117864
            ],
            [
              14.3375899,
              51.8116931
            ],
            [
              14.3375898,
              51.8116449
            ],
            [
              14.3377527,
              51.8116013
            ],
            [
              14.337752,
              51.8115665
            ],
            [
              14.3377474,
              51.8112971
            ],
            [
              14.3377447,
              51.8111968
            ],
            [
              14.3377387,
              51.8108894
            ],
            [
              14.3377336,
              51.8106258
            ],
            [
              14.3377313,
              51.8105698
            ],
            [
              14.3377228,
              51.8101551
            ],
            [
              14.3377189,
              51.8099584
            ],
            [
              14.3375607,
              51.8096987
            ],
            [
              14.3373559,
              51.8093734
            ],
            [
              14.3375654,
              51.8092744
            ],
            [
              14.3379233,
              51.8091052
            ],
            [
              14.3387326,
              51.8087249
            ],
            [
              14.3395507,
              51.8083404
            ],
            [
              14.3406771,
              51.8078076
            ],
            [
              14.3407032,
              51.8077953
            ],
            [
              14.3409826,
              51.8076636
            ],
            [
              14.3411233,
              51.8075973
            ],
            [
              14.3412843,
              51.8075214
            ],
            [
              14.3413356,
              51.8074972
            ],
            [
              14.3415988,
              51.8073731
            ],
            [
              14.3416803,
              51.8073301
            ],
            [
              14.3420473,
              51.807427
            ],
            [
              14.3426717,
              51.8075846
            ],
            [
              14.343581,
              51.8080361
            ],
            [
              14.3438114,
              51.8081511
            ],
            [
              14.3443534,
              51.8083983
            ],
            [
              14.3442364,
              51.8086464
            ],
            [
              14.3453207,
              51.808947
            ],
            [
              14.3453486,
              51.8089573
            ],
            [
              14.3452885,
              51.8090698
            ],
            [
              14.3464486,
              51.8094639
            ],
            [
              14.3474598,
              51.8097747
            ],
            [
              14.3475945,
              51.8095685
            ],
            [
              14.3492524,
              51.8102583
            ],
            [
              14.3496329,
              51.8102628
            ],
            [
              14.3498968,
              51.8102925
            ],
            [
              14.3501008,
              51.8102637
            ],
            [
              14.350806,
              51.8102792
            ],
            [
              14.3509383,
              51.8102594
            ],
            [
              14.3513393,
              51.810252
            ],
            [
              14.3518315,
              51.8102021
            ],
            [
              14.3520668,
              51.8101672
            ],
            [
              14.3530164,
              51.8100665
            ],
            [
              14.3537574,
              51.8100456
            ],
            [
              14.3537717,
              51.810008
            ],
            [
              14.3539322,
              51.8099996
            ],
            [
              14.3540927,
              51.8099787
            ],
            [
              14.3543264,
              51.8099302
            ],
            [
              14.3547191,
              51.8098087
            ],
            [
              14.3551925,
              51.8097174
            ],
            [
              14.3554499,
              51.8096669
            ],
            [
              14.3554668,
              51.8096599
            ],
            [
              14.3555227,
              51.8096927
            ],
            [
              14.3555838,
              51.8097339
            ],
            [
              14.3556807,
              51.8097865
            ],
            [
              14.355838,
              51.8098502
            ],
            [
              14.3560282,
              51.8099161
            ],
            [
              14.3561562,
              51.8099874
            ],
            [
              14.3559105,
              51.8102753
            ],
            [
              14.3557197,
              51.8107759
            ],
            [
              14.3554177,
              51.8112122
            ],
            [
              14.3557413,
              51.8112829
            ],
            [
              14.3554878,
              51.8116591
            ],
            [
              14.3551284,
              51.8121077
            ],
            [
              14.3549086,
              51.8123056
            ],
            [
              14.3546009,
              51.8125578
            ],
            [
              14.3544686,
              51.812668
            ],
            [
              14.3543266,
              51.8127954
            ],
            [
              14.3540327,
              51.8130354
            ],
            [
              14.3535225,
              51.8133682
            ],
            [
              14.3533213,
              51.8135421
            ],
            [
              14.3532232,
              51.8136536
            ],
            [
              14.3531166,
              51.8137491
            ],
            [
              14.3528827,
              51.8139101
            ],
            [
              14.3526124,
              51.8140695
            ],
            [
              14.352456,
              51.8141826
            ],
            [
              14.3523181,
              51.8142902
            ],
            [
              14.3521963,
              51.8144567
            ],
            [
              14.3525332,
              51.8153209
            ],
            [
              14.3528597,
              51.8154638
            ],
            [
              14.3530206,
              51.8155228
            ],
            [
              14.3535712,
              51.8157687
            ],
            [
              14.3532507,
              51.8160638
            ],
            [
              14.353204,
              51.8162021
            ],
            [
              14.3531838,
              51.8164029
            ],
            [
              14.3532364,
              51.8165243
            ],
            [
              14.3531069,
              51.8167528
            ],
            [
              14.3528848,
              51.8171702
            ],
            [
              14.3528044,
              51.8174478
            ],
            [
              14.3528002,
              51.8177207
            ],
            [
              14.352955,
              51.8179809
            ],
            [
              14.3535203,
              51.8186574
            ],
            [
              14.3537774,
              51.8189718
            ],
            [
              14.3541495,
              51.8194209
            ],
            [
              14.3542946,
              51.8197097
            ],
            [
              14.3544459,
              51.8200589
            ],
            [
              14.3544323,
              51.8204031
            ],
            [
              14.3544443,
              51.820561
            ],
            [
              14.3545151,
              51.8207224
            ],
            [
              14.3545431,
              51.820789
            ],
            [
              14.3546045,
              51.8209671
            ],
            [
              14.3546615,
              51.8211298
            ],
            [
              14.3546643,
              51.8212734
            ],
            [
              14.3546288,
              51.821475
            ],
            [
              14.3546256,
              51.8216581
            ],
            [
              14.3546798,
              51.821828
            ],
            [
              14.3661478,
              51.8248114
            ],
            [
              14.3659836,
              51.8250345
            ],
            [
              14.3658715,
              51.8251442
            ],
            [
              14.3658241,
              51.8252397
            ],
            [
              14.3657671,
              51.8254768
            ],
            [
              14.365916,
              51.8258754
            ],
            [
              14.3658757,
              51.8260788
            ],
            [
              14.3658555,
              51.8261596
            ],
            [
              14.3658019,
              51.8262436
            ],
            [
              14.3657761,
              51.8263374
            ],
            [
              14.3657803,
              51.8265146
            ],
            [
              14.3657682,
              51.8265563
            ],
            [
              14.372802,
              51.8277355
            ],
            [
              14.3727978,
              51.827779
            ],
            [
              14.3728497,
              51.8277871
            ],
            [
              14.3724614,
              51.8281571
            ],
            [
              14.3723997,
              51.8283038
            ],
            [
              14.3723488,
              51.8283808
            ],
            [
              14.3722227,
              51.8288897
            ],
            [
              14.3721798,
              51.8291152
            ],
            [
              14.3721409,
              51.8292304
            ],
            [
              14.3720048,
              51.8297447
            ],
            [
              14.3719625,
              51.8298056
            ],
            [
              14.3717761,
              51.8299871
            ],
            [
              14.3716362,
              51.8301412
            ],
            [
              14.3713912,
              51.8303277
            ],
            [
              14.3712343,
              51.8304827
            ],
            [
              14.3710915,
              51.8305594
            ],
            [
              14.3709862,
              51.8306642
            ],
            [
              14.3709219,
              51.8307033
            ],
            [
              14.3710342,
              51.8307298
            ],
            [
              14.3711805,
              51.830894
            ],
            [
              14.3746126,
              51.8339262
            ],
            [
              14.3775544,
              51.8365649
            ],
            [
              14.3776515,
              51.8367139
            ],
            [
              14.3774611,
              51.8367106
            ],
            [
              14.3778929,
              51.8383298
            ],
            [
              14.3781899,
              51.8394985
            ],
            [
              14.3783394,
              51.8400676
            ],
            [
              14.3785293,
              51.8408049
            ],
            [
              14.378567,
              51.8409021
            ],
            [
              14.3785796,
              51.8410415
            ],
            [
              14.3785684,
              51.8412152
            ],
            [
              14.3784693,
              51.8414448
            ],
            [
              14.3781068,
              51.841851
            ],
            [
              14.3821073,
              51.8417311
            ],
            [
              14.3825304,
              51.8416675
            ],
            [
              14.3825318,
              51.8417818
            ],
            [
              14.3830548,
              51.8417147
            ],
            [
              14.3835001,
              51.8415987
            ],
            [
              14.3837182,
              51.8415365
            ],
            [
              14.3848398,
              51.8407262
            ],
            [
              14.3856425,
              51.8401536
            ],
            [
              14.3856592,
              51.8401325
            ],
            [
              14.3858135,
              51.8400157
            ],
            [
              14.3860466,
              51.8398525
            ],
            [
              14.386128,
              51.8400673
            ],
            [
              14.3871884,
              51.8443473
            ],
            [
              14.3872186,
              51.8443897
            ],
            [
              14.3881752,
              51.8444071
            ],
            [
              14.3883609,
              51.8444162
            ],
            [
              14.3883757,
              51.844484
            ],
            [
              14.3881936,
              51.8444709
            ],
            [
              14.3882043,
              51.8445372
            ],
            [
              14.3881613,
              51.8445391
            ],
            [
              14.3881799,
              51.8445944
            ],
            [
              14.3882328,
              51.844734
            ],
            [
              14.3882704,
              51.8447696
            ],
            [
              14.3883622,
              51.8448901
            ],
            [
              14.3885956,
              51.84513
            ],
            [
              14.3886475,
              51.8451642
            ],
            [
              14.388902,
              51.84627
            ],
            [
              14.388957,
              51.8464589
            ],
            [
              14.3889983,
              51.8467048
            ],
            [
              14.3890616,
              51.8468773
            ],
            [
              14.3894771,
              51.8486875
            ],
            [
              14.3905288,
              51.8485947
            ],
            [
              14.3910654,
              51.8485409
            ],
            [
              14.3915185,
              51.8504626
            ],
            [
              14.3922709,
              51.8503953
            ],
            [
              14.392637,
              51.8503618
            ],
            [
              14.3929917,
              51.8503249
            ],
            [
              14.3934893,
              51.8502773
            ],
            [
              14.3935881,
              51.8503472
            ],
            [
              14.3934779,
              51.8503742
            ],
            [
              14.3938694,
              51.8521383
            ],
            [
              14.3935995,
              51.8521689
            ],
            [
              14.3936963,
              51.8524692
            ],
            [
              14.3937445,
              51.8525255
            ],
            [
              14.3927034,
              51.85268
            ],
            [
              14.3914558,
              51.8528082
            ],
            [
              14.3913522,
              51.8528321
            ],
            [
              14.3909231,
              51.8528934
            ],
            [
              14.3903115,
              51.853016
            ],
            [
              14.3898818,
              51.8530725
            ],
            [
              14.3893135,
              51.8531184
            ],
            [
              14.3888691,
              51.8531865
            ],
            [
              14.3886452,
              51.8532435
            ],
            [
              14.3883683,
              51.8532775
            ],
            [
              14.3879205,
              51.8532886
            ],
            [
              14.386658,
              51.8534346
            ],
            [
              14.386245,
              51.8535222
            ],
            [
              14.3860402,
              51.8535284
            ],
            [
              14.3855823,
              51.853575
            ],
            [
              14.3854405,
              51.8535757
            ],
            [
              14.3852785,
              51.8535882
            ],
            [
              14.3851547,
              51.8536081
            ],
            [
              14.3845683,
              51.8536705
            ],
            [
              14.3840082,
              51.8537452
            ],
            [
              14.3837226,
              51.8537978
            ],
            [
              14.3832897,
              51.853841
            ],
            [
              14.3832213,
              51.8538592
            ],
            [
              14.3830606,
              51.8538563
            ],
            [
              14.3816923,
              51.8540348
            ],
            [
              14.3815347,
              51.8540279
            ],
            [
              14.3808866,
              51.854089
            ],
            [
              14.3796027,
              51.8542875
            ],
            [
              14.3788769,
              51.8543442
            ],
            [
              14.3785571,
              51.8543631
            ],
            [
              14.3781449,
              51.854403
            ],
            [
              14.3771386,
              51.8544182
            ],
            [
              14.3764332,
              51.8544281
            ],
            [
              14.3761964,
              51.8543773
            ],
            [
              14.3760279,
              51.8543319
            ],
            [
              14.3753322,
              51.8539017
            ],
            [
              14.3749433,
              51.8536272
            ],
            [
              14.3746973,
              51.8533821
            ],
            [
              14.3745955,
              51.8532824
            ],
            [
              14.3744356,
              51.8532101
            ],
            [
              14.3743353,
              51.8531816
            ],
            [
              14.3741141,
              51.8531631
            ],
            [
              14.3738834,
              51.8531187
            ],
            [
              14.3733718,
              51.8530774
            ],
            [
              14.3730121,
              51.8530366
            ],
            [
              14.3726537,
              51.8530249
            ],
            [
              14.3721154,
              51.8530961
            ],
            [
              14.3720026,
              51.8531235
            ],
            [
              14.371463,
              51.8532091
            ],
            [
              14.3711517,
              51.8532317
            ],
            [
              14.3705629,
              51.8532304
            ],
            [
              14.3698605,
              51.853245
            ],
            [
              14.3695614,
              51.8532489
            ],
            [
              14.3690848,
              51.8532165
            ],
            [
              14.3687932,
              51.8532289
            ],
            [
              14.3682589,
              51.8532951
            ],
            [
              14.3679828,
              51.8533128
            ],
            [
              14.3677194,
              51.8533634
            ],
            [
              14.367425,
              51.8533841
            ],
            [
              14.3668248,
              51.8533773
            ],
            [
              14.3666779,
              51.8534367
            ],
            [
              14.366525,
              51.8536054
            ],
            [
              14.3659894,
              51.8538729
            ],
            [
              14.3653801,
              51.8541203
            ],
            [
              14.3650625,
              51.8541829
            ],
            [
              14.3648516,
              51.8541692
            ],
            [
              14.3646362,
              51.8540779
            ],
            [
              14.3643965,
              51.8539107
            ],
            [
              14.3642055,
              51.853838
            ],
            [
              14.3639475,
              51.8537788
            ],
            [
              14.3634761,
              51.8536118
            ],
            [
              14.3633438,
              51.8536022
            ],
            [
              14.3632351,
              51.8536069
            ],
            [
              14.3629145,
              51.853717
            ],
            [
              14.3627147,
              51.8537527
            ],
            [
              14.3625888,
              51.8536988
            ],
            [
              14.3623333,
              51.8535575
            ],
            [
              14.3621966,
              51.8535221
            ],
            [
              14.3615703,
              51.8534301
            ],
            [
              14.3609434,
              51.8531205
            ],
            [
              14.3607579,
              51.8530744
            ],
            [
              14.3600573,
              51.853101
            ],
            [
              14.3594977,
              51.8531502
            ],
            [
              14.359111,
              51.8531994
            ],
            [
              14.3587713,
              51.8532619
            ],
            [
              14.3582373,
              51.8533049
            ],
            [
              14.3577253,
              51.8533285
            ],
            [
              14.3572488,
              51.8533656
            ],
            [
              14.3569803,
              51.8533742
            ],
            [
              14.3563861,
              51.8533662
            ],
            [
              14.3556146,
              51.8532963
            ],
            [
              14.3551006,
              51.8532356
            ],
            [
              14.3550099,
              51.8531982
            ],
            [
              14.354787,
              51.8531945
            ],
            [
              14.3543912,
              51.8531103
            ],
            [
              14.3540841,
              51.8530308
            ],
            [
              14.3538577,
              51.8529919
            ],
            [
              14.352983,
              51.8529314
            ],
            [
              14.3524644,
              51.8529039
            ],
            [
              14.3520977,
              51.8528504
            ],
            [
              14.3516224,
              51.8528338
            ],
            [
              14.3510734,
              51.8531188
            ],
            [
              14.350197,
              51.8531593
            ],
            [
              14.3500369,
              51.8531777
            ],
            [
              14.3493631,
              51.853263
            ],
            [
              14.3490209,
              51.8532324
            ],
            [
              14.348921,
              51.8531584
            ],
            [
              14.3486723,
              51.85287
            ],
            [
              14.3484853,
              51.8527611
            ],
            [
              14.3482692,
              51.8526854
            ],
            [
              14.3480481,
              51.8525816
            ],
            [
              14.3477073,
              51.8525318
            ],
            [
              14.3474508,
              51.8525348
            ],
            [
              14.3473219,
              51.8525199
            ],
            [
              14.3470934,
              51.852453
            ],
            [
              14.3469478,
              51.8522683
            ],
            [
              14.3468175,
              51.8521875
            ],
            [
              14.3466134,
              51.8521637
            ],
            [
              14.3464278,
              51.852197
            ],
            [
              14.3460215,
              51.8521699
            ],
            [
              14.3458015,
              51.8520801
            ],
            [
              14.3453392,
              51.8519356
            ],
            [
              14.3450824,
              51.8518673
            ],
            [
              14.344826,
              51.8518473
            ],
            [
              14.3445319,
              51.8517535
            ],
            [
              14.344359,
              51.8517277
            ],
            [
              14.3438225,
              51.8516412
            ],
            [
              14.3413863,
              51.8510942
            ],
            [
              14.3409853,
              51.8509578
            ],
            [
              14.3409431,
              51.8509317
            ],
            [
              14.3401857,
              51.8506986
            ],
            [
              14.3398935,
              51.8506244
            ],
            [
              14.3390982,
              51.8504333
            ],
            [
              14.3379156,
              51.8501383
            ],
            [
              14.3367806,
              51.8498595
            ],
            [
              14.3365247,
              51.8498249
            ],
            [
              14.3364944,
              51.8498842
            ],
            [
              14.3361863,
              51.8498042
            ],
            [
              14.3356459,
              51.8497582
            ],
            [
              14.3354805,
              51.849785
            ],
            [
              14.3352951,
              51.8498043
            ],
            [
              14.3347835,
              51.8499177
            ],
            [
              14.3344401,
              51.8499697
            ],
            [
              14.3341753,
              51.8500213
            ],
            [
              14.3342314,
              51.8502168
            ],
            [
              14.3345491,
              51.8511405
            ],
            [
              14.334826,
              51.8518179
            ],
            [
              14.3347238,
              51.8518364
            ],
            [
              14.3347959,
              51.8520342
            ],
            [
              14.3349557,
              51.8522413
            ],
            [
              14.3350954,
              51.8524254
            ],
            [
              14.3352758,
              51.8526171
            ],
            [
              14.3362446,
              51.8536095
            ],
            [
              14.3345688,
              51.8539877
            ],
            [
              14.3337051,
              51.8541822
            ],
            [
              14.3293959,
              51.8551233
            ],
            [
              14.329412,
              51.8551664
            ],
            [
              14.3260565,
              51.8558887
            ],
            [
              14.3257311,
              51.8559823
            ],
            [
              14.3253967,
              51.8561206
            ],
            [
              14.3250427,
              51.8562946
            ],
            [
              14.3233289,
              51.8572757
            ],
            [
              14.3232468,
              51.8570358
            ],
            [
              14.319705,
              51.8573545
            ],
            [
              14.3196862,
              51.8572867
            ],
            [
              14.3196173,
              51.8570385
            ],
            [
              14.3196104,
              51.8570166
            ],
            [
              14.3194891,
              51.8570319
            ],
            [
              14.3195199,
              51.8571404
            ],
            [
              14.3194431,
              51.8571278
            ],
            [
              14.3193124,
              51.8571415
            ],
            [
              14.3187959,
              51.8571956
            ],
            [
              14.3185732,
              51.857219
            ],
            [
              14.3179053,
              51.857289
            ],
            [
              14.3173472,
              51.8573434
            ],
            [
              14.3172796,
              51.85735
            ],
            [
              14.3169241,
              51.8573846
            ],
            [
              14.3166318,
              51.8574157
            ],
            [
              14.3164126,
              51.8574394
            ],
            [
              14.3162583,
              51.8574557
            ],
            [
              14.3160731,
              51.8574752
            ],
            [
              14.3157551,
              51.8575091
            ],
            [
              14.3154784,
              51.8575386
            ],
            [
              14.3154759,
              51.8575358
            ],
            [
              14.3154467,
              51.8574551
            ],
            [
              14.3151245,
              51.8564212
            ],
            [
              14.3151089,
              51.8563686
            ],
            [
              14.3150912,
              51.8563085
            ],
            [
              14.3149988,
              51.8563133
            ],
            [
              14.3148259,
              51.8563229
            ],
            [
              14.3141267,
              51.856359
            ],
            [
              14.3140868,
              51.8562746
            ],
            [
              14.314007,
              51.8562074
            ],
            [
              14.3136219,
              51.8558723
            ],
            [
              14.3132469,
              51.8555441
            ],
            [
              14.3131089,
              51.8554233
            ],
            [
              14.3129226,
              51.8552616
            ],
            [
              14.312373,
              51.8547845
            ],
            [
              14.3119238,
              51.8543952
            ],
            [
              14.3112018,
              51.8537692
            ],
            [
              14.311054,
              51.8536404
            ],
            [
              14.3101792,
              51.8528822
            ],
            [
              14.3100491,
              51.8527717
            ],
            [
              14.3100135,
              51.8528204
            ],
            [
              14.3094599,
              51.8528562
            ],
            [
              14.3082892,
              51.8528993
            ],
            [
              14.3081643,
              51.8521479
            ],
            [
              14.3081617,
              51.8521331
            ],
            [
              14.308137,
              51.851984
            ],
            [
              14.308131,
              51.8519477
            ]
          ]
        ]
      }
    },
    {
      "type": "Feature",
      "properties": {
        "name": "Skadow",
        "city": "Cottbus",
        "osm_id": 1626125,
        "osm_type": "relation",
        "display": "Skadow, Cottbus, Brandenburg, Deutschland"
      },
      "geometry": {
        "type": "Polygon",
        "coordinates": [
          [
            [
              14.3317711,
              51.79621
            ],
            [
              14.3317878,
              51.7961436
            ],
            [
              14.3317924,
              51.7961257
            ],
            [
              14.331846,
              51.7959123
            ],
            [
              14.3318522,
              51.7958989
            ],
            [
              14.3319661,
              51.795651
            ],
            [
              14.3325047,
              51.7957925
            ],
            [
              14.3326209,
              51.7956525
            ],
            [
              14.3330118,
              51.7957255
            ],
            [
              14.3342189,
              51.7959552
            ],
            [
              14.3344939,
              51.7960088
            ],
            [
              14.3348392,
              51.7960762
            ],
            [
              14.3352127,
              51.7961491
            ],
            [
              14.335531,
              51.7962112
            ],
            [
              14.3357769,
              51.7962591
            ],
            [
              14.3364302,
              51.7963867
            ],
            [
              14.3368726,
              51.7964737
            ],
            [
              14.3372165,
              51.7965403
            ],
            [
              14.3375369,
              51.7966029
            ],
            [
              14.3376261,
              51.7966204
            ],
            [
              14.3376951,
              51.7966338
            ],
            [
              14.3377709,
              51.7964324
            ],
            [
              14.3379043,
              51.7964454
            ],
            [
              14.3379243,
              51.7964473
            ],
            [
              14.3380874,
              51.7964631
            ],
            [
              14.3380716,
              51.7962746
            ],
            [
              14.3381847,
              51.7962905
            ],
            [
              14.3384946,
              51.7963384
            ],
            [
              14.3394711,
              51.7964714
            ],
            [
              14.3399539,
              51.7965687
            ],
            [
              14.340211,
              51.7966205
            ],
            [
              14.3403383,
              51.7963352
            ],
            [
              14.3413012,
              51.7965059
            ],
            [
              14.3417308,
              51.7965888
            ],
            [
              14.3417811,
              51.7965168
            ],
            [
              14.3421051,
              51.7965844
            ],
            [
              14.3421671,
              51.7964788
            ],
            [
              14.3426885,
              51.7965378
            ],
            [
              14.3427481,
              51.7964622
            ],
            [
              14.3429607,
              51.7965197
            ],
            [
              14.3430367,
              51.7964067
            ],
            [
              14.3441114,
              51.7966028
            ],
            [
              14.3448267,
              51.7967332
            ],
            [
              14.3455983,
              51.796874
            ],
            [
              14.3456707,
              51.7968872
            ],
            [
              14.3459961,
              51.7969405
            ],
            [
              14.3461509,
              51.7969659
            ],
            [
              14.3464735,
              51.7970188
            ],
            [
              14.3464987,
              51.7970245
            ],
            [
              14.3467148,
              51.7970735
            ],
            [
              14.3467909,
              51.7970938
            ],
            [
              14.3472078,
              51.7971928
            ],
            [
              14.3472689,
              51.7972073
            ],
            [
              14.3474116,
              51.7972318
            ],
            [
              14.3476075,
              51.7972654
            ],
            [
              14.3477141,
              51.7972837
            ],
            [
              14.3483161,
              51.797387
            ],
            [
              14.348501,
              51.7974188
            ],
            [
              14.3494656,
              51.7975771
            ],
            [
              14.3500219,
              51.7977812
            ],
            [
              14.3500766,
              51.7977607
            ],
            [
              14.3502508,
              51.79763
            ],
            [
              14.3507605,
              51.797708
            ],
            [
              14.3511055,
              51.7977609
            ],
            [
              14.3513113,
              51.7977924
            ],
            [
              14.3514431,
              51.7978128
            ],
            [
              14.3514378,
              51.7978295
            ],
            [
              14.3513848,
              51.797997
            ],
            [
              14.3513165,
              51.7984151
            ],
            [
              14.3513029,
              51.7985871
            ],
            [
              14.3512667,
              51.7988062
            ],
            [
              14.351236,
              51.7989734
            ],
            [
              14.3512037,
              51.799113
            ],
            [
              14.3511944,
              51.7993409
            ],
            [
              14.3512298,
              51.7993783
            ],
            [
              14.3513893,
              51.7994567
            ],
            [
              14.3517831,
              51.7996502
            ],
            [
              14.3519822,
              51.7997386
            ],
            [
              14.3524475,
              51.7999584
            ],
            [
              14.3524852,
              51.799975
            ],
            [
              14.3530654,
              51.8001919
            ],
            [
              14.3533809,
              51.8003098
            ],
            [
              14.3539459,
              51.8004972
            ],
            [
              14.3542139,
              51.8005862
            ],
            [
              14.3546045,
              51.8007048
            ],
            [
              14.3551741,
              51.8008503
            ],
            [
              14.3554093,
              51.8008847
            ],
            [
              14.3554364,
              51.8008888
            ],
            [
              14.3555091,
              51.8009384
            ],
            [
              14.3562896,
              51.8010321
            ],
            [
              14.3563948,
              51.8010448
            ],
            [
              14.3570886,
              51.8011281
            ],
            [
              14.3581818,
              51.8012593
            ],
            [
              14.358478,
              51.8012949
            ],
            [
              14.3585969,
              51.8013092
            ],
            [
              14.3586487,
              51.8013142
            ],
            [
              14.3588261,
              51.8013313
            ],
            [
              14.3590295,
              51.801351
            ],
            [
              14.3594819,
              51.8013948
            ],
            [
              14.359684,
              51.8014143
            ],
            [
              14.3602127,
              51.8014654
            ],
            [
              14.360426,
              51.8014861
            ],
            [
              14.3608554,
              51.8015276
            ],
            [
              14.3610108,
              51.8015426
            ],
            [
              14.3610985,
              51.8015525
            ],
            [
              14.3612096,
              51.8015651
            ],
            [
              14.3618525,
              51.8016378
            ],
            [
              14.3620122,
              51.8016559
            ],
            [
              14.3620711,
              51.8016625
            ],
            [
              14.362302,
              51.8016961
            ],
            [
              14.3624213,
              51.8017135
            ],
            [
              14.3627268,
              51.8017579
            ],
            [
              14.3627594,
              51.8017626
            ],
            [
              14.3630775,
              51.8018089
            ],
            [
              14.363762,
              51.8019084
            ],
            [
              14.3641766,
              51.8019687
            ],
            [
              14.36539,
              51.8021452
            ],
            [
              14.3657551,
              51.8021983
            ],
            [
              14.3663053,
              51.8022783
            ],
            [
              14.3670527,
              51.802387
            ],
            [
              14.3671025,
              51.8023942
            ],
            [
              14.3671568,
              51.8024021
            ],
            [
              14.3671637,
              51.8023903
            ],
            [
              14.3671957,
              51.8023953
            ],
            [
              14.3672442,
              51.8024029
            ],
            [
              14.3673174,
              51.8024143
            ],
            [
              14.3675182,
              51.8021152
            ],
            [
              14.3681016,
              51.8020587
            ],
            [
              14.3682592,
              51.8020461
            ],
            [
              14.3684925,
              51.8020276
            ],
            [
              14.3688622,
              51.8019981
            ],
            [
              14.3691166,
              51.8019779
            ],
            [
              14.3691836,
              51.8019726
            ],
            [
              14.3693946,
              51.8019557
            ],
            [
              14.3694623,
              51.801931
            ],
            [
              14.3697419,
              51.8018285
            ],
            [
              14.3697449,
              51.8019069
            ],
            [
              14.3697916,
              51.8019028
            ],
            [
              14.3697464,
              51.8019464
            ],
            [
              14.369747,
              51.8019621
            ],
            [
              14.3696043,
              51.8020837
            ],
            [
              14.3694651,
              51.8021991
            ],
            [
              14.3693412,
              51.8023183
            ],
            [
              14.3692153,
              51.8024946
            ],
            [
              14.3690149,
              51.8026533
            ],
            [
              14.3689781,
              51.8026904
            ],
            [
              14.3688886,
              51.8027476
            ],
            [
              14.3683098,
              51.8031173
            ],
            [
              14.3681506,
              51.8032136
            ],
            [
              14.3679783,
              51.8033179
            ],
            [
              14.3679723,
              51.8033498
            ],
            [
              14.3679437,
              51.8035015
            ],
            [
              14.3678207,
              51.8036019
            ],
            [
              14.3677648,
              51.8037473
            ],
            [
              14.3677101,
              51.8038897
            ],
            [
              14.3676701,
              51.8041887
            ],
            [
              14.3675939,
              51.8045581
            ],
            [
              14.3676102,
              51.8049297
            ],
            [
              14.3676871,
              51.8051307
            ],
            [
              14.367918,
              51.8057331
            ],
            [
              14.3682882,
              51.8056346
            ],
            [
              14.3686017,
              51.8056214
            ],
            [
              14.3690903,
              51.8056008
            ],
            [
              14.3691452,
              51.8055985
            ],
            [
              14.3694459,
              51.8056201
            ],
            [
              14.3695743,
              51.8056317
            ],
            [
              14.3696678,
              51.8056345
            ],
            [
              14.3699011,
              51.8056647
            ],
            [
              14.3699089,
              51.805676
            ],
            [
              14.3700132,
              51.8058145
            ],
            [
              14.3700428,
              51.8058538
            ],
            [
              14.3701708,
              51.805995
            ],
            [
              14.3703256,
              51.8061764
            ],
            [
              14.3704017,
              51.8062617
            ],
            [
              14.3706768,
              51.80657
            ],
            [
              14.3708635,
              51.8067771
            ],
            [
              14.3708878,
              51.806803
            ],
            [
              14.371174,
              51.8071121
            ],
            [
              14.3712205,
              51.807166
            ],
            [
              14.3713272,
              51.8072898
            ],
            [
              14.3713489,
              51.807315
            ],
            [
              14.3714281,
              51.8074069
            ],
            [
              14.3715953,
              51.8076009
            ],
            [
              14.3716804,
              51.8076996
            ],
            [
              14.3717695,
              51.8077979
            ],
            [
              14.3719176,
              51.8079611
            ],
            [
              14.3719866,
              51.8080371
            ],
            [
              14.3720631,
              51.8081215
            ],
            [
              14.3721366,
              51.8082025
            ],
            [
              14.3722063,
              51.8082793
            ],
            [
              14.3723354,
              51.8084216
            ],
            [
              14.3724376,
              51.8085343
            ],
            [
              14.3725072,
              51.8086109
            ],
            [
              14.3725588,
              51.8086678
            ],
            [
              14.3725398,
              51.8086744
            ],
            [
              14.3727233,
              51.8088768
            ],
            [
              14.3730684,
              51.8092571
            ],
            [
              14.3733911,
              51.8096128
            ],
            [
              14.3736353,
              51.8098819
            ],
            [
              14.3736652,
              51.8099149
            ],
            [
              14.3736876,
              51.8099412
            ],
            [
              14.3733052,
              51.8100013
            ],
            [
              14.3730175,
              51.8100466
            ],
            [
              14.3728582,
              51.8100425
            ],
            [
              14.37283,
              51.8100407
            ],
            [
              14.3726127,
              51.8100271
            ],
            [
              14.3724269,
              51.8099901
            ],
            [
              14.3722971,
              51.8099412
            ],
            [
              14.372159,
              51.8099722
            ],
            [
              14.3720284,
              51.8099691
            ],
            [
              14.3717375,
              51.8100269
            ],
            [
              14.3717971,
              51.8101349
            ],
            [
              14.3719798,
              51.8104682
            ],
            [
              14.3719479,
              51.8106815
            ],
            [
              14.3719284,
              51.8108122
            ],
            [
              14.3716852,
              51.8114892
            ],
            [
              14.3716649,
              51.8115915
            ],
            [
              14.3714749,
              51.8117053
            ],
            [
              14.3714435,
              51.8117241
            ],
            [
              14.37119,
              51.8119271
            ],
            [
              14.3709753,
              51.8120611
            ],
            [
              14.3708853,
              51.8121008
            ],
            [
              14.3707837,
              51.8121457
            ],
            [
              14.3705553,
              51.8122168
            ],
            [
              14.370277,
              51.8123453
            ],
            [
              14.3700843,
              51.8125705
            ],
            [
              14.3700143,
              51.8126354
            ],
            [
              14.3697683,
              51.8128116
            ],
            [
              14.3696257,
              51.8129577
            ],
            [
              14.3694705,
              51.8131145
            ],
            [
              14.3691744,
              51.8132835
            ],
            [
              14.3689329,
              51.8134489
            ],
            [
              14.3685843,
              51.8135315
            ],
            [
              14.3683094,
              51.8137135
            ],
            [
              14.3682573,
              51.8139614
            ],
            [
              14.3680769,
              51.8143781
            ],
            [
              14.3679421,
              51.8147775
            ],
            [
              14.3678651,
              51.8150007
            ],
            [
              14.3678239,
              51.8152855
            ],
            [
              14.3677832,
              51.8154108
            ],
            [
              14.3677415,
              51.8155394
            ],
            [
              14.3677046,
              51.8157799
            ],
            [
              14.3676556,
              51.8159313
            ],
            [
              14.3675822,
              51.816016
            ],
            [
              14.3675269,
              51.816052
            ],
            [
              14.3675506,
              51.8162556
            ],
            [
              14.3675701,
              51.8165452
            ],
            [
              14.3675305,
              51.8169334
            ],
            [
              14.3674985,
              51.8172164
            ],
            [
              14.3674907,
              51.8172999
            ],
            [
              14.3674894,
              51.8173624
            ],
            [
              14.3675116,
              51.8173583
            ],
            [
              14.3676438,
              51.8173335
            ],
            [
              14.3677327,
              51.8173081
            ],
            [
              14.3678409,
              51.8172647
            ],
            [
              14.3679231,
              51.8172125
            ],
            [
              14.3680053,
              51.8171604
            ],
            [
              14.3680562,
              51.8171242
            ],
            [
              14.3681118,
              51.8171336
            ],
            [
              14.3682625,
              51.8171539
            ],
            [
              14.3684497,
              51.8171951
            ],
            [
              14.3686566,
              51.8172242
            ],
            [
              14.3688647,
              51.8172429
            ],
            [
              14.3691465,
              51.8172644
            ],
            [
              14.3695035,
              51.8172915
            ],
            [
              14.3696138,
              51.8172972
            ],
            [
              14.3697851,
              51.817303
            ],
            [
              14.3699515,
              51.8173086
            ],
            [
              14.3701541,
              51.8173255
            ],
            [
              14.3703185,
              51.8173651
            ],
            [
              14.3705162,
              51.8174275
            ],
            [
              14.3706101,
              51.8174565
            ],
            [
              14.370663,
              51.8174729
            ],
            [
              14.3707839,
              51.8175259
            ],
            [
              14.3708863,
              51.8175708
            ],
            [
              14.3709885,
              51.8176156
            ],
            [
              14.3711788,
              51.8176439
            ],
            [
              14.3713415,
              51.8176803
            ],
            [
              14.3714896,
              51.8177104
            ],
            [
              14.3715819,
              51.8177332
            ],
            [
              14.3716782,
              51.8177685
            ],
            [
              14.3718001,
              51.8178077
            ],
            [
              14.371995,
              51.8178452
            ],
            [
              14.3720822,
              51.8178666
            ],
            [
              14.3721889,
              51.8178929
            ],
            [
              14.3723621,
              51.8179496
            ],
            [
              14.372484,
              51.818009
            ],
            [
              14.3725492,
              51.8180498
            ],
            [
              14.372745,
              51.8181725
            ],
            [
              14.3728378,
              51.8182729
            ],
            [
              14.372924,
              51.8183613
            ],
            [
              14.372973,
              51.8183958
            ],
            [
              14.373043,
              51.8184449
            ],
            [
              14.37312,
              51.8185063
            ],
            [
              14.3731507,
              51.8185298
            ],
            [
              14.3732081,
              51.8185737
            ],
            [
              14.3732799,
              51.8186286
            ],
            [
              14.373353,
              51.8186845
            ],
            [
              14.3735724,
              51.818857
            ],
            [
              14.373673,
              51.8189479
            ],
            [
              14.3739204,
              51.8191351
            ],
            [
              14.3739393,
              51.8191609
            ],
            [
              14.3738751,
              51.8191728
            ],
            [
              14.3738402,
              51.8191792
            ],
            [
              14.3734638,
              51.8192472
            ],
            [
              14.3732996,
              51.8192781
            ],
            [
              14.3733216,
              51.8193311
            ],
            [
              14.3733482,
              51.819395
            ],
            [
              14.3734156,
              51.8195396
            ],
            [
              14.3734545,
              51.8196207
            ],
            [
              14.3734854,
              51.8196852
            ],
            [
              14.3735193,
              51.819754
            ],
            [
              14.3735307,
              51.8197789
            ],
            [
              14.3735695,
              51.8198636
            ],
            [
              14.3736309,
              51.8199831
            ],
            [
              14.3736857,
              51.8200899
            ],
            [
              14.3737508,
              51.8202167
            ],
            [
              14.3738203,
              51.8203294
            ],
            [
              14.3738811,
              51.820428
            ],
            [
              14.3739455,
              51.8205326
            ],
            [
              14.3739675,
              51.8205682
            ],
            [
              14.3740081,
              51.8206399
            ],
            [
              14.3740457,
              51.8207063
            ],
            [
              14.3741295,
              51.8208461
            ],
            [
              14.3741896,
              51.8209606
            ],
            [
              14.3742595,
              51.8210941
            ],
            [
              14.3743321,
              51.8212715
            ],
            [
              14.3746302,
              51.8211428
            ],
            [
              14.3747423,
              51.8211254
            ],
            [
              14.3748406,
              51.8211097
            ],
            [
              14.3751565,
              51.8211617
            ],
            [
              14.3756863,
              51.821251
            ],
            [
              14.3759328,
              51.8212375
            ],
            [
              14.3760241,
              51.8212325
            ],
            [
              14.3760833,
              51.8212274
            ],
            [
              14.3760918,
              51.8212056
            ],
            [
              14.3763781,
              51.8212456
            ],
            [
              14.3767184,
              51.8213097
            ],
            [
              14.3769173,
              51.8213218
            ],
            [
              14.3770655,
              51.8213529
            ],
            [
              14.377173,
              51.8213755
            ],
            [
              14.3773883,
              51.8214493
            ],
            [
              14.3776063,
              51.8215241
            ],
            [
              14.3780909,
              51.8215526
            ],
            [
              14.3784572,
              51.8215838
            ],
            [
              14.378692,
              51.8216037
            ],
            [
              14.3789612,
              51.8216401
            ],
            [
              14.3793422,
              51.821694
            ],
            [
              14.3795321,
              51.821718
            ],
            [
              14.3798099,
              51.8217532
            ],
            [
              14.3797298,
              51.821779
            ],
            [
              14.3796562,
              51.8218616
            ],
            [
              14.3795981,
              51.8219269
            ],
            [
              14.3796736,
              51.8219397
            ],
            [
              14.3791321,
              51.8221468
            ],
            [
              14.3789484,
              51.8222421
            ],
            [
              14.378711,
              51.8223399
            ],
            [
              14.3786258,
              51.8223681
            ],
            [
              14.3785568,
              51.8223785
            ],
            [
              14.3784381,
              51.8224025
            ],
            [
              14.378308,
              51.8224261
            ],
            [
              14.3780994,
              51.8224543
            ],
            [
              14.3780042,
              51.822485
            ],
            [
              14.3778983,
              51.822616
            ],
            [
              14.377732,
              51.8229741
            ],
            [
              14.377622,
              51.8231282
            ],
            [
              14.377394,
              51.8235875
            ],
            [
              14.3772197,
              51.8240525
            ],
            [
              14.3769354,
              51.8244512
            ],
            [
              14.3767557,
              51.8246468
            ],
            [
              14.3765393,
              51.8249223
            ],
            [
              14.3739313,
              51.8266643
            ],
            [
              14.3732446,
              51.8272379
            ],
            [
              14.3729228,
              51.8276059
            ],
            [
              14.3728497,
              51.8277871
            ],
            [
              14.3727978,
              51.827779
            ],
            [
              14.372802,
              51.8277355
            ],
            [
              14.3657682,
              51.8265563
            ],
            [
              14.3657803,
              51.8265146
            ],
            [
              14.3657761,
              51.8263374
            ],
            [
              14.3658019,
              51.8262436
            ],
            [
              14.3658555,
              51.8261596
            ],
            [
              14.3658757,
              51.8260788
            ],
            [
              14.365916,
              51.8258754
            ],
            [
              14.3657671,
              51.8254768
            ],
            [
              14.3658241,
              51.8252397
            ],
            [
              14.3658715,
              51.8251442
            ],
            [
              14.3659836,
              51.8250345
            ],
            [
              14.3661478,
              51.8248114
            ],
            [
              14.3546798,
              51.821828
            ],
            [
              14.3546256,
              51.8216581
            ],
            [
              14.3546288,
              51.821475
            ],
            [
              14.3546643,
              51.8212734
            ],
            [
              14.3546615,
              51.8211298
            ],
            [
              14.3546045,
              51.8209671
            ],
            [
              14.3545431,
              51.820789
            ],
            [
              14.3545151,
              51.8207224
            ],
            [
              14.3544443,
              51.820561
            ],
            [
              14.3544323,
              51.8204031
            ],
            [
              14.3544459,
              51.8200589
            ],
            [
              14.3542946,
              51.8197097
            ],
            [
              14.3541495,
              51.8194209
            ],
            [
              14.3537774,
              51.8189718
            ],
            [
              14.3535203,
              51.8186574
            ],
            [
              14.352955,
              51.8179809
            ],
            [
              14.3528002,
              51.8177207
            ],
            [
              14.3528044,
              51.8174478
            ],
            [
              14.3528848,
              51.8171702
            ],
            [
              14.3531069,
              51.8167528
            ],
            [
              14.3532364,
              51.8165243
            ],
            [
              14.3531838,
              51.8164029
            ],
            [
              14.353204,
              51.8162021
            ],
            [
              14.3532507,
              51.8160638
            ],
            [
              14.3535712,
              51.8157687
            ],
            [
              14.3530206,
              51.8155228
            ],
            [
              14.3528597,
              51.8154638
            ],
            [
              14.3525332,
              51.8153209
            ],
            [
              14.3521963,
              51.8144567
            ],
            [
              14.3523181,
              51.8142902
            ],
            [
              14.352456,
              51.8141826
            ],
            [
              14.3526124,
              51.8140695
            ],
            [
              14.3528827,
              51.8139101
            ],
            [
              14.3531166,
              51.8137491
            ],
            [
              14.3532232,
              51.8136536
            ],
            [
              14.3533213,
              51.8135421
            ],
            [
              14.3535225,
              51.8133682
            ],
            [
              14.3540327,
              51.8130354
            ],
            [
              14.3543266,
              51.8127954
            ],
            [
              14.3544686,
              51.812668
            ],
            [
              14.3546009,
              51.8125578
            ],
            [
              14.3549086,
              51.8123056
            ],
            [
              14.3551284,
              51.8121077
            ],
            [
              14.3554878,
              51.8116591
            ],
            [
              14.3557413,
              51.8112829
            ],
            [
              14.3554177,
              51.8112122
            ],
            [
              14.3557197,
              51.8107759
            ],
            [
              14.3559105,
              51.8102753
            ],
            [
              14.3561562,
              51.8099874
            ],
            [
              14.3560282,
              51.8099161
            ],
            [
              14.355838,
              51.8098502
            ],
            [
              14.3556807,
              51.8097865
            ],
            [
              14.3555838,
              51.8097339
            ],
            [
              14.3555227,
              51.8096927
            ],
            [
              14.3554668,
              51.8096599
            ],
            [
              14.3554499,
              51.8096669
            ],
            [
              14.3551925,
              51.8097174
            ],
            [
              14.3547191,
              51.8098087
            ],
            [
              14.3543264,
              51.8099302
            ],
            [
              14.3540927,
              51.8099787
            ],
            [
              14.3539322,
              51.8099996
            ],
            [
              14.3537717,
              51.810008
            ],
            [
              14.3537574,
              51.8100456
            ],
            [
              14.3530164,
              51.8100665
            ],
            [
              14.3520668,
              51.8101672
            ],
            [
              14.3518315,
              51.8102021
            ],
            [
              14.3513393,
              51.810252
            ],
            [
              14.3509383,
              51.8102594
            ],
            [
              14.350806,
              51.8102792
            ],
            [
              14.3501008,
              51.8102637
            ],
            [
              14.3498968,
              51.8102925
            ],
            [
              14.3496329,
              51.8102628
            ],
            [
              14.3492524,
              51.8102583
            ],
            [
              14.3475945,
              51.8095685
            ],
            [
              14.3474598,
              51.8097747
            ],
            [
              14.3464486,
              51.8094639
            ],
            [
              14.3452885,
              51.8090698
            ],
            [
              14.3453486,
              51.8089573
            ],
            [
              14.3453207,
              51.808947
            ],
            [
              14.3442364,
              51.8086464
            ],
            [
              14.3443534,
              51.8083983
            ],
            [
              14.3438114,
              51.8081511
            ],
            [
              14.343581,
              51.8080361
            ],
            [
              14.3426717,
              51.8075846
            ],
            [
              14.3420473,
              51.807427
            ],
            [
              14.3416803,
              51.8073301
            ],
            [
              14.341383,
              51.8072555
            ],
            [
              14.3411069,
              51.8071861
            ],
            [
              14.3399202,
              51.8068971
            ],
            [
              14.3397257,
              51.806851
            ],
            [
              14.3384966,
              51.8065464
            ],
            [
              14.3378492,
              51.8063783
            ],
            [
              14.3368544,
              51.8061223
            ],
            [
              14.3359964,
              51.805898
            ],
            [
              14.33544,
              51.8057525
            ],
            [
              14.3352493,
              51.8055101
            ],
            [
              14.3352574,
              51.805472
            ],
            [
              14.3352903,
              51.8053171
            ],
            [
              14.3354535,
              51.8050494
            ],
            [
              14.3355194,
              51.8049396
            ],
            [
              14.3359597,
              51.8043299
            ],
            [
              14.3360062,
              51.8042408
            ],
            [
              14.3363643,
              51.8038084
            ],
            [
              14.3365324,
              51.8036111
            ],
            [
              14.3367228,
              51.8033757
            ],
            [
              14.3370125,
              51.8029965
            ],
            [
              14.3370883,
              51.8028176
            ],
            [
              14.3373243,
              51.8024512
            ],
            [
              14.3376295,
              51.8019776
            ],
            [
              14.3378739,
              51.8016854
            ],
            [
              14.338022,
              51.8014635
            ],
            [
              14.3380935,
              51.8013564
            ],
            [
              14.3381202,
              51.8012537
            ],
            [
              14.3381534,
              51.8011261
            ],
            [
              14.3381708,
              51.8010593
            ],
            [
              14.338435,
              51.8007715
            ],
            [
              14.3385228,
              51.8006758
            ],
            [
              14.3387208,
              51.8004601
            ],
            [
              14.3392588,
              51.7998735
            ],
            [
              14.3395376,
              51.7994891
            ],
            [
              14.3397322,
              51.7992208
            ],
            [
              14.3397588,
              51.7991841
            ],
            [
              14.3397621,
              51.7990973
            ],
            [
              14.339385,
              51.7989686
            ],
            [
              14.3385682,
              51.79869
            ],
            [
              14.3381839,
              51.7985588
            ],
            [
              14.3381055,
              51.7985482
            ],
            [
              14.3380227,
              51.7985369
            ],
            [
              14.3379437,
              51.7985092
            ],
            [
              14.3371064,
              51.798216
            ],
            [
              14.3365692,
              51.7980279
            ],
            [
              14.3362707,
              51.7979234
            ],
            [
              14.3361548,
              51.7978828
            ],
            [
              14.3359175,
              51.7977997
            ],
            [
              14.3356602,
              51.7977096
            ],
            [
              14.3352867,
              51.7975788
            ],
            [
              14.3351547,
              51.7975325
            ],
            [
              14.3345004,
              51.7972728
            ],
            [
              14.3342345,
              51.7971672
            ],
            [
              14.334226,
              51.7971638
            ],
            [
              14.333949,
              51.7970539
            ],
            [
              14.3336274,
              51.7969262
            ],
            [
              14.3327529,
              51.796579
            ],
            [
              14.3319732,
              51.7962694
            ],
            [
              14.3317711,
              51.79621
            ]
          ]
        ]
      }
    },
    {
      "type": "Feature",
      "properties": {
        "name": "Willmersdorf",
        "city": "Cottbus",
        "osm_id": 1626368,
        "osm_type": "relation",
        "display": "Willmersdorf, Cottbus, Brandenburg, 03053, Deutschland"
      },
      "geometry": {
        "type": "Polygon",
        "coordinates": [
          [
            [
              14.3657925,
              51.7886357
            ],
            [
              14.3657967,
              51.7885898
            ],
            [
              14.3658446,
              51.788343
            ],
            [
              14.365865,
              51.7882382
            ],
            [
              14.3658908,
              51.7879858
            ],
            [
              14.3659397,
              51.7878806
            ],
            [
              14.3661667,
              51.7876022
            ],
            [
              14.3662114,
              51.7875146
            ],
            [
              14.366415,
              51.7873072
            ],
            [
              14.3666863,
              51.7868862
            ],
            [
              14.3671951,
              51.7865498
            ],
            [
              14.3674659,
              51.7864406
            ],
            [
              14.367662,
              51.7863616
            ],
            [
              14.3680638,
              51.7861996
            ],
            [
              14.3683097,
              51.7862026
            ],
            [
              14.3684556,
              51.7861571
            ],
            [
              14.3684781,
              51.7861501
            ],
            [
              14.3689056,
              51.7859565
            ],
            [
              14.3693015,
              51.785814
            ],
            [
              14.3694267,
              51.7858143
            ],
            [
              14.3695064,
              51.7857965
            ],
            [
              14.3696354,
              51.7857553
            ],
            [
              14.3697584,
              51.7857069
            ],
            [
              14.3699646,
              51.7856072
            ],
            [
              14.3700927,
              51.7854445
            ],
            [
              14.3702882,
              51.7853893
            ],
            [
              14.3703911,
              51.7852892
            ],
            [
              14.370494,
              51.785209
            ],
            [
              14.3705588,
              51.7851382
            ],
            [
              14.3705991,
              51.7850413
            ],
            [
              14.3706142,
              51.7849671
            ],
            [
              14.370621,
              51.7849004
            ],
            [
              14.3706232,
              51.784707
            ],
            [
              14.3706656,
              51.7847052
            ],
            [
              14.3707324,
              51.784704
            ],
            [
              14.3707972,
              51.7847027
            ],
            [
              14.3709684,
              51.7846964
            ],
            [
              14.3710564,
              51.7846937
            ],
            [
              14.3710687,
              51.7846931
            ],
            [
              14.3711038,
              51.7846916
            ],
            [
              14.3711421,
              51.78469
            ],
            [
              14.3714181,
              51.784684
            ],
            [
              14.3717275,
              51.7846773
            ],
            [
              14.3721457,
              51.7846683
            ],
            [
              14.3725012,
              51.7846652
            ],
            [
              14.3726824,
              51.7846636
            ],
            [
              14.3727429,
              51.7846383
            ],
            [
              14.3729237,
              51.7846353
            ],
            [
              14.3730339,
              51.7846327
            ],
            [
              14.3732779,
              51.7846272
            ],
            [
              14.3734491,
              51.7846233
            ],
            [
              14.3741093,
              51.7846082
            ],
            [
              14.3746638,
              51.7846425
            ],
            [
              14.3747629,
              51.7846445
            ],
            [
              14.3749513,
              51.7846483
            ],
            [
              14.3749998,
              51.7846493
            ],
            [
              14.3750545,
              51.7846504
            ],
            [
              14.3753905,
              51.7844773
            ],
            [
              14.3754409,
              51.7852904
            ],
            [
              14.3754515,
              51.7855005
            ],
            [
              14.3755175,
              51.7859072
            ],
            [
              14.3756263,
              51.7859128
            ],
            [
              14.3759569,
              51.7859299
            ],
            [
              14.3764425,
              51.785955
            ],
            [
              14.3768025,
              51.7859736
            ],
            [
              14.3770343,
              51.7859856
            ],
            [
              14.3774118,
              51.7860051
            ],
            [
              14.3775374,
              51.7860802
            ],
            [
              14.3776065,
              51.7861215
            ],
            [
              14.3780015,
              51.7863575
            ],
            [
              14.3780197,
              51.7863684
            ],
            [
              14.3781582,
              51.7864512
            ],
            [
              14.3782173,
              51.7864866
            ],
            [
              14.3784607,
              51.786632
            ],
            [
              14.3787486,
              51.7868041
            ],
            [
              14.3788839,
              51.7868849
            ],
            [
              14.379137,
              51.7870362
            ],
            [
              14.3792679,
              51.7871145
            ],
            [
              14.3793943,
              51.78719
            ],
            [
              14.3795168,
              51.7872632
            ],
            [
              14.3795289,
              51.7872884
            ],
            [
              14.3796506,
              51.7875409
            ],
            [
              14.3797355,
              51.7876799
            ],
            [
              14.3798527,
              51.7878714
            ],
            [
              14.3799024,
              51.7879527
            ],
            [
              14.3799884,
              51.7880933
            ],
            [
              14.3800871,
              51.7882568
            ],
            [
              14.3801059,
              51.7882879
            ],
            [
              14.380162,
              51.788467
            ],
            [
              14.3802238,
              51.7886647
            ],
            [
              14.3802268,
              51.7886785
            ],
            [
              14.38025,
              51.7887868
            ],
            [
              14.3802955,
              51.7889995
            ],
            [
              14.3803371,
              51.7891936
            ],
            [
              14.3803418,
              51.789216
            ],
            [
              14.3803579,
              51.7892828
            ],
            [
              14.3813308,
              51.7921602
            ],
            [
              14.3812671,
              51.792201
            ],
            [
              14.3812571,
              51.7922075
            ],
            [
              14.3814183,
              51.7923228
            ],
            [
              14.3816812,
              51.792482
            ],
            [
              14.3817597,
              51.7925107
            ],
            [
              14.3818249,
              51.7925446
            ],
            [
              14.3820071,
              51.7926454
            ],
            [
              14.3821911,
              51.7927575
            ],
            [
              14.3823009,
              51.7928394
            ],
            [
              14.3824486,
              51.7929359
            ],
            [
              14.3825109,
              51.7929928
            ],
            [
              14.3830387,
              51.7933398
            ],
            [
              14.383138,
              51.793395
            ],
            [
              14.3832918,
              51.7934974
            ],
            [
              14.3836941,
              51.7937718
            ],
            [
              14.3838643,
              51.793882
            ],
            [
              14.3839471,
              51.7939287
            ],
            [
              14.3840409,
              51.7939835
            ],
            [
              14.3844772,
              51.7942291
            ],
            [
              14.3845242,
              51.7942615
            ],
            [
              14.3845477,
              51.7943016
            ],
            [
              14.3845743,
              51.794333
            ],
            [
              14.3846678,
              51.7943723
            ],
            [
              14.3847332,
              51.794385
            ],
            [
              14.3849825,
              51.7944845
            ],
            [
              14.3851565,
              51.7945742
            ],
            [
              14.3853432,
              51.7946511
            ],
            [
              14.3855092,
              51.7946872
            ],
            [
              14.3856206,
              51.7947029
            ],
            [
              14.3858176,
              51.7946837
            ],
            [
              14.3859129,
              51.7946668
            ],
            [
              14.3860541,
              51.7946332
            ],
            [
              14.3861527,
              51.7945865
            ],
            [
              14.386698,
              51.7943755
            ],
            [
              14.3868082,
              51.7943552
            ],
            [
              14.3869647,
              51.7943388
            ],
            [
              14.387158,
              51.7943461
            ],
            [
              14.3874784,
              51.79437
            ],
            [
              14.3878054,
              51.7943935
            ],
            [
              14.3881012,
              51.7944123
            ],
            [
              14.3883026,
              51.7944112
            ],
            [
              14.3885203,
              51.7943977
            ],
            [
              14.3886685,
              51.7943616
            ],
            [
              14.3889227,
              51.7943117
            ],
            [
              14.3891555,
              51.7942398
            ],
            [
              14.3895102,
              51.7941094
            ],
            [
              14.3898105,
              51.7940247
            ],
            [
              14.3899517,
              51.7939948
            ],
            [
              14.3900475,
              51.7939818
            ],
            [
              14.3903866,
              51.7939723
            ],
            [
              14.3908028,
              51.7939691
            ],
            [
              14.3909808,
              51.7939848
            ],
            [
              14.3911557,
              51.7939927
            ],
            [
              14.3913197,
              51.7939938
            ],
            [
              14.3914844,
              51.7939801
            ],
            [
              14.3917991,
              51.7939539
            ],
            [
              14.3919475,
              51.7939367
            ],
            [
              14.3923654,
              51.7938883
            ],
            [
              14.3925503,
              51.7938668
            ],
            [
              14.3927337,
              51.7938456
            ],
            [
              14.3927768,
              51.7938406
            ],
            [
              14.3929987,
              51.7938149
            ],
            [
              14.3931393,
              51.7937878
            ],
            [
              14.3932513,
              51.793757
            ],
            [
              14.3933834,
              51.7937207
            ],
            [
              14.3935205,
              51.7936673
            ],
            [
              14.3936895,
              51.7935833
            ],
            [
              14.3938274,
              51.7935128
            ],
            [
              14.3940343,
              51.7933993
            ],
            [
              14.3941456,
              51.7933472
            ],
            [
              14.3942872,
              51.7933048
            ],
            [
              14.39461,
              51.7932453
            ],
            [
              14.3948078,
              51.7932088
            ],
            [
              14.3949376,
              51.7931848
            ],
            [
              14.3950511,
              51.7931588
            ],
            [
              14.3951612,
              51.7931335
            ],
            [
              14.3953797,
              51.7930833
            ],
            [
              14.3958447,
              51.7929765
            ],
            [
              14.3958746,
              51.7931172
            ],
            [
              14.3958891,
              51.7931851
            ],
            [
              14.395903,
              51.7932482
            ],
            [
              14.3959118,
              51.7932816
            ],
            [
              14.3959077,
              51.7933172
            ],
            [
              14.3958604,
              51.7933848
            ],
            [
              14.395873,
              51.793419
            ],
            [
              14.3959288,
              51.7934433
            ],
            [
              14.3959931,
              51.7934508
            ],
            [
              14.3961686,
              51.793447
            ],
            [
              14.3965154,
              51.7933978
            ],
            [
              14.3966586,
              51.793403
            ],
            [
              14.3970292,
              51.7934164
            ],
            [
              14.3977159,
              51.793562
            ],
            [
              14.3978191,
              51.7935518
            ],
            [
              14.3980308,
              51.7936003
            ],
            [
              14.3984732,
              51.7937015
            ],
            [
              14.3987642,
              51.7937557
            ],
            [
              14.3989132,
              51.7938193
            ],
            [
              14.3990374,
              51.7938724
            ],
            [
              14.3991512,
              51.793921
            ],
            [
              14.3992575,
              51.7939664
            ],
            [
              14.3992585,
              51.7939798
            ],
            [
              14.3993,
              51.7940012
            ],
            [
              14.3995671,
              51.794223
            ],
            [
              14.3996982,
              51.7942751
            ],
            [
              14.3997895,
              51.7943114
            ],
            [
              14.4001743,
              51.7942935
            ],
            [
              14.4006034,
              51.7942736
            ],
            [
              14.4013093,
              51.7942404
            ],
            [
              14.4015331,
              51.7942678
            ],
            [
              14.4016622,
              51.7942813
            ],
            [
              14.4019216,
              51.7942754
            ],
            [
              14.4023762,
              51.7942651
            ],
            [
              14.4025439,
              51.7942733
            ],
            [
              14.4030079,
              51.7942959
            ],
            [
              14.4030584,
              51.7942979
            ],
            [
              14.4033593,
              51.7943098
            ],
            [
              14.4042929,
              51.7943467
            ],
            [
              14.4042962,
              51.7941939
            ],
            [
              14.4039583,
              51.7941138
            ],
            [
              14.4038908,
              51.7936853
            ],
            [
              14.4038891,
              51.7935156
            ],
            [
              14.4038832,
              51.7933066
            ],
            [
              14.4039033,
              51.7932561
            ],
            [
              14.4040473,
              51.7931269
            ],
            [
              14.4043241,
              51.7932296
            ],
            [
              14.4045266,
              51.7933047
            ],
            [
              14.4046157,
              51.7933303
            ],
            [
              14.405083,
              51.793464
            ],
            [
              14.4054867,
              51.7935795
            ],
            [
              14.4057732,
              51.7936611
            ],
            [
              14.4060799,
              51.7937484
            ],
            [
              14.4062098,
              51.7937576
            ],
            [
              14.4072597,
              51.7938319
            ],
            [
              14.4073334,
              51.7938371
            ],
            [
              14.407516,
              51.7938787
            ],
            [
              14.407562,
              51.793932
            ],
            [
              14.4076728,
              51.7939455
            ],
            [
              14.4078408,
              51.7940111
            ],
            [
              14.4079484,
              51.794055
            ],
            [
              14.4080335,
              51.7941108
            ],
            [
              14.408269,
              51.7942079
            ],
            [
              14.4082589,
              51.7942248
            ],
            [
              14.4086341,
              51.7943535
            ],
            [
              14.4088813,
              51.7944159
            ],
            [
              14.4090572,
              51.7944688
            ],
            [
              14.4094655,
              51.7945948
            ],
            [
              14.4096471,
              51.7946764
            ],
            [
              14.4097631,
              51.7947458
            ],
            [
              14.409806,
              51.7947916
            ],
            [
              14.4098701,
              51.7948617
            ],
            [
              14.4099079,
              51.794939
            ],
            [
              14.4099035,
              51.7950556
            ],
            [
              14.4098592,
              51.7951845
            ],
            [
              14.4098362,
              51.7952177
            ],
            [
              14.4097364,
              51.7953619
            ],
            [
              14.4097038,
              51.7954656
            ],
            [
              14.4097134,
              51.7955369
            ],
            [
              14.4097681,
              51.7956104
            ],
            [
              14.4098394,
              51.7956588
            ],
            [
              14.4100553,
              51.7957514
            ],
            [
              14.410294,
              51.7958403
            ],
            [
              14.4103863,
              51.7959118
            ],
            [
              14.4104716,
              51.796028
            ],
            [
              14.4104488,
              51.7961603
            ],
            [
              14.4104284,
              51.7962779
            ],
            [
              14.4104065,
              51.7964048
            ],
            [
              14.4103844,
              51.7965402
            ],
            [
              14.4103748,
              51.7965987
            ],
            [
              14.4103971,
              51.7966637
            ],
            [
              14.4104839,
              51.7967853
            ],
            [
              14.410589,
              51.7968858
            ],
            [
              14.4106604,
              51.796954
            ],
            [
              14.4107248,
              51.7970155
            ],
            [
              14.4108845,
              51.7971681
            ],
            [
              14.4108648,
              51.7972492
            ],
            [
              14.4108202,
              51.7973209
            ],
            [
              14.410784,
              51.7973892
            ],
            [
              14.4107663,
              51.7974676
            ],
            [
              14.4106512,
              51.7976423
            ],
            [
              14.4106701,
              51.7977345
            ],
            [
              14.4107175,
              51.7978665
            ],
            [
              14.4107752,
              51.7979778
            ],
            [
              14.4108456,
              51.7981137
            ],
            [
              14.4108699,
              51.7984555
            ],
            [
              14.4108775,
              51.7984808
            ],
            [
              14.410899,
              51.7987484
            ],
            [
              14.4108625,
              51.7989217
            ],
            [
              14.4108285,
              51.7990836
            ],
            [
              14.4107805,
              51.7993079
            ],
            [
              14.4108114,
              51.7994419
            ],
            [
              14.4108591,
              51.799566
            ],
            [
              14.4109341,
              51.799757
            ],
            [
              14.4109762,
              51.7998703
            ],
            [
              14.4110643,
              51.8000067
            ],
            [
              14.4112039,
              51.8002227
            ],
            [
              14.4113747,
              51.8004276
            ],
            [
              14.4115104,
              51.8005972
            ],
            [
              14.4116266,
              51.8007393
            ],
            [
              14.4116429,
              51.8008452
            ],
            [
              14.4116441,
              51.8009506
            ],
            [
              14.4116157,
              51.801042
            ],
            [
              14.411418,
              51.8011558
            ],
            [
              14.4111983,
              51.8012348
            ],
            [
              14.4109562,
              51.8012241
            ],
            [
              14.4108984,
              51.8012215
            ],
            [
              14.4108678,
              51.8012201
            ],
            [
              14.4106278,
              51.8012098
            ],
            [
              14.4096818,
              51.801168
            ],
            [
              14.4079713,
              51.8008674
            ],
            [
              14.4078258,
              51.8008581
            ],
            [
              14.4072016,
              51.8008084
            ],
            [
              14.4065823,
              51.8007079
            ],
            [
              14.4062999,
              51.8006464
            ],
            [
              14.4058315,
              51.8004765
            ],
            [
              14.4057829,
              51.8005238
            ],
            [
              14.4057178,
              51.8006036
            ],
            [
              14.4055216,
              51.8008441
            ],
            [
              14.4053773,
              51.8010182
            ],
            [
              14.4052411,
              51.8011826
            ],
            [
              14.4050655,
              51.8013954
            ],
            [
              14.4046932,
              51.8018463
            ],
            [
              14.4045349,
              51.8020373
            ],
            [
              14.4043263,
              51.802289
            ],
            [
              14.4042458,
              51.8023877
            ],
            [
              14.4041041,
              51.802557
            ],
            [
              14.4040186,
              51.8026592
            ],
            [
              14.4037139,
              51.8030223
            ],
            [
              14.4035872,
              51.803173
            ],
            [
              14.4033445,
              51.8034616
            ],
            [
              14.4031631,
              51.803678
            ],
            [
              14.4029522,
              51.8039219
            ],
            [
              14.4025414,
              51.8044526
            ],
            [
              14.4024376,
              51.8045619
            ],
            [
              14.4022085,
              51.8048181
            ],
            [
              14.4021211,
              51.8049183
            ],
            [
              14.4019675,
              51.8050943
            ],
            [
              14.4018396,
              51.8052361
            ],
            [
              14.4015615,
              51.80553
            ],
            [
              14.4015326,
              51.8055606
            ],
            [
              14.4014327,
              51.8056661
            ],
            [
              14.4014303,
              51.8056744
            ],
            [
              14.4013008,
              51.8056808
            ],
            [
              14.401288,
              51.8056814
            ],
            [
              14.4009718,
              51.8056971
            ],
            [
              14.4008086,
              51.8057084
            ],
            [
              14.400211,
              51.8057214
            ],
            [
              14.3996513,
              51.8057136
            ],
            [
              14.3996011,
              51.8057128
            ],
            [
              14.3993217,
              51.8056915
            ],
            [
              14.3978735,
              51.8055571
            ],
            [
              14.3977033,
              51.8055415
            ],
            [
              14.3976004,
              51.8056574
            ],
            [
              14.3976788,
              51.8063183
            ],
            [
              14.3976776,
              51.8063886
            ],
            [
              14.3976875,
              51.8064171
            ],
            [
              14.3977041,
              51.806465
            ],
            [
              14.3977316,
              51.8065425
            ],
            [
              14.3977469,
              51.8065867
            ],
            [
              14.397886,
              51.8067775
            ],
            [
              14.3984202,
              51.8074451
            ],
            [
              14.3984424,
              51.8074725
            ],
            [
              14.3985433,
              51.8075928
            ],
            [
              14.3985624,
              51.8076459
            ],
            [
              14.3985725,
              51.8076711
            ],
            [
              14.3985461,
              51.8078378
            ],
            [
              14.398542,
              51.8078636
            ],
            [
              14.3985291,
              51.8081002
            ],
            [
              14.3985234,
              51.8082873
            ],
            [
              14.3985169,
              51.8085218
            ],
            [
              14.398532,
              51.808772
            ],
            [
              14.3985648,
              51.8089268
            ],
            [
              14.3986788,
              51.8092328
            ],
            [
              14.3985579,
              51.809244
            ],
            [
              14.3979544,
              51.8092938
            ],
            [
              14.3977622,
              51.8093096
            ],
            [
              14.397214,
              51.8092798
            ],
            [
              14.396864,
              51.8091567
            ],
            [
              14.3959872,
              51.8086255
            ],
            [
              14.3959433,
              51.8085923
            ],
            [
              14.3958929,
              51.8093144
            ],
            [
              14.3958851,
              51.8095227
            ],
            [
              14.3958823,
              51.8095734
            ],
            [
              14.3958634,
              51.8099467
            ],
            [
              14.3958552,
              51.8102615
            ],
            [
              14.3958536,
              51.8103117
            ],
            [
              14.3958501,
              51.8103895
            ],
            [
              14.3958468,
              51.8104633
            ],
            [
              14.395817,
              51.8110904
            ],
            [
              14.3950238,
              51.8109769
            ],
            [
              14.3945819,
              51.8109329
            ],
            [
              14.394332,
              51.8109016
            ],
            [
              14.3934928,
              51.8107982
            ],
            [
              14.3933691,
              51.8107962
            ],
            [
              14.393367,
              51.8108811
            ],
            [
              14.3933839,
              51.8108802
            ],
            [
              14.3934629,
              51.8108813
            ],
            [
              14.3935906,
              51.8109035
            ],
            [
              14.3937834,
              51.8109252
            ],
            [
              14.3938551,
              51.8109333
            ],
            [
              14.3940509,
              51.8109554
            ],
            [
              14.3942615,
              51.8109791
            ],
            [
              14.3944277,
              51.8109979
            ],
            [
              14.3944569,
              51.8110018
            ],
            [
              14.3948894,
              51.8110597
            ],
            [
              14.395801,
              51.8111819
            ],
            [
              14.397068,
              51.8113719
            ],
            [
              14.3970976,
              51.8113764
            ],
            [
              14.3959674,
              51.8122906
            ],
            [
              14.3957999,
              51.8123164
            ],
            [
              14.3957675,
              51.8123411
            ],
            [
              14.3956856,
              51.8124037
            ],
            [
              14.3951954,
              51.8127776
            ],
            [
              14.3951357,
              51.8128232
            ],
            [
              14.3949854,
              51.8129378
            ],
            [
              14.3941848,
              51.8135661
            ],
            [
              14.3937535,
              51.8139045
            ],
            [
              14.39373,
              51.8139229
            ],
            [
              14.3931796,
              51.814368
            ],
            [
              14.3929501,
              51.814571
            ],
            [
              14.3925589,
              51.8149517
            ],
            [
              14.3923736,
              51.8151189
            ],
            [
              14.3923655,
              51.8151402
            ],
            [
              14.3923488,
              51.8151846
            ],
            [
              14.3923247,
              51.8152324
            ],
            [
              14.3923592,
              51.8154169
            ],
            [
              14.3923481,
              51.8155329
            ],
            [
              14.3923066,
              51.8156616
            ],
            [
              14.3921544,
              51.8158977
            ],
            [
              14.3920815,
              51.8159893
            ],
            [
              14.3920266,
              51.8160582
            ],
            [
              14.3919045,
              51.8161838
            ],
            [
              14.3918072,
              51.8162975
            ],
            [
              14.391722,
              51.8164818
            ],
            [
              14.3916852,
              51.8167401
            ],
            [
              14.39161,
              51.8171842
            ],
            [
              14.3915745,
              51.8173073
            ],
            [
              14.3915595,
              51.8173969
            ],
            [
              14.3915441,
              51.8175617
            ],
            [
              14.391563,
              51.8178156
            ],
            [
              14.391523,
              51.8180022
            ],
            [
              14.3914367,
              51.8179912
            ],
            [
              14.3909187,
              51.8179251
            ],
            [
              14.3899816,
              51.8177832
            ],
            [
              14.3890624,
              51.8175928
            ],
            [
              14.3882615,
              51.8174096
            ],
            [
              14.3876584,
              51.8172395
            ],
            [
              14.3875703,
              51.8172117
            ],
            [
              14.3875197,
              51.8171958
            ],
            [
              14.3873766,
              51.8171329
            ],
            [
              14.3873782,
              51.81713
            ],
            [
              14.3871171,
              51.8170516
            ],
            [
              14.3871146,
              51.8170542
            ],
            [
              14.3869457,
              51.8170236
            ],
            [
              14.3869523,
              51.8170041
            ],
            [
              14.3868882,
              51.8169835
            ],
            [
              14.3868242,
              51.8170853
            ],
            [
              14.3864781,
              51.8176357
            ],
            [
              14.386271,
              51.818219
            ],
            [
              14.3859453,
              51.8193763
            ],
            [
              14.3859619,
              51.8194205
            ],
            [
              14.3859641,
              51.8195281
            ],
            [
              14.3860579,
              51.819589
            ],
            [
              14.3860571,
              51.8196766
            ],
            [
              14.3860593,
              51.8199559
            ],
            [
              14.3860664,
              51.8200147
            ],
            [
              14.3861214,
              51.8204721
            ],
            [
              14.3859295,
              51.8204445
            ],
            [
              14.384896,
              51.8202959
            ],
            [
              14.3838997,
              51.8201527
            ],
            [
              14.3835452,
              51.8201017
            ],
            [
              14.3834553,
              51.8200857
            ],
            [
              14.3833761,
              51.8200716
            ],
            [
              14.3833434,
              51.8200657
            ],
            [
              14.3831996,
              51.8200401
            ],
            [
              14.3831368,
              51.8200289
            ],
            [
              14.383058,
              51.820132
            ],
            [
              14.3830416,
              51.8201547
            ],
            [
              14.3826442,
              51.8206943
            ],
            [
              14.3823425,
              51.8211041
            ],
            [
              14.3819901,
              51.8215385
            ],
            [
              14.3816042,
              51.8220144
            ],
            [
              14.3814757,
              51.8220064
            ],
            [
              14.3811884,
              51.8219883
            ],
            [
              14.3811269,
              51.8219844
            ],
            [
              14.3808387,
              51.821932
            ],
            [
              14.3805355,
              51.8219256
            ],
            [
              14.3801427,
              51.8219728
            ],
            [
              14.379992,
              51.8219734
            ],
            [
              14.3798556,
              51.821974
            ],
            [
              14.3798005,
              51.8219644
            ],
            [
              14.379742,
              51.8219543
            ],
            [
              14.3796736,
              51.8219397
            ],
            [
              14.3795981,
              51.8219269
            ],
            [
              14.3796562,
              51.8218616
            ],
            [
              14.3797298,
              51.821779
            ],
            [
              14.3798099,
              51.8217532
            ],
            [
              14.3795321,
              51.821718
            ],
            [
              14.3793422,
              51.821694
            ],
            [
              14.3789612,
              51.8216401
            ],
            [
              14.378692,
              51.8216037
            ],
            [
              14.3784572,
              51.8215838
            ],
            [
              14.3780909,
              51.8215526
            ],
            [
              14.3776063,
              51.8215241
            ],
            [
              14.3773883,
              51.8214493
            ],
            [
              14.377173,
              51.8213755
            ],
            [
              14.3770655,
              51.8213529
            ],
            [
              14.3769173,
              51.8213218
            ],
            [
              14.3767184,
              51.8213097
            ],
            [
              14.3763781,
              51.8212456
            ],
            [
              14.3760918,
              51.8212056
            ],
            [
              14.3760833,
              51.8212274
            ],
            [
              14.3760241,
              51.8212325
            ],
            [
              14.3759328,
              51.8212375
            ],
            [
              14.3756863,
              51.821251
            ],
            [
              14.3751565,
              51.8211617
            ],
            [
              14.3748406,
              51.8211097
            ],
            [
              14.3747423,
              51.8211254
            ],
            [
              14.3746302,
              51.8211428
            ],
            [
              14.3743321,
              51.8212715
            ],
            [
              14.3742595,
              51.8210941
            ],
            [
              14.3741896,
              51.8209606
            ],
            [
              14.3741295,
              51.8208461
            ],
            [
              14.3740457,
              51.8207063
            ],
            [
              14.3740081,
              51.8206399
            ],
            [
              14.3739675,
              51.8205682
            ],
            [
              14.3739455,
              51.8205326
            ],
            [
              14.3738811,
              51.820428
            ],
            [
              14.3738203,
              51.8203294
            ],
            [
              14.3737508,
              51.8202167
            ],
            [
              14.3736857,
              51.8200899
            ],
            [
              14.3736309,
              51.8199831
            ],
            [
              14.3735695,
              51.8198636
            ],
            [
              14.3735307,
              51.8197789
            ],
            [
              14.3735193,
              51.819754
            ],
            [
              14.3734854,
              51.8196852
            ],
            [
              14.3734545,
              51.8196207
            ],
            [
              14.3734156,
              51.8195396
            ],
            [
              14.3733482,
              51.819395
            ],
            [
              14.3733216,
              51.8193311
            ],
            [
              14.3732996,
              51.8192781
            ],
            [
              14.3734638,
              51.8192472
            ],
            [
              14.3738402,
              51.8191792
            ],
            [
              14.3738751,
              51.8191728
            ],
            [
              14.3739393,
              51.8191609
            ],
            [
              14.3739204,
              51.8191351
            ],
            [
              14.373673,
              51.8189479
            ],
            [
              14.3735724,
              51.818857
            ],
            [
              14.373353,
              51.8186845
            ],
            [
              14.3732799,
              51.8186286
            ],
            [
              14.3732081,
              51.8185737
            ],
            [
              14.3731507,
              51.8185298
            ],
            [
              14.37312,
              51.8185063
            ],
            [
              14.373043,
              51.8184449
            ],
            [
              14.372973,
              51.8183958
            ],
            [
              14.372924,
              51.8183613
            ],
            [
              14.3728378,
              51.8182729
            ],
            [
              14.372745,
              51.8181725
            ],
            [
              14.3725492,
              51.8180498
            ],
            [
              14.372484,
              51.818009
            ],
            [
              14.3723621,
              51.8179496
            ],
            [
              14.3721889,
              51.8178929
            ],
            [
              14.3720822,
              51.8178666
            ],
            [
              14.371995,
              51.8178452
            ],
            [
              14.3718001,
              51.8178077
            ],
            [
              14.3716782,
              51.8177685
            ],
            [
              14.3715819,
              51.8177332
            ],
            [
              14.3714896,
              51.8177104
            ],
            [
              14.3713415,
              51.8176803
            ],
            [
              14.3711788,
              51.8176439
            ],
            [
              14.3709885,
              51.8176156
            ],
            [
              14.3708863,
              51.8175708
            ],
            [
              14.3707839,
              51.8175259
            ],
            [
              14.370663,
              51.8174729
            ],
            [
              14.3706101,
              51.8174565
            ],
            [
              14.3705162,
              51.8174275
            ],
            [
              14.3703185,
              51.8173651
            ],
            [
              14.3701541,
              51.8173255
            ],
            [
              14.3699515,
              51.8173086
            ],
            [
              14.3697851,
              51.817303
            ],
            [
              14.3696138,
              51.8172972
            ],
            [
              14.3695035,
              51.8172915
            ],
            [
              14.3691465,
              51.8172644
            ],
            [
              14.3688647,
              51.8172429
            ],
            [
              14.3686566,
              51.8172242
            ],
            [
              14.3684497,
              51.8171951
            ],
            [
              14.3682625,
              51.8171539
            ],
            [
              14.3681118,
              51.8171336
            ],
            [
              14.3680562,
              51.8171242
            ],
            [
              14.3680053,
              51.8171604
            ],
            [
              14.3679231,
              51.8172125
            ],
            [
              14.3678409,
              51.8172647
            ],
            [
              14.3677327,
              51.8173081
            ],
            [
              14.3676438,
              51.8173335
            ],
            [
              14.3675116,
              51.8173583
            ],
            [
              14.3674894,
              51.8173624
            ],
            [
              14.3674907,
              51.8172999
            ],
            [
              14.3674985,
              51.8172164
            ],
            [
              14.3675305,
              51.8169334
            ],
            [
              14.3675701,
              51.8165452
            ],
            [
              14.3675506,
              51.8162556
            ],
            [
              14.3675269,
              51.816052
            ],
            [
              14.3675822,
              51.816016
            ],
            [
              14.3676556,
              51.8159313
            ],
            [
              14.3677046,
              51.8157799
            ],
            [
              14.3677415,
              51.8155394
            ],
            [
              14.3677832,
              51.8154108
            ],
            [
              14.3678239,
              51.8152855
            ],
            [
              14.3678651,
              51.8150007
            ],
            [
              14.3679421,
              51.8147775
            ],
            [
              14.3680769,
              51.8143781
            ],
            [
              14.3682573,
              51.8139614
            ],
            [
              14.3683094,
              51.8137135
            ],
            [
              14.3685843,
              51.8135315
            ],
            [
              14.3689329,
              51.8134489
            ],
            [
              14.3691744,
              51.8132835
            ],
            [
              14.3694705,
              51.8131145
            ],
            [
              14.3696257,
              51.8129577
            ],
            [
              14.3697683,
              51.8128116
            ],
            [
              14.3700143,
              51.8126354
            ],
            [
              14.3700843,
              51.8125705
            ],
            [
              14.370277,
              51.8123453
            ],
            [
              14.3705553,
              51.8122168
            ],
            [
              14.3707837,
              51.8121457
            ],
            [
              14.3708853,
              51.8121008
            ],
            [
              14.3709753,
              51.8120611
            ],
            [
              14.37119,
              51.8119271
            ],
            [
              14.3714435,
              51.8117241
            ],
            [
              14.3714749,
              51.8117053
            ],
            [
              14.3716649,
              51.8115915
            ],
            [
              14.3716852,
              51.8114892
            ],
            [
              14.3719284,
              51.8108122
            ],
            [
              14.3719479,
              51.8106815
            ],
            [
              14.3719798,
              51.8104682
            ],
            [
              14.3717971,
              51.8101349
            ],
            [
              14.3717375,
              51.8100269
            ],
            [
              14.3720284,
              51.8099691
            ],
            [
              14.372159,
              51.8099722
            ],
            [
              14.3722971,
              51.8099412
            ],
            [
              14.3724269,
              51.8099901
            ],
            [
              14.3726127,
              51.8100271
            ],
            [
              14.37283,
              51.8100407
            ],
            [
              14.3728582,
              51.8100425
            ],
            [
              14.3730175,
              51.8100466
            ],
            [
              14.3733052,
              51.8100013
            ],
            [
              14.3736876,
              51.8099412
            ],
            [
              14.3736652,
              51.8099149
            ],
            [
              14.3736353,
              51.8098819
            ],
            [
              14.3733911,
              51.8096128
            ],
            [
              14.3730684,
              51.8092571
            ],
            [
              14.3727233,
              51.8088768
            ],
            [
              14.3725398,
              51.8086744
            ],
            [
              14.3725588,
              51.8086678
            ],
            [
              14.3725072,
              51.8086109
            ],
            [
              14.3724376,
              51.8085343
            ],
            [
              14.3723354,
              51.8084216
            ],
            [
              14.3722063,
              51.8082793
            ],
            [
              14.3721366,
              51.8082025
            ],
            [
              14.3720631,
              51.8081215
            ],
            [
              14.3719866,
              51.8080371
            ],
            [
              14.3719176,
              51.8079611
            ],
            [
              14.3717695,
              51.8077979
            ],
            [
              14.3716804,
              51.8076996
            ],
            [
              14.3715953,
              51.8076009
            ],
            [
              14.3714281,
              51.8074069
            ],
            [
              14.3713489,
              51.807315
            ],
            [
              14.3713272,
              51.8072898
            ],
            [
              14.3712205,
              51.807166
            ],
            [
              14.371174,
              51.8071121
            ],
            [
              14.3708878,
              51.806803
            ],
            [
              14.3708635,
              51.8067771
            ],
            [
              14.3706768,
              51.80657
            ],
            [
              14.3704017,
              51.8062617
            ],
            [
              14.3703256,
              51.8061764
            ],
            [
              14.3701708,
              51.805995
            ],
            [
              14.3700428,
              51.8058538
            ],
            [
              14.3700132,
              51.8058145
            ],
            [
              14.3699089,
              51.805676
            ],
            [
              14.3699011,
              51.8056647
            ],
            [
              14.3701279,
              51.8056652
            ],
            [
              14.3707982,
              51.805761
            ],
            [
              14.3712748,
              51.8058424
            ],
            [
              14.3713929,
              51.8058626
            ],
            [
              14.371928,
              51.805954
            ],
            [
              14.3720901,
              51.805928
            ],
            [
              14.3721816,
              51.8059056
            ],
            [
              14.3722741,
              51.8058544
            ],
            [
              14.3724108,
              51.80576
            ],
            [
              14.3724734,
              51.8057164
            ],
            [
              14.3725371,
              51.8056898
            ],
            [
              14.3726449,
              51.8056511
            ],
            [
              14.3726822,
              51.8055691
            ],
            [
              14.3725649,
              51.8052072
            ],
            [
              14.3725192,
              51.8050516
            ],
            [
              14.3725062,
              51.8050074
            ],
            [
              14.3724745,
              51.8049128
            ],
            [
              14.3724012,
              51.8046934
            ],
            [
              14.3726585,
              51.8046369
            ],
            [
              14.3728175,
              51.8045938
            ],
            [
              14.3731088,
              51.8045148
            ],
            [
              14.3735437,
              51.8043895
            ],
            [
              14.3736624,
              51.804365
            ],
            [
              14.3743653,
              51.8042209
            ],
            [
              14.3749866,
              51.8038946
            ],
            [
              14.3754833,
              51.803296
            ],
            [
              14.3755316,
              51.8032379
            ],
            [
              14.3755631,
              51.8032292
            ],
            [
              14.3755781,
              51.803225
            ],
            [
              14.3756412,
              51.8032076
            ],
            [
              14.3756586,
              51.8031947
            ],
            [
              14.3757742,
              51.8031094
            ],
            [
              14.3757956,
              51.8029953
            ],
            [
              14.3759299,
              51.802908
            ],
            [
              14.3758662,
              51.8026366
            ],
            [
              14.3758341,
              51.8024994
            ],
            [
              14.3758096,
              51.802395
            ],
            [
              14.3757491,
              51.8021796
            ],
            [
              14.3755094,
              51.8013133
            ],
            [
              14.3753945,
              51.8009031
            ],
            [
              14.3752495,
              51.8003855
            ],
            [
              14.375183,
              51.8001496
            ],
            [
              14.3749529,
              51.7993246
            ],
            [
              14.374766,
              51.7986468
            ],
            [
              14.3746745,
              51.7983129
            ],
            [
              14.374733,
              51.798306
            ],
            [
              14.3747773,
              51.7982666
            ],
            [
              14.3747259,
              51.7981931
            ],
            [
              14.3746077,
              51.797748
            ],
            [
              14.3745629,
              51.7975635
            ],
            [
              14.3744282,
              51.7970475
            ],
            [
              14.3743789,
              51.7968586
            ],
            [
              14.3742859,
              51.7964431
            ],
            [
              14.3742842,
              51.7962809
            ],
            [
              14.3743784,
              51.7962522
            ],
            [
              14.3743709,
              51.796206
            ],
            [
              14.3742674,
              51.7962142
            ],
            [
              14.3742378,
              51.7961749
            ],
            [
              14.3742296,
              51.796164
            ],
            [
              14.3741594,
              51.7960706
            ],
            [
              14.3741225,
              51.7959486
            ],
            [
              14.374111,
              51.7959105
            ],
            [
              14.3739222,
              51.7952809
            ],
            [
              14.3738434,
              51.7950114
            ],
            [
              14.373808,
              51.7951063
            ],
            [
              14.3735778,
              51.794247
            ],
            [
              14.3735567,
              51.7941775
            ],
            [
              14.3735382,
              51.7941167
            ],
            [
              14.3735278,
              51.7940796
            ],
            [
              14.3734555,
              51.7938218
            ],
            [
              14.3736061,
              51.7938062
            ],
            [
              14.3734918,
              51.7933818
            ],
            [
              14.3733976,
              51.7930308
            ],
            [
              14.3732425,
              51.7924597
            ],
            [
              14.3732158,
              51.7923612
            ],
            [
              14.3733247,
              51.792354
            ],
            [
              14.3733302,
              51.7923152
            ],
            [
              14.3732128,
              51.7922839
            ],
            [
              14.3731393,
              51.7921755
            ],
            [
              14.3730295,
              51.791867
            ],
            [
              14.3730418,
              51.79172
            ],
            [
              14.3730171,
              51.7916004
            ],
            [
              14.3729642,
              51.7914427
            ],
            [
              14.3732049,
              51.7913986
            ],
            [
              14.3731822,
              51.7913499
            ],
            [
              14.3729638,
              51.7913812
            ],
            [
              14.3729169,
              51.7913879
            ],
            [
              14.3727888,
              51.7910081
            ],
            [
              14.3727359,
              51.790593
            ],
            [
              14.3724925,
              51.7898954
            ],
            [
              14.3724048,
              51.7898918
            ],
            [
              14.372177,
              51.7898785
            ],
            [
              14.3721717,
              51.7898617
            ],
            [
              14.3721101,
              51.789842
            ],
            [
              14.3720063,
              51.7898269
            ],
            [
              14.3718627,
              51.789806
            ],
            [
              14.3718001,
              51.7897849
            ],
            [
              14.3717922,
              51.7897823
            ],
            [
              14.3716079,
              51.7897756
            ],
            [
              14.371398,
              51.7897498
            ],
            [
              14.3711212,
              51.7897664
            ],
            [
              14.3707574,
              51.7897854
            ],
            [
              14.3707221,
              51.789788
            ],
            [
              14.3705599,
              51.7898001
            ],
            [
              14.3703264,
              51.7897768
            ],
            [
              14.3701831,
              51.7898144
            ],
            [
              14.3700614,
              51.7898334
            ],
            [
              14.3699718,
              51.7898075
            ],
            [
              14.3698895,
              51.7897947
            ],
            [
              14.3698108,
              51.7897825
            ],
            [
              14.3697815,
              51.7897861
            ],
            [
              14.3696555,
              51.7898217
            ],
            [
              14.3694942,
              51.7898365
            ],
            [
              14.3693925,
              51.7898597
            ],
            [
              14.3691586,
              51.7898733
            ],
            [
              14.3690076,
              51.7898664
            ],
            [
              14.3687284,
              51.78991
            ],
            [
              14.3684009,
              51.7899488
            ],
            [
              14.3681701,
              51.789992
            ],
            [
              14.3679398,
              51.7900325
            ],
            [
              14.3678194,
              51.790075
            ],
            [
              14.3677467,
              51.7901318
            ],
            [
              14.3677773,
              51.7901943
            ],
            [
              14.36782,
              51.7902205
            ],
            [
              14.3677246,
              51.7902225
            ],
            [
              14.3676768,
              51.7902413
            ],
            [
              14.367638,
              51.7902867
            ],
            [
              14.3676186,
              51.7903162
            ],
            [
              14.367568,
              51.790332
            ],
            [
              14.3672328,
              51.7905604
            ],
            [
              14.3672567,
              51.7905873
            ],
            [
              14.3669499,
              51.7906517
            ],
            [
              14.3666699,
              51.7907104
            ],
            [
              14.3661565,
              51.7908184
            ],
            [
              14.3661496,
              51.7906698
            ],
            [
              14.3661333,
              51.7904902
            ],
            [
              14.3661402,
              51.7903101
            ],
            [
              14.366138,
              51.7902927
            ],
            [
              14.366118,
              51.7901307
            ],
            [
              14.3660858,
              51.7899515
            ],
            [
              14.366068,
              51.789772
            ],
            [
              14.3660778,
              51.7895918
            ],
            [
              14.3659918,
              51.7892879
            ],
            [
              14.3659137,
              51.7891187
            ],
            [
              14.3658727,
              51.7889555
            ],
            [
              14.3658254,
              51.7887669
            ],
            [
              14.3657925,
              51.7886357
            ]
          ]
        ]
      }
    },
    {
      "type": "Feature",
      "properties": {
        "name": "Kahren",
        "city": "Cottbus",
        "osm_id": 1626796,
        "osm_type": "relation",
        "display": "Kahren, Cottbus, Brandenburg, Deutschland"
      },
      "geometry": {
        "type": "Polygon",
        "coordinates": [
          [
            [
              14.3817955,
              51.7262433
            ],
            [
              14.3818217,
              51.7258175
            ],
            [
              14.3818413,
              51.7256974
            ],
            [
              14.3818948,
              51.7253687
            ],
            [
              14.3819428,
              51.7250742
            ],
            [
              14.3819837,
              51.7248226
            ],
            [
              14.3820522,
              51.7246364
            ],
            [
              14.382077,
              51.7245697
            ],
            [
              14.3820948,
              51.7245219
            ],
            [
              14.3821145,
              51.7244681
            ],
            [
              14.382122,
              51.7244478
            ],
            [
              14.382139,
              51.7244015
            ],
            [
              14.3821581,
              51.7243498
            ],
            [
              14.3821771,
              51.7242984
            ],
            [
              14.3822707,
              51.7240448
            ],
            [
              14.3823176,
              51.7239177
            ],
            [
              14.3823508,
              51.723828
            ],
            [
              14.3824187,
              51.7236441
            ],
            [
              14.3824598,
              51.7235408
            ],
            [
              14.3825775,
              51.7232455
            ],
            [
              14.3826411,
              51.7230859
            ],
            [
              14.3827904,
              51.7227112
            ],
            [
              14.3829527,
              51.7223037
            ],
            [
              14.3829699,
              51.7222605
            ],
            [
              14.3829822,
              51.7220163
            ],
            [
              14.3829912,
              51.7218419
            ],
            [
              14.3829996,
              51.7215978
            ],
            [
              14.3830087,
              51.7214969
            ],
            [
              14.3830459,
              51.7213697
            ],
            [
              14.3830925,
              51.7212105
            ],
            [
              14.3831711,
              51.7209415
            ],
            [
              14.3832103,
              51.7208385
            ],
            [
              14.3832852,
              51.7206412
            ],
            [
              14.3833342,
              51.7205123
            ],
            [
              14.3833825,
              51.7203851
            ],
            [
              14.3834057,
              51.7203241
            ],
            [
              14.3834297,
              51.7202609
            ],
            [
              14.3834437,
              51.7202236
            ],
            [
              14.3834471,
              51.7202145
            ],
            [
              14.3834479,
              51.7201695
            ],
            [
              14.3834488,
              51.7201225
            ],
            [
              14.3834488,
              51.7201217
            ],
            [
              14.3834582,
              51.7196908
            ],
            [
              14.3834593,
              51.7196422
            ],
            [
              14.3834567,
              51.7195466
            ],
            [
              14.3834588,
              51.7193882
            ],
            [
              14.3836374,
              51.7189893
            ],
            [
              14.3836727,
              51.7189105
            ],
            [
              14.3837458,
              51.7187315
            ],
            [
              14.3837621,
              51.718692
            ],
            [
              14.3837785,
              51.7186525
            ],
            [
              14.3837949,
              51.718613
            ],
            [
              14.3838978,
              51.7183662
            ],
            [
              14.3839527,
              51.7182344
            ],
            [
              14.3839527,
              51.718233
            ],
            [
              14.3839552,
              51.7179914
            ],
            [
              14.3839575,
              51.7178121
            ],
            [
              14.3839587,
              51.7177185
            ],
            [
              14.3839178,
              51.7173839
            ],
            [
              14.3838942,
              51.7171905
            ],
            [
              14.3838439,
              51.7170528
            ],
            [
              14.3837889,
              51.7169021
            ],
            [
              14.3837392,
              51.7167657
            ],
            [
              14.3836126,
              51.7165778
            ],
            [
              14.3836101,
              51.7165742
            ],
            [
              14.3834495,
              51.716336
            ],
            [
              14.383422,
              51.7162952
            ],
            [
              14.3833782,
              51.7162301
            ],
            [
              14.3833695,
              51.7161588
            ],
            [
              14.3833329,
              51.7158574
            ],
            [
              14.3833404,
              51.7157936
            ],
            [
              14.3833682,
              51.7155306
            ],
            [
              14.3833816,
              51.7151902
            ],
            [
              14.3833845,
              51.7151185
            ],
            [
              14.3833848,
              51.715108
            ],
            [
              14.3833859,
              51.7150776
            ],
            [
              14.3834044,
              51.7146116
            ],
            [
              14.3834141,
              51.7143644
            ],
            [
              14.3834491,
              51.7142373
            ],
            [
              14.3835251,
              51.7139619
            ],
            [
              14.3835723,
              51.7137897
            ],
            [
              14.3835875,
              51.7137348
            ],
            [
              14.3836333,
              51.7135684
            ],
            [
              14.3836007,
              51.713347
            ],
            [
              14.3835914,
              51.7132838
            ],
            [
              14.3835904,
              51.7132768
            ],
            [
              14.3835676,
              51.7131216
            ],
            [
              14.3845982,
              51.7128517
            ],
            [
              14.3852663,
              51.7126516
            ],
            [
              14.3888678,
              51.7107418
            ],
            [
              14.3898087,
              51.7100904
            ],
            [
              14.3902875,
              51.7092348
            ],
            [
              14.3908303,
              51.7083417
            ],
            [
              14.3931891,
              51.7085787
            ],
            [
              14.3944431,
              51.7074857
            ],
            [
              14.3967597,
              51.7063602
            ],
            [
              14.3970042,
              51.7059463
            ],
            [
              14.3984244,
              51.7058114
            ],
            [
              14.3991434,
              51.7054728
            ],
            [
              14.3990463,
              51.7049878
            ],
            [
              14.4003188,
              51.7048786
            ],
            [
              14.4015741,
              51.7042648
            ],
            [
              14.4029531,
              51.7034991
            ],
            [
              14.4036506,
              51.702747
            ],
            [
              14.4065722,
              51.7031548
            ],
            [
              14.4142073,
              51.7039656
            ],
            [
              14.4163449,
              51.7042209
            ],
            [
              14.418268,
              51.7045735
            ],
            [
              14.4184445,
              51.7044444
            ],
            [
              14.4200509,
              51.7047891
            ],
            [
              14.4215405,
              51.7047967
            ],
            [
              14.4227797,
              51.7048266
            ],
            [
              14.4240612,
              51.7048178
            ],
            [
              14.426212,
              51.7047035
            ],
            [
              14.4279644,
              51.7046621
            ],
            [
              14.4279724,
              51.7046272
            ],
            [
              14.4292277,
              51.7045706
            ],
            [
              14.4309443,
              51.704451
            ],
            [
              14.4323873,
              51.7043546
            ],
            [
              14.4354459,
              51.7042264
            ],
            [
              14.4385443,
              51.7039108
            ],
            [
              14.4412601,
              51.7035434
            ],
            [
              14.4433949,
              51.7033197
            ],
            [
              14.445169,
              51.7080309
            ],
            [
              14.4477925,
              51.7130024
            ],
            [
              14.4486831,
              51.7146539
            ],
            [
              14.4490063,
              51.7156762
            ],
            [
              14.4489956,
              51.7160551
            ],
            [
              14.4495216,
              51.7187789
            ],
            [
              14.4496986,
              51.7192756
            ],
            [
              14.4507149,
              51.7214468
            ],
            [
              14.4490761,
              51.7225771
            ],
            [
              14.4472715,
              51.7236918
            ],
            [
              14.4446933,
              51.7248417
            ],
            [
              14.4427809,
              51.7256259
            ],
            [
              14.4397033,
              51.7270212
            ],
            [
              14.4379824,
              51.7278024
            ],
            [
              14.4362422,
              51.7285894
            ],
            [
              14.4356516,
              51.7288606
            ],
            [
              14.4346136,
              51.729271
            ],
            [
              14.4339819,
              51.7294822
            ],
            [
              14.432838,
              51.7299122
            ],
            [
              14.4323673,
              51.7300704
            ],
            [
              14.4284981,
              51.7303575
            ],
            [
              14.427436,
              51.7304239
            ],
            [
              14.4254767,
              51.7305822
            ],
            [
              14.4237935,
              51.7308359
            ],
            [
              14.4224659,
              51.7309613
            ],
            [
              14.4213021,
              51.7308618
            ],
            [
              14.4182568,
              51.7321317
            ],
            [
              14.4166857,
              51.7328426
            ],
            [
              14.4164863,
              51.7329913
            ],
            [
              14.414386,
              51.7345575
            ],
            [
              14.4119838,
              51.7355752
            ],
            [
              14.4116002,
              51.7357548
            ],
            [
              14.4114017,
              51.7358501
            ],
            [
              14.410654,
              51.7362019
            ],
            [
              14.4103872,
              51.7363299
            ],
            [
              14.4096234,
              51.7367088
            ],
            [
              14.4088308,
              51.7370909
            ],
            [
              14.4073089,
              51.7376266
            ],
            [
              14.4068753,
              51.7377771
            ],
            [
              14.4040672,
              51.7387517
            ],
            [
              14.4034941,
              51.7389489
            ],
            [
              14.402392,
              51.7393376
            ],
            [
              14.401865,
              51.7395198
            ],
            [
              14.401269,
              51.7397266
            ],
            [
              14.4003341,
              51.7400505
            ],
            [
              14.3997254,
              51.7403008
            ],
            [
              14.3992433,
              51.7404933
            ],
            [
              14.3976239,
              51.741174
            ],
            [
              14.3953901,
              51.7422193
            ],
            [
              14.3950033,
              51.7423984
            ],
            [
              14.3942448,
              51.742195
            ],
            [
              14.3939938,
              51.7421277
            ],
            [
              14.3931804,
              51.7419096
            ],
            [
              14.3918674,
              51.7415576
            ],
            [
              14.3906852,
              51.7411018
            ],
            [
              14.3906405,
              51.7410845
            ],
            [
              14.3896817,
              51.7407156
            ],
            [
              14.3896099,
              51.7406872
            ],
            [
              14.3893961,
              51.7406047
            ],
            [
              14.3886923,
              51.7402336
            ],
            [
              14.3884078,
              51.7400835
            ],
            [
              14.3881743,
              51.7394167
            ],
            [
              14.3877789,
              51.7382875
            ],
            [
              14.3875859,
              51.7377386
            ],
            [
              14.3875771,
              51.7377116
            ],
            [
              14.3875742,
              51.7377028
            ],
            [
              14.3863739,
              51.7358845
            ],
            [
              14.386358,
              51.7358596
            ],
            [
              14.3862846,
              51.7357484
            ],
            [
              14.3850763,
              51.7344615
            ],
            [
              14.3845757,
              51.73394
            ],
            [
              14.3838358,
              51.7331693
            ],
            [
              14.3834086,
              51.7325784
            ],
            [
              14.3829794,
              51.7319848
            ],
            [
              14.3829739,
              51.7319772
            ],
            [
              14.3825533,
              51.731237
            ],
            [
              14.3825889,
              51.7306134
            ],
            [
              14.3825941,
              51.7305292
            ],
            [
              14.3826125,
              51.7302331
            ],
            [
              14.382616,
              51.730179
            ],
            [
              14.3826183,
              51.7301386
            ],
            [
              14.3826394,
              51.7297781
            ],
            [
              14.3826598,
              51.7294304
            ],
            [
              14.3826445,
              51.7291069
            ],
            [
              14.3826327,
              51.7288552
            ],
            [
              14.3826265,
              51.7287227
            ],
            [
              14.3826222,
              51.7286322
            ],
            [
              14.3826211,
              51.7286079
            ],
            [
              14.382618,
              51.7285431
            ],
            [
              14.3826155,
              51.7284915
            ],
            [
              14.382614,
              51.7284592
            ],
            [
              14.382606,
              51.7282914
            ],
            [
              14.3825969,
              51.7281005
            ],
            [
              14.3825606,
              51.7277642
            ],
            [
              14.3824998,
              51.7272008
            ],
            [
              14.3824238,
              51.7270975
            ],
            [
              14.3821881,
              51.7267771
            ],
            [
              14.3820407,
              51.7265766
            ],
            [
              14.3819914,
              51.7265096
            ],
            [
              14.3817955,
              51.7262433
            ]
          ]
        ]
      }
    },
    {
      "type": "Feature",
      "properties": {
        "name": "Kiekebusch",
        "city": "Cottbus",
        "osm_id": 1626797,
        "osm_type": "relation",
        "display": "Kiekebusch, Cottbus, Brandenburg, 03051, Deutschland"
      },
      "geometry": {
        "type": "Polygon",
        "coordinates": [
          [
            [
              14.3513574,
              51.7269002
            ],
            [
              14.3513828,
              51.7266025
            ],
            [
              14.3514335,
              51.7264925
            ],
            [
              14.3516464,
              51.7262758
            ],
            [
              14.3517795,
              51.7260824
            ],
            [
              14.3519588,
              51.7258219
            ],
            [
              14.3524345,
              51.7250774
            ],
            [
              14.3528301,
              51.7246662
            ],
            [
              14.3532901,
              51.7242509
            ],
            [
              14.3534136,
              51.7241694
            ],
            [
              14.3536849,
              51.7240349
            ],
            [
              14.3538451,
              51.7239654
            ],
            [
              14.3544081,
              51.7237212
            ],
            [
              14.3552135,
              51.7233334
            ],
            [
              14.3555034,
              51.7231515
            ],
            [
              14.3557919,
              51.7228979
            ],
            [
              14.3560725,
              51.7225004
            ],
            [
              14.3563338,
              51.7218769
            ],
            [
              14.356566,
              51.7210858
            ],
            [
              14.3566712,
              51.7207515
            ],
            [
              14.3567257,
              51.7205468
            ],
            [
              14.356877,
              51.7199786
            ],
            [
              14.3570916,
              51.7192434
            ],
            [
              14.3571642,
              51.7189943
            ],
            [
              14.3573668,
              51.7182992
            ],
            [
              14.3575523,
              51.717663
            ],
            [
              14.3576019,
              51.7174944
            ],
            [
              14.3576603,
              51.7172556
            ],
            [
              14.3576944,
              51.7169852
            ],
            [
              14.3576943,
              51.7167329
            ],
            [
              14.3575881,
              51.716509
            ],
            [
              14.3575391,
              51.7163939
            ],
            [
              14.3574556,
              51.7161915
            ],
            [
              14.3574106,
              51.7160379
            ],
            [
              14.3574484,
              51.7160086
            ],
            [
              14.3574808,
              51.7159834
            ],
            [
              14.3575394,
              51.715938
            ],
            [
              14.3578114,
              51.7157552
            ],
            [
              14.3578244,
              51.7157464
            ],
            [
              14.3582628,
              51.7155504
            ],
            [
              14.359187,
              51.7153783
            ],
            [
              14.3595724,
              51.7153286
            ],
            [
              14.3602986,
              51.7151259
            ],
            [
              14.3609524,
              51.7148442
            ],
            [
              14.3612717,
              51.7147305
            ],
            [
              14.3617718,
              51.7143768
            ],
            [
              14.3625891,
              51.71388
            ],
            [
              14.3632684,
              51.7135235
            ],
            [
              14.363596,
              51.7134006
            ],
            [
              14.3639256,
              51.7132768
            ],
            [
              14.3643043,
              51.7131347
            ],
            [
              14.3652183,
              51.7128525
            ],
            [
              14.3659551,
              51.7126481
            ],
            [
              14.3664853,
              51.7124303
            ],
            [
              14.3670748,
              51.7121214
            ],
            [
              14.3676375,
              51.7117783
            ],
            [
              14.3685598,
              51.7112991
            ],
            [
              14.3692168,
              51.7110161
            ],
            [
              14.3697854,
              51.7108097
            ],
            [
              14.369941,
              51.7105935
            ],
            [
              14.3701093,
              51.710516
            ],
            [
              14.3702813,
              51.7104155
            ],
            [
              14.3704633,
              51.7103098
            ],
            [
              14.3708531,
              51.7100671
            ],
            [
              14.3709702,
              51.709926
            ],
            [
              14.3709939,
              51.7096335
            ],
            [
              14.3709937,
              51.7093689
            ],
            [
              14.3711193,
              51.7093948
            ],
            [
              14.3714037,
              51.7093699
            ],
            [
              14.3717036,
              51.7093557
            ],
            [
              14.3718798,
              51.709167
            ],
            [
              14.3724662,
              51.7086826
            ],
            [
              14.3724524,
              51.7086243
            ],
            [
              14.3724261,
              51.7085115
            ],
            [
              14.3723745,
              51.7083483
            ],
            [
              14.3723651,
              51.7082864
            ],
            [
              14.3723544,
              51.7082153
            ],
            [
              14.3723443,
              51.7081478
            ],
            [
              14.372336,
              51.7080929
            ],
            [
              14.3723221,
              51.7080002
            ],
            [
              14.3723192,
              51.7078975
            ],
            [
              14.3723167,
              51.7078059
            ],
            [
              14.3723142,
              51.7077174
            ],
            [
              14.3723232,
              51.7076244
            ],
            [
              14.3723287,
              51.7075681
            ],
            [
              14.3723394,
              51.7074575
            ],
            [
              14.3723432,
              51.7074184
            ],
            [
              14.3723617,
              51.7072279
            ],
            [
              14.3723728,
              51.7071841
            ],
            [
              14.3723921,
              51.7071083
            ],
            [
              14.3724055,
              51.7070555
            ],
            [
              14.3724594,
              51.7068436
            ],
            [
              14.3724811,
              51.706758
            ],
            [
              14.3723493,
              51.7066856
            ],
            [
              14.3722337,
              51.7066441
            ],
            [
              14.3720353,
              51.7066048
            ],
            [
              14.3718039,
              51.7066131
            ],
            [
              14.3716448,
              51.706619
            ],
            [
              14.3713708,
              51.7066287
            ],
            [
              14.3710832,
              51.7066849
            ],
            [
              14.3708199,
              51.7067114
            ],
            [
              14.3708036,
              51.7066396
            ],
            [
              14.3707939,
              51.7065968
            ],
            [
              14.3718239,
              51.7065543
            ],
            [
              14.3719514,
              51.7062606
            ],
            [
              14.3719761,
              51.7062038
            ],
            [
              14.3724676,
              51.7062209
            ],
            [
              14.3729226,
              51.706288
            ],
            [
              14.3731,
              51.706082
            ],
            [
              14.3732505,
              51.7059073
            ],
            [
              14.3732119,
              51.7058162
            ],
            [
              14.3729979,
              51.7057451
            ],
            [
              14.3725421,
              51.7056994
            ],
            [
              14.3723658,
              51.7056818
            ],
            [
              14.3723103,
              51.7056762
            ],
            [
              14.3720902,
              51.7056541
            ],
            [
              14.3719533,
              51.7056539
            ],
            [
              14.3718539,
              51.7056537
            ],
            [
              14.371771,
              51.7056
            ],
            [
              14.3717698,
              51.7055983
            ],
            [
              14.3716112,
              51.7055402
            ],
            [
              14.3719104,
              51.7053909
            ],
            [
              14.3721885,
              51.7052159
            ],
            [
              14.3721969,
              51.7052077
            ],
            [
              14.3722043,
              51.7051905
            ],
            [
              14.3722211,
              51.705152
            ],
            [
              14.3722309,
              51.7051137
            ],
            [
              14.3721766,
              51.7050362
            ],
            [
              14.3721865,
              51.7049708
            ],
            [
              14.3722425,
              51.7049397
            ],
            [
              14.3724277,
              51.7048873
            ],
            [
              14.3727573,
              51.7049313
            ],
            [
              14.3730737,
              51.704924
            ],
            [
              14.3734023,
              51.7049236
            ],
            [
              14.3734812,
              51.7049366
            ],
            [
              14.3736632,
              51.7049551
            ],
            [
              14.374145,
              51.7051335
            ],
            [
              14.3741738,
              51.7051643
            ],
            [
              14.3741951,
              51.7055218
            ],
            [
              14.3742038,
              51.7056666
            ],
            [
              14.3743306,
              51.7058036
            ],
            [
              14.374334,
              51.7058373
            ],
            [
              14.3745792,
              51.7059298
            ],
            [
              14.3746704,
              51.7059714
            ],
            [
              14.374672,
              51.7059721
            ],
            [
              14.3753217,
              51.7062683
            ],
            [
              14.3755039,
              51.7063236
            ],
            [
              14.3755501,
              51.7063376
            ],
            [
              14.375722,
              51.7063519
            ],
            [
              14.3757793,
              51.706532
            ],
            [
              14.3782701,
              51.707457
            ],
            [
              14.3803677,
              51.7082802
            ],
            [
              14.3808671,
              51.7083256
            ],
            [
              14.3812948,
              51.7083742
            ],
            [
              14.3825036,
              51.7089025
            ],
            [
              14.3825412,
              51.7089836
            ],
            [
              14.3823856,
              51.7104462
            ],
            [
              14.3821305,
              51.7116509
            ],
            [
              14.3825921,
              51.7118256
            ],
            [
              14.3831956,
              51.7121995
            ],
            [
              14.3833861,
              51.7126591
            ],
            [
              14.3835676,
              51.7131216
            ],
            [
              14.3835904,
              51.7132768
            ],
            [
              14.3835914,
              51.7132838
            ],
            [
              14.3836007,
              51.713347
            ],
            [
              14.3836333,
              51.7135684
            ],
            [
              14.3835875,
              51.7137348
            ],
            [
              14.3835723,
              51.7137897
            ],
            [
              14.3835251,
              51.7139619
            ],
            [
              14.3834491,
              51.7142373
            ],
            [
              14.3834141,
              51.7143644
            ],
            [
              14.3834044,
              51.7146116
            ],
            [
              14.3833859,
              51.7150776
            ],
            [
              14.3833848,
              51.715108
            ],
            [
              14.3833845,
              51.7151185
            ],
            [
              14.3833816,
              51.7151902
            ],
            [
              14.3833682,
              51.7155306
            ],
            [
              14.3833404,
              51.7157936
            ],
            [
              14.3833329,
              51.7158574
            ],
            [
              14.3833695,
              51.7161588
            ],
            [
              14.3833782,
              51.7162301
            ],
            [
              14.383422,
              51.7162952
            ],
            [
              14.3834495,
              51.716336
            ],
            [
              14.3836101,
              51.7165742
            ],
            [
              14.3836126,
              51.7165778
            ],
            [
              14.3837392,
              51.7167657
            ],
            [
              14.3837889,
              51.7169021
            ],
            [
              14.3838439,
              51.7170528
            ],
            [
              14.3838942,
              51.7171905
            ],
            [
              14.3839178,
              51.7173839
            ],
            [
              14.3839587,
              51.7177185
            ],
            [
              14.3839575,
              51.7178121
            ],
            [
              14.3839552,
              51.7179914
            ],
            [
              14.3839527,
              51.718233
            ],
            [
              14.3839527,
              51.7182344
            ],
            [
              14.3838978,
              51.7183662
            ],
            [
              14.3837949,
              51.718613
            ],
            [
              14.3837785,
              51.7186525
            ],
            [
              14.3837621,
              51.718692
            ],
            [
              14.3837458,
              51.7187315
            ],
            [
              14.3836727,
              51.7189105
            ],
            [
              14.3836374,
              51.7189893
            ],
            [
              14.3834588,
              51.7193882
            ],
            [
              14.3834567,
              51.7195466
            ],
            [
              14.3834593,
              51.7196422
            ],
            [
              14.3834582,
              51.7196908
            ],
            [
              14.3834488,
              51.7201217
            ],
            [
              14.3834488,
              51.7201225
            ],
            [
              14.3834479,
              51.7201695
            ],
            [
              14.3834471,
              51.7202145
            ],
            [
              14.3834437,
              51.7202236
            ],
            [
              14.3834297,
              51.7202609
            ],
            [
              14.3834057,
              51.7203241
            ],
            [
              14.3833825,
              51.7203851
            ],
            [
              14.3833342,
              51.7205123
            ],
            [
              14.3832852,
              51.7206412
            ],
            [
              14.3832103,
              51.7208385
            ],
            [
              14.3831711,
              51.7209415
            ],
            [
              14.3830925,
              51.7212105
            ],
            [
              14.3830459,
              51.7213697
            ],
            [
              14.3830087,
              51.7214969
            ],
            [
              14.3829996,
              51.7215978
            ],
            [
              14.3829912,
              51.7218419
            ],
            [
              14.3829822,
              51.7220163
            ],
            [
              14.3829699,
              51.7222605
            ],
            [
              14.3829527,
              51.7223037
            ],
            [
              14.3827904,
              51.7227112
            ],
            [
              14.3826411,
              51.7230859
            ],
            [
              14.3825775,
              51.7232455
            ],
            [
              14.3824598,
              51.7235408
            ],
            [
              14.3824187,
              51.7236441
            ],
            [
              14.3823508,
              51.723828
            ],
            [
              14.3823176,
              51.7239177
            ],
            [
              14.3822707,
              51.7240448
            ],
            [
              14.3821771,
              51.7242984
            ],
            [
              14.3821581,
              51.7243498
            ],
            [
              14.382139,
              51.7244015
            ],
            [
              14.382122,
              51.7244478
            ],
            [
              14.3821145,
              51.7244681
            ],
            [
              14.3820948,
              51.7245219
            ],
            [
              14.382077,
              51.7245697
            ],
            [
              14.3820522,
              51.7246364
            ],
            [
              14.3819837,
              51.7248226
            ],
            [
              14.3819428,
              51.7250742
            ],
            [
              14.3818948,
              51.7253687
            ],
            [
              14.3818413,
              51.7256974
            ],
            [
              14.3818217,
              51.7258175
            ],
            [
              14.3817955,
              51.7262433
            ],
            [
              14.3819914,
              51.7265096
            ],
            [
              14.3820407,
              51.7265766
            ],
            [
              14.3821881,
              51.7267771
            ],
            [
              14.3824238,
              51.7270975
            ],
            [
              14.3824998,
              51.7272008
            ],
            [
              14.3825606,
              51.7277642
            ],
            [
              14.3825969,
              51.7281005
            ],
            [
              14.382606,
              51.7282914
            ],
            [
              14.382614,
              51.7284592
            ],
            [
              14.3826155,
              51.7284915
            ],
            [
              14.382618,
              51.7285431
            ],
            [
              14.3826211,
              51.7286079
            ],
            [
              14.3826222,
              51.7286322
            ],
            [
              14.3826265,
              51.7287227
            ],
            [
              14.3825509,
              51.728721
            ],
            [
              14.3825009,
              51.7287194
            ],
            [
              14.3818534,
              51.7287024
            ],
            [
              14.3817945,
              51.7287009
            ],
            [
              14.3810428,
              51.7286811
            ],
            [
              14.3809855,
              51.7286796
            ],
            [
              14.3801288,
              51.7286571
            ],
            [
              14.3800472,
              51.7286549
            ],
            [
              14.37817,
              51.7286056
            ],
            [
              14.3780773,
              51.7286031
            ],
            [
              14.3774642,
              51.7285875
            ],
            [
              14.3774397,
              51.7285875
            ],
            [
              14.3772082,
              51.7285819
            ],
            [
              14.3765352,
              51.7285654
            ],
            [
              14.3765207,
              51.7285651
            ],
            [
              14.3759624,
              51.7285512
            ],
            [
              14.3737493,
              51.7284972
            ],
            [
              14.372638,
              51.7284718
            ],
            [
              14.3725731,
              51.7284703
            ],
            [
              14.3721869,
              51.7284613
            ],
            [
              14.3719864,
              51.7284567
            ],
            [
              14.3716073,
              51.728448
            ],
            [
              14.3711956,
              51.7284385
            ],
            [
              14.3701409,
              51.7284142
            ],
            [
              14.3697452,
              51.7284051
            ],
            [
              14.3695213,
              51.7283999
            ],
            [
              14.3691048,
              51.7283903
            ],
            [
              14.3689441,
              51.7283866
            ],
            [
              14.3686263,
              51.7283793
            ],
            [
              14.3682281,
              51.7283701
            ],
            [
              14.3681929,
              51.7283693
            ],
            [
              14.3681024,
              51.7283672
            ],
            [
              14.3680599,
              51.7283663
            ],
            [
              14.3678293,
              51.7283609
            ],
            [
              14.3678075,
              51.7283604
            ],
            [
              14.3677023,
              51.728358
            ],
            [
              14.367296,
              51.7283486
            ],
            [
              14.3665702,
              51.7283318
            ],
            [
              14.3665165,
              51.7283305
            ],
            [
              14.3655799,
              51.7283075
            ],
            [
              14.3653647,
              51.7283023
            ],
            [
              14.36535,
              51.7283019
            ],
            [
              14.3652942,
              51.7283005
            ],
            [
              14.3629985,
              51.7282339
            ],
            [
              14.3628737,
              51.7282309
            ],
            [
              14.3623904,
              51.728217
            ],
            [
              14.3622939,
              51.7282143
            ],
            [
              14.3619155,
              51.728207
            ],
            [
              14.3619005,
              51.7282055
            ],
            [
              14.3616393,
              51.7281982
            ],
            [
              14.3615939,
              51.728197
            ],
            [
              14.3615049,
              51.7281945
            ],
            [
              14.3609556,
              51.7281794
            ],
            [
              14.3608746,
              51.7281847
            ],
            [
              14.3608444,
              51.7281868
            ],
            [
              14.3608012,
              51.7281847
            ],
            [
              14.3607546,
              51.7281834
            ],
            [
              14.3607014,
              51.7281817
            ],
            [
              14.3604212,
              51.7281742
            ],
            [
              14.3602793,
              51.7281702
            ],
            [
              14.359621,
              51.728152
            ],
            [
              14.3592363,
              51.7281413
            ],
            [
              14.3584615,
              51.7281199
            ],
            [
              14.3581354,
              51.7281109
            ],
            [
              14.3579932,
              51.7281069
            ],
            [
              14.3578776,
              51.7281037
            ],
            [
              14.3573849,
              51.7280901
            ],
            [
              14.357168,
              51.7280847
            ],
            [
              14.3563757,
              51.7280646
            ],
            [
              14.3562891,
              51.7280624
            ],
            [
              14.3559856,
              51.7280547
            ],
            [
              14.3549611,
              51.7280287
            ],
            [
              14.3548741,
              51.728028
            ],
            [
              14.3548607,
              51.7280277
            ],
            [
              14.3548292,
              51.7280268
            ],
            [
              14.3546789,
              51.7280225
            ],
            [
              14.3546076,
              51.7280204
            ],
            [
              14.3545248,
              51.728018
            ],
            [
              14.3542561,
              51.7280102
            ],
            [
              14.3531454,
              51.7279781
            ],
            [
              14.3528367,
              51.7279692
            ],
            [
              14.3523265,
              51.7279545
            ],
            [
              14.3518389,
              51.7279404
            ],
            [
              14.3516491,
              51.7279349
            ],
            [
              14.3516207,
              51.7278974
            ],
            [
              14.3515703,
              51.7277924
            ],
            [
              14.3514665,
              51.7275762
            ],
            [
              14.3513695,
              51.7271544
            ],
            [
              14.3513574,
              51.7269002
            ]
          ]
        ]
      }
    },
    {
      "type": "Feature",
      "properties": {
        "name": "Gallinchen",
        "city": "Cottbus",
        "osm_id": 1322441,
        "osm_type": "relation",
        "display": "Gallinchen, Cottbus, Brandenburg, Deutschland"
      },
      "geometry": {
        "type": "Polygon",
        "coordinates": [
          [
            [
              14.3347201,
              51.7068793
            ],
            [
              14.3347202,
              51.7067886
            ],
            [
              14.3347203,
              51.7067379
            ],
            [
              14.3347211,
              51.7060512
            ],
            [
              14.3347271,
              51.7060156
            ],
            [
              14.3349296,
              51.7053771
            ],
            [
              14.3357769,
              51.7023468
            ],
            [
              14.3358913,
              51.7016465
            ],
            [
              14.3361498,
              51.7007441
            ],
            [
              14.3363149,
              51.6998486
            ],
            [
              14.3366323,
              51.6990675
            ],
            [
              14.3374537,
              51.6974729
            ],
            [
              14.3380392,
              51.6964097
            ],
            [
              14.3380484,
              51.6963929
            ],
            [
              14.3382264,
              51.6961338
            ],
            [
              14.3383399,
              51.6949522
            ],
            [
              14.3383708,
              51.694757
            ],
            [
              14.3384573,
              51.6942321
            ],
            [
              14.3385178,
              51.694064
            ],
            [
              14.3386462,
              51.6938906
            ],
            [
              14.3391065,
              51.6927617
            ],
            [
              14.3392786,
              51.692527
            ],
            [
              14.3395028,
              51.6925847
            ],
            [
              14.3407749,
              51.692768
            ],
            [
              14.3408878,
              51.6928026
            ],
            [
              14.3409658,
              51.6928537
            ],
            [
              14.3410263,
              51.6928702
            ],
            [
              14.3410855,
              51.6928781
            ],
            [
              14.3411538,
              51.6929045
            ],
            [
              14.3412299,
              51.692935
            ],
            [
              14.3415069,
              51.6930301
            ],
            [
              14.341929,
              51.6931416
            ],
            [
              14.3419856,
              51.6931543
            ],
            [
              14.3421023,
              51.6931907
            ],
            [
              14.3422718,
              51.6932297
            ],
            [
              14.3431283,
              51.6934731
            ],
            [
              14.3433,
              51.6935466
            ],
            [
              14.3439194,
              51.6938621
            ],
            [
              14.3440027,
              51.693904
            ],
            [
              14.3441404,
              51.6940087
            ],
            [
              14.3441947,
              51.6940799
            ],
            [
              14.3442856,
              51.6942096
            ],
            [
              14.3445952,
              51.6947622
            ],
            [
              14.3450691,
              51.6959414
            ],
            [
              14.3454373,
              51.6959923
            ],
            [
              14.3466465,
              51.6959459
            ],
            [
              14.3469312,
              51.6960757
            ],
            [
              14.3489035,
              51.6969744
            ],
            [
              14.3519679,
              51.6971056
            ],
            [
              14.3524449,
              51.6971908
            ],
            [
              14.3532777,
              51.6973413
            ],
            [
              14.3541977,
              51.6972892
            ],
            [
              14.3602246,
              51.6977995
            ],
            [
              14.3655747,
              51.6977666
            ],
            [
              14.36711,
              51.697873
            ],
            [
              14.3680338,
              51.6978808
            ],
            [
              14.3699317,
              51.6976256
            ],
            [
              14.3717904,
              51.6975143
            ],
            [
              14.3762809,
              51.6967626
            ],
            [
              14.3777276,
              51.6973903
            ],
            [
              14.3774154,
              51.698309
            ],
            [
              14.3773243,
              51.6986096
            ],
            [
              14.377204,
              51.6988359
            ],
            [
              14.3770131,
              51.6991316
            ],
            [
              14.3768004,
              51.6993027
            ],
            [
              14.3763846,
              51.6996065
            ],
            [
              14.3755299,
              51.7001423
            ],
            [
              14.3749076,
              51.7003784
            ],
            [
              14.3744114,
              51.7005263
            ],
            [
              14.373714,
              51.7006693
            ],
            [
              14.3732568,
              51.7008019
            ],
            [
              14.3730629,
              51.7010933
            ],
            [
              14.3729845,
              51.7012611
            ],
            [
              14.3728384,
              51.7015029
            ],
            [
              14.3728314,
              51.7016675
            ],
            [
              14.3728011,
              51.7019659
            ],
            [
              14.3728591,
              51.7020567
            ],
            [
              14.3728718,
              51.7021504
            ],
            [
              14.3730668,
              51.7024402
            ],
            [
              14.3732705,
              51.702588
            ],
            [
              14.3739821,
              51.7029163
            ],
            [
              14.3746939,
              51.7032242
            ],
            [
              14.375082,
              51.7034154
            ],
            [
              14.3753793,
              51.7036365
            ],
            [
              14.3755373,
              51.7037979
            ],
            [
              14.375613,
              51.7039191
            ],
            [
              14.3756801,
              51.7040637
            ],
            [
              14.3758088,
              51.7042598
            ],
            [
              14.3759242,
              51.7046022
            ],
            [
              14.3761964,
              51.7051213
            ],
            [
              14.3763713,
              51.7054264
            ],
            [
              14.3764257,
              51.7055663
            ],
            [
              14.3764654,
              51.705709
            ],
            [
              14.3763775,
              51.7059486
            ],
            [
              14.3763168,
              51.7060171
            ],
            [
              14.3762407,
              51.7060749
            ],
            [
              14.3760939,
              51.7061536
            ],
            [
              14.3759456,
              51.7062694
            ],
            [
              14.375722,
              51.7063519
            ],
            [
              14.3755501,
              51.7063376
            ],
            [
              14.3755039,
              51.7063236
            ],
            [
              14.3753217,
              51.7062683
            ],
            [
              14.374672,
              51.7059721
            ],
            [
              14.3746704,
              51.7059714
            ],
            [
              14.3745792,
              51.7059298
            ],
            [
              14.374334,
              51.7058373
            ],
            [
              14.3743306,
              51.7058036
            ],
            [
              14.3742038,
              51.7056666
            ],
            [
              14.3741951,
              51.7055218
            ],
            [
              14.3741738,
              51.7051643
            ],
            [
              14.374145,
              51.7051335
            ],
            [
              14.3736632,
              51.7049551
            ],
            [
              14.3734812,
              51.7049366
            ],
            [
              14.3734023,
              51.7049236
            ],
            [
              14.3730737,
              51.704924
            ],
            [
              14.3727573,
              51.7049313
            ],
            [
              14.3724277,
              51.7048873
            ],
            [
              14.3722425,
              51.7049397
            ],
            [
              14.3721865,
              51.7049708
            ],
            [
              14.3721766,
              51.7050362
            ],
            [
              14.3722309,
              51.7051137
            ],
            [
              14.3722211,
              51.705152
            ],
            [
              14.3722043,
              51.7051905
            ],
            [
              14.3721969,
              51.7052077
            ],
            [
              14.3721885,
              51.7052159
            ],
            [
              14.3719104,
              51.7053909
            ],
            [
              14.3716112,
              51.7055402
            ],
            [
              14.3717698,
              51.7055983
            ],
            [
              14.371771,
              51.7056
            ],
            [
              14.3718539,
              51.7056537
            ],
            [
              14.3719533,
              51.7056539
            ],
            [
              14.3720902,
              51.7056541
            ],
            [
              14.3723103,
              51.7056762
            ],
            [
              14.3723658,
              51.7056818
            ],
            [
              14.3725421,
              51.7056994
            ],
            [
              14.3729979,
              51.7057451
            ],
            [
              14.3732119,
              51.7058162
            ],
            [
              14.3732505,
              51.7059073
            ],
            [
              14.3731,
              51.706082
            ],
            [
              14.3729226,
              51.706288
            ],
            [
              14.3724676,
              51.7062209
            ],
            [
              14.3719761,
              51.7062038
            ],
            [
              14.3719514,
              51.7062606
            ],
            [
              14.3718239,
              51.7065543
            ],
            [
              14.3707939,
              51.7065968
            ],
            [
              14.3708036,
              51.7066396
            ],
            [
              14.3708199,
              51.7067114
            ],
            [
              14.3710832,
              51.7066849
            ],
            [
              14.3713708,
              51.7066287
            ],
            [
              14.3716448,
              51.706619
            ],
            [
              14.3718039,
              51.7066131
            ],
            [
              14.3720353,
              51.7066048
            ],
            [
              14.3722337,
              51.7066441
            ],
            [
              14.3723493,
              51.7066856
            ],
            [
              14.3724811,
              51.706758
            ],
            [
              14.3724594,
              51.7068436
            ],
            [
              14.3724055,
              51.7070555
            ],
            [
              14.3723921,
              51.7071083
            ],
            [
              14.3723728,
              51.7071841
            ],
            [
              14.3723617,
              51.7072279
            ],
            [
              14.3723432,
              51.7074184
            ],
            [
              14.3723394,
              51.7074575
            ],
            [
              14.3723287,
              51.7075681
            ],
            [
              14.3723232,
              51.7076244
            ],
            [
              14.3723142,
              51.7077174
            ],
            [
              14.3723167,
              51.7078059
            ],
            [
              14.3723192,
              51.7078975
            ],
            [
              14.3723221,
              51.7080002
            ],
            [
              14.372336,
              51.7080929
            ],
            [
              14.3723443,
              51.7081478
            ],
            [
              14.3723544,
              51.7082153
            ],
            [
              14.3723651,
              51.7082864
            ],
            [
              14.3723745,
              51.7083483
            ],
            [
              14.3724261,
              51.7085115
            ],
            [
              14.3724524,
              51.7086243
            ],
            [
              14.3724662,
              51.7086826
            ],
            [
              14.3718798,
              51.709167
            ],
            [
              14.3717036,
              51.7093557
            ],
            [
              14.3714037,
              51.7093699
            ],
            [
              14.3711193,
              51.7093948
            ],
            [
              14.3709937,
              51.7093689
            ],
            [
              14.3709939,
              51.7096335
            ],
            [
              14.3709702,
              51.709926
            ],
            [
              14.3708531,
              51.7100671
            ],
            [
              14.3704633,
              51.7103098
            ],
            [
              14.3702813,
              51.7104155
            ],
            [
              14.3701093,
              51.710516
            ],
            [
              14.369941,
              51.7105935
            ],
            [
              14.3697854,
              51.7108097
            ],
            [
              14.3692168,
              51.7110161
            ],
            [
              14.3685598,
              51.7112991
            ],
            [
              14.3676375,
              51.7117783
            ],
            [
              14.3670748,
              51.7121214
            ],
            [
              14.3664853,
              51.7124303
            ],
            [
              14.3659551,
              51.7126481
            ],
            [
              14.3652183,
              51.7128525
            ],
            [
              14.3643043,
              51.7131347
            ],
            [
              14.3639256,
              51.7132768
            ],
            [
              14.363596,
              51.7134006
            ],
            [
              14.3632684,
              51.7135235
            ],
            [
              14.3625891,
              51.71388
            ],
            [
              14.3617718,
              51.7143768
            ],
            [
              14.3612717,
              51.7147305
            ],
            [
              14.3609524,
              51.7148442
            ],
            [
              14.3602986,
              51.7151259
            ],
            [
              14.3595724,
              51.7153286
            ],
            [
              14.359187,
              51.7153783
            ],
            [
              14.3582628,
              51.7155504
            ],
            [
              14.3578244,
              51.7157464
            ],
            [
              14.3578114,
              51.7157552
            ],
            [
              14.3575394,
              51.715938
            ],
            [
              14.3574808,
              51.7159834
            ],
            [
              14.3574484,
              51.7160086
            ],
            [
              14.3574106,
              51.7160379
            ],
            [
              14.3572968,
              51.716029
            ],
            [
              14.357278,
              51.7160275
            ],
            [
              14.3569895,
              51.7160049
            ],
            [
              14.3567989,
              51.7160955
            ],
            [
              14.3567267,
              51.716135
            ],
            [
              14.3565494,
              51.7162076
            ],
            [
              14.3561465,
              51.7163648
            ],
            [
              14.3557925,
              51.7164928
            ],
            [
              14.355535,
              51.7165762
            ],
            [
              14.3553634,
              51.7165954
            ],
            [
              14.355301,
              51.716606
            ],
            [
              14.3551646,
              51.716622
            ],
            [
              14.3549686,
              51.7166465
            ],
            [
              14.3532939,
              51.7168558
            ],
            [
              14.3528936,
              51.7169056
            ],
            [
              14.3520881,
              51.7169623
            ],
            [
              14.3514783,
              51.7170052
            ],
            [
              14.3498987,
              51.7171002
            ],
            [
              14.3498492,
              51.7171032
            ],
            [
              14.3496508,
              51.7171154
            ],
            [
              14.3478542,
              51.7170964
            ],
            [
              14.3461793,
              51.7170997
            ],
            [
              14.3460921,
              51.7170999
            ],
            [
              14.3450966,
              51.7171018
            ],
            [
              14.3433421,
              51.7171735
            ],
            [
              14.3426063,
              51.7172076
            ],
            [
              14.3423408,
              51.7172244
            ],
            [
              14.3421925,
              51.7172338
            ],
            [
              14.3416915,
              51.7172604
            ],
            [
              14.3404376,
              51.717333
            ],
            [
              14.3401558,
              51.7173501
            ],
            [
              14.3396699,
              51.717377
            ],
            [
              14.3394248,
              51.7173911
            ],
            [
              14.3391901,
              51.7174046
            ],
            [
              14.3389524,
              51.7174183
            ],
            [
              14.3387219,
              51.7174316
            ],
            [
              14.3384856,
              51.7174453
            ],
            [
              14.3382436,
              51.7174592
            ],
            [
              14.3380159,
              51.7174723
            ],
            [
              14.3378992,
              51.7174794
            ],
            [
              14.3377825,
              51.7174864
            ],
            [
              14.3366315,
              51.7175582
            ],
            [
              14.3365071,
              51.717566
            ],
            [
              14.3364904,
              51.7175196
            ],
            [
              14.336482,
              51.7174962
            ],
            [
              14.3364407,
              51.7173816
            ],
            [
              14.3363844,
              51.7172245
            ],
            [
              14.3363707,
              51.7171928
            ],
            [
              14.3362647,
              51.7168952
            ],
            [
              14.3362588,
              51.7168783
            ],
            [
              14.336154,
              51.7165829
            ],
            [
              14.3360601,
              51.7163182
            ],
            [
              14.3360266,
              51.7162235
            ],
            [
              14.3359717,
              51.7160688
            ],
            [
              14.3359167,
              51.7159135
            ],
            [
              14.3358619,
              51.7157589
            ],
            [
              14.3357985,
              51.7155794
            ],
            [
              14.3357188,
              51.7153544
            ],
            [
              14.3356655,
              51.7152039
            ],
            [
              14.3356207,
              51.7150775
            ],
            [
              14.335602,
              51.7150247
            ],
            [
              14.3355752,
              51.7149502
            ],
            [
              14.3355465,
              51.714868
            ],
            [
              14.3354698,
              51.7146515
            ],
            [
              14.3354549,
              51.714611
            ],
            [
              14.3353838,
              51.7144072
            ],
            [
              14.3353738,
              51.7143804
            ],
            [
              14.3353195,
              51.7142271
            ],
            [
              14.33531,
              51.7142005
            ],
            [
              14.3352527,
              51.7140386
            ],
            [
              14.3351918,
              51.7138666
            ],
            [
              14.3351504,
              51.7137517
            ],
            [
              14.3351308,
              51.7136945
            ],
            [
              14.3351203,
              51.7136646
            ],
            [
              14.335003,
              51.7133361
            ],
            [
              14.3349731,
              51.713263
            ],
            [
              14.3349685,
              51.7131734
            ],
            [
              14.3349624,
              51.713053
            ],
            [
              14.334957,
              51.7129801
            ],
            [
              14.3347551,
              51.7116005
            ],
            [
              14.3348461,
              51.7107266
            ],
            [
              14.3348588,
              51.7102761
            ],
            [
              14.3347352,
              51.7089695
            ],
            [
              14.3347332,
              51.7089422
            ],
            [
              14.334723,
              51.708806
            ],
            [
              14.3347224,
              51.7084507
            ],
            [
              14.3347215,
              51.7079049
            ],
            [
              14.3347213,
              51.7077417
            ],
            [
              14.3347212,
              51.7076719
            ],
            [
              14.3347206,
              51.7072266
            ],
            [
              14.3347201,
              51.7068793
            ]
          ]
        ]
      }
    },
    {
      "type": "Feature",
      "properties": {
        "name": "Groß Gaglow",
        "city": "Cottbus",
        "osm_id": 1626781,
        "osm_type": "relation",
        "display": "Groß Gaglow, Cottbus, Brandenburg, Deutschland"
      },
      "geometry": {
        "type": "Polygon",
        "coordinates": [
          [
            [
              14.302346,
              51.702142
            ],
            [
              14.3032174,
              51.7012614
            ],
            [
              14.304641,
              51.7004622
            ],
            [
              14.3047577,
              51.7007631
            ],
            [
              14.3065698,
              51.7005638
            ],
            [
              14.3065596,
              51.7005197
            ],
            [
              14.30768,
              51.7005013
            ],
            [
              14.3088072,
              51.7006186
            ],
            [
              14.3096605,
              51.7006418
            ],
            [
              14.3108911,
              51.7005617
            ],
            [
              14.3112549,
              51.7012613
            ],
            [
              14.3131378,
              51.7010712
            ],
            [
              14.3134584,
              51.7010202
            ],
            [
              14.3150783,
              51.7007574
            ],
            [
              14.3167251,
              51.7005546
            ],
            [
              14.3176961,
              51.7003518
            ],
            [
              14.3185168,
              51.7002321
            ],
            [
              14.318549,
              51.700119
            ],
            [
              14.3206425,
              51.6997048
            ],
            [
              14.3216881,
              51.6985874
            ],
            [
              14.3233919,
              51.6982418
            ],
            [
              14.3259103,
              51.6973782
            ],
            [
              14.3279053,
              51.6968845
            ],
            [
              14.3296424,
              51.6964767
            ],
            [
              14.3302018,
              51.6963239
            ],
            [
              14.3335443,
              51.6958283
            ],
            [
              14.3334834,
              51.6949635
            ],
            [
              14.3347764,
              51.695135
            ],
            [
              14.3359819,
              51.6954326
            ],
            [
              14.3382264,
              51.6961338
            ],
            [
              14.3380484,
              51.6963929
            ],
            [
              14.3380392,
              51.6964097
            ],
            [
              14.3374537,
              51.6974729
            ],
            [
              14.3366323,
              51.6990675
            ],
            [
              14.3363149,
              51.6998486
            ],
            [
              14.3361498,
              51.7007441
            ],
            [
              14.3358913,
              51.7016465
            ],
            [
              14.3357769,
              51.7023468
            ],
            [
              14.3349296,
              51.7053771
            ],
            [
              14.3347271,
              51.7060156
            ],
            [
              14.3347211,
              51.7060512
            ],
            [
              14.3347203,
              51.7067379
            ],
            [
              14.3347202,
              51.7067886
            ],
            [
              14.3347201,
              51.7068793
            ],
            [
              14.3347206,
              51.7072266
            ],
            [
              14.3347212,
              51.7076719
            ],
            [
              14.3347213,
              51.7077417
            ],
            [
              14.3347215,
              51.7079049
            ],
            [
              14.3347224,
              51.7084507
            ],
            [
              14.334723,
              51.708806
            ],
            [
              14.3347332,
              51.7089422
            ],
            [
              14.3347352,
              51.7089695
            ],
            [
              14.3348588,
              51.7102761
            ],
            [
              14.3348461,
              51.7107266
            ],
            [
              14.3347551,
              51.7116005
            ],
            [
              14.334957,
              51.7129801
            ],
            [
              14.3349624,
              51.713053
            ],
            [
              14.3349685,
              51.7131734
            ],
            [
              14.3349731,
              51.713263
            ],
            [
              14.335003,
              51.7133361
            ],
            [
              14.3351203,
              51.7136646
            ],
            [
              14.3351308,
              51.7136945
            ],
            [
              14.3351504,
              51.7137517
            ],
            [
              14.3351918,
              51.7138666
            ],
            [
              14.3352527,
              51.7140386
            ],
            [
              14.33531,
              51.7142005
            ],
            [
              14.3353195,
              51.7142271
            ],
            [
              14.3353738,
              51.7143804
            ],
            [
              14.3353838,
              51.7144072
            ],
            [
              14.3354549,
              51.714611
            ],
            [
              14.3354698,
              51.7146515
            ],
            [
              14.3355465,
              51.714868
            ],
            [
              14.3355752,
              51.7149502
            ],
            [
              14.335602,
              51.7150247
            ],
            [
              14.3356207,
              51.7150775
            ],
            [
              14.3356655,
              51.7152039
            ],
            [
              14.3357188,
              51.7153544
            ],
            [
              14.3357985,
              51.7155794
            ],
            [
              14.3358619,
              51.7157589
            ],
            [
              14.3359167,
              51.7159135
            ],
            [
              14.3359717,
              51.7160688
            ],
            [
              14.3360266,
              51.7162235
            ],
            [
              14.3360601,
              51.7163182
            ],
            [
              14.336154,
              51.7165829
            ],
            [
              14.3362588,
              51.7168783
            ],
            [
              14.3362647,
              51.7168952
            ],
            [
              14.3363707,
              51.7171928
            ],
            [
              14.3363844,
              51.7172245
            ],
            [
              14.3364407,
              51.7173816
            ],
            [
              14.336482,
              51.7174962
            ],
            [
              14.3364904,
              51.7175196
            ],
            [
              14.3365071,
              51.717566
            ],
            [
              14.3365035,
              51.7175841
            ],
            [
              14.3365001,
              51.7175979
            ],
            [
              14.336476,
              51.7177214
            ],
            [
              14.3363401,
              51.7177356
            ],
            [
              14.3363274,
              51.7177369
            ],
            [
              14.3361682,
              51.7177536
            ],
            [
              14.3361565,
              51.7177551
            ],
            [
              14.3346433,
              51.7179134
            ],
            [
              14.3332582,
              51.7180584
            ],
            [
              14.3312498,
              51.7182686
            ],
            [
              14.3304289,
              51.718341
            ],
            [
              14.3297424,
              51.7184015
            ],
            [
              14.3290199,
              51.7184741
            ],
            [
              14.3284107,
              51.7185353
            ],
            [
              14.3280484,
              51.7185717
            ],
            [
              14.3267863,
              51.7187008
            ],
            [
              14.3264572,
              51.7187345
            ],
            [
              14.3261262,
              51.7187684
            ],
            [
              14.325921,
              51.7187894
            ],
            [
              14.3258658,
              51.718795
            ],
            [
              14.3257983,
              51.7188019
            ],
            [
              14.3256861,
              51.718814
            ],
            [
              14.3256134,
              51.7188218
            ],
            [
              14.3255295,
              51.7188307
            ],
            [
              14.3253917,
              51.7188455
            ],
            [
              14.325375,
              51.7188473
            ],
            [
              14.3253148,
              51.7188538
            ],
            [
              14.3252845,
              51.7188581
            ],
            [
              14.3251063,
              51.7188776
            ],
            [
              14.323437,
              51.7190607
            ],
            [
              14.3216901,
              51.7193086
            ],
            [
              14.3216839,
              51.7193094
            ],
            [
              14.3206876,
              51.7195266
            ],
            [
              14.3201464,
              51.7196444
            ],
            [
              14.3194756,
              51.7197905
            ],
            [
              14.319337,
              51.7198207
            ],
            [
              14.3191936,
              51.719852
            ],
            [
              14.3189568,
              51.7199052
            ],
            [
              14.3188543,
              51.7199293
            ],
            [
              14.3187868,
              51.719948
            ],
            [
              14.3186535,
              51.7199881
            ],
            [
              14.3186155,
              51.7198968
            ],
            [
              14.3184311,
              51.7199468
            ],
            [
              14.317815,
              51.7201133
            ],
            [
              14.3171917,
              51.7202818
            ],
            [
              14.3165697,
              51.7204499
            ],
            [
              14.3161493,
              51.7205635
            ],
            [
              14.3158023,
              51.7206573
            ],
            [
              14.3157206,
              51.7206794
            ],
            [
              14.315529,
              51.7207312
            ],
            [
              14.3152922,
              51.7207953
            ],
            [
              14.3149439,
              51.7209031
            ],
            [
              14.3148586,
              51.7209289
            ],
            [
              14.3148537,
              51.7209305
            ],
            [
              14.3144187,
              51.721074
            ],
            [
              14.3136625,
              51.7213234
            ],
            [
              14.3136515,
              51.721327
            ],
            [
              14.3123468,
              51.7215846
            ],
            [
              14.3121758,
              51.721618
            ],
            [
              14.3112997,
              51.721818
            ],
            [
              14.3104305,
              51.7220164
            ],
            [
              14.3102309,
              51.7220619
            ],
            [
              14.3097509,
              51.7221715
            ],
            [
              14.3097319,
              51.7221758
            ],
            [
              14.3096736,
              51.7221891
            ],
            [
              14.3096623,
              51.7219285
            ],
            [
              14.3096615,
              51.7219088
            ],
            [
              14.3096589,
              51.7218494
            ],
            [
              14.3096575,
              51.7218159
            ],
            [
              14.309653,
              51.7217123
            ],
            [
              14.3096483,
              51.7216026
            ],
            [
              14.3096236,
              51.7215194
            ],
            [
              14.3095696,
              51.7213347
            ],
            [
              14.3095262,
              51.7211864
            ],
            [
              14.3094909,
              51.7210648
            ],
            [
              14.3093844,
              51.7206978
            ],
            [
              14.3093825,
              51.7206913
            ],
            [
              14.3093351,
              51.7205284
            ],
            [
              14.3092608,
              51.720273
            ],
            [
              14.3090773,
              51.7196424
            ],
            [
              14.3090189,
              51.7194418
            ],
            [
              14.3089458,
              51.7191903
            ],
            [
              14.308937,
              51.7191585
            ],
            [
              14.3088632,
              51.7188896
            ],
            [
              14.3087976,
              51.7186508
            ],
            [
              14.3086879,
              51.718251
            ],
            [
              14.3086671,
              51.7181753
            ],
            [
              14.3086551,
              51.7181317
            ],
            [
              14.308555,
              51.7177674
            ],
            [
              14.3085016,
              51.7175728
            ],
            [
              14.3084443,
              51.7174063
            ],
            [
              14.3083625,
              51.7171684
            ],
            [
              14.308347,
              51.7171233
            ],
            [
              14.3082213,
              51.7167537
            ],
            [
              14.3081913,
              51.7166661
            ],
            [
              14.3080941,
              51.7163841
            ],
            [
              14.307961,
              51.7159973
            ],
            [
              14.3079037,
              51.7158298
            ],
            [
              14.3078477,
              51.7156267
            ],
            [
              14.3078388,
              51.7155901
            ],
            [
              14.3078171,
              51.7154974
            ],
            [
              14.3077733,
              51.7153699
            ],
            [
              14.3077611,
              51.7153276
            ],
            [
              14.3077304,
              51.7152435
            ],
            [
              14.307712,
              51.7151767
            ],
            [
              14.3076935,
              51.7151064
            ],
            [
              14.3075999,
              51.7147511
            ],
            [
              14.3075878,
              51.7147095
            ],
            [
              14.3075522,
              51.7143714
            ],
            [
              14.3075442,
              51.7143192
            ],
            [
              14.3075381,
              51.7142558
            ],
            [
              14.3075157,
              51.7140212
            ],
            [
              14.3074857,
              51.7137071
            ],
            [
              14.3075005,
              51.7136734
            ],
            [
              14.3075474,
              51.7135664
            ],
            [
              14.3076093,
              51.7134296
            ],
            [
              14.3076583,
              51.7133179
            ],
            [
              14.3076691,
              51.7132931
            ],
            [
              14.3077564,
              51.713092
            ],
            [
              14.3078714,
              51.712827
            ],
            [
              14.3078757,
              51.7128014
            ],
            [
              14.3079338,
              51.7124526
            ],
            [
              14.3079658,
              51.7122601
            ],
            [
              14.3079877,
              51.7121369
            ],
            [
              14.3080447,
              51.7118216
            ],
            [
              14.3080831,
              51.7116094
            ],
            [
              14.3081103,
              51.711459
            ],
            [
              14.3081459,
              51.7112619
            ],
            [
              14.3081558,
              51.7111978
            ],
            [
              14.3081722,
              51.7110919
            ],
            [
              14.3082179,
              51.7107967
            ],
            [
              14.3083483,
              51.7099542
            ],
            [
              14.3083542,
              51.7099156
            ],
            [
              14.3083297,
              51.709829
            ],
            [
              14.3082704,
              51.709625
            ],
            [
              14.3082196,
              51.7094502
            ],
            [
              14.3081538,
              51.7092237
            ],
            [
              14.3080918,
              51.7090105
            ],
            [
              14.3079795,
              51.7086242
            ],
            [
              14.3079295,
              51.7084493
            ],
            [
              14.3078023,
              51.7080044
            ],
            [
              14.3083748,
              51.7078944
            ],
            [
              14.3083507,
              51.7077852
            ],
            [
              14.3082821,
              51.7074741
            ],
            [
              14.3082145,
              51.7071675
            ],
            [
              14.3081644,
              51.7069406
            ],
            [
              14.3081099,
              51.7066932
            ],
            [
              14.308107,
              51.7066813
            ],
            [
              14.3080399,
              51.7066414
            ],
            [
              14.3079442,
              51.7065842
            ],
            [
              14.3075239,
              51.7063335
            ],
            [
              14.3072501,
              51.7061702
            ],
            [
              14.306936,
              51.7059828
            ],
            [
              14.3069316,
              51.7059802
            ],
            [
              14.3067259,
              51.7058575
            ],
            [
              14.3067069,
              51.7058472
            ],
            [
              14.3066552,
              51.7058249
            ],
            [
              14.3061515,
              51.7056061
            ],
            [
              14.3057185,
              51.7052154
            ],
            [
              14.3056176,
              51.7051244
            ],
            [
              14.3054142,
              51.7049409
            ],
            [
              14.3051462,
              51.7045891
            ],
            [
              14.3050322,
              51.7044395
            ],
            [
              14.304868,
              51.7041717
            ],
            [
              14.3046557,
              51.7038257
            ],
            [
              14.3046065,
              51.7037513
            ],
            [
              14.3043267,
              51.7033288
            ],
            [
              14.3038744,
              51.7032831
            ],
            [
              14.303723,
              51.7031701
            ],
            [
              14.3035604,
              51.7030486
            ],
            [
              14.3032745,
              51.7028352
            ],
            [
              14.3031731,
              51.7027595
            ],
            [
              14.3031371,
              51.7027326
            ],
            [
              14.3031318,
              51.7027286
            ],
            [
              14.3028532,
              51.7025206
            ],
            [
              14.3028144,
              51.7024919
            ],
            [
              14.3027862,
              51.7024706
            ],
            [
              14.3026152,
              51.7023429
            ],
            [
              14.3025861,
              51.7023212
            ],
            [
              14.302346,
              51.702142
            ]
          ]
        ]
      }
    }
  ]
}