{
  "type": "FeatureCollection",
  "features": [
    {
      "type": "Feature",
      "properties": {
        "name": "Mitte",
        "city": "Hagen",
        "osm_id": 7247653,
        "osm_type": "relation",
        "display": "Hagen-Mitte, Hagen, Nordrhein-Westfalen, Deutschland"
      },
      "geometry": {
        "type": "Polygon",
        "coordinates": [
          [
            [
              7.436483,
              51.3658849
            ],
            [
              7.4364904,
              51.3657888
            ],
            [
              7.4365101,
              51.3657403
            ],
            [
              7.4366399,
              51.3655095
            ],
            [
              7.4368688,
              51.3651768
            ],
            [
              7.4373619,
              51.3646527
            ],
            [
              7.437498,
              51.3645342
            ],
            [
              7.437689,
              51.3642811
            ],
            [
              7.4377996,
              51.3641395
            ],
            [
              7.4379917,
              51.3640452
            ],
            [
              7.4378717,
              51.3632154
            ],
            [
              7.4379618,
              51.3630641
            ],
            [
              7.4379977,
              51.3630086
            ],
            [
              7.4380174,
              51.3629664
            ],
            [
              7.4380582,
              51.3628055
            ],
            [
              7.438118,
              51.3626845
            ],
            [
              7.438057,
              51.3626822
            ],
            [
              7.4380938,
              51.3626075
            ],
            [
              7.4379467,
              51.3625889
            ],
            [
              7.4379729,
              51.3625527
            ],
            [
              7.4379573,
              51.3625527
            ],
            [
              7.4375382,
              51.3622967
            ],
            [
              7.4374053,
              51.3622061
            ],
            [
              7.4366368,
              51.3619142
            ],
            [
              7.4367722,
              51.3611056
            ],
            [
              7.4366242,
              51.3611101
            ],
            [
              7.436654,
              51.3609292
            ],
            [
              7.4368027,
              51.3609237
            ],
            [
              7.4370648,
              51.3609278
            ],
            [
              7.4374876,
              51.3604867
            ],
            [
              7.440185,
              51.3576833
            ],
            [
              7.4410662,
              51.3567707
            ],
            [
              7.4417701,
              51.3560338
            ],
            [
              7.4423706,
              51.3557586
            ],
            [
              7.442098,
              51.3556596
            ],
            [
              7.4425879,
              51.3550899
            ],
            [
              7.4430959,
              51.3548754
            ],
            [
              7.443962,
              51.3545113
            ],
            [
              7.4444675,
              51.354636
            ],
            [
              7.4444792,
              51.3543137
            ],
            [
              7.444543,
              51.3543375
            ],
            [
              7.4445698,
              51.3543319
            ],
            [
              7.4446374,
              51.3542152
            ],
            [
              7.4451285,
              51.353357
            ],
            [
              7.4453792,
              51.3529473
            ],
            [
              7.4453881,
              51.3528821
            ],
            [
              7.4456106,
              51.3529645
            ],
            [
              7.4458128,
              51.3530146
            ],
            [
              7.4458794,
              51.3530311
            ],
            [
              7.445921,
              51.3529524
            ],
            [
              7.4467984,
              51.3515761
            ],
            [
              7.4469332,
              51.3516023
            ],
            [
              7.447068,
              51.3512954
            ],
            [
              7.447117,
              51.3511841
            ],
            [
              7.4472553,
              51.3508624
            ],
            [
              7.4472789,
              51.3508128
            ],
            [
              7.4474222,
              51.3504996
            ],
            [
              7.447524,
              51.3502767
            ],
            [
              7.4477889,
              51.3503129
            ],
            [
              7.4478118,
              51.3502831
            ],
            [
              7.4473148,
              51.350161
            ],
            [
              7.4464767,
              51.3499504
            ],
            [
              7.4467127,
              51.3495802
            ],
            [
              7.4468287,
              51.3495859
            ],
            [
              7.4468868,
              51.3493365
            ],
            [
              7.4481998,
              51.3494542
            ],
            [
              7.4481863,
              51.3495139
            ],
            [
              7.4482811,
              51.3495429
            ],
            [
              7.4481834,
              51.3496699
            ],
            [
              7.4481682,
              51.3496828
            ],
            [
              7.4481375,
              51.3496949
            ],
            [
              7.448095,
              51.3496988
            ],
            [
              7.4480528,
              51.3497054
            ],
            [
              7.4480179,
              51.3497233
            ],
            [
              7.4480057,
              51.3497383
            ],
            [
              7.4479994,
              51.3497517
            ],
            [
              7.4479985,
              51.3497714
            ],
            [
              7.4480074,
              51.3497919
            ],
            [
              7.4480419,
              51.3498224
            ],
            [
              7.4481257,
              51.3498456
            ],
            [
              7.4481952,
              51.349747
            ],
            [
              7.4482297,
              51.3497549
            ],
            [
              7.4484323,
              51.3494929
            ],
            [
              7.4487893,
              51.3494348
            ],
            [
              7.4488231,
              51.3492916
            ],
            [
              7.4490724,
              51.3493375
            ],
            [
              7.4492365,
              51.3493739
            ],
            [
              7.4492768,
              51.3493055
            ],
            [
              7.4493355,
              51.3492077
            ],
            [
              7.4493707,
              51.349202
            ],
            [
              7.4493909,
              51.3491472
            ],
            [
              7.4495927,
              51.3488148
            ],
            [
              7.449207,
              51.3487444
            ],
            [
              7.4492666,
              51.3486219
            ],
            [
              7.4491789,
              51.3485893
            ],
            [
              7.4490622,
              51.3484239
            ],
            [
              7.4489422,
              51.3483366
            ],
            [
              7.4487551,
              51.3483174
            ],
            [
              7.4488685,
              51.3481365
            ],
            [
              7.4476916,
              51.3479432
            ],
            [
              7.4477644,
              51.3478295
            ],
            [
              7.4480243,
              51.3476811
            ],
            [
              7.4485152,
              51.347354
            ],
            [
              7.4491674,
              51.3470058
            ],
            [
              7.44931,
              51.3469299
            ],
            [
              7.4494883,
              51.3468156
            ],
            [
              7.4501275,
              51.3464203
            ],
            [
              7.4515049,
              51.3455681
            ],
            [
              7.4534834,
              51.3443616
            ],
            [
              7.4538226,
              51.3441057
            ],
            [
              7.4536611,
              51.3439906
            ],
            [
              7.4535336,
              51.3439197
            ],
            [
              7.4519662,
              51.3429112
            ],
            [
              7.4514258,
              51.3425173
            ],
            [
              7.451258,
              51.3424485
            ],
            [
              7.4508807,
              51.3422176
            ],
            [
              7.4486352,
              51.3435565
            ],
            [
              7.447641,
              51.3427446
            ],
            [
              7.4472772,
              51.3424688
            ],
            [
              7.447238,
              51.3423367
            ],
            [
              7.4467207,
              51.3419316
            ],
            [
              7.4458834,
              51.3412963
            ],
            [
              7.4453829,
              51.3411021
            ],
            [
              7.444951,
              51.340949
            ],
            [
              7.4447724,
              51.3408795
            ],
            [
              7.4432804,
              51.3403291
            ],
            [
              7.4452499,
              51.338681
            ],
            [
              7.4450668,
              51.3385564
            ],
            [
              7.4449284,
              51.3386847
            ],
            [
              7.444725,
              51.3385626
            ],
            [
              7.4444798,
              51.3383996
            ],
            [
              7.4441531,
              51.3381864
            ],
            [
              7.4437111,
              51.3379
            ],
            [
              7.4435846,
              51.3378256
            ],
            [
              7.4430146,
              51.3374612
            ],
            [
              7.4428204,
              51.3373459
            ],
            [
              7.442618,
              51.3372264
            ],
            [
              7.4425414,
              51.3371762
            ],
            [
              7.4422958,
              51.3370307
            ],
            [
              7.4414634,
              51.3365127
            ],
            [
              7.4416974,
              51.3363722
            ],
            [
              7.4412924,
              51.3361138
            ],
            [
              7.441,
              51.3359431
            ],
            [
              7.4405981,
              51.3356909
            ],
            [
              7.4409652,
              51.3354551
            ],
            [
              7.4413081,
              51.3352464
            ],
            [
              7.4419622,
              51.3348346
            ],
            [
              7.4422627,
              51.3346474
            ],
            [
              7.4425951,
              51.3344552
            ],
            [
              7.4426395,
              51.3344189
            ],
            [
              7.4426848,
              51.3343847
            ],
            [
              7.442772,
              51.3343286
            ],
            [
              7.4424312,
              51.3342302
            ],
            [
              7.4424513,
              51.3340818
            ],
            [
              7.4424435,
              51.3336047
            ],
            [
              7.4424262,
              51.3335952
            ],
            [
              7.4420623,
              51.3334955
            ],
            [
              7.4416575,
              51.333402
            ],
            [
              7.441962,
              51.3328538
            ],
            [
              7.4417253,
              51.3327801
            ],
            [
              7.4414267,
              51.332048
            ],
            [
              7.4419342,
              51.3308371
            ],
            [
              7.4417988,
              51.3306931
            ],
            [
              7.4417513,
              51.3306515
            ],
            [
              7.4423035,
              51.3300997
            ],
            [
              7.4429894,
              51.3294189
            ],
            [
              7.4438666,
              51.3285477
            ],
            [
              7.4434554,
              51.3284322
            ],
            [
              7.444257,
              51.3277809
            ],
            [
              7.4445957,
              51.3277994
            ],
            [
              7.4448923,
              51.3277994
            ],
            [
              7.4454984,
              51.3279478
            ],
            [
              7.446207,
              51.3281265
            ],
            [
              7.4464118,
              51.3281646
            ],
            [
              7.4471029,
              51.3282516
            ],
            [
              7.4481337,
              51.3282487
            ],
            [
              7.4485982,
              51.328269
            ],
            [
              7.4489425,
              51.3283088
            ],
            [
              7.4493514,
              51.3283652
            ],
            [
              7.4494473,
              51.3283912
            ],
            [
              7.4500222,
              51.3284081
            ],
            [
              7.4513404,
              51.32872
            ],
            [
              7.4525238,
              51.3291175
            ],
            [
              7.4524845,
              51.3292179
            ],
            [
              7.4521623,
              51.329429
            ],
            [
              7.4511233,
              51.3301002
            ],
            [
              7.4516223,
              51.3301605
            ],
            [
              7.4521246,
              51.3302258
            ],
            [
              7.4522648,
              51.3302448
            ],
            [
              7.4524591,
              51.3302638
            ],
            [
              7.4528695,
              51.3303125
            ],
            [
              7.4529085,
              51.3303146
            ],
            [
              7.453079,
              51.3303352
            ],
            [
              7.45335,
              51.3303666
            ],
            [
              7.4537684,
              51.3304269
            ],
            [
              7.4540156,
              51.3304467
            ],
            [
              7.4543833,
              51.3305019
            ],
            [
              7.4544203,
              51.330494
            ],
            [
              7.4551639,
              51.3305828
            ],
            [
              7.4555514,
              51.3306117
            ],
            [
              7.4556187,
              51.3306247
            ],
            [
              7.4557335,
              51.3306413
            ],
            [
              7.4560812,
              51.3306819
            ],
            [
              7.4562111,
              51.3306942
            ],
            [
              7.4563125,
              51.3307066
            ],
            [
              7.4564185,
              51.3307176
            ],
            [
              7.4568353,
              51.330782
            ],
            [
              7.4570321,
              51.3308241
            ],
            [
              7.4571852,
              51.3308577
            ],
            [
              7.4573627,
              51.3308419
            ],
            [
              7.4573307,
              51.3308898
            ],
            [
              7.4578388,
              51.3312161
            ],
            [
              7.4580709,
              51.3313749
            ],
            [
              7.4581004,
              51.3313954
            ],
            [
              7.4584898,
              51.3316518
            ],
            [
              7.4595063,
              51.3323412
            ],
            [
              7.4609909,
              51.3333895
            ],
            [
              7.4602722,
              51.334085
            ],
            [
              7.4601555,
              51.3342756
            ],
            [
              7.4639196,
              51.3368152
            ],
            [
              7.4646469,
              51.3373215
            ],
            [
              7.4654453,
              51.337869
            ],
            [
              7.4662615,
              51.3384148
            ],
            [
              7.4670914,
              51.3389881
            ],
            [
              7.4667969,
              51.3391699
            ],
            [
              7.4663919,
              51.3394027
            ],
            [
              7.465965,
              51.3396469
            ],
            [
              7.465539,
              51.3398936
            ],
            [
              7.465206,
              51.3401088
            ],
            [
              7.4645826,
              51.3404809
            ],
            [
              7.4647893,
              51.3406077
            ],
            [
              7.4650445,
              51.3407727
            ],
            [
              7.4652529,
              51.3409143
            ],
            [
              7.465471,
              51.341043
            ],
            [
              7.4654858,
              51.3410548
            ],
            [
              7.465775,
              51.3412325
            ],
            [
              7.4658858,
              51.3413065
            ],
            [
              7.4665127,
              51.3416994
            ],
            [
              7.466768,
              51.3418674
            ],
            [
              7.4671811,
              51.3421317
            ],
            [
              7.4645592,
              51.3437605
            ],
            [
              7.4642942,
              51.3439209
            ],
            [
              7.4639627,
              51.3441318
            ],
            [
              7.4633725,
              51.3444993
            ],
            [
              7.4633315,
              51.3445343
            ],
            [
              7.4638952,
              51.3448953
            ],
            [
              7.4642373,
              51.3451309
            ],
            [
              7.464372,
              51.3452134
            ],
            [
              7.4650494,
              51.3456524
            ],
            [
              7.4657014,
              51.3460344
            ],
            [
              7.4656982,
              51.3460752
            ],
            [
              7.4656944,
              51.346165
            ],
            [
              7.4656731,
              51.3466145
            ],
            [
              7.4656745,
              51.3468481
            ],
            [
              7.4657757,
              51.3472915
            ],
            [
              7.4659265,
              51.347662
            ],
            [
              7.4660877,
              51.3479619
            ],
            [
              7.4662057,
              51.3481123
            ],
            [
              7.4663487,
              51.3482383
            ],
            [
              7.4664555,
              51.3483054
            ],
            [
              7.4666077,
              51.3483813
            ],
            [
              7.4669665,
              51.3485166
            ],
            [
              7.4674308,
              51.3486594
            ],
            [
              7.4679476,
              51.348841
            ],
            [
              7.46868,
              51.3490187
            ],
            [
              7.4706124,
              51.3494919
            ],
            [
              7.4708471,
              51.3499595
            ],
            [
              7.471184,
              51.3501512
            ],
            [
              7.4712421,
              51.350189
            ],
            [
              7.4716472,
              51.3502316
            ],
            [
              7.4717857,
              51.3502458
            ],
            [
              7.4720873,
              51.3503166
            ],
            [
              7.4724455,
              51.3503704
            ],
            [
              7.472506,
              51.3504874
            ],
            [
              7.4725909,
              51.3504807
            ],
            [
              7.472684,
              51.3504301
            ],
            [
              7.4727424,
              51.3504383
            ],
            [
              7.4731343,
              51.3505409
            ],
            [
              7.4733008,
              51.3505155
            ],
            [
              7.4738101,
              51.3503955
            ],
            [
              7.4738623,
              51.3503495
            ],
            [
              7.4743992,
              51.3503746
            ],
            [
              7.4744335,
              51.3504301
            ],
            [
              7.4745338,
              51.3505346
            ],
            [
              7.4746449,
              51.3506663
            ],
            [
              7.4746502,
              51.3507863
            ],
            [
              7.4754625,
              51.3508712
            ],
            [
              7.4753906,
              51.3510111
            ],
            [
              7.4738371,
              51.350837
            ],
            [
              7.4738084,
              51.3509092
            ],
            [
              7.4739332,
              51.3510642
            ],
            [
              7.4738627,
              51.3511623
            ],
            [
              7.4739587,
              51.3512482
            ],
            [
              7.4741665,
              51.3513522
            ],
            [
              7.4743417,
              51.3514344
            ],
            [
              7.4745483,
              51.3515389
            ],
            [
              7.4747533,
              51.351644
            ],
            [
              7.4750206,
              51.3517777
            ],
            [
              7.4752504,
              51.3518939
            ],
            [
              7.475698,
              51.3521074
            ],
            [
              7.4768074,
              51.3515959
            ],
            [
              7.4769401,
              51.3516482
            ],
            [
              7.4772965,
              51.3515593
            ],
            [
              7.4776473,
              51.3513689
            ],
            [
              7.4778977,
              51.3514329
            ],
            [
              7.4782477,
              51.3512674
            ],
            [
              7.4786237,
              51.3510834
            ],
            [
              7.4786739,
              51.3510515
            ],
            [
              7.4789015,
              51.3509367
            ],
            [
              7.4789162,
              51.3509506
            ],
            [
              7.4790825,
              51.3508702
            ],
            [
              7.4790888,
              51.3508755
            ],
            [
              7.4793223,
              51.350761
            ],
            [
              7.4798975,
              51.3504876
            ],
            [
              7.4813228,
              51.3498073
            ],
            [
              7.481491,
              51.3497332
            ],
            [
              7.4816683,
              51.349651
            ],
            [
              7.4822377,
              51.3493829
            ],
            [
              7.4826527,
              51.3491894
            ],
            [
              7.4831264,
              51.3489698
            ],
            [
              7.4833767,
              51.3488453
            ],
            [
              7.48354,
              51.3491307
            ],
            [
              7.4836757,
              51.3493662
            ],
            [
              7.4838181,
              51.3494717
            ],
            [
              7.4839452,
              51.3495645
            ],
            [
              7.4840627,
              51.3496502
            ],
            [
              7.4840821,
              51.3496662
            ],
            [
              7.4840419,
              51.3498741
            ],
            [
              7.4839985,
              51.3498964
            ],
            [
              7.4840414,
              51.3498796
            ],
            [
              7.4840642,
              51.3498722
            ],
            [
              7.4841046,
              51.3498651
            ],
            [
              7.4841678,
              51.3498649
            ],
            [
              7.4842046,
              51.349869
            ],
            [
              7.4842389,
              51.3498763
            ],
            [
              7.4842861,
              51.3498958
            ],
            [
              7.4843303,
              51.3499291
            ],
            [
              7.4843342,
              51.3499499
            ],
            [
              7.4843546,
              51.3501183
            ],
            [
              7.4843898,
              51.3503927
            ],
            [
              7.4844008,
              51.3504516
            ],
            [
              7.4844158,
              51.3505281
            ],
            [
              7.484447,
              51.3506533
            ],
            [
              7.4844634,
              51.3507239
            ],
            [
              7.4844804,
              51.3508037
            ],
            [
              7.484507,
              51.3509734
            ],
            [
              7.484542,
              51.3510359
            ],
            [
              7.4845737,
              51.3513247
            ],
            [
              7.4848576,
              51.3512358
            ],
            [
              7.4849017,
              51.3516836
            ],
            [
              7.4850526,
              51.3519745
            ],
            [
              7.4853143,
              51.3517347
            ],
            [
              7.4858687,
              51.3516515
            ],
            [
              7.4866957,
              51.3511857
            ],
            [
              7.486796,
              51.3511575
            ],
            [
              7.4871859,
              51.3510708
            ],
            [
              7.4874787,
              51.3510747
            ],
            [
              7.4875955,
              51.3510182
            ],
            [
              7.4878357,
              51.3509784
            ],
            [
              7.4879748,
              51.3509831
            ],
            [
              7.4881698,
              51.350935
            ],
            [
              7.4882707,
              51.3508552
            ],
            [
              7.4886022,
              51.3507484
            ],
            [
              7.4888316,
              51.3506977
            ],
            [
              7.4889745,
              51.3506879
            ],
            [
              7.4892693,
              51.3507641
            ],
            [
              7.4893708,
              51.3506227
            ],
            [
              7.489372,
              51.3505447
            ],
            [
              7.4897607,
              51.3503719
            ],
            [
              7.4900443,
              51.3502815
            ],
            [
              7.4903594,
              51.3502188
            ],
            [
              7.490531,
              51.3501627
            ],
            [
              7.4907948,
              51.3501291
            ],
            [
              7.4910761,
              51.3500621
            ],
            [
              7.4911298,
              51.3500548
            ],
            [
              7.4915173,
              51.3499586
            ],
            [
              7.4917577,
              51.3499279
            ],
            [
              7.4922234,
              51.3497698
            ],
            [
              7.4924219,
              51.34971
            ],
            [
              7.4925864,
              51.3496203
            ],
            [
              7.4928041,
              51.3495159
            ],
            [
              7.4930082,
              51.3494682
            ],
            [
              7.4933002,
              51.3493823
            ],
            [
              7.4937968,
              51.3492452
            ],
            [
              7.4942017,
              51.3491252
            ],
            [
              7.4945923,
              51.349049
            ],
            [
              7.4947827,
              51.3491084
            ],
            [
              7.4952143,
              51.3489677
            ],
            [
              7.4952296,
              51.3489213
            ],
            [
              7.4957188,
              51.3487908
            ],
            [
              7.4960687,
              51.3486669
            ],
            [
              7.4966972,
              51.3484936
            ],
            [
              7.496856,
              51.348479
            ],
            [
              7.4970834,
              51.3484368
            ],
            [
              7.4975202,
              51.3483039
            ],
            [
              7.4977203,
              51.3480829
            ],
            [
              7.498331,
              51.3479218
            ],
            [
              7.4986207,
              51.3478703
            ],
            [
              7.4988425,
              51.3478135
            ],
            [
              7.4991445,
              51.3477182
            ],
            [
              7.4992916,
              51.3476792
            ],
            [
              7.4995356,
              51.3476528
            ],
            [
              7.4999458,
              51.3475652
            ],
            [
              7.5002949,
              51.3474634
            ],
            [
              7.5005134,
              51.3473864
            ],
            [
              7.50038,
              51.347247
            ],
            [
              7.5017401,
              51.3467024
            ],
            [
              7.5018905,
              51.3467918
            ],
            [
              7.5019206,
              51.3467679
            ],
            [
              7.5021243,
              51.3469072
            ],
            [
              7.5023572,
              51.346759
            ],
            [
              7.502651,
              51.3466693
            ],
            [
              7.5029393,
              51.3464663
            ],
            [
              7.5044468,
              51.3470278
            ],
            [
              7.5045276,
              51.3470055
            ],
            [
              7.5046592,
              51.3469861
            ],
            [
              7.5048055,
              51.3469753
            ],
            [
              7.5049468,
              51.3469837
            ],
            [
              7.5050848,
              51.3470031
            ],
            [
              7.5054385,
              51.3470631
            ],
            [
              7.5056313,
              51.347089
            ],
            [
              7.5056529,
              51.3471903
            ],
            [
              7.5059818,
              51.3472423
            ],
            [
              7.5061834,
              51.3472463
            ],
            [
              7.5063616,
              51.3472328
            ],
            [
              7.5064074,
              51.3472272
            ],
            [
              7.5065607,
              51.3472014
            ],
            [
              7.5071213,
              51.3470769
            ],
            [
              7.5073371,
              51.3470399
            ],
            [
              7.508917,
              51.3469119
            ],
            [
              7.5090719,
              51.3469074
            ],
            [
              7.5092052,
              51.3469163
            ],
            [
              7.5093325,
              51.3469369
            ],
            [
              7.5094413,
              51.3469645
            ],
            [
              7.5098761,
              51.3471012
            ],
            [
              7.5103135,
              51.3472535
            ],
            [
              7.5104207,
              51.3472902
            ],
            [
              7.5105727,
              51.3473228
            ],
            [
              7.5107809,
              51.3473246
            ],
            [
              7.5109215,
              51.3472999
            ],
            [
              7.5110563,
              51.3472441
            ],
            [
              7.5111707,
              51.3471607
            ],
            [
              7.5112371,
              51.3470606
            ],
            [
              7.5112467,
              51.3469931
            ],
            [
              7.5112508,
              51.3469602
            ],
            [
              7.5112237,
              51.3468687
            ],
            [
              7.5111899,
              51.3468095
            ],
            [
              7.5111348,
              51.3467592
            ],
            [
              7.5114353,
              51.3467936
            ],
            [
              7.5115488,
              51.3468129
            ],
            [
              7.5116744,
              51.3468814
            ],
            [
              7.5119321,
              51.3469446
            ],
            [
              7.5129776,
              51.3470752
            ],
            [
              7.5133459,
              51.3471709
            ],
            [
              7.5137377,
              51.3472987
            ],
            [
              7.5139838,
              51.3474138
            ],
            [
              7.514302,
              51.3476359
            ],
            [
              7.5146144,
              51.3479599
            ],
            [
              7.5146634,
              51.348019
            ],
            [
              7.5148357,
              51.3482281
            ],
            [
              7.5148753,
              51.3482772
            ],
            [
              7.5149758,
              51.3483659
            ],
            [
              7.5150691,
              51.3484795
            ],
            [
              7.5151728,
              51.3485744
            ],
            [
              7.5154576,
              51.3487363
            ],
            [
              7.5157452,
              51.3486568
            ],
            [
              7.5160621,
              51.3485773
            ],
            [
              7.5165477,
              51.3485066
            ],
            [
              7.5167268,
              51.3484666
            ],
            [
              7.5171559,
              51.3482504
            ],
            [
              7.5168645,
              51.3479981
            ],
            [
              7.5166204,
              51.3478464
            ],
            [
              7.5165592,
              51.3477422
            ],
            [
              7.5165381,
              51.3474997
            ],
            [
              7.516446,
              51.3472617
            ],
            [
              7.5162807,
              51.3470313
            ],
            [
              7.5160569,
              51.3468714
            ],
            [
              7.5158769,
              51.346679
            ],
            [
              7.5160558,
              51.3465929
            ],
            [
              7.5160355,
              51.3465648
            ],
            [
              7.5147689,
              51.3461369
            ],
            [
              7.5152679,
              51.3460289
            ],
            [
              7.5153828,
              51.3460939
            ],
            [
              7.5159671,
              51.3461834
            ],
            [
              7.51636,
              51.3462552
            ],
            [
              7.5167577,
              51.3463214
            ],
            [
              7.5169774,
              51.3463582
            ],
            [
              7.5174522,
              51.346443
            ],
            [
              7.5176725,
              51.3464577
            ],
            [
              7.5180435,
              51.3464938
            ],
            [
              7.5185343,
              51.3465125
            ],
            [
              7.5187995,
              51.3464764
            ],
            [
              7.519062,
              51.3464463
            ],
            [
              7.5193967,
              51.3465023
            ],
            [
              7.520011,
              51.3468208
            ],
            [
              7.5203633,
              51.3469776
            ],
            [
              7.520681,
              51.3469896
            ],
            [
              7.5209573,
              51.3470332
            ],
            [
              7.521019,
              51.34704
            ],
            [
              7.5209339,
              51.3471646
            ],
            [
              7.5208532,
              51.3474283
            ],
            [
              7.5210527,
              51.3474791
            ],
            [
              7.5219096,
              51.3476062
            ],
            [
              7.5225614,
              51.3477054
            ],
            [
              7.5227297,
              51.3477287
            ],
            [
              7.5228041,
              51.3477668
            ],
            [
              7.5234365,
              51.3478658
            ],
            [
              7.5240886,
              51.3479255
            ],
            [
              7.5248254,
              51.3479478
            ],
            [
              7.5256066,
              51.3479919
            ],
            [
              7.5257705,
              51.3481315
            ],
            [
              7.5264535,
              51.3481776
            ],
            [
              7.5267356,
              51.3482376
            ],
            [
              7.5276352,
              51.3483159
            ],
            [
              7.5277836,
              51.3482421
            ],
            [
              7.5285656,
              51.3483414
            ],
            [
              7.5293811,
              51.348491
            ],
            [
              7.5297025,
              51.3485623
            ],
            [
              7.5296932,
              51.3485792
            ],
            [
              7.530039,
              51.3486526
            ],
            [
              7.5300459,
              51.3486392
            ],
            [
              7.5301861,
              51.3486814
            ],
            [
              7.5307317,
              51.3488048
            ],
            [
              7.5310366,
              51.3488748
            ],
            [
              7.5313077,
              51.3489411
            ],
            [
              7.5315907,
              51.3490111
            ],
            [
              7.5317124,
              51.3490523
            ],
            [
              7.531936,
              51.3490867
            ],
            [
              7.5321152,
              51.3491493
            ],
            [
              7.532492,
              51.3492398
            ],
            [
              7.5328735,
              51.3493199
            ],
            [
              7.5331595,
              51.3494026
            ],
            [
              7.5334545,
              51.349473
            ],
            [
              7.5337823,
              51.3496091
            ],
            [
              7.534464,
              51.3498534
            ],
            [
              7.5348631,
              51.3500388
            ],
            [
              7.5352431,
              51.3502054
            ],
            [
              7.5352564,
              51.3502098
            ],
            [
              7.5355875,
              51.3503547
            ],
            [
              7.5356542,
              51.3503824
            ],
            [
              7.5361858,
              51.3505769
            ],
            [
              7.5367257,
              51.3506495
            ],
            [
              7.5367832,
              51.3506565
            ],
            [
              7.5368632,
              51.3506677
            ],
            [
              7.5369165,
              51.3506896
            ],
            [
              7.536957,
              51.3507185
            ],
            [
              7.5369853,
              51.3507732
            ],
            [
              7.5369097,
              51.3507979
            ],
            [
              7.5371787,
              51.3508503
            ],
            [
              7.5370211,
              51.3509233
            ],
            [
              7.5370088,
              51.3509474
            ],
            [
              7.536957,
              51.3509503
            ],
            [
              7.5369127,
              51.350975
            ],
            [
              7.5368223,
              51.3510774
            ],
            [
              7.5366206,
              51.3513169
            ],
            [
              7.5365792,
              51.3514311
            ],
            [
              7.5365349,
              51.3516983
            ],
            [
              7.5364849,
              51.3518336
            ],
            [
              7.536386,
              51.3519642
            ],
            [
              7.5361655,
              51.3521931
            ],
            [
              7.5359328,
              51.3524497
            ],
            [
              7.5358942,
              51.3524862
            ],
            [
              7.5355079,
              51.3528122
            ],
            [
              7.535326,
              51.3529087
            ],
            [
              7.5347315,
              51.3531304
            ],
            [
              7.5345077,
              51.3532457
            ],
            [
              7.5342071,
              51.3534262
            ],
            [
              7.5340911,
              51.3535186
            ],
            [
              7.5340494,
              51.3536873
            ],
            [
              7.533873,
              51.3545218
            ],
            [
              7.5339011,
              51.3546138
            ],
            [
              7.5339952,
              51.3546995
            ],
            [
              7.534242,
              51.3548112
            ],
            [
              7.5342868,
              51.3549245
            ],
            [
              7.5341594,
              51.3558202
            ],
            [
              7.5342124,
              51.3562742
            ],
            [
              7.5345248,
              51.3568473
            ],
            [
              7.5348699,
              51.3582974
            ],
            [
              7.5345655,
              51.3591089
            ],
            [
              7.5302032,
              51.3602678
            ],
            [
              7.5290791,
              51.3605666
            ],
            [
              7.5290109,
              51.3605851
            ],
            [
              7.5246732,
              51.35719
            ],
            [
              7.5245745,
              51.3571836
            ],
            [
              7.5236158,
              51.3576618
            ],
            [
              7.5225525,
              51.3581957
            ],
            [
              7.5225444,
              51.3582569
            ],
            [
              7.5224719,
              51.358293
            ],
            [
              7.5216344,
              51.3576391
            ],
            [
              7.5205375,
              51.3567829
            ],
            [
              7.5198341,
              51.3562314
            ],
            [
              7.5195764,
              51.3560396
            ],
            [
              7.5194416,
              51.3560855
            ],
            [
              7.5193202,
              51.3561435
            ],
            [
              7.5191719,
              51.356238
            ],
            [
              7.5185951,
              51.3566543
            ],
            [
              7.5183075,
              51.3568255
            ],
            [
              7.5181562,
              51.3569153
            ],
            [
              7.5179105,
              51.3571006
            ],
            [
              7.517458,
              51.3575103
            ],
            [
              7.5171554,
              51.3578284
            ],
            [
              7.5170386,
              51.3579639
            ],
            [
              7.5168034,
              51.3582433
            ],
            [
              7.5165046,
              51.3586635
            ],
            [
              7.5163543,
              51.3589144
            ],
            [
              7.516222,
              51.3592234
            ],
            [
              7.5161502,
              51.3594523
            ],
            [
              7.516111,
              51.359618
            ],
            [
              7.5161044,
              51.3596721
            ],
            [
              7.5160616,
              51.3599592
            ],
            [
              7.5160143,
              51.3601886
            ],
            [
              7.5159321,
              51.3604897
            ],
            [
              7.5159864,
              51.3604915
            ],
            [
              7.5159689,
              51.3607347
            ],
            [
              7.5159526,
              51.3608193
            ],
            [
              7.515848,
              51.3610921
            ],
            [
              7.5157573,
              51.3613687
            ],
            [
              7.5156948,
              51.3615614
            ],
            [
              7.5157369,
              51.3615039
            ],
            [
              7.5158042,
              51.3614991
            ],
            [
              7.5160809,
              51.3617552
            ],
            [
              7.5166174,
              51.3622197
            ],
            [
              7.516707,
              51.3622802
            ],
            [
              7.5168285,
              51.3623609
            ],
            [
              7.5171761,
              51.3625532
            ],
            [
              7.5170029,
              51.36272
            ],
            [
              7.5168814,
              51.3627887
            ],
            [
              7.5168441,
              51.3629442
            ],
            [
              7.5168375,
              51.3629629
            ],
            [
              7.5167894,
              51.3632851
            ],
            [
              7.5164513,
              51.3631333
            ],
            [
              7.5164327,
              51.3631751
            ],
            [
              7.516388,
              51.3632332
            ],
            [
              7.5163403,
              51.3632375
            ],
            [
              7.5162925,
              51.3632452
            ],
            [
              7.5162373,
              51.3632615
            ],
            [
              7.5162354,
              51.3632359
            ],
            [
              7.5154402,
              51.3637569
            ],
            [
              7.5153388,
              51.3639859
            ],
            [
              7.5151085,
              51.3642981
            ],
            [
              7.5149854,
              51.3644521
            ],
            [
              7.5149757,
              51.3644915
            ],
            [
              7.5149169,
              51.364482
            ],
            [
              7.5148745,
              51.3646516
            ],
            [
              7.5148612,
              51.3648136
            ],
            [
              7.5148684,
              51.3649839
            ],
            [
              7.5149012,
              51.365167
            ],
            [
              7.5149181,
              51.3651735
            ],
            [
              7.5149594,
              51.3651803
            ],
            [
              7.5150357,
              51.3651943
            ],
            [
              7.51526,
              51.3652775
            ],
            [
              7.515597,
              51.3653744
            ],
            [
              7.5160516,
              51.3654899
            ],
            [
              7.5159777,
              51.3656187
            ],
            [
              7.5158818,
              51.3657203
            ],
            [
              7.5156625,
              51.3658619
            ],
            [
              7.5153703,
              51.3658588
            ],
            [
              7.5151885,
              51.3658732
            ],
            [
              7.514376,
              51.3659173
            ],
            [
              7.5142492,
              51.3659377
            ],
            [
              7.5143773,
              51.3663758
            ],
            [
              7.5145138,
              51.3668132
            ],
            [
              7.5145493,
              51.3668253
            ],
            [
              7.5145027,
              51.3669949
            ],
            [
              7.5144145,
              51.3669937
            ],
            [
              7.5144165,
              51.3670361
            ],
            [
              7.5144536,
              51.3671289
            ],
            [
              7.5145588,
              51.3673967
            ],
            [
              7.5145524,
              51.3675402
            ],
            [
              7.5144267,
              51.3676637
            ],
            [
              7.5143036,
              51.3677431
            ],
            [
              7.5142762,
              51.36776
            ],
            [
              7.5142094,
              51.3678014
            ],
            [
              7.5141669,
              51.3678277
            ],
            [
              7.5138978,
              51.368017
            ],
            [
              7.5137449,
              51.3682095
            ],
            [
              7.5136352,
              51.3683612
            ],
            [
              7.5136038,
              51.3683905
            ],
            [
              7.5136391,
              51.3684036
            ],
            [
              7.5136672,
              51.368437
            ],
            [
              7.5136345,
              51.368601
            ],
            [
              7.5135509,
              51.3688999
            ],
            [
              7.5134895,
              51.3690145
            ],
            [
              7.5133856,
              51.3691043
            ],
            [
              7.5130041,
              51.3693253
            ],
            [
              7.5127511,
              51.3694779
            ],
            [
              7.5125041,
              51.3695618
            ],
            [
              7.5123933,
              51.3696182
            ],
            [
              7.5127199,
              51.3700414
            ],
            [
              7.5127895,
              51.3701187
            ],
            [
              7.5126292,
              51.3701739
            ],
            [
              7.5120698,
              51.3703423
            ],
            [
              7.5116121,
              51.3704941
            ],
            [
              7.5107896,
              51.3707564
            ],
            [
              7.5103385,
              51.3708613
            ],
            [
              7.5094939,
              51.371234
            ],
            [
              7.5088239,
              51.3715294
            ],
            [
              7.5083896,
              51.3717365
            ],
            [
              7.5081508,
              51.371869
            ],
            [
              7.5079519,
              51.3720063
            ],
            [
              7.5079023,
              51.372046
            ],
            [
              7.5078376,
              51.3720992
            ],
            [
              7.5077869,
              51.3721407
            ],
            [
              7.5075196,
              51.3721309
            ],
            [
              7.5074846,
              51.3721158
            ],
            [
              7.5069598,
              51.3723981
            ],
            [
              7.5062186,
              51.3728148
            ],
            [
              7.5062576,
              51.3728622
            ],
            [
              7.5062563,
              51.3729085
            ],
            [
              7.5062133,
              51.3729541
            ],
            [
              7.5057939,
              51.3731435
            ],
            [
              7.5054656,
              51.3733102
            ],
            [
              7.5051021,
              51.3735363
            ],
            [
              7.5049334,
              51.3736909
            ],
            [
              7.5045511,
              51.3738616
            ],
            [
              7.5044078,
              51.373999
            ],
            [
              7.5043583,
              51.3739803
            ],
            [
              7.5042417,
              51.3740279
            ],
            [
              7.5036555,
              51.3743031
            ],
            [
              7.5032462,
              51.3744317
            ],
            [
              7.5031325,
              51.3744662
            ],
            [
              7.5028667,
              51.3745335
            ],
            [
              7.5026153,
              51.3745975
            ],
            [
              7.502261,
              51.3746618
            ],
            [
              7.5018089,
              51.374713
            ],
            [
              7.5015523,
              51.3747219
            ],
            [
              7.4990993,
              51.3768205
            ],
            [
              7.4987308,
              51.3770457
            ],
            [
              7.5004205,
              51.3781251
            ],
            [
              7.4991667,
              51.3789565
            ],
            [
              7.4994799,
              51.3791349
            ],
            [
              7.4990127,
              51.3794614
            ],
            [
              7.4982044,
              51.3790371
            ],
            [
              7.4972167,
              51.3796284
            ],
            [
              7.4955588,
              51.3787575
            ],
            [
              7.4947454,
              51.3791795
            ],
            [
              7.4921548,
              51.3777901
            ],
            [
              7.4915796,
              51.3781492
            ],
            [
              7.4914468,
              51.3782208
            ],
            [
              7.4908732,
              51.3784735
            ],
            [
              7.490268,
              51.3787376
            ],
            [
              7.4913553,
              51.3793896
            ],
            [
              7.4901199,
              51.3802986
            ],
            [
              7.4891833,
              51.3808604
            ],
            [
              7.4888726,
              51.3810501
            ],
            [
              7.4886875,
              51.3808573
            ],
            [
              7.4885719,
              51.3806828
            ],
            [
              7.4884354,
              51.3805162
            ],
            [
              7.4884179,
              51.3805026
            ],
            [
              7.4883904,
              51.3804905
            ],
            [
              7.4883634,
              51.3804864
            ],
            [
              7.4883223,
              51.3804848
            ],
            [
              7.4881842,
              51.3805124
            ],
            [
              7.4881207,
              51.380536
            ],
            [
              7.4878677,
              51.3807191
            ],
            [
              7.4883198,
              51.3814707
            ],
            [
              7.4870877,
              51.3818676
            ],
            [
              7.4866576,
              51.3820656
            ],
            [
              7.4845829,
              51.3830194
            ],
            [
              7.4840188,
              51.3833038
            ],
            [
              7.4838861,
              51.3833565
            ],
            [
              7.4837676,
              51.383389
            ],
            [
              7.483615,
              51.3834138
            ],
            [
              7.4831241,
              51.3833902
            ],
            [
              7.4830084,
              51.3833931
            ],
            [
              7.4829359,
              51.3834014
            ],
            [
              7.4828649,
              51.3834307
            ],
            [
              7.4827914,
              51.3834659
            ],
            [
              7.4827061,
              51.3835274
            ],
            [
              7.4825792,
              51.3836577
            ],
            [
              7.4827345,
              51.3837297
            ],
            [
              7.4822535,
              51.384518
            ],
            [
              7.4822469,
              51.3845228
            ],
            [
              7.482214,
              51.3845172
            ],
            [
              7.4819754,
              51.384469
            ],
            [
              7.4818493,
              51.3844303
            ],
            [
              7.4817612,
              51.3844011
            ],
            [
              7.4816806,
              51.384365
            ],
            [
              7.4816403,
              51.3843461
            ],
            [
              7.481531,
              51.3842784
            ],
            [
              7.4813161,
              51.3842974
            ],
            [
              7.481305,
              51.3843272
            ],
            [
              7.4812946,
              51.3843387
            ],
            [
              7.4812686,
              51.384357
            ],
            [
              7.4812533,
              51.3843637
            ],
            [
              7.4812318,
              51.3843702
            ],
            [
              7.4812143,
              51.3843734
            ],
            [
              7.4811663,
              51.3843736
            ],
            [
              7.4806274,
              51.3843049
            ],
            [
              7.4805085,
              51.384289
            ],
            [
              7.4800819,
              51.3842319
            ],
            [
              7.4799668,
              51.3842124
            ],
            [
              7.4799357,
              51.3842038
            ],
            [
              7.4799109,
              51.3841926
            ],
            [
              7.4798925,
              51.3841806
            ],
            [
              7.4798791,
              51.3841667
            ],
            [
              7.4798681,
              51.3841489
            ],
            [
              7.4798593,
              51.384123
            ],
            [
              7.4798916,
              51.3840987
            ],
            [
              7.4795958,
              51.3838847
            ],
            [
              7.4796694,
              51.3837944
            ],
            [
              7.479704,
              51.3837582
            ],
            [
              7.4797458,
              51.3837273
            ],
            [
              7.4799276,
              51.3835953
            ],
            [
              7.4801313,
              51.3834505
            ],
            [
              7.4801581,
              51.3834232
            ],
            [
              7.480183,
              51.3833672
            ],
            [
              7.48019,
              51.3833517
            ],
            [
              7.4802032,
              51.3833045
            ],
            [
              7.4802055,
              51.3832965
            ],
            [
              7.4799665,
              51.3832422
            ],
            [
              7.4791025,
              51.3827751
            ],
            [
              7.4784486,
              51.3824733
            ],
            [
              7.4783685,
              51.3825243
            ],
            [
              7.4780439,
              51.3823867
            ],
            [
              7.4780127,
              51.382357
            ],
            [
              7.4778073,
              51.3821609
            ],
            [
              7.4777211,
              51.3820891
            ],
            [
              7.4776235,
              51.3820135
            ],
            [
              7.4776071,
              51.3820008
            ],
            [
              7.4775532,
              51.3819588
            ],
            [
              7.4774978,
              51.3819166
            ],
            [
              7.4773901,
              51.3818313
            ],
            [
              7.4773739,
              51.3818202
            ],
            [
              7.4773039,
              51.381793
            ],
            [
              7.4771936,
              51.3817524
            ],
            [
              7.477082,
              51.3817083
            ],
            [
              7.4770441,
              51.3817322
            ],
            [
              7.4770023,
              51.3817006
            ],
            [
              7.4767496,
              51.3815184
            ],
            [
              7.4762693,
              51.3811731
            ],
            [
              7.4767318,
              51.3809664
            ],
            [
              7.4767167,
              51.3809511
            ],
            [
              7.4763678,
              51.3811076
            ],
            [
              7.4757216,
              51.3807248
            ],
            [
              7.4747382,
              51.3801449
            ],
            [
              7.4740179,
              51.3797257
            ],
            [
              7.4741774,
              51.3796117
            ],
            [
              7.4742371,
              51.3795735
            ],
            [
              7.4743364,
              51.3795109
            ],
            [
              7.4744363,
              51.3794553
            ],
            [
              7.474497,
              51.3794178
            ],
            [
              7.4747097,
              51.3793107
            ],
            [
              7.4748135,
              51.3792856
            ],
            [
              7.4747294,
              51.3792414
            ],
            [
              7.4737148,
              51.3797315
            ],
            [
              7.4735579,
              51.379667
            ],
            [
              7.4724224,
              51.3791902
            ],
            [
              7.4719532,
              51.3789776
            ],
            [
              7.4718809,
              51.3789459
            ],
            [
              7.471519,
              51.3787326
            ],
            [
              7.4713814,
              51.3786627
            ],
            [
              7.4711546,
              51.3785735
            ],
            [
              7.4711789,
              51.3785482
            ],
            [
              7.4711323,
              51.3785303
            ],
            [
              7.4710286,
              51.3784957
            ],
            [
              7.4700193,
              51.3783146
            ],
            [
              7.4699364,
              51.3783077
            ],
            [
              7.4695961,
              51.3783007
            ],
            [
              7.4691974,
              51.378147
            ],
            [
              7.4691368,
              51.3781231
            ],
            [
              7.4690552,
              51.3781032
            ],
            [
              7.4686334,
              51.3780193
            ],
            [
              7.4685869,
              51.3780072
            ],
            [
              7.46849,
              51.3779737
            ],
            [
              7.4684121,
              51.3779395
            ],
            [
              7.4684091,
              51.3778847
            ],
            [
              7.4682831,
              51.3778867
            ],
            [
              7.4677967,
              51.3778715
            ],
            [
              7.4675051,
              51.3778585
            ],
            [
              7.4665717,
              51.3778201
            ],
            [
              7.4659744,
              51.3777941
            ],
            [
              7.465712,
              51.3777831
            ],
            [
              7.4636433,
              51.3776968
            ],
            [
              7.4636504,
              51.3776579
            ],
            [
              7.4626291,
              51.3776129
            ],
            [
              7.4620085,
              51.3775984
            ],
            [
              7.4618632,
              51.3776169
            ],
            [
              7.4615402,
              51.3776266
            ],
            [
              7.4613343,
              51.377637
            ],
            [
              7.4610566,
              51.3776546
            ],
            [
              7.4608919,
              51.3776675
            ],
            [
              7.4607231,
              51.3776851
            ],
            [
              7.4606424,
              51.3776985
            ],
            [
              7.4602282,
              51.3777346
            ],
            [
              7.4601979,
              51.3777363
            ],
            [
              7.4601511,
              51.3777428
            ],
            [
              7.4599512,
              51.378123
            ],
            [
              7.4597282,
              51.3785896
            ],
            [
              7.4597158,
              51.3785881
            ],
            [
              7.4596875,
              51.3786621
            ],
            [
              7.4596801,
              51.3787005
            ],
            [
              7.4596814,
              51.3787213
            ],
            [
              7.4596912,
              51.3787358
            ],
            [
              7.4597037,
              51.3787495
            ],
            [
              7.4597255,
              51.3787613
            ],
            [
              7.4597554,
              51.3787679
            ],
            [
              7.4597135,
              51.3788687
            ],
            [
              7.459704,
              51.3788943
            ],
            [
              7.4598097,
              51.3790027
            ],
            [
              7.4598242,
              51.3790233
            ],
            [
              7.4576267,
              51.3790266
            ],
            [
              7.4577121,
              51.3786267
            ],
            [
              7.4577706,
              51.3781216
            ],
            [
              7.457779,
              51.3780483
            ],
            [
              7.457193,
              51.3779826
            ],
            [
              7.4565899,
              51.3779233
            ],
            [
              7.4562377,
              51.3778926
            ],
            [
              7.4560349,
              51.3778764
            ],
            [
              7.4559004,
              51.3778674
            ],
            [
              7.4556566,
              51.3778492
            ],
            [
              7.4554078,
              51.377832
            ],
            [
              7.4550974,
              51.3778154
            ],
            [
              7.4547918,
              51.377802
            ],
            [
              7.4544939,
              51.3777858
            ],
            [
              7.4542224,
              51.3777772
            ],
            [
              7.4542509,
              51.3777365
            ],
            [
              7.4543472,
              51.3776044
            ],
            [
              7.4540316,
              51.3775661
            ],
            [
              7.4540243,
              51.3775587
            ],
            [
              7.4540081,
              51.3775511
            ],
            [
              7.4536132,
              51.3774587
            ],
            [
              7.4528536,
              51.3773087
            ],
            [
              7.452681,
              51.3772998
            ],
            [
              7.452571,
              51.377294
            ],
            [
              7.4523221,
              51.3772834
            ],
            [
              7.452154,
              51.3772751
            ],
            [
              7.4520114,
              51.3772676
            ],
            [
              7.451886,
              51.3773602
            ],
            [
              7.4518022,
              51.377421
            ],
            [
              7.451774,
              51.3774845
            ],
            [
              7.4516596,
              51.3774924
            ],
            [
              7.4516257,
              51.3773736
            ],
            [
              7.4516243,
              51.3772679
            ],
            [
              7.4514893,
              51.3768373
            ],
            [
              7.4513538,
              51.3768518
            ],
            [
              7.4512966,
              51.3766681
            ],
            [
              7.451271,
              51.3765687
            ],
            [
              7.4511397,
              51.3765781
            ],
            [
              7.4510952,
              51.3766958
            ],
            [
              7.4510965,
              51.3767729
            ],
            [
              7.4510711,
              51.3768139
            ],
            [
              7.4510599,
              51.3769643
            ],
            [
              7.451041,
              51.3770782
            ],
            [
              7.4510048,
              51.3771846
            ],
            [
              7.451084,
              51.3773318
            ],
            [
              7.4508078,
              51.3775617
            ],
            [
              7.4508223,
              51.3772906
            ],
            [
              7.4507569,
              51.3761184
            ],
            [
              7.4509438,
              51.3759045
            ],
            [
              7.4509983,
              51.3757105
            ],
            [
              7.451038,
              51.3756288
            ],
            [
              7.451165,
              51.3753794
            ],
            [
              7.4513431,
              51.3746666
            ],
            [
              7.4511024,
              51.3745621
            ],
            [
              7.4511125,
              51.3741897
            ],
            [
              7.4513088,
              51.3735712
            ],
            [
              7.4515297,
              51.3727778
            ],
            [
              7.4516448,
              51.3725445
            ],
            [
              7.4516766,
              51.3725503
            ],
            [
              7.4518035,
              51.3723883
            ],
            [
              7.4515164,
              51.372378
            ],
            [
              7.4502554,
              51.3723346
            ],
            [
              7.4490438,
              51.3732772
            ],
            [
              7.4485713,
              51.3732152
            ],
            [
              7.4483074,
              51.3731694
            ],
            [
              7.4475815,
              51.3730276
            ],
            [
              7.4470178,
              51.3729705
            ],
            [
              7.4465921,
              51.3728534
            ],
            [
              7.4462398,
              51.3728289
            ],
            [
              7.4459963,
              51.3727524
            ],
            [
              7.4455841,
              51.3726222
            ],
            [
              7.4458208,
              51.3723652
            ],
            [
              7.4452504,
              51.3720914
            ],
            [
              7.4447697,
              51.3719203
            ],
            [
              7.4444555,
              51.3717327
            ],
            [
              7.444117,
              51.3716349
            ],
            [
              7.4434971,
              51.3715093
            ],
            [
              7.4433124,
              51.3714355
            ],
            [
              7.4430559,
              51.3715403
            ],
            [
              7.4429766,
              51.3715596
            ],
            [
              7.4427541,
              51.3714973
            ],
            [
              7.4412598,
              51.3712102
            ],
            [
              7.4413665,
              51.371046
            ],
            [
              7.4413434,
              51.3710364
            ],
            [
              7.4428065,
              51.3693415
            ],
            [
              7.4391242,
              51.3685428
            ],
            [
              7.4389044,
              51.3687832
            ],
            [
              7.4386249,
              51.3690864
            ],
            [
              7.4383979,
              51.3688802
            ],
            [
              7.4381703,
              51.3686707
            ],
            [
              7.4379205,
              51.3683977
            ],
            [
              7.4375892,
              51.3678825
            ],
            [
              7.437241,
              51.3674455
            ],
            [
              7.4368546,
              51.3668953
            ],
            [
              7.4367153,
              51.3667087
            ],
            [
              7.4366188,
              51.3665547
            ],
            [
              7.4365782,
              51.366451
            ],
            [
              7.4365698,
              51.3663634
            ],
            [
              7.4365605,
              51.3661553
            ],
            [
              7.436483,
              51.3658849
            ]
          ]
        ]
      }
    },
    {
      "type": "Feature",
      "properties": {
        "name": "Altenhagen",
        "city": "Hagen",
        "osm_id": 2825695,
        "osm_type": "relation",
        "display": "Altenhagen, Hagen-Mitte, Hagen, Nordrhein-Westfalen, Deutschland"
      },
      "geometry": {
        "type": "Polygon",
        "coordinates": [
          [
            [
              7.4507569,
              51.3761184
            ],
            [
              7.4509438,
              51.3759045
            ],
            [
              7.4509983,
              51.3757105
            ],
            [
              7.451038,
              51.3756288
            ],
            [
              7.451165,
              51.3753794
            ],
            [
              7.4513431,
              51.3746666
            ],
            [
              7.4511024,
              51.3745621
            ],
            [
              7.4511125,
              51.3741897
            ],
            [
              7.4513088,
              51.3735712
            ],
            [
              7.4515297,
              51.3727778
            ],
            [
              7.4516448,
              51.3725445
            ],
            [
              7.4516766,
              51.3725503
            ],
            [
              7.4518035,
              51.3723883
            ],
            [
              7.4538008,
              51.3657192
            ],
            [
              7.4551152,
              51.3657945
            ],
            [
              7.4582677,
              51.3652435
            ],
            [
              7.4592957,
              51.3650951
            ],
            [
              7.45995,
              51.364985
            ],
            [
              7.461365,
              51.3647482
            ],
            [
              7.4618746,
              51.3646753
            ],
            [
              7.46265,
              51.3645974
            ],
            [
              7.4627048,
              51.364605
            ],
            [
              7.4627645,
              51.3646146
            ],
            [
              7.4628043,
              51.3646283
            ],
            [
              7.4628164,
              51.3646543
            ],
            [
              7.4630091,
              51.3646195
            ],
            [
              7.4631419,
              51.3645829
            ],
            [
              7.4655784,
              51.3640799
            ],
            [
              7.4710162,
              51.3624658
            ],
            [
              7.4719414,
              51.3620629
            ],
            [
              7.4727974,
              51.3630298
            ],
            [
              7.4716402,
              51.364978
            ],
            [
              7.4726218,
              51.366081
            ],
            [
              7.473097,
              51.3664423
            ],
            [
              7.4749919,
              51.3676376
            ],
            [
              7.4746669,
              51.3693154
            ],
            [
              7.4728259,
              51.3720154
            ],
            [
              7.4800513,
              51.3741483
            ],
            [
              7.4882341,
              51.376857
            ],
            [
              7.4905551,
              51.3776085
            ],
            [
              7.4915796,
              51.3781492
            ],
            [
              7.4914468,
              51.3782208
            ],
            [
              7.4908732,
              51.3784735
            ],
            [
              7.490268,
              51.3787376
            ],
            [
              7.4913553,
              51.3793896
            ],
            [
              7.4901199,
              51.3802986
            ],
            [
              7.4891833,
              51.3808604
            ],
            [
              7.4888726,
              51.3810501
            ],
            [
              7.4886875,
              51.3808573
            ],
            [
              7.4885719,
              51.3806828
            ],
            [
              7.4884354,
              51.3805162
            ],
            [
              7.4884179,
              51.3805026
            ],
            [
              7.4883904,
              51.3804905
            ],
            [
              7.4883634,
              51.3804864
            ],
            [
              7.4883223,
              51.3804848
            ],
            [
              7.4881842,
              51.3805124
            ],
            [
              7.4881207,
              51.380536
            ],
            [
              7.4878677,
              51.3807191
            ],
            [
              7.4883198,
              51.3814707
            ],
            [
              7.4870877,
              51.3818676
            ],
            [
              7.4866576,
              51.3820656
            ],
            [
              7.4845829,
              51.3830194
            ],
            [
              7.4840188,
              51.3833038
            ],
            [
              7.4838861,
              51.3833565
            ],
            [
              7.4837676,
              51.383389
            ],
            [
              7.483615,
              51.3834138
            ],
            [
              7.4831241,
              51.3833902
            ],
            [
              7.4830084,
              51.3833931
            ],
            [
              7.4829359,
              51.3834014
            ],
            [
              7.4828649,
              51.3834307
            ],
            [
              7.4827914,
              51.3834659
            ],
            [
              7.4827061,
              51.3835274
            ],
            [
              7.4825792,
              51.3836577
            ],
            [
              7.4827345,
              51.3837297
            ],
            [
              7.4822535,
              51.384518
            ],
            [
              7.4822469,
              51.3845228
            ],
            [
              7.482214,
              51.3845172
            ],
            [
              7.4819754,
              51.384469
            ],
            [
              7.4818493,
              51.3844303
            ],
            [
              7.4817612,
              51.3844011
            ],
            [
              7.4816806,
              51.384365
            ],
            [
              7.4816403,
              51.3843461
            ],
            [
              7.481531,
              51.3842784
            ],
            [
              7.4813161,
              51.3842974
            ],
            [
              7.481305,
              51.3843272
            ],
            [
              7.4812946,
              51.3843387
            ],
            [
              7.4812686,
              51.384357
            ],
            [
              7.4812533,
              51.3843637
            ],
            [
              7.4812318,
              51.3843702
            ],
            [
              7.4812143,
              51.3843734
            ],
            [
              7.4811663,
              51.3843736
            ],
            [
              7.4806274,
              51.3843049
            ],
            [
              7.4805085,
              51.384289
            ],
            [
              7.4800819,
              51.3842319
            ],
            [
              7.4799668,
              51.3842124
            ],
            [
              7.4799357,
              51.3842038
            ],
            [
              7.4799109,
              51.3841926
            ],
            [
              7.4798925,
              51.3841806
            ],
            [
              7.4798791,
              51.3841667
            ],
            [
              7.4798681,
              51.3841489
            ],
            [
              7.4798593,
              51.384123
            ],
            [
              7.4798916,
              51.3840987
            ],
            [
              7.4795958,
              51.3838847
            ],
            [
              7.4796694,
              51.3837944
            ],
            [
              7.479704,
              51.3837582
            ],
            [
              7.4797458,
              51.3837273
            ],
            [
              7.4799276,
              51.3835953
            ],
            [
              7.4801313,
              51.3834505
            ],
            [
              7.4801581,
              51.3834232
            ],
            [
              7.480183,
              51.3833672
            ],
            [
              7.48019,
              51.3833517
            ],
            [
              7.4802032,
              51.3833045
            ],
            [
              7.4802055,
              51.3832965
            ],
            [
              7.4799665,
              51.3832422
            ],
            [
              7.4791025,
              51.3827751
            ],
            [
              7.4784486,
              51.3824733
            ],
            [
              7.4783685,
              51.3825243
            ],
            [
              7.4780439,
              51.3823867
            ],
            [
              7.4780127,
              51.382357
            ],
            [
              7.4778073,
              51.3821609
            ],
            [
              7.4777211,
              51.3820891
            ],
            [
              7.4776235,
              51.3820135
            ],
            [
              7.4776071,
              51.3820008
            ],
            [
              7.4775532,
              51.3819588
            ],
            [
              7.4774978,
              51.3819166
            ],
            [
              7.4773901,
              51.3818313
            ],
            [
              7.4773739,
              51.3818202
            ],
            [
              7.4773039,
              51.381793
            ],
            [
              7.4771936,
              51.3817524
            ],
            [
              7.477082,
              51.3817083
            ],
            [
              7.4770441,
              51.3817322
            ],
            [
              7.4770023,
              51.3817006
            ],
            [
              7.4767496,
              51.3815184
            ],
            [
              7.4762693,
              51.3811731
            ],
            [
              7.4767318,
              51.3809664
            ],
            [
              7.4767167,
              51.3809511
            ],
            [
              7.4763678,
              51.3811076
            ],
            [
              7.4757216,
              51.3807248
            ],
            [
              7.4747382,
              51.3801449
            ],
            [
              7.4740179,
              51.3797257
            ],
            [
              7.4741774,
              51.3796117
            ],
            [
              7.4742371,
              51.3795735
            ],
            [
              7.4743364,
              51.3795109
            ],
            [
              7.4744363,
              51.3794553
            ],
            [
              7.474497,
              51.3794178
            ],
            [
              7.4747097,
              51.3793107
            ],
            [
              7.4748135,
              51.3792856
            ],
            [
              7.4747294,
              51.3792414
            ],
            [
              7.4737148,
              51.3797315
            ],
            [
              7.4735579,
              51.379667
            ],
            [
              7.4724224,
              51.3791902
            ],
            [
              7.4719532,
              51.3789776
            ],
            [
              7.4718809,
              51.3789459
            ],
            [
              7.471519,
              51.3787326
            ],
            [
              7.4713814,
              51.3786627
            ],
            [
              7.4711546,
              51.3785735
            ],
            [
              7.4711789,
              51.3785482
            ],
            [
              7.4711323,
              51.3785303
            ],
            [
              7.4710286,
              51.3784957
            ],
            [
              7.4700193,
              51.3783146
            ],
            [
              7.4699364,
              51.3783077
            ],
            [
              7.4695961,
              51.3783007
            ],
            [
              7.4691974,
              51.378147
            ],
            [
              7.4691368,
              51.3781231
            ],
            [
              7.4690552,
              51.3781032
            ],
            [
              7.4686334,
              51.3780193
            ],
            [
              7.4685869,
              51.3780072
            ],
            [
              7.46849,
              51.3779737
            ],
            [
              7.4684121,
              51.3779395
            ],
            [
              7.4684091,
              51.3778847
            ],
            [
              7.4682831,
              51.3778867
            ],
            [
              7.4677967,
              51.3778715
            ],
            [
              7.4675051,
              51.3778585
            ],
            [
              7.4665717,
              51.3778201
            ],
            [
              7.4659744,
              51.3777941
            ],
            [
              7.465712,
              51.3777831
            ],
            [
              7.4636433,
              51.3776968
            ],
            [
              7.4636504,
              51.3776579
            ],
            [
              7.4626291,
              51.3776129
            ],
            [
              7.4620085,
              51.3775984
            ],
            [
              7.4618632,
              51.3776169
            ],
            [
              7.4615402,
              51.3776266
            ],
            [
              7.4613343,
              51.377637
            ],
            [
              7.4610566,
              51.3776546
            ],
            [
              7.4608919,
              51.3776675
            ],
            [
              7.4607231,
              51.3776851
            ],
            [
              7.4606424,
              51.3776985
            ],
            [
              7.4602282,
              51.3777346
            ],
            [
              7.4601979,
              51.3777363
            ],
            [
              7.4601511,
              51.3777428
            ],
            [
              7.4599512,
              51.378123
            ],
            [
              7.4597282,
              51.3785896
            ],
            [
              7.4597158,
              51.3785881
            ],
            [
              7.4596875,
              51.3786621
            ],
            [
              7.4596801,
              51.3787005
            ],
            [
              7.4596814,
              51.3787213
            ],
            [
              7.4596912,
              51.3787358
            ],
            [
              7.4597037,
              51.3787495
            ],
            [
              7.4597255,
              51.3787613
            ],
            [
              7.4597554,
              51.3787679
            ],
            [
              7.4597135,
              51.3788687
            ],
            [
              7.459704,
              51.3788943
            ],
            [
              7.4598097,
              51.3790027
            ],
            [
              7.4598242,
              51.3790233
            ],
            [
              7.4576267,
              51.3790266
            ],
            [
              7.4577121,
              51.3786267
            ],
            [
              7.4577706,
              51.3781216
            ],
            [
              7.457779,
              51.3780483
            ],
            [
              7.457193,
              51.3779826
            ],
            [
              7.4565899,
              51.3779233
            ],
            [
              7.4562377,
              51.3778926
            ],
            [
              7.4560349,
              51.3778764
            ],
            [
              7.4559004,
              51.3778674
            ],
            [
              7.4556566,
              51.3778492
            ],
            [
              7.4554078,
              51.377832
            ],
            [
              7.4550974,
              51.3778154
            ],
            [
              7.4547918,
              51.377802
            ],
            [
              7.4544939,
              51.3777858
            ],
            [
              7.4542224,
              51.3777772
            ],
            [
              7.4542509,
              51.3777365
            ],
            [
              7.4543472,
              51.3776044
            ],
            [
              7.4540316,
              51.3775661
            ],
            [
              7.4540243,
              51.3775587
            ],
            [
              7.4540081,
              51.3775511
            ],
            [
              7.4536132,
              51.3774587
            ],
            [
              7.4528536,
              51.3773087
            ],
            [
              7.452681,
              51.3772998
            ],
            [
              7.452571,
              51.377294
            ],
            [
              7.4523221,
              51.3772834
            ],
            [
              7.452154,
              51.3772751
            ],
            [
              7.4520114,
              51.3772676
            ],
            [
              7.451886,
              51.3773602
            ],
            [
              7.4518022,
              51.377421
            ],
            [
              7.451774,
              51.3774845
            ],
            [
              7.4516596,
              51.3774924
            ],
            [
              7.4516257,
              51.3773736
            ],
            [
              7.4516243,
              51.3772679
            ],
            [
              7.4514893,
              51.3768373
            ],
            [
              7.4513538,
              51.3768518
            ],
            [
              7.4512966,
              51.3766681
            ],
            [
              7.451271,
              51.3765687
            ],
            [
              7.4511397,
              51.3765781
            ],
            [
              7.4510952,
              51.3766958
            ],
            [
              7.4510965,
              51.3767729
            ],
            [
              7.4510711,
              51.3768139
            ],
            [
              7.4510599,
              51.3769643
            ],
            [
              7.451041,
              51.3770782
            ],
            [
              7.4510048,
              51.3771846
            ],
            [
              7.451084,
              51.3773318
            ],
            [
              7.4508078,
              51.3775617
            ],
            [
              7.4508223,
              51.3772906
            ],
            [
              7.4507569,
              51.3761184
            ]
          ]
        ]
      }
    },
    {
      "type": "Feature",
      "properties": {
        "name": "Hochschulviertel",
        "city": "Hagen",
        "osm_id": 2825697,
        "osm_type": "relation",
        "display": "Hochschulviertel, Hagen-Mitte, Hagen, Nordrhein-Westfalen, 58097, Deutschland"
      },
      "geometry": {
        "type": "Polygon",
        "coordinates": [
          [
            [
              7.4716402,
              51.364978
            ],
            [
              7.4727974,
              51.3630298
            ],
            [
              7.4719414,
              51.3620629
            ],
            [
              7.4746283,
              51.3616495
            ],
            [
              7.4754398,
              51.3607416
            ],
            [
              7.4756578,
              51.3606197
            ],
            [
              7.4752009,
              51.3603151
            ],
            [
              7.4753737,
              51.3599946
            ],
            [
              7.4755191,
              51.3599115
            ],
            [
              7.4757253,
              51.3598614
            ],
            [
              7.4758324,
              51.3598004
            ],
            [
              7.4763994,
              51.3596212
            ],
            [
              7.4763599,
              51.3595851
            ],
            [
              7.4765497,
              51.3594388
            ],
            [
              7.4766843,
              51.3594698
            ],
            [
              7.4768602,
              51.359371
            ],
            [
              7.4775895,
              51.3593047
            ],
            [
              7.4779953,
              51.359442
            ],
            [
              7.478315,
              51.3595502
            ],
            [
              7.4788276,
              51.3597237
            ],
            [
              7.4787632,
              51.3598031
            ],
            [
              7.4789654,
              51.3598389
            ],
            [
              7.4792306,
              51.3597648
            ],
            [
              7.4793053,
              51.3598561
            ],
            [
              7.4795199,
              51.3597731
            ],
            [
              7.479462,
              51.3597091
            ],
            [
              7.477913,
              51.3591233
            ],
            [
              7.4780055,
              51.3584807
            ],
            [
              7.4781746,
              51.357741
            ],
            [
              7.4783475,
              51.3568969
            ],
            [
              7.4777457,
              51.3566406
            ],
            [
              7.4776483,
              51.3567713
            ],
            [
              7.4774536,
              51.3567049
            ],
            [
              7.4771069,
              51.3565867
            ],
            [
              7.4764048,
              51.3563474
            ],
            [
              7.476754,
              51.3560048
            ],
            [
              7.477496,
              51.3562833
            ],
            [
              7.4775986,
              51.3561701
            ],
            [
              7.4781408,
              51.3563783
            ],
            [
              7.477976,
              51.3565522
            ],
            [
              7.4789105,
              51.3569103
            ],
            [
              7.4791217,
              51.3569158
            ],
            [
              7.4794347,
              51.3569661
            ],
            [
              7.479301,
              51.3574374
            ],
            [
              7.4792593,
              51.357529
            ],
            [
              7.4792204,
              51.3576165
            ],
            [
              7.479941,
              51.3578946
            ],
            [
              7.4797168,
              51.3585024
            ],
            [
              7.4794059,
              51.3593454
            ],
            [
              7.4799821,
              51.359637
            ],
            [
              7.4794968,
              51.3598614
            ],
            [
              7.4796285,
              51.3600111
            ],
            [
              7.4788447,
              51.3603162
            ],
            [
              7.4788228,
              51.3603011
            ],
            [
              7.4788126,
              51.3602923
            ],
            [
              7.4787277,
              51.3602276
            ],
            [
              7.4786783,
              51.3602522
            ],
            [
              7.4784656,
              51.3603618
            ],
            [
              7.4786038,
              51.3608254
            ],
            [
              7.4786778,
              51.3608167
            ],
            [
              7.4788283,
              51.3608
            ],
            [
              7.4789241,
              51.3608523
            ],
            [
              7.4789367,
              51.3609228
            ],
            [
              7.4789295,
              51.3609281
            ],
            [
              7.4788236,
              51.3610063
            ],
            [
              7.4788029,
              51.3610805
            ],
            [
              7.4790948,
              51.3613377
            ],
            [
              7.4792269,
              51.3614069
            ],
            [
              7.4791808,
              51.3615757
            ],
            [
              7.4799141,
              51.3619646
            ],
            [
              7.4800559,
              51.3620395
            ],
            [
              7.4802046,
              51.3621161
            ],
            [
              7.4803655,
              51.3620106
            ],
            [
              7.4805371,
              51.3620959
            ],
            [
              7.4803924,
              51.3622094
            ],
            [
              7.4811268,
              51.362598
            ],
            [
              7.4811641,
              51.3625822
            ],
            [
              7.4812679,
              51.3625059
            ],
            [
              7.4823959,
              51.3620693
            ],
            [
              7.4828186,
              51.3622204
            ],
            [
              7.4823085,
              51.3628519
            ],
            [
              7.481702,
              51.3628489
            ],
            [
              7.4815017,
              51.3630875
            ],
            [
              7.4823373,
              51.3633028
            ],
            [
              7.4843711,
              51.3630806
            ],
            [
              7.4848581,
              51.3633097
            ],
            [
              7.4853993,
              51.3631277
            ],
            [
              7.4855192,
              51.3630923
            ],
            [
              7.4854609,
              51.3630211
            ],
            [
              7.4854447,
              51.363001
            ],
            [
              7.4853766,
              51.3629055
            ],
            [
              7.485341,
              51.3628662
            ],
            [
              7.4854933,
              51.3628124
            ],
            [
              7.4855128,
              51.3628073
            ],
            [
              7.485635,
              51.3627648
            ],
            [
              7.4857307,
              51.3627254
            ],
            [
              7.4860299,
              51.3627999
            ],
            [
              7.4862953,
              51.3627321
            ],
            [
              7.486343,
              51.3626923
            ],
            [
              7.4866509,
              51.3627056
            ],
            [
              7.4867685,
              51.3626128
            ],
            [
              7.4868596,
              51.3625286
            ],
            [
              7.4870997,
              51.362566
            ],
            [
              7.4871633,
              51.3626403
            ],
            [
              7.4873728,
              51.3626029
            ],
            [
              7.487456,
              51.3623897
            ],
            [
              7.4878057,
              51.3624428
            ],
            [
              7.4878423,
              51.3625488
            ],
            [
              7.4880328,
              51.3625275
            ],
            [
              7.4881566,
              51.3625206
            ],
            [
              7.4881532,
              51.3625036
            ],
            [
              7.4881396,
              51.3623956
            ],
            [
              7.4881257,
              51.3623057
            ],
            [
              7.489854,
              51.3622607
            ],
            [
              7.4900309,
              51.3622722
            ],
            [
              7.4906199,
              51.3621034
            ],
            [
              7.490937,
              51.3612543
            ],
            [
              7.4924023,
              51.361585
            ],
            [
              7.4950444,
              51.362205
            ],
            [
              7.4969424,
              51.3621509
            ],
            [
              7.4967098,
              51.3624334
            ],
            [
              7.4973235,
              51.3627477
            ],
            [
              7.4994017,
              51.3628136
            ],
            [
              7.4995086,
              51.3624396
            ],
            [
              7.4996799,
              51.362384
            ],
            [
              7.5014672,
              51.3625554
            ],
            [
              7.501581,
              51.362285
            ],
            [
              7.5019708,
              51.3622869
            ],
            [
              7.5021076,
              51.362034
            ],
            [
              7.5017392,
              51.3619513
            ],
            [
              7.5019057,
              51.3614523
            ],
            [
              7.5020017,
              51.3614486
            ],
            [
              7.5019911,
              51.3612455
            ],
            [
              7.5025815,
              51.3611898
            ],
            [
              7.502916,
              51.3611514
            ],
            [
              7.5027512,
              51.3614899
            ],
            [
              7.5034888,
              51.3616439
            ],
            [
              7.5045836,
              51.362352
            ],
            [
              7.5051965,
              51.3620686
            ],
            [
              7.5052595,
              51.3617448
            ],
            [
              7.5054534,
              51.3614737
            ],
            [
              7.5056094,
              51.3615112
            ],
            [
              7.505928,
              51.3610812
            ],
            [
              7.5065312,
              51.3612942
            ],
            [
              7.5059153,
              51.3617943
            ],
            [
              7.5055673,
              51.3619613
            ],
            [
              7.5050826,
              51.3622643
            ],
            [
              7.5045409,
              51.36254
            ],
            [
              7.5037008,
              51.3628571
            ],
            [
              7.5027804,
              51.3632252
            ],
            [
              7.5026106,
              51.3634505
            ],
            [
              7.5017117,
              51.3645365
            ],
            [
              7.503233,
              51.36467
            ],
            [
              7.504901,
              51.3651322
            ],
            [
              7.5101914,
              51.3669265
            ],
            [
              7.5100766,
              51.3671435
            ],
            [
              7.5097162,
              51.367635
            ],
            [
              7.5089019,
              51.367403
            ],
            [
              7.5063558,
              51.3668921
            ],
            [
              7.5059315,
              51.3675733
            ],
            [
              7.5016539,
              51.3669325
            ],
            [
              7.501113,
              51.3666535
            ],
            [
              7.5006875,
              51.366787
            ],
            [
              7.4988664,
              51.3665171
            ],
            [
              7.4983638,
              51.3672534
            ],
            [
              7.4980529,
              51.3673813
            ],
            [
              7.4976267,
              51.3676972
            ],
            [
              7.497479,
              51.3678339
            ],
            [
              7.497161,
              51.3683374
            ],
            [
              7.4963589,
              51.3691652
            ],
            [
              7.4965576,
              51.3693194
            ],
            [
              7.496036,
              51.3709021
            ],
            [
              7.5032462,
              51.3744317
            ],
            [
              7.5031325,
              51.3744662
            ],
            [
              7.5028667,
              51.3745335
            ],
            [
              7.5026153,
              51.3745975
            ],
            [
              7.502261,
              51.3746618
            ],
            [
              7.5018089,
              51.374713
            ],
            [
              7.5015523,
              51.3747219
            ],
            [
              7.4990993,
              51.3768205
            ],
            [
              7.4987308,
              51.3770457
            ],
            [
              7.5004205,
              51.3781251
            ],
            [
              7.4991667,
              51.3789565
            ],
            [
              7.4994799,
              51.3791349
            ],
            [
              7.4990127,
              51.3794614
            ],
            [
              7.4982044,
              51.3790371
            ],
            [
              7.4972167,
              51.3796284
            ],
            [
              7.4955588,
              51.3787575
            ],
            [
              7.4947454,
              51.3791795
            ],
            [
              7.4921548,
              51.3777901
            ],
            [
              7.4915796,
              51.3781492
            ],
            [
              7.4905551,
              51.3776085
            ],
            [
              7.4882341,
              51.376857
            ],
            [
              7.4800513,
              51.3741483
            ],
            [
              7.4728259,
              51.3720154
            ],
            [
              7.4746669,
              51.3693154
            ],
            [
              7.4749919,
              51.3676376
            ],
            [
              7.473097,
              51.3664423
            ],
            [
              7.4726218,
              51.366081
            ],
            [
              7.4716402,
              51.364978
            ]
          ]
        ]
      }
    },
    {
      "type": "Feature",
      "properties": {
        "name": "Emst",
        "city": "Hagen",
        "osm_id": 2825696,
        "osm_type": "relation",
        "display": "Emst, Hagen-Mitte, Hagen, Nordrhein-Westfalen, Deutschland"
      },
      "geometry": {
        "type": "Polygon",
        "coordinates": [
          [
            [
              7.4835178,
              51.3535159
            ],
            [
              7.4844596,
              51.352556
            ],
            [
              7.4850526,
              51.3519745
            ],
            [
              7.4853143,
              51.3517347
            ],
            [
              7.4858687,
              51.3516515
            ],
            [
              7.4866957,
              51.3511857
            ],
            [
              7.486796,
              51.3511575
            ],
            [
              7.4871859,
              51.3510708
            ],
            [
              7.4874787,
              51.3510747
            ],
            [
              7.4875955,
              51.3510182
            ],
            [
              7.4878357,
              51.3509784
            ],
            [
              7.4879748,
              51.3509831
            ],
            [
              7.4881698,
              51.350935
            ],
            [
              7.4882707,
              51.3508552
            ],
            [
              7.4886022,
              51.3507484
            ],
            [
              7.4888316,
              51.3506977
            ],
            [
              7.4889745,
              51.3506879
            ],
            [
              7.4892693,
              51.3507641
            ],
            [
              7.4893708,
              51.3506227
            ],
            [
              7.489372,
              51.3505447
            ],
            [
              7.4897607,
              51.3503719
            ],
            [
              7.4900443,
              51.3502815
            ],
            [
              7.4903594,
              51.3502188
            ],
            [
              7.490531,
              51.3501627
            ],
            [
              7.4907948,
              51.3501291
            ],
            [
              7.4910761,
              51.3500621
            ],
            [
              7.4911298,
              51.3500548
            ],
            [
              7.4915173,
              51.3499586
            ],
            [
              7.4917577,
              51.3499279
            ],
            [
              7.4922234,
              51.3497698
            ],
            [
              7.4924219,
              51.34971
            ],
            [
              7.4925864,
              51.3496203
            ],
            [
              7.4928041,
              51.3495159
            ],
            [
              7.4930082,
              51.3494682
            ],
            [
              7.4933002,
              51.3493823
            ],
            [
              7.4937968,
              51.3492452
            ],
            [
              7.4942017,
              51.3491252
            ],
            [
              7.4945923,
              51.349049
            ],
            [
              7.4947827,
              51.3491084
            ],
            [
              7.4952143,
              51.3489677
            ],
            [
              7.4952296,
              51.3489213
            ],
            [
              7.4957188,
              51.3487908
            ],
            [
              7.4960687,
              51.3486669
            ],
            [
              7.4966972,
              51.3484936
            ],
            [
              7.496856,
              51.348479
            ],
            [
              7.4970834,
              51.3484368
            ],
            [
              7.4975202,
              51.3483039
            ],
            [
              7.4977203,
              51.3480829
            ],
            [
              7.498331,
              51.3479218
            ],
            [
              7.4986207,
              51.3478703
            ],
            [
              7.4988425,
              51.3478135
            ],
            [
              7.4991445,
              51.3477182
            ],
            [
              7.4992916,
              51.3476792
            ],
            [
              7.4995356,
              51.3476528
            ],
            [
              7.4999458,
              51.3475652
            ],
            [
              7.5002949,
              51.3474634
            ],
            [
              7.5005134,
              51.3473864
            ],
            [
              7.50038,
              51.347247
            ],
            [
              7.5017401,
              51.3467024
            ],
            [
              7.5018905,
              51.3467918
            ],
            [
              7.5019206,
              51.3467679
            ],
            [
              7.5021243,
              51.3469072
            ],
            [
              7.5023572,
              51.346759
            ],
            [
              7.502651,
              51.3466693
            ],
            [
              7.5029393,
              51.3464663
            ],
            [
              7.5044468,
              51.3470278
            ],
            [
              7.5045276,
              51.3470055
            ],
            [
              7.5046592,
              51.3469861
            ],
            [
              7.5048055,
              51.3469753
            ],
            [
              7.5049468,
              51.3469837
            ],
            [
              7.5050848,
              51.3470031
            ],
            [
              7.5054385,
              51.3470631
            ],
            [
              7.5056313,
              51.347089
            ],
            [
              7.5056529,
              51.3471903
            ],
            [
              7.5059818,
              51.3472423
            ],
            [
              7.5061834,
              51.3472463
            ],
            [
              7.5063616,
              51.3472328
            ],
            [
              7.5064074,
              51.3472272
            ],
            [
              7.5065607,
              51.3472014
            ],
            [
              7.5071213,
              51.3470769
            ],
            [
              7.5073371,
              51.3470399
            ],
            [
              7.508917,
              51.3469119
            ],
            [
              7.5090719,
              51.3469074
            ],
            [
              7.5092052,
              51.3469163
            ],
            [
              7.5093325,
              51.3469369
            ],
            [
              7.5094413,
              51.3469645
            ],
            [
              7.5098761,
              51.3471012
            ],
            [
              7.5103135,
              51.3472535
            ],
            [
              7.5104207,
              51.3472902
            ],
            [
              7.5105727,
              51.3473228
            ],
            [
              7.5107809,
              51.3473246
            ],
            [
              7.5109215,
              51.3472999
            ],
            [
              7.5110563,
              51.3472441
            ],
            [
              7.5111707,
              51.3471607
            ],
            [
              7.5112371,
              51.3470606
            ],
            [
              7.5112467,
              51.3469931
            ],
            [
              7.5112508,
              51.3469602
            ],
            [
              7.5112237,
              51.3468687
            ],
            [
              7.5111899,
              51.3468095
            ],
            [
              7.5111348,
              51.3467592
            ],
            [
              7.5114353,
              51.3467936
            ],
            [
              7.5115488,
              51.3468129
            ],
            [
              7.5116744,
              51.3468814
            ],
            [
              7.5119321,
              51.3469446
            ],
            [
              7.5129776,
              51.3470752
            ],
            [
              7.5133459,
              51.3471709
            ],
            [
              7.5137377,
              51.3472987
            ],
            [
              7.5139838,
              51.3474138
            ],
            [
              7.514302,
              51.3476359
            ],
            [
              7.5146144,
              51.3479599
            ],
            [
              7.5146634,
              51.348019
            ],
            [
              7.5148357,
              51.3482281
            ],
            [
              7.5148753,
              51.3482772
            ],
            [
              7.5149758,
              51.3483659
            ],
            [
              7.5150691,
              51.3484795
            ],
            [
              7.5151728,
              51.3485744
            ],
            [
              7.5154576,
              51.3487363
            ],
            [
              7.5157452,
              51.3486568
            ],
            [
              7.5160621,
              51.3485773
            ],
            [
              7.5165477,
              51.3485066
            ],
            [
              7.5167268,
              51.3484666
            ],
            [
              7.5171559,
              51.3482504
            ],
            [
              7.5168645,
              51.3479981
            ],
            [
              7.5166204,
              51.3478464
            ],
            [
              7.5165592,
              51.3477422
            ],
            [
              7.5165381,
              51.3474997
            ],
            [
              7.516446,
              51.3472617
            ],
            [
              7.5162807,
              51.3470313
            ],
            [
              7.5160569,
              51.3468714
            ],
            [
              7.5158769,
              51.346679
            ],
            [
              7.5160558,
              51.3465929
            ],
            [
              7.5160355,
              51.3465648
            ],
            [
              7.5147689,
              51.3461369
            ],
            [
              7.5152679,
              51.3460289
            ],
            [
              7.5153828,
              51.3460939
            ],
            [
              7.5159671,
              51.3461834
            ],
            [
              7.51636,
              51.3462552
            ],
            [
              7.5167577,
              51.3463214
            ],
            [
              7.5169774,
              51.3463582
            ],
            [
              7.5174522,
              51.346443
            ],
            [
              7.5176725,
              51.3464577
            ],
            [
              7.5180435,
              51.3464938
            ],
            [
              7.5185343,
              51.3465125
            ],
            [
              7.5187995,
              51.3464764
            ],
            [
              7.519062,
              51.3464463
            ],
            [
              7.5193967,
              51.3465023
            ],
            [
              7.520011,
              51.3468208
            ],
            [
              7.5203633,
              51.3469776
            ],
            [
              7.520681,
              51.3469896
            ],
            [
              7.5209573,
              51.3470332
            ],
            [
              7.521019,
              51.34704
            ],
            [
              7.5209339,
              51.3471646
            ],
            [
              7.5208532,
              51.3474283
            ],
            [
              7.5210527,
              51.3474791
            ],
            [
              7.5219096,
              51.3476062
            ],
            [
              7.5225614,
              51.3477054
            ],
            [
              7.5227297,
              51.3477287
            ],
            [
              7.5228041,
              51.3477668
            ],
            [
              7.5234365,
              51.3478658
            ],
            [
              7.5240886,
              51.3479255
            ],
            [
              7.5248254,
              51.3479478
            ],
            [
              7.5256066,
              51.3479919
            ],
            [
              7.5257705,
              51.3481315
            ],
            [
              7.5264535,
              51.3481776
            ],
            [
              7.5267356,
              51.3482376
            ],
            [
              7.5276352,
              51.3483159
            ],
            [
              7.5277836,
              51.3482421
            ],
            [
              7.5285656,
              51.3483414
            ],
            [
              7.5293811,
              51.348491
            ],
            [
              7.5297025,
              51.3485623
            ],
            [
              7.5296932,
              51.3485792
            ],
            [
              7.530039,
              51.3486526
            ],
            [
              7.5300459,
              51.3486392
            ],
            [
              7.5301861,
              51.3486814
            ],
            [
              7.5307317,
              51.3488048
            ],
            [
              7.5310366,
              51.3488748
            ],
            [
              7.5313077,
              51.3489411
            ],
            [
              7.5315907,
              51.3490111
            ],
            [
              7.5317124,
              51.3490523
            ],
            [
              7.531936,
              51.3490867
            ],
            [
              7.5321152,
              51.3491493
            ],
            [
              7.532492,
              51.3492398
            ],
            [
              7.5328735,
              51.3493199
            ],
            [
              7.5331595,
              51.3494026
            ],
            [
              7.5334545,
              51.349473
            ],
            [
              7.5337823,
              51.3496091
            ],
            [
              7.534464,
              51.3498534
            ],
            [
              7.5348631,
              51.3500388
            ],
            [
              7.5352431,
              51.3502054
            ],
            [
              7.5352564,
              51.3502098
            ],
            [
              7.5355875,
              51.3503547
            ],
            [
              7.5356542,
              51.3503824
            ],
            [
              7.5361858,
              51.3505769
            ],
            [
              7.5367257,
              51.3506495
            ],
            [
              7.5367832,
              51.3506565
            ],
            [
              7.5368632,
              51.3506677
            ],
            [
              7.5369165,
              51.3506896
            ],
            [
              7.536957,
              51.3507185
            ],
            [
              7.5369853,
              51.3507732
            ],
            [
              7.5369097,
              51.3507979
            ],
            [
              7.5371787,
              51.3508503
            ],
            [
              7.5370211,
              51.3509233
            ],
            [
              7.5370088,
              51.3509474
            ],
            [
              7.536957,
              51.3509503
            ],
            [
              7.5369127,
              51.350975
            ],
            [
              7.5368223,
              51.3510774
            ],
            [
              7.5366206,
              51.3513169
            ],
            [
              7.5365792,
              51.3514311
            ],
            [
              7.5365349,
              51.3516983
            ],
            [
              7.5364849,
              51.3518336
            ],
            [
              7.536386,
              51.3519642
            ],
            [
              7.5361655,
              51.3521931
            ],
            [
              7.5359328,
              51.3524497
            ],
            [
              7.5358942,
              51.3524862
            ],
            [
              7.5355079,
              51.3528122
            ],
            [
              7.535326,
              51.3529087
            ],
            [
              7.5347315,
              51.3531304
            ],
            [
              7.5345077,
              51.3532457
            ],
            [
              7.5342071,
              51.3534262
            ],
            [
              7.5340911,
              51.3535186
            ],
            [
              7.5340494,
              51.3536873
            ],
            [
              7.533873,
              51.3545218
            ],
            [
              7.5339011,
              51.3546138
            ],
            [
              7.5339952,
              51.3546995
            ],
            [
              7.534242,
              51.3548112
            ],
            [
              7.5342868,
              51.3549245
            ],
            [
              7.5341594,
              51.3558202
            ],
            [
              7.5342124,
              51.3562742
            ],
            [
              7.5345248,
              51.3568473
            ],
            [
              7.5348699,
              51.3582974
            ],
            [
              7.5345655,
              51.3591089
            ],
            [
              7.5302032,
              51.3602678
            ],
            [
              7.5290791,
              51.3605666
            ],
            [
              7.5290109,
              51.3605851
            ],
            [
              7.5246732,
              51.35719
            ],
            [
              7.5245745,
              51.3571836
            ],
            [
              7.5236158,
              51.3576618
            ],
            [
              7.5225525,
              51.3581957
            ],
            [
              7.5225444,
              51.3582569
            ],
            [
              7.5224719,
              51.358293
            ],
            [
              7.5216344,
              51.3576391
            ],
            [
              7.5205375,
              51.3567829
            ],
            [
              7.5198341,
              51.3562314
            ],
            [
              7.5195764,
              51.3560396
            ],
            [
              7.5194416,
              51.3560855
            ],
            [
              7.5193202,
              51.3561435
            ],
            [
              7.5191719,
              51.356238
            ],
            [
              7.5185951,
              51.3566543
            ],
            [
              7.5183075,
              51.3568255
            ],
            [
              7.5181562,
              51.3569153
            ],
            [
              7.5179105,
              51.3571006
            ],
            [
              7.517458,
              51.3575103
            ],
            [
              7.5171554,
              51.3578284
            ],
            [
              7.5170386,
              51.3579639
            ],
            [
              7.5168034,
              51.3582433
            ],
            [
              7.5165046,
              51.3586635
            ],
            [
              7.5163543,
              51.3589144
            ],
            [
              7.516222,
              51.3592234
            ],
            [
              7.5161502,
              51.3594523
            ],
            [
              7.516111,
              51.359618
            ],
            [
              7.5161044,
              51.3596721
            ],
            [
              7.5160616,
              51.3599592
            ],
            [
              7.5160143,
              51.3601886
            ],
            [
              7.5159321,
              51.3604897
            ],
            [
              7.5159864,
              51.3604915
            ],
            [
              7.5159689,
              51.3607347
            ],
            [
              7.5159526,
              51.3608193
            ],
            [
              7.515848,
              51.3610921
            ],
            [
              7.5157573,
              51.3613687
            ],
            [
              7.5156948,
              51.3615614
            ],
            [
              7.5157369,
              51.3615039
            ],
            [
              7.5158042,
              51.3614991
            ],
            [
              7.5160809,
              51.3617552
            ],
            [
              7.5166174,
              51.3622197
            ],
            [
              7.516707,
              51.3622802
            ],
            [
              7.5168285,
              51.3623609
            ],
            [
              7.5171761,
              51.3625532
            ],
            [
              7.5170029,
              51.36272
            ],
            [
              7.5168814,
              51.3627887
            ],
            [
              7.5168441,
              51.3629442
            ],
            [
              7.5168375,
              51.3629629
            ],
            [
              7.5167894,
              51.3632851
            ],
            [
              7.5164513,
              51.3631333
            ],
            [
              7.5164327,
              51.3631751
            ],
            [
              7.516388,
              51.3632332
            ],
            [
              7.5163403,
              51.3632375
            ],
            [
              7.5162925,
              51.3632452
            ],
            [
              7.5162373,
              51.3632615
            ],
            [
              7.5162354,
              51.3632359
            ],
            [
              7.5154402,
              51.3637569
            ],
            [
              7.5153388,
              51.3639859
            ],
            [
              7.5151085,
              51.3642981
            ],
            [
              7.5149854,
              51.3644521
            ],
            [
              7.5149757,
              51.3644915
            ],
            [
              7.5149169,
              51.364482
            ],
            [
              7.5148745,
              51.3646516
            ],
            [
              7.5148612,
              51.3648136
            ],
            [
              7.5148684,
              51.3649839
            ],
            [
              7.5149012,
              51.365167
            ],
            [
              7.5149181,
              51.3651735
            ],
            [
              7.5149594,
              51.3651803
            ],
            [
              7.5150357,
              51.3651943
            ],
            [
              7.51526,
              51.3652775
            ],
            [
              7.515597,
              51.3653744
            ],
            [
              7.5160516,
              51.3654899
            ],
            [
              7.5159777,
              51.3656187
            ],
            [
              7.5158818,
              51.3657203
            ],
            [
              7.5156625,
              51.3658619
            ],
            [
              7.5153703,
              51.3658588
            ],
            [
              7.5151885,
              51.3658732
            ],
            [
              7.514376,
              51.3659173
            ],
            [
              7.5142492,
              51.3659377
            ],
            [
              7.5143773,
              51.3663758
            ],
            [
              7.5145138,
              51.3668132
            ],
            [
              7.5145493,
              51.3668253
            ],
            [
              7.5145027,
              51.3669949
            ],
            [
              7.5144145,
              51.3669937
            ],
            [
              7.5144165,
              51.3670361
            ],
            [
              7.5144536,
              51.3671289
            ],
            [
              7.5145588,
              51.3673967
            ],
            [
              7.5145524,
              51.3675402
            ],
            [
              7.5144267,
              51.3676637
            ],
            [
              7.5143036,
              51.3677431
            ],
            [
              7.5142762,
              51.36776
            ],
            [
              7.5142094,
              51.3678014
            ],
            [
              7.5141669,
              51.3678277
            ],
            [
              7.5138978,
              51.368017
            ],
            [
              7.5137449,
              51.3682095
            ],
            [
              7.5136352,
              51.3683612
            ],
            [
              7.5136038,
              51.3683905
            ],
            [
              7.5097162,
              51.367635
            ],
            [
              7.5100766,
              51.3671435
            ],
            [
              7.5101914,
              51.3669265
            ],
            [
              7.504901,
              51.3651322
            ],
            [
              7.503233,
              51.36467
            ],
            [
              7.5017117,
              51.3645365
            ],
            [
              7.5026106,
              51.3634505
            ],
            [
              7.5027804,
              51.3632252
            ],
            [
              7.5037008,
              51.3628571
            ],
            [
              7.5045409,
              51.36254
            ],
            [
              7.5050826,
              51.3622643
            ],
            [
              7.5055673,
              51.3619613
            ],
            [
              7.5059153,
              51.3617943
            ],
            [
              7.5065312,
              51.3612942
            ],
            [
              7.505928,
              51.3610812
            ],
            [
              7.5056094,
              51.3615112
            ],
            [
              7.5054534,
              51.3614737
            ],
            [
              7.5052595,
              51.3617448
            ],
            [
              7.5051965,
              51.3620686
            ],
            [
              7.5045836,
              51.362352
            ],
            [
              7.5034888,
              51.3616439
            ],
            [
              7.5027512,
              51.3614899
            ],
            [
              7.502916,
              51.3611514
            ],
            [
              7.5025815,
              51.3611898
            ],
            [
              7.5019911,
              51.3612455
            ],
            [
              7.5020017,
              51.3614486
            ],
            [
              7.5019057,
              51.3614523
            ],
            [
              7.5017392,
              51.3619513
            ],
            [
              7.5021076,
              51.362034
            ],
            [
              7.5019708,
              51.3622869
            ],
            [
              7.501581,
              51.362285
            ],
            [
              7.5014672,
              51.3625554
            ],
            [
              7.4996799,
              51.362384
            ],
            [
              7.4995086,
              51.3624396
            ],
            [
              7.4994017,
              51.3628136
            ],
            [
              7.4973235,
              51.3627477
            ],
            [
              7.4967098,
              51.3624334
            ],
            [
              7.4969424,
              51.3621509
            ],
            [
              7.4950444,
              51.362205
            ],
            [
              7.4924023,
              51.361585
            ],
            [
              7.490937,
              51.3612543
            ],
            [
              7.4906199,
              51.3621034
            ],
            [
              7.4900309,
              51.3622722
            ],
            [
              7.489854,
              51.3622607
            ],
            [
              7.4898774,
              51.3619597
            ],
            [
              7.4900555,
              51.3619444
            ],
            [
              7.4901006,
              51.3617206
            ],
            [
              7.4899246,
              51.3617198
            ],
            [
              7.4899719,
              51.3610753
            ],
            [
              7.4899714,
              51.3610723
            ],
            [
              7.4899645,
              51.3610251
            ],
            [
              7.490057,
              51.3610224
            ],
            [
              7.4901336,
              51.3610202
            ],
            [
              7.4903708,
              51.3607133
            ],
            [
              7.490382,
              51.3606805
            ],
            [
              7.4904072,
              51.3606065
            ],
            [
              7.4904805,
              51.360391
            ],
            [
              7.4907836,
              51.3604379
            ],
            [
              7.4907932,
              51.360405
            ],
            [
              7.4909003,
              51.3601663
            ],
            [
              7.488864,
              51.355799
            ],
            [
              7.4835178,
              51.3535159
            ]
          ]
        ]
      }
    },
    {
      "type": "Feature",
      "properties": {
        "name": "Wehringhausen",
        "city": "Hagen",
        "osm_id": 2825529,
        "osm_type": "relation",
        "display": "Wehringhausen, Hagen-Mitte, Hagen, Nordrhein-Westfalen, Deutschland"
      },
      "geometry": {
        "type": "Polygon",
        "coordinates": [
          [
            [
              7.436483,
              51.3658849
            ],
            [
              7.4364904,
              51.3657888
            ],
            [
              7.4365101,
              51.3657403
            ],
            [
              7.4366399,
              51.3655095
            ],
            [
              7.4368688,
              51.3651768
            ],
            [
              7.4373619,
              51.3646527
            ],
            [
              7.437498,
              51.3645342
            ],
            [
              7.437689,
              51.3642811
            ],
            [
              7.4377996,
              51.3641395
            ],
            [
              7.4379917,
              51.3640452
            ],
            [
              7.4378717,
              51.3632154
            ],
            [
              7.4379618,
              51.3630641
            ],
            [
              7.4379977,
              51.3630086
            ],
            [
              7.4380174,
              51.3629664
            ],
            [
              7.4380582,
              51.3628055
            ],
            [
              7.438118,
              51.3626845
            ],
            [
              7.438057,
              51.3626822
            ],
            [
              7.4380938,
              51.3626075
            ],
            [
              7.4379467,
              51.3625889
            ],
            [
              7.4379729,
              51.3625527
            ],
            [
              7.4379573,
              51.3625527
            ],
            [
              7.4375382,
              51.3622967
            ],
            [
              7.4374053,
              51.3622061
            ],
            [
              7.4366368,
              51.3619142
            ],
            [
              7.4367722,
              51.3611056
            ],
            [
              7.4366242,
              51.3611101
            ],
            [
              7.436654,
              51.3609292
            ],
            [
              7.4368027,
              51.3609237
            ],
            [
              7.4370648,
              51.3609278
            ],
            [
              7.4374876,
              51.3604867
            ],
            [
              7.440185,
              51.3576833
            ],
            [
              7.4410662,
              51.3567707
            ],
            [
              7.4417701,
              51.3560338
            ],
            [
              7.4423706,
              51.3557586
            ],
            [
              7.442098,
              51.3556596
            ],
            [
              7.4425879,
              51.3550899
            ],
            [
              7.4430959,
              51.3548754
            ],
            [
              7.443962,
              51.3545113
            ],
            [
              7.4444675,
              51.354636
            ],
            [
              7.4444792,
              51.3543137
            ],
            [
              7.444543,
              51.3543375
            ],
            [
              7.4445698,
              51.3543319
            ],
            [
              7.4446374,
              51.3542152
            ],
            [
              7.4451285,
              51.353357
            ],
            [
              7.4453792,
              51.3529473
            ],
            [
              7.4453881,
              51.3528821
            ],
            [
              7.4456106,
              51.3529645
            ],
            [
              7.4458128,
              51.3530146
            ],
            [
              7.4458794,
              51.3530311
            ],
            [
              7.445921,
              51.3529524
            ],
            [
              7.4467984,
              51.3515761
            ],
            [
              7.4469332,
              51.3516023
            ],
            [
              7.447068,
              51.3512954
            ],
            [
              7.447117,
              51.3511841
            ],
            [
              7.4472553,
              51.3508624
            ],
            [
              7.4472789,
              51.3508128
            ],
            [
              7.4474222,
              51.3504996
            ],
            [
              7.447524,
              51.3502767
            ],
            [
              7.4477889,
              51.3503129
            ],
            [
              7.4478118,
              51.3502831
            ],
            [
              7.4473148,
              51.350161
            ],
            [
              7.4464767,
              51.3499504
            ],
            [
              7.4467127,
              51.3495802
            ],
            [
              7.4468287,
              51.3495859
            ],
            [
              7.4468868,
              51.3493365
            ],
            [
              7.4481998,
              51.3494542
            ],
            [
              7.4481863,
              51.3495139
            ],
            [
              7.4482811,
              51.3495429
            ],
            [
              7.4481834,
              51.3496699
            ],
            [
              7.4481682,
              51.3496828
            ],
            [
              7.4481375,
              51.3496949
            ],
            [
              7.448095,
              51.3496988
            ],
            [
              7.4480528,
              51.3497054
            ],
            [
              7.4480179,
              51.3497233
            ],
            [
              7.4480057,
              51.3497383
            ],
            [
              7.4479994,
              51.3497517
            ],
            [
              7.4479985,
              51.3497714
            ],
            [
              7.4480074,
              51.3497919
            ],
            [
              7.4480419,
              51.3498224
            ],
            [
              7.4481257,
              51.3498456
            ],
            [
              7.4481952,
              51.349747
            ],
            [
              7.4482297,
              51.3497549
            ],
            [
              7.4484323,
              51.3494929
            ],
            [
              7.4487893,
              51.3494348
            ],
            [
              7.4488231,
              51.3492916
            ],
            [
              7.4490724,
              51.3493375
            ],
            [
              7.4492365,
              51.3493739
            ],
            [
              7.4492768,
              51.3493055
            ],
            [
              7.4493355,
              51.3492077
            ],
            [
              7.4493707,
              51.349202
            ],
            [
              7.4493909,
              51.3491472
            ],
            [
              7.4495927,
              51.3488148
            ],
            [
              7.449207,
              51.3487444
            ],
            [
              7.4492666,
              51.3486219
            ],
            [
              7.4491789,
              51.3485893
            ],
            [
              7.4490622,
              51.3484239
            ],
            [
              7.4489422,
              51.3483366
            ],
            [
              7.4487551,
              51.3483174
            ],
            [
              7.4488685,
              51.3481365
            ],
            [
              7.4476916,
              51.3479432
            ],
            [
              7.4477644,
              51.3478295
            ],
            [
              7.4480243,
              51.3476811
            ],
            [
              7.4485152,
              51.347354
            ],
            [
              7.4491674,
              51.3470058
            ],
            [
              7.44931,
              51.3469299
            ],
            [
              7.4494883,
              51.3468156
            ],
            [
              7.4501275,
              51.3464203
            ],
            [
              7.4515049,
              51.3455681
            ],
            [
              7.4534834,
              51.3443616
            ],
            [
              7.4538226,
              51.3441057
            ],
            [
              7.4536611,
              51.3439906
            ],
            [
              7.4535336,
              51.3439197
            ],
            [
              7.4519662,
              51.3429112
            ],
            [
              7.4514258,
              51.3425173
            ],
            [
              7.451258,
              51.3424485
            ],
            [
              7.4508807,
              51.3422176
            ],
            [
              7.4486352,
              51.3435565
            ],
            [
              7.447641,
              51.3427446
            ],
            [
              7.4472772,
              51.3424688
            ],
            [
              7.447238,
              51.3423367
            ],
            [
              7.4467207,
              51.3419316
            ],
            [
              7.4458834,
              51.3412963
            ],
            [
              7.4453829,
              51.3411021
            ],
            [
              7.444951,
              51.340949
            ],
            [
              7.4447724,
              51.3408795
            ],
            [
              7.4432804,
              51.3403291
            ],
            [
              7.4452499,
              51.338681
            ],
            [
              7.4450668,
              51.3385564
            ],
            [
              7.4449284,
              51.3386847
            ],
            [
              7.444725,
              51.3385626
            ],
            [
              7.4444798,
              51.3383996
            ],
            [
              7.4441531,
              51.3381864
            ],
            [
              7.4437111,
              51.3379
            ],
            [
              7.4435846,
              51.3378256
            ],
            [
              7.4430146,
              51.3374612
            ],
            [
              7.4428204,
              51.3373459
            ],
            [
              7.442618,
              51.3372264
            ],
            [
              7.4425414,
              51.3371762
            ],
            [
              7.4422958,
              51.3370307
            ],
            [
              7.4414634,
              51.3365127
            ],
            [
              7.4416974,
              51.3363722
            ],
            [
              7.4412924,
              51.3361138
            ],
            [
              7.441,
              51.3359431
            ],
            [
              7.4405981,
              51.3356909
            ],
            [
              7.4409652,
              51.3354551
            ],
            [
              7.4413081,
              51.3352464
            ],
            [
              7.4419622,
              51.3348346
            ],
            [
              7.4422627,
              51.3346474
            ],
            [
              7.4425951,
              51.3344552
            ],
            [
              7.4426395,
              51.3344189
            ],
            [
              7.4426848,
              51.3343847
            ],
            [
              7.442772,
              51.3343286
            ],
            [
              7.4424312,
              51.3342302
            ],
            [
              7.4424513,
              51.3340818
            ],
            [
              7.4424435,
              51.3336047
            ],
            [
              7.4424262,
              51.3335952
            ],
            [
              7.4420623,
              51.3334955
            ],
            [
              7.4416575,
              51.333402
            ],
            [
              7.441962,
              51.3328538
            ],
            [
              7.4417253,
              51.3327801
            ],
            [
              7.4414267,
              51.332048
            ],
            [
              7.4419342,
              51.3308371
            ],
            [
              7.4417988,
              51.3306931
            ],
            [
              7.4417513,
              51.3306515
            ],
            [
              7.4423035,
              51.3300997
            ],
            [
              7.4429894,
              51.3294189
            ],
            [
              7.4438666,
              51.3285477
            ],
            [
              7.4434554,
              51.3284322
            ],
            [
              7.444257,
              51.3277809
            ],
            [
              7.4445957,
              51.3277994
            ],
            [
              7.4448923,
              51.3277994
            ],
            [
              7.4454984,
              51.3279478
            ],
            [
              7.446207,
              51.3281265
            ],
            [
              7.4464118,
              51.3281646
            ],
            [
              7.4471029,
              51.3282516
            ],
            [
              7.4481337,
              51.3282487
            ],
            [
              7.4485982,
              51.328269
            ],
            [
              7.4489425,
              51.3283088
            ],
            [
              7.4493514,
              51.3283652
            ],
            [
              7.4494473,
              51.3283912
            ],
            [
              7.4500222,
              51.3284081
            ],
            [
              7.4513404,
              51.32872
            ],
            [
              7.4525238,
              51.3291175
            ],
            [
              7.4524845,
              51.3292179
            ],
            [
              7.4521623,
              51.329429
            ],
            [
              7.4511233,
              51.3301002
            ],
            [
              7.4516223,
              51.3301605
            ],
            [
              7.4521246,
              51.3302258
            ],
            [
              7.4522648,
              51.3302448
            ],
            [
              7.4524591,
              51.3302638
            ],
            [
              7.4528695,
              51.3303125
            ],
            [
              7.4529085,
              51.3303146
            ],
            [
              7.453079,
              51.3303352
            ],
            [
              7.45335,
              51.3303666
            ],
            [
              7.4537684,
              51.3304269
            ],
            [
              7.4540156,
              51.3304467
            ],
            [
              7.4543833,
              51.3305019
            ],
            [
              7.4544203,
              51.330494
            ],
            [
              7.4551639,
              51.3305828
            ],
            [
              7.4555514,
              51.3306117
            ],
            [
              7.4556187,
              51.3306247
            ],
            [
              7.4557335,
              51.3306413
            ],
            [
              7.4560812,
              51.3306819
            ],
            [
              7.4562111,
              51.3306942
            ],
            [
              7.4563125,
              51.3307066
            ],
            [
              7.4564185,
              51.3307176
            ],
            [
              7.4568353,
              51.330782
            ],
            [
              7.4570321,
              51.3308241
            ],
            [
              7.4571852,
              51.3308577
            ],
            [
              7.4573627,
              51.3308419
            ],
            [
              7.4573307,
              51.3308898
            ],
            [
              7.4578388,
              51.3312161
            ],
            [
              7.4580709,
              51.3313749
            ],
            [
              7.4581004,
              51.3313954
            ],
            [
              7.4584898,
              51.3316518
            ],
            [
              7.4595063,
              51.3323412
            ],
            [
              7.4609909,
              51.3333895
            ],
            [
              7.4602722,
              51.334085
            ],
            [
              7.4601555,
              51.3342756
            ],
            [
              7.4639196,
              51.3368152
            ],
            [
              7.4646469,
              51.3373215
            ],
            [
              7.4654453,
              51.337869
            ],
            [
              7.4662615,
              51.3384148
            ],
            [
              7.4670914,
              51.3389881
            ],
            [
              7.4667969,
              51.3391699
            ],
            [
              7.4663919,
              51.3394027
            ],
            [
              7.465965,
              51.3396469
            ],
            [
              7.465539,
              51.3398936
            ],
            [
              7.465206,
              51.3401088
            ],
            [
              7.4645826,
              51.3404809
            ],
            [
              7.4647893,
              51.3406077
            ],
            [
              7.4650445,
              51.3407727
            ],
            [
              7.4652529,
              51.3409143
            ],
            [
              7.465471,
              51.341043
            ],
            [
              7.4654858,
              51.3410548
            ],
            [
              7.465775,
              51.3412325
            ],
            [
              7.4658858,
              51.3413065
            ],
            [
              7.4665127,
              51.3416994
            ],
            [
              7.466768,
              51.3418674
            ],
            [
              7.4671811,
              51.3421317
            ],
            [
              7.4645592,
              51.3437605
            ],
            [
              7.4642942,
              51.3439209
            ],
            [
              7.4639627,
              51.3441318
            ],
            [
              7.4633725,
              51.3444993
            ],
            [
              7.4633315,
              51.3445343
            ],
            [
              7.4638952,
              51.3448953
            ],
            [
              7.4642373,
              51.3451309
            ],
            [
              7.464372,
              51.3452134
            ],
            [
              7.4650494,
              51.3456524
            ],
            [
              7.4657014,
              51.3460344
            ],
            [
              7.4656982,
              51.3460752
            ],
            [
              7.4656944,
              51.346165
            ],
            [
              7.4656731,
              51.3466145
            ],
            [
              7.4656745,
              51.3468481
            ],
            [
              7.4657757,
              51.3472915
            ],
            [
              7.4659265,
              51.347662
            ],
            [
              7.4660877,
              51.3479619
            ],
            [
              7.4662057,
              51.3481123
            ],
            [
              7.4663487,
              51.3482383
            ],
            [
              7.4664555,
              51.3483054
            ],
            [
              7.4666077,
              51.3483813
            ],
            [
              7.4669665,
              51.3485166
            ],
            [
              7.4674308,
              51.3486594
            ],
            [
              7.4679476,
              51.348841
            ],
            [
              7.46868,
              51.3490187
            ],
            [
              7.4706124,
              51.3494919
            ],
            [
              7.4708471,
              51.3499595
            ],
            [
              7.4688262,
              51.3496938
            ],
            [
              7.4682203,
              51.3506853
            ],
            [
              7.4684356,
              51.3521045
            ],
            [
              7.4682887,
              51.3524534
            ],
            [
              7.4675803,
              51.3527579
            ],
            [
              7.4661516,
              51.353354
            ],
            [
              7.4652423,
              51.353077
            ],
            [
              7.4648469,
              51.3535217
            ],
            [
              7.465698,
              51.353984
            ],
            [
              7.4652006,
              51.3543184
            ],
            [
              7.4648804,
              51.3541382
            ],
            [
              7.4644088,
              51.354431
            ],
            [
              7.4641588,
              51.3542779
            ],
            [
              7.4638832,
              51.3544536
            ],
            [
              7.4646289,
              51.3548784
            ],
            [
              7.4646598,
              51.3548969
            ],
            [
              7.4647267,
              51.3549378
            ],
            [
              7.4657357,
              51.3553083
            ],
            [
              7.4662708,
              51.3553373
            ],
            [
              7.466963,
              51.3553297
            ],
            [
              7.4682011,
              51.3553496
            ],
            [
              7.4683215,
              51.3554581
            ],
            [
              7.4679847,
              51.3556132
            ],
            [
              7.4678171,
              51.3554714
            ],
            [
              7.4671283,
              51.3555019
            ],
            [
              7.466406,
              51.3555276
            ],
            [
              7.4663207,
              51.3555733
            ],
            [
              7.4658872,
              51.355601
            ],
            [
              7.4656096,
              51.3558321
            ],
            [
              7.4653584,
              51.3557266
            ],
            [
              7.4644251,
              51.3554187
            ],
            [
              7.464509,
              51.355324
            ],
            [
              7.4641333,
              51.355116
            ],
            [
              7.4636642,
              51.3552833
            ],
            [
              7.4633072,
              51.355841
            ],
            [
              7.4647201,
              51.3565763
            ],
            [
              7.4638373,
              51.3572698
            ],
            [
              7.4633618,
              51.3570402
            ],
            [
              7.4631241,
              51.3572317
            ],
            [
              7.4627768,
              51.357368
            ],
            [
              7.4630071,
              51.3575502
            ],
            [
              7.4626752,
              51.3577058
            ],
            [
              7.4617844,
              51.3581044
            ],
            [
              7.4609937,
              51.3584179
            ],
            [
              7.4609152,
              51.3584607
            ],
            [
              7.4607203,
              51.3585667
            ],
            [
              7.4607231,
              51.3585688
            ],
            [
              7.4606777,
              51.3585936
            ],
            [
              7.4604425,
              51.3584506
            ],
            [
              7.4603193,
              51.3585176
            ],
            [
              7.4603012,
              51.3585275
            ],
            [
              7.4602377,
              51.3585629
            ],
            [
              7.4602119,
              51.3585784
            ],
            [
              7.460535,
              51.3587643
            ],
            [
              7.4604721,
              51.3588128
            ],
            [
              7.4604598,
              51.3588219
            ],
            [
              7.4603596,
              51.3588877
            ],
            [
              7.4599752,
              51.3590959
            ],
            [
              7.4601237,
              51.3592168
            ],
            [
              7.460012,
              51.3592947
            ],
            [
              7.4599655,
              51.3593431
            ],
            [
              7.4599312,
              51.3593505
            ],
            [
              7.4599161,
              51.3593541
            ],
            [
              7.4599842,
              51.3594855
            ],
            [
              7.4600493,
              51.3596169
            ],
            [
              7.4601262,
              51.3597581
            ],
            [
              7.4602122,
              51.3599292
            ],
            [
              7.460274,
              51.3601033
            ],
            [
              7.4603431,
              51.3603117
            ],
            [
              7.4594051,
              51.3603623
            ],
            [
              7.4593717,
              51.3611766
            ],
            [
              7.4594063,
              51.3613931
            ],
            [
              7.4594989,
              51.3619936
            ],
            [
              7.4595067,
              51.3620554
            ],
            [
              7.459497,
              51.3623135
            ],
            [
              7.4595419,
              51.3626185
            ],
            [
              7.4595818,
              51.3628522
            ],
            [
              7.4596267,
              51.3631144
            ],
            [
              7.4597551,
              51.3639018
            ],
            [
              7.4598481,
              51.3644962
            ],
            [
              7.4599151,
              51.3648016
            ],
            [
              7.4599256,
              51.3648492
            ],
            [
              7.45995,
              51.364985
            ],
            [
              7.4592957,
              51.3650951
            ],
            [
              7.4582677,
              51.3652435
            ],
            [
              7.4551152,
              51.3657945
            ],
            [
              7.4538008,
              51.3657192
            ],
            [
              7.4518035,
              51.3723883
            ],
            [
              7.4515164,
              51.372378
            ],
            [
              7.4502554,
              51.3723346
            ],
            [
              7.4490438,
              51.3732772
            ],
            [
              7.4485713,
              51.3732152
            ],
            [
              7.4483074,
              51.3731694
            ],
            [
              7.4475815,
              51.3730276
            ],
            [
              7.4470178,
              51.3729705
            ],
            [
              7.4465921,
              51.3728534
            ],
            [
              7.4462398,
              51.3728289
            ],
            [
              7.4459963,
              51.3727524
            ],
            [
              7.4455841,
              51.3726222
            ],
            [
              7.4458208,
              51.3723652
            ],
            [
              7.4452504,
              51.3720914
            ],
            [
              7.4447697,
              51.3719203
            ],
            [
              7.4444555,
              51.3717327
            ],
            [
              7.444117,
              51.3716349
            ],
            [
              7.4434971,
              51.3715093
            ],
            [
              7.4433124,
              51.3714355
            ],
            [
              7.4430559,
              51.3715403
            ],
            [
              7.4429766,
              51.3715596
            ],
            [
              7.4427541,
              51.3714973
            ],
            [
              7.4412598,
              51.3712102
            ],
            [
              7.4413665,
              51.371046
            ],
            [
              7.4413434,
              51.3710364
            ],
            [
              7.4428065,
              51.3693415
            ],
            [
              7.4391242,
              51.3685428
            ],
            [
              7.4389044,
              51.3687832
            ],
            [
              7.4386249,
              51.3690864
            ],
            [
              7.4383979,
              51.3688802
            ],
            [
              7.4381703,
              51.3686707
            ],
            [
              7.4379205,
              51.3683977
            ],
            [
              7.4375892,
              51.3678825
            ],
            [
              7.437241,
              51.3674455
            ],
            [
              7.4368546,
              51.3668953
            ],
            [
              7.4367153,
              51.3667087
            ],
            [
              7.4366188,
              51.3665547
            ],
            [
              7.4365782,
              51.366451
            ],
            [
              7.4365698,
              51.3663634
            ],
            [
              7.4365605,
              51.3661553
            ],
            [
              7.436483,
              51.3658849
            ]
          ]
        ]
      }
    },
    {
      "type": "Feature",
      "properties": {
        "name": "Haspe",
        "city": "Hagen",
        "osm_id": 7244759,
        "osm_type": "relation",
        "display": "Haspe, Hagen, Nordrhein-Westfalen, 58135, Deutschland"
      },
      "geometry": {
        "type": "Polygon",
        "coordinates": [
          [
            [
              7.3999075,
              51.3016835
            ],
            [
              7.4005285,
              51.3012134
            ],
            [
              7.4010942,
              51.3007187
            ],
            [
              7.4011031,
              51.3005719
            ],
            [
              7.400794,
              51.3003826
            ],
            [
              7.400608,
              51.3001536
            ],
            [
              7.4005281,
              51.2999767
            ],
            [
              7.4005071,
              51.2997954
            ],
            [
              7.4010026,
              51.2999976
            ],
            [
              7.4012091,
              51.2998383
            ],
            [
              7.4007021,
              51.2996454
            ],
            [
              7.4007899,
              51.2995867
            ],
            [
              7.4014337,
              51.2998006
            ],
            [
              7.4025203,
              51.3001561
            ],
            [
              7.4029195,
              51.3002653
            ],
            [
              7.4032694,
              51.3003453
            ],
            [
              7.403986,
              51.2987991
            ],
            [
              7.4044398,
              51.2984225
            ],
            [
              7.4050462,
              51.2985903
            ],
            [
              7.4056845,
              51.298325
            ],
            [
              7.4060244,
              51.298164
            ],
            [
              7.4062184,
              51.298073
            ],
            [
              7.4068663,
              51.2979661
            ],
            [
              7.4076812,
              51.2978331
            ],
            [
              7.4077781,
              51.2977261
            ],
            [
              7.4078721,
              51.2976231
            ],
            [
              7.408532,
              51.2968832
            ],
            [
              7.4084281,
              51.2965972
            ],
            [
              7.408588,
              51.2965702
            ],
            [
              7.4091409,
              51.2965472
            ],
            [
              7.4094189,
              51.2965622
            ],
            [
              7.4105467,
              51.2967222
            ],
            [
              7.4106647,
              51.2967422
            ],
            [
              7.4109337,
              51.2967262
            ],
            [
              7.4113136,
              51.2962193
            ],
            [
              7.4125464,
              51.2952424
            ],
            [
              7.4127394,
              51.2951314
            ],
            [
              7.4131674,
              51.2948614
            ],
            [
              7.4137093,
              51.2945175
            ],
            [
              7.4140862,
              51.2943575
            ],
            [
              7.4142772,
              51.2940675
            ],
            [
              7.4143312,
              51.2939875
            ],
            [
              7.4147781,
              51.2941745
            ],
            [
              7.4149221,
              51.2942815
            ],
            [
              7.4150921,
              51.2944075
            ],
            [
              7.415273,
              51.2949374
            ],
            [
              7.415308,
              51.2950404
            ],
            [
              7.415529,
              51.2954104
            ],
            [
              7.4164559,
              51.2956583
            ],
            [
              7.4164389,
              51.2953304
            ],
            [
              7.4164679,
              51.2950824
            ],
            [
              7.4165448,
              51.2950514
            ],
            [
              7.4176807,
              51.2946015
            ],
            [
              7.4182286,
              51.2944945
            ],
            [
              7.4183796,
              51.2944645
            ],
            [
              7.4185076,
              51.2944375
            ],
            [
              7.4188425,
              51.2945405
            ],
            [
              7.4190635,
              51.2945325
            ],
            [
              7.4193494,
              51.2945025
            ],
            [
              7.4196384,
              51.2946364
            ],
            [
              7.4197824,
              51.2946704
            ],
            [
              7.4202273,
              51.2946664
            ],
            [
              7.4207502,
              51.2948344
            ],
            [
              7.4211102,
              51.2949144
            ],
            [
              7.4212701,
              51.2950294
            ],
            [
              7.4217101,
              51.2952384
            ],
            [
              7.4218381,
              51.2953074
            ],
            [
              7.4226619,
              51.2955783
            ],
            [
              7.4233118,
              51.2954824
            ],
            [
              7.4240417,
              51.2952994
            ],
            [
              7.4255705,
              51.2949184
            ],
            [
              7.4262614,
              51.2951544
            ],
            [
              7.4269533,
              51.2950174
            ],
            [
              7.4273312,
              51.2949414
            ],
            [
              7.4293789,
              51.2945175
            ],
            [
              7.429319,
              51.2942275
            ],
            [
              7.429265,
              51.2939685
            ],
            [
              7.4285051,
              51.2933846
            ],
            [
              7.429184,
              51.2929197
            ],
            [
              7.4304398,
              51.2920538
            ],
            [
              7.4305648,
              51.2918858
            ],
            [
              7.4295519,
              51.2914698
            ],
            [
              7.4297439,
              51.2914508
            ],
            [
              7.4302358,
              51.2913968
            ],
            [
              7.4306928,
              51.2913518
            ],
            [
              7.4309387,
              51.2913248
            ],
            [
              7.4317046,
              51.2912908
            ],
            [
              7.4319006,
              51.2912448
            ],
            [
              7.4320945,
              51.2910999
            ],
            [
              7.4322585,
              51.2908669
            ],
            [
              7.4323715,
              51.2903789
            ],
            [
              7.4323745,
              51.290043
            ],
            [
              7.4324085,
              51.289955
            ],
            [
              7.4324341,
              51.2899088
            ],
            [
              7.4330497,
              51.2900998
            ],
            [
              7.4334285,
              51.2902402
            ],
            [
              7.4335907,
              51.2903049
            ],
            [
              7.4336927,
              51.2904609
            ],
            [
              7.4340065,
              51.2905716
            ],
            [
              7.4344598,
              51.2907443
            ],
            [
              7.4345159,
              51.2907432
            ],
            [
              7.4349687,
              51.2913395
            ],
            [
              7.4351523,
              51.2915664
            ],
            [
              7.436099,
              51.2910701
            ],
            [
              7.4363505,
              51.2909737
            ],
            [
              7.436402,
              51.2910206
            ],
            [
              7.4363669,
              51.291089
            ],
            [
              7.4363658,
              51.2911396
            ],
            [
              7.4364745,
              51.2912018
            ],
            [
              7.4363168,
              51.2912764
            ],
            [
              7.4356721,
              51.2917524
            ],
            [
              7.4354755,
              51.2919049
            ],
            [
              7.4356205,
              51.2923791
            ],
            [
              7.4365549,
              51.2928726
            ],
            [
              7.4368904,
              51.2930489
            ],
            [
              7.4342482,
              51.2944049
            ],
            [
              7.4334358,
              51.2948356
            ],
            [
              7.4337215,
              51.2950932
            ],
            [
              7.4354518,
              51.2968624
            ],
            [
              7.435785,
              51.2972051
            ],
            [
              7.4377507,
              51.2977165
            ],
            [
              7.4384776,
              51.2979065
            ],
            [
              7.4383256,
              51.2983006
            ],
            [
              7.4379306,
              51.2993572
            ],
            [
              7.4378186,
              51.2996671
            ],
            [
              7.4343155,
              51.2987258
            ],
            [
              7.4336803,
              51.2982485
            ],
            [
              7.4331084,
              51.2977655
            ],
            [
              7.4325275,
              51.2972847
            ],
            [
              7.4290204,
              51.2977339
            ],
            [
              7.4289638,
              51.2977757
            ],
            [
              7.4277301,
              51.2991774
            ],
            [
              7.4274969,
              51.2994058
            ],
            [
              7.4275488,
              51.2997043
            ],
            [
              7.4278224,
              51.3005581
            ],
            [
              7.4279751,
              51.3010315
            ],
            [
              7.4280501,
              51.3011151
            ],
            [
              7.4285585,
              51.3017336
            ],
            [
              7.4293314,
              51.3020937
            ],
            [
              7.4298991,
              51.3024424
            ],
            [
              7.4297391,
              51.302597
            ],
            [
              7.4303078,
              51.3027629
            ],
            [
              7.4305827,
              51.3028659
            ],
            [
              7.4307797,
              51.3029419
            ],
            [
              7.4309097,
              51.3029419
            ],
            [
              7.4312246,
              51.3030149
            ],
            [
              7.4314046,
              51.3031139
            ],
            [
              7.4312806,
              51.3032089
            ],
            [
              7.4311222,
              51.3033071
            ],
            [
              7.4320693,
              51.3038933
            ],
            [
              7.4325714,
              51.3041414
            ],
            [
              7.4327774,
              51.3042652
            ],
            [
              7.4329103,
              51.3042197
            ],
            [
              7.4330919,
              51.3044019
            ],
            [
              7.4331857,
              51.3045336
            ],
            [
              7.4335468,
              51.3048072
            ],
            [
              7.433849,
              51.3050212
            ],
            [
              7.4339379,
              51.305611
            ],
            [
              7.4340183,
              51.3058449
            ],
            [
              7.4345756,
              51.3058818
            ],
            [
              7.434772,
              51.3059717
            ],
            [
              7.4350311,
              51.3063342
            ],
            [
              7.4345879,
              51.3065967
            ],
            [
              7.434272,
              51.3068258
            ],
            [
              7.4341693,
              51.3069484
            ],
            [
              7.4340979,
              51.3071491
            ],
            [
              7.4341279,
              51.3074944
            ],
            [
              7.4344291,
              51.3079204
            ],
            [
              7.4344691,
              51.3080504
            ],
            [
              7.4344988,
              51.3083169
            ],
            [
              7.4344478,
              51.3085901
            ],
            [
              7.4342317,
              51.3088323
            ],
            [
              7.4338,
              51.3091565
            ],
            [
              7.4337226,
              51.3092753
            ],
            [
              7.4336868,
              51.3100946
            ],
            [
              7.4339904,
              51.3103352
            ],
            [
              7.4347081,
              51.310812
            ],
            [
              7.4348631,
              51.310915
            ],
            [
              7.4352445,
              51.3112493
            ],
            [
              7.4358936,
              51.3120334
            ],
            [
              7.4364319,
              51.3126369
            ],
            [
              7.4365583,
              51.3129545
            ],
            [
              7.436607,
              51.3132423
            ],
            [
              7.4371837,
              51.3130968
            ],
            [
              7.4382926,
              51.3128828
            ],
            [
              7.4383086,
              51.3127688
            ],
            [
              7.4386845,
              51.3127878
            ],
            [
              7.4388525,
              51.3124829
            ],
            [
              7.4390904,
              51.3123149
            ],
            [
              7.4393966,
              51.3120219
            ],
            [
              7.4396823,
              51.3118982
            ],
            [
              7.4402533,
              51.3117707
            ],
            [
              7.440307,
              51.3118845
            ],
            [
              7.4398971,
              51.3119941
            ],
            [
              7.4396562,
              51.3120706
            ],
            [
              7.4395963,
              51.312137
            ],
            [
              7.4394375,
              51.3127674
            ],
            [
              7.4394565,
              51.3129216
            ],
            [
              7.4393484,
              51.3131082
            ],
            [
              7.4392387,
              51.3140592
            ],
            [
              7.4391123,
              51.314678
            ],
            [
              7.4391848,
              51.315195
            ],
            [
              7.4394574,
              51.3151994
            ],
            [
              7.4394365,
              51.3155713
            ],
            [
              7.4395576,
              51.3158614
            ],
            [
              7.4396523,
              51.3159885
            ],
            [
              7.4397897,
              51.316159
            ],
            [
              7.440199,
              51.3163788
            ],
            [
              7.4394277,
              51.3169407
            ],
            [
              7.4386763,
              51.3172492
            ],
            [
              7.4389534,
              51.3176404
            ],
            [
              7.4381032,
              51.318365
            ],
            [
              7.4380615,
              51.3184008
            ],
            [
              7.4387788,
              51.3188039
            ],
            [
              7.4397796,
              51.3193588
            ],
            [
              7.4410688,
              51.3200887
            ],
            [
              7.4413819,
              51.3202384
            ],
            [
              7.4418372,
              51.3203853
            ],
            [
              7.4420718,
              51.3204843
            ],
            [
              7.4423761,
              51.3206383
            ],
            [
              7.4427228,
              51.3208244
            ],
            [
              7.443053,
              51.3209632
            ],
            [
              7.4435088,
              51.3210906
            ],
            [
              7.443837,
              51.3212199
            ],
            [
              7.4446622,
              51.32155
            ],
            [
              7.4452543,
              51.3217273
            ],
            [
              7.4457771,
              51.3218723
            ],
            [
              7.445956,
              51.3219317
            ],
            [
              7.4465189,
              51.3220558
            ],
            [
              7.4467769,
              51.3221222
            ],
            [
              7.4465037,
              51.3225129
            ],
            [
              7.4457862,
              51.3235238
            ],
            [
              7.4456238,
              51.3237628
            ],
            [
              7.4453372,
              51.3241684
            ],
            [
              7.4451039,
              51.3245055
            ],
            [
              7.4448366,
              51.3248773
            ],
            [
              7.4445225,
              51.3253304
            ],
            [
              7.4444948,
              51.3253615
            ],
            [
              7.444241,
              51.3257244
            ],
            [
              7.4431012,
              51.3273205
            ],
            [
              7.4438687,
              51.3277177
            ],
            [
              7.444257,
              51.3277809
            ],
            [
              7.4434554,
              51.3284322
            ],
            [
              7.4438666,
              51.3285477
            ],
            [
              7.4429894,
              51.3294189
            ],
            [
              7.4423035,
              51.3300997
            ],
            [
              7.4417513,
              51.3306515
            ],
            [
              7.4417988,
              51.3306931
            ],
            [
              7.4419342,
              51.3308371
            ],
            [
              7.4414267,
              51.332048
            ],
            [
              7.4417253,
              51.3327801
            ],
            [
              7.441962,
              51.3328538
            ],
            [
              7.4416575,
              51.333402
            ],
            [
              7.4420623,
              51.3334955
            ],
            [
              7.4424262,
              51.3335952
            ],
            [
              7.4424435,
              51.3336047
            ],
            [
              7.4424513,
              51.3340818
            ],
            [
              7.4424312,
              51.3342302
            ],
            [
              7.442772,
              51.3343286
            ],
            [
              7.4426848,
              51.3343847
            ],
            [
              7.4426395,
              51.3344189
            ],
            [
              7.4425951,
              51.3344552
            ],
            [
              7.4422627,
              51.3346474
            ],
            [
              7.4419622,
              51.3348346
            ],
            [
              7.4413081,
              51.3352464
            ],
            [
              7.4409652,
              51.3354551
            ],
            [
              7.4405981,
              51.3356909
            ],
            [
              7.441,
              51.3359431
            ],
            [
              7.4412924,
              51.3361138
            ],
            [
              7.4416974,
              51.3363722
            ],
            [
              7.4414634,
              51.3365127
            ],
            [
              7.4422958,
              51.3370307
            ],
            [
              7.4425414,
              51.3371762
            ],
            [
              7.442618,
              51.3372264
            ],
            [
              7.4428204,
              51.3373459
            ],
            [
              7.4430146,
              51.3374612
            ],
            [
              7.4435846,
              51.3378256
            ],
            [
              7.4437111,
              51.3379
            ],
            [
              7.4441531,
              51.3381864
            ],
            [
              7.4444798,
              51.3383996
            ],
            [
              7.444725,
              51.3385626
            ],
            [
              7.4449284,
              51.3386847
            ],
            [
              7.4450668,
              51.3385564
            ],
            [
              7.4452499,
              51.338681
            ],
            [
              7.4432804,
              51.3403291
            ],
            [
              7.4447724,
              51.3408795
            ],
            [
              7.444951,
              51.340949
            ],
            [
              7.4453829,
              51.3411021
            ],
            [
              7.4458834,
              51.3412963
            ],
            [
              7.4467207,
              51.3419316
            ],
            [
              7.447238,
              51.3423367
            ],
            [
              7.4472772,
              51.3424688
            ],
            [
              7.447641,
              51.3427446
            ],
            [
              7.4486352,
              51.3435565
            ],
            [
              7.4508807,
              51.3422176
            ],
            [
              7.451258,
              51.3424485
            ],
            [
              7.4514258,
              51.3425173
            ],
            [
              7.4519662,
              51.3429112
            ],
            [
              7.4535336,
              51.3439197
            ],
            [
              7.4536611,
              51.3439906
            ],
            [
              7.4538226,
              51.3441057
            ],
            [
              7.4534834,
              51.3443616
            ],
            [
              7.4515049,
              51.3455681
            ],
            [
              7.4501275,
              51.3464203
            ],
            [
              7.4494883,
              51.3468156
            ],
            [
              7.44931,
              51.3469299
            ],
            [
              7.4491674,
              51.3470058
            ],
            [
              7.4485152,
              51.347354
            ],
            [
              7.4480243,
              51.3476811
            ],
            [
              7.4477644,
              51.3478295
            ],
            [
              7.4476916,
              51.3479432
            ],
            [
              7.4488685,
              51.3481365
            ],
            [
              7.4487551,
              51.3483174
            ],
            [
              7.4489422,
              51.3483366
            ],
            [
              7.4490622,
              51.3484239
            ],
            [
              7.4491789,
              51.3485893
            ],
            [
              7.4492666,
              51.3486219
            ],
            [
              7.449207,
              51.3487444
            ],
            [
              7.4495927,
              51.3488148
            ],
            [
              7.4493909,
              51.3491472
            ],
            [
              7.4493707,
              51.349202
            ],
            [
              7.4493355,
              51.3492077
            ],
            [
              7.4492768,
              51.3493055
            ],
            [
              7.4492365,
              51.3493739
            ],
            [
              7.4490724,
              51.3493375
            ],
            [
              7.4488231,
              51.3492916
            ],
            [
              7.4487893,
              51.3494348
            ],
            [
              7.4484323,
              51.3494929
            ],
            [
              7.4482297,
              51.3497549
            ],
            [
              7.4481952,
              51.349747
            ],
            [
              7.4481257,
              51.3498456
            ],
            [
              7.4480419,
              51.3498224
            ],
            [
              7.4480074,
              51.3497919
            ],
            [
              7.4479985,
              51.3497714
            ],
            [
              7.4479994,
              51.3497517
            ],
            [
              7.4480057,
              51.3497383
            ],
            [
              7.4480179,
              51.3497233
            ],
            [
              7.4480528,
              51.3497054
            ],
            [
              7.448095,
              51.3496988
            ],
            [
              7.4481375,
              51.3496949
            ],
            [
              7.4481682,
              51.3496828
            ],
            [
              7.4481834,
              51.3496699
            ],
            [
              7.4482811,
              51.3495429
            ],
            [
              7.4481863,
              51.3495139
            ],
            [
              7.4481998,
              51.3494542
            ],
            [
              7.4468868,
              51.3493365
            ],
            [
              7.4468287,
              51.3495859
            ],
            [
              7.4467127,
              51.3495802
            ],
            [
              7.4464767,
              51.3499504
            ],
            [
              7.4473148,
              51.350161
            ],
            [
              7.4478118,
              51.3502831
            ],
            [
              7.4477889,
              51.3503129
            ],
            [
              7.447524,
              51.3502767
            ],
            [
              7.4474222,
              51.3504996
            ],
            [
              7.4472789,
              51.3508128
            ],
            [
              7.4472553,
              51.3508624
            ],
            [
              7.447117,
              51.3511841
            ],
            [
              7.447068,
              51.3512954
            ],
            [
              7.4469332,
              51.3516023
            ],
            [
              7.4467984,
              51.3515761
            ],
            [
              7.445921,
              51.3529524
            ],
            [
              7.4458794,
              51.3530311
            ],
            [
              7.4458128,
              51.3530146
            ],
            [
              7.4456106,
              51.3529645
            ],
            [
              7.4453881,
              51.3528821
            ],
            [
              7.4453792,
              51.3529473
            ],
            [
              7.4451285,
              51.353357
            ],
            [
              7.4446374,
              51.3542152
            ],
            [
              7.4445698,
              51.3543319
            ],
            [
              7.444543,
              51.3543375
            ],
            [
              7.4444792,
              51.3543137
            ],
            [
              7.4444675,
              51.354636
            ],
            [
              7.443962,
              51.3545113
            ],
            [
              7.4430959,
              51.3548754
            ],
            [
              7.4425879,
              51.3550899
            ],
            [
              7.442098,
              51.3556596
            ],
            [
              7.4423706,
              51.3557586
            ],
            [
              7.4417701,
              51.3560338
            ],
            [
              7.4410662,
              51.3567707
            ],
            [
              7.440185,
              51.3576833
            ],
            [
              7.4374876,
              51.3604867
            ],
            [
              7.4370648,
              51.3609278
            ],
            [
              7.4368027,
              51.3609237
            ],
            [
              7.436654,
              51.3609292
            ],
            [
              7.4366242,
              51.3611101
            ],
            [
              7.4367722,
              51.3611056
            ],
            [
              7.4366368,
              51.3619142
            ],
            [
              7.4374053,
              51.3622061
            ],
            [
              7.4375382,
              51.3622967
            ],
            [
              7.4379573,
              51.3625527
            ],
            [
              7.4379729,
              51.3625527
            ],
            [
              7.4379467,
              51.3625889
            ],
            [
              7.4380938,
              51.3626075
            ],
            [
              7.438057,
              51.3626822
            ],
            [
              7.438118,
              51.3626845
            ],
            [
              7.4380582,
              51.3628055
            ],
            [
              7.4380174,
              51.3629664
            ],
            [
              7.4379977,
              51.3630086
            ],
            [
              7.4379618,
              51.3630641
            ],
            [
              7.4378717,
              51.3632154
            ],
            [
              7.4379917,
              51.3640452
            ],
            [
              7.4377996,
              51.3641395
            ],
            [
              7.437689,
              51.3642811
            ],
            [
              7.437498,
              51.3645342
            ],
            [
              7.4373619,
              51.3646527
            ],
            [
              7.4368688,
              51.3651768
            ],
            [
              7.4366399,
              51.3655095
            ],
            [
              7.4365101,
              51.3657403
            ],
            [
              7.4364904,
              51.3657888
            ],
            [
              7.436483,
              51.3658849
            ],
            [
              7.4365605,
              51.3661553
            ],
            [
              7.4365698,
              51.3663634
            ],
            [
              7.4365782,
              51.366451
            ],
            [
              7.4364647,
              51.3666327
            ],
            [
              7.4359691,
              51.3667377
            ],
            [
              7.4355482,
              51.3667558
            ],
            [
              7.4351076,
              51.3667939
            ],
            [
              7.4349909,
              51.3669569
            ],
            [
              7.4342254,
              51.3680155
            ],
            [
              7.4323457,
              51.3670624
            ],
            [
              7.4307983,
              51.3668257
            ],
            [
              7.429755,
              51.3667882
            ],
            [
              7.4290348,
              51.3666231
            ],
            [
              7.4291584,
              51.3669396
            ],
            [
              7.4291441,
              51.3671193
            ],
            [
              7.4289283,
              51.367378
            ],
            [
              7.4290413,
              51.3675401
            ],
            [
              7.4290005,
              51.367758
            ],
            [
              7.4288142,
              51.3680971
            ],
            [
              7.4284266,
              51.3681296
            ],
            [
              7.428309,
              51.3680597
            ],
            [
              7.4277332,
              51.3677516
            ],
            [
              7.426968,
              51.3686137
            ],
            [
              7.4250171,
              51.3706598
            ],
            [
              7.4247746,
              51.3709187
            ],
            [
              7.4234249,
              51.3698102
            ],
            [
              7.4225001,
              51.369045
            ],
            [
              7.4227685,
              51.3687676
            ],
            [
              7.4232417,
              51.3685689
            ],
            [
              7.4224814,
              51.368274
            ],
            [
              7.4216601,
              51.3679555
            ],
            [
              7.4210452,
              51.3677146
            ],
            [
              7.4203235,
              51.367865
            ],
            [
              7.4190766,
              51.3674065
            ],
            [
              7.4180098,
              51.3669963
            ],
            [
              7.4163015,
              51.3663859
            ],
            [
              7.4159906,
              51.3662295
            ],
            [
              7.4152617,
              51.3659373
            ],
            [
              7.4150181,
              51.3658488
            ],
            [
              7.4142374,
              51.365549
            ],
            [
              7.4145224,
              51.3652449
            ],
            [
              7.4110985,
              51.3640054
            ],
            [
              7.4116167,
              51.363287
            ],
            [
              7.4118394,
              51.3629956
            ],
            [
              7.4130088,
              51.3617596
            ],
            [
              7.4135345,
              51.3612019
            ],
            [
              7.4138698,
              51.3608603
            ],
            [
              7.4154644,
              51.3614732
            ],
            [
              7.4162784,
              51.3617914
            ],
            [
              7.4165265,
              51.3618911
            ],
            [
              7.416776,
              51.3619723
            ],
            [
              7.417118,
              51.3620862
            ],
            [
              7.4173795,
              51.362242
            ],
            [
              7.4178971,
              51.361683
            ],
            [
              7.4180654,
              51.3615097
            ],
            [
              7.4181768,
              51.3615775
            ],
            [
              7.4186656,
              51.3610646
            ],
            [
              7.4185395,
              51.361021
            ],
            [
              7.4189271,
              51.3605998
            ],
            [
              7.4193388,
              51.3601669
            ],
            [
              7.4188037,
              51.3599885
            ],
            [
              7.4185704,
              51.3599014
            ],
            [
              7.4184336,
              51.3598445
            ],
            [
              7.4180822,
              51.3596762
            ],
            [
              7.4182177,
              51.3596146
            ],
            [
              7.4179132,
              51.3595062
            ],
            [
              7.4174653,
              51.3593387
            ],
            [
              7.417586,
              51.3592114
            ],
            [
              7.4178126,
              51.3589823
            ],
            [
              7.4179582,
              51.3588375
            ],
            [
              7.418168,
              51.3586101
            ],
            [
              7.4183712,
              51.3583986
            ],
            [
              7.4186119,
              51.3581499
            ],
            [
              7.4188044,
              51.357946
            ],
            [
              7.4189754,
              51.3577676
            ],
            [
              7.4191531,
              51.357583
            ],
            [
              7.4194743,
              51.3572476
            ],
            [
              7.4198411,
              51.3568694
            ],
            [
              7.4199276,
              51.3567773
            ],
            [
              7.4197861,
              51.3567216
            ],
            [
              7.4197546,
              51.3567568
            ],
            [
              7.4189217,
              51.3564494
            ],
            [
              7.4184289,
              51.356269
            ],
            [
              7.4183189,
              51.3562225
            ],
            [
              7.4175759,
              51.3558812
            ],
            [
              7.417124,
              51.3556771
            ],
            [
              7.417076,
              51.3557112
            ],
            [
              7.4166915,
              51.3555575
            ],
            [
              7.4166197,
              51.3555269
            ],
            [
              7.4164736,
              51.3554633
            ],
            [
              7.4168088,
              51.3551982
            ],
            [
              7.4170127,
              51.3550345
            ],
            [
              7.4174874,
              51.3546488
            ],
            [
              7.4180198,
              51.3542204
            ],
            [
              7.4180795,
              51.3541693
            ],
            [
              7.4187326,
              51.3538804
            ],
            [
              7.4193744,
              51.3535956
            ],
            [
              7.4193791,
              51.3535785
            ],
            [
              7.4194287,
              51.3535864
            ],
            [
              7.4194723,
              51.3535877
            ],
            [
              7.4194702,
              51.3535986
            ],
            [
              7.4196137,
              51.3535697
            ],
            [
              7.4200416,
              51.3539876
            ],
            [
              7.4201462,
              51.3539394
            ],
            [
              7.4202514,
              51.3538963
            ],
            [
              7.4203601,
              51.353859
            ],
            [
              7.4203393,
              51.3538389
            ],
            [
              7.420468,
              51.3538008
            ],
            [
              7.4206518,
              51.3537556
            ],
            [
              7.4207966,
              51.353728
            ],
            [
              7.4212184,
              51.3536656
            ],
            [
              7.421268,
              51.3536614
            ],
            [
              7.4213082,
              51.3536601
            ],
            [
              7.4213585,
              51.3536593
            ],
            [
              7.4213994,
              51.3536635
            ],
            [
              7.4213632,
              51.3535663
            ],
            [
              7.4215671,
              51.3534516
            ],
            [
              7.4213646,
              51.3533251
            ],
            [
              7.4214859,
              51.3532543
            ],
            [
              7.4212908,
              51.353123
            ],
            [
              7.4214004,
              51.3530772
            ],
            [
              7.4214336,
              51.3528085
            ],
            [
              7.4214008,
              51.3527204
            ],
            [
              7.4215335,
              51.3527581
            ],
            [
              7.4217917,
              51.3527761
            ],
            [
              7.4218108,
              51.3527753
            ],
            [
              7.4218236,
              51.352774
            ],
            [
              7.421836,
              51.3527706
            ],
            [
              7.4218547,
              51.3527585
            ],
            [
              7.4219178,
              51.352725
            ],
            [
              7.4219335,
              51.3527139
            ],
            [
              7.4219469,
              51.3526992
            ],
            [
              7.421955,
              51.3526823
            ],
            [
              7.4220847,
              51.3524407
            ],
            [
              7.4221867,
              51.3522503
            ],
            [
              7.4222068,
              51.352216
            ],
            [
              7.4222899,
              51.3520587
            ],
            [
              7.4222054,
              51.3520424
            ],
            [
              7.4222326,
              51.3520064
            ],
            [
              7.4219956,
              51.3519557
            ],
            [
              7.4216884,
              51.3518766
            ],
            [
              7.4213867,
              51.3517802
            ],
            [
              7.4210967,
              51.3516638
            ],
            [
              7.420814,
              51.3515315
            ],
            [
              7.4207376,
              51.351489
            ],
            [
              7.4206055,
              51.351419
            ],
            [
              7.4205492,
              51.3513901
            ],
            [
              7.4203004,
              51.3512387
            ],
            [
              7.4200691,
              51.3510796
            ],
            [
              7.4198706,
              51.3509238
            ],
            [
              7.4196781,
              51.3507538
            ],
            [
              7.4194381,
              51.3505201
            ],
            [
              7.4192523,
              51.3503153
            ],
            [
              7.4191229,
              51.3501398
            ],
            [
              7.4190002,
              51.3500561
            ],
            [
              7.4188399,
              51.3499543
            ],
            [
              7.4188533,
              51.3499447
            ],
            [
              7.4186421,
              51.3498249
            ],
            [
              7.4186924,
              51.3498161
            ],
            [
              7.4187548,
              51.3497692
            ],
            [
              7.4186927,
              51.3496997
            ],
            [
              7.418731,
              51.3497191
            ],
            [
              7.418743,
              51.3497099
            ],
            [
              7.4189372,
              51.3498167
            ],
            [
              7.4188077,
              51.3495275
            ],
            [
              7.4188118,
              51.3494513
            ],
            [
              7.418799,
              51.3492934
            ],
            [
              7.4187588,
              51.3491209
            ],
            [
              7.4185161,
              51.3488017
            ],
            [
              7.4183209,
              51.3485821
            ],
            [
              7.4181174,
              51.3484229
            ],
            [
              7.417995,
              51.3482673
            ],
            [
              7.4178991,
              51.3483036
            ],
            [
              7.4178727,
              51.3483117
            ],
            [
              7.4178029,
              51.3482514
            ],
            [
              7.417703,
              51.3481756
            ],
            [
              7.4177342,
              51.3481538
            ],
            [
              7.417522,
              51.3480083
            ],
            [
              7.4174831,
              51.3480175
            ],
            [
              7.4173728,
              51.3479329
            ],
            [
              7.4173345,
              51.3477417
            ],
            [
              7.4170435,
              51.3475767
            ],
            [
              7.4169641,
              51.3475375
            ],
            [
              7.4166013,
              51.3473721
            ],
            [
              7.4163344,
              51.3472643
            ],
            [
              7.4160933,
              51.3472033
            ],
            [
              7.4157782,
              51.3470544
            ],
            [
              7.4155308,
              51.3469304
            ],
            [
              7.4151666,
              51.3467369
            ],
            [
              7.415056,
              51.3466775
            ],
            [
              7.4149454,
              51.3465979
            ],
            [
              7.4147643,
              51.3464792
            ],
            [
              7.41402,
              51.3460827
            ],
            [
              7.4139305,
              51.346049
            ],
            [
              7.4136653,
              51.3459485
            ],
            [
              7.4134484,
              51.3458161
            ],
            [
              7.4133377,
              51.3457493
            ],
            [
              7.4131228,
              51.3456319
            ],
            [
              7.4130155,
              51.3455736
            ],
            [
              7.4127496,
              51.3454446
            ],
            [
              7.4125636,
              51.3453615
            ],
            [
              7.4123617,
              51.3452765
            ],
            [
              7.4121686,
              51.3451986
            ],
            [
              7.4119192,
              51.3451052
            ],
            [
              7.41172,
              51.3450314
            ],
            [
              7.411539,
              51.3449703
            ],
            [
              7.4115514,
              51.3449609
            ],
            [
              7.4115718,
              51.3449368
            ],
            [
              7.4115363,
              51.3449274
            ],
            [
              7.4116137,
              51.3448319
            ],
            [
              7.4116255,
              51.3448352
            ],
            [
              7.4117606,
              51.3446471
            ],
            [
              7.4119617,
              51.344702
            ],
            [
              7.4120378,
              51.3446325
            ],
            [
              7.4121357,
              51.3445083
            ],
            [
              7.4122581,
              51.3443525
            ],
            [
              7.4115323,
              51.3441665
            ],
            [
              7.4115182,
              51.344187
            ],
            [
              7.4110696,
              51.3440664
            ],
            [
              7.4110823,
              51.3440501
            ],
            [
              7.411083,
              51.3440417
            ],
            [
              7.4111004,
              51.3440216
            ],
            [
              7.4111138,
              51.3439093
            ],
            [
              7.411252,
              51.3437133
            ],
            [
              7.4114954,
              51.3433661
            ],
            [
              7.411718,
              51.3430482
            ],
            [
              7.4117274,
              51.3430515
            ],
            [
              7.4117743,
              51.342979
            ],
            [
              7.4118648,
              51.3429849
            ],
            [
              7.4120422,
              51.3427489
            ],
            [
              7.4121629,
              51.3427983
            ],
            [
              7.4124328,
              51.3424278
            ],
            [
              7.4123825,
              51.3424182
            ],
            [
              7.4124583,
              51.3423156
            ],
            [
              7.4125099,
              51.3423269
            ],
            [
              7.4127547,
              51.3419926
            ],
            [
              7.4127802,
              51.3419637
            ],
            [
              7.4128988,
              51.3418376
            ],
            [
              7.41333,
              51.3414795
            ],
            [
              7.4132698,
              51.3414692
            ],
            [
              7.4132356,
              51.3414679
            ],
            [
              7.4131832,
              51.3414559
            ],
            [
              7.4135687,
              51.3411771
            ],
            [
              7.4138557,
              51.3409739
            ],
            [
              7.414071,
              51.3408415
            ],
            [
              7.4140891,
              51.3408147
            ],
            [
              7.4144686,
              51.3408394
            ],
            [
              7.414593,
              51.34071
            ],
            [
              7.4147613,
              51.3405768
            ],
            [
              7.4150141,
              51.3404934
            ],
            [
              7.4150594,
              51.3404792
            ],
            [
              7.4151006,
              51.3404698
            ],
            [
              7.4152049,
              51.3404559
            ],
            [
              7.4153464,
              51.3404298
            ],
            [
              7.4154456,
              51.3404086
            ],
            [
              7.4155334,
              51.3403862
            ],
            [
              7.415289,
              51.3402878
            ],
            [
              7.4150339,
              51.3401851
            ],
            [
              7.4150862,
              51.3400846
            ],
            [
              7.4155817,
              51.33961
            ],
            [
              7.4156588,
              51.339553
            ],
            [
              7.4156561,
              51.3395438
            ],
            [
              7.4157199,
              51.3395509
            ],
            [
              7.4161389,
              51.3391496
            ],
            [
              7.4165453,
              51.3387483
            ],
            [
              7.4169128,
              51.3383922
            ],
            [
              7.4172172,
              51.3380948
            ],
            [
              7.4174479,
              51.337872
            ],
            [
              7.418219,
              51.3380655
            ],
            [
              7.4184336,
              51.3376068
            ],
            [
              7.4186736,
              51.3370769
            ],
            [
              7.418915,
              51.3365637
            ],
            [
              7.4191303,
              51.3360987
            ],
            [
              7.4193174,
              51.3356751
            ],
            [
              7.4194642,
              51.3353668
            ],
            [
              7.419766,
              51.3346948
            ],
            [
              7.4197076,
              51.3346848
            ],
            [
              7.4195695,
              51.3347438
            ],
            [
              7.418789,
              51.3345453
            ],
            [
              7.418384,
              51.3341481
            ],
            [
              7.4181271,
              51.3338976
            ],
            [
              7.4177033,
              51.3334832
            ],
            [
              7.4174754,
              51.3332658
            ],
            [
              7.4171394,
              51.332952
            ],
            [
              7.4185161,
              51.3331719
            ],
            [
              7.4191383,
              51.3335289
            ],
            [
              7.4194917,
              51.3327819
            ],
            [
              7.4197686,
              51.3322176
            ],
            [
              7.4200033,
              51.3317688
            ],
            [
              7.4196707,
              51.3316599
            ],
            [
              7.4192946,
              51.3315979
            ],
            [
              7.4198028,
              51.3305676
            ],
            [
              7.4200691,
              51.3299939
            ],
            [
              7.4215457,
              51.330505
            ],
            [
              7.421841,
              51.3299618
            ],
            [
              7.4219483,
              51.3297431
            ],
            [
              7.4220349,
              51.3295628
            ],
            [
              7.4223025,
              51.3296377
            ],
            [
              7.4223711,
              51.3295696
            ],
            [
              7.4224234,
              51.3295805
            ],
            [
              7.4224395,
              51.3295621
            ],
            [
              7.4225756,
              51.3295905
            ],
            [
              7.423307,
              51.3287978
            ],
            [
              7.4232547,
              51.3285904
            ],
            [
              7.4233308,
              51.3284118
            ],
            [
              7.4239364,
              51.3280013
            ],
            [
              7.4235687,
              51.327699
            ],
            [
              7.4233519,
              51.3274127
            ],
            [
              7.4228211,
              51.3270489
            ],
            [
              7.4225926,
              51.3268008
            ],
            [
              7.4224849,
              51.3267138
            ],
            [
              7.4220829,
              51.3260797
            ],
            [
              7.4220259,
              51.325749
            ],
            [
              7.421816,
              51.325539
            ],
            [
              7.4217604,
              51.3253498
            ],
            [
              7.421682,
              51.325012
            ],
            [
              7.421638,
              51.324921
            ],
            [
              7.421482,
              51.3246197
            ],
            [
              7.4214133,
              51.3245609
            ],
            [
              7.421326,
              51.3245091
            ],
            [
              7.4212479,
              51.3245032
            ],
            [
              7.4211844,
              51.3245091
            ],
            [
              7.4211352,
              51.3245901
            ],
            [
              7.4211631,
              51.3248331
            ],
            [
              7.4211147,
              51.3248751
            ],
            [
              7.4210051,
              51.3248751
            ],
            [
              7.4207721,
              51.3244521
            ],
            [
              7.4205942,
              51.3244131
            ],
            [
              7.4206101,
              51.3241731
            ],
            [
              7.4206241,
              51.3239752
            ],
            [
              7.4206781,
              51.3231542
            ],
            [
              7.4208711,
              51.3228453
            ],
            [
              7.4210561,
              51.3225483
            ],
            [
              7.4211561,
              51.3224833
            ],
            [
              7.421371,
              51.3223533
            ],
            [
              7.421645,
              51.3221854
            ],
            [
              7.4220359,
              51.3220104
            ],
            [
              7.4222269,
              51.3219264
            ],
            [
              7.4229498,
              51.3216064
            ],
            [
              7.4236247,
              51.3211715
            ],
            [
              7.4237227,
              51.3202666
            ],
            [
              7.4238847,
              51.3198436
            ],
            [
              7.4229238,
              51.3190047
            ],
            [
              7.4228248,
              51.3189777
            ],
            [
              7.4225855,
              51.3186832
            ],
            [
              7.4223729,
              51.3187217
            ],
            [
              7.4215,
              51.3183828
            ],
            [
              7.421412,
              51.3183028
            ],
            [
              7.4212271,
              51.3181958
            ],
            [
              7.4202316,
              51.3176199
            ],
            [
              7.4198754,
              51.3174348
            ],
            [
              7.4191424,
              51.3169979
            ],
            [
              7.4190634,
              51.316953
            ],
            [
              7.4187804,
              51.316792
            ],
            [
              7.4187884,
              51.316586
            ],
            [
              7.4188074,
              51.316097
            ],
            [
              7.4188354,
              51.3153951
            ],
            [
              7.4161018,
              51.3153951
            ],
            [
              7.4159829,
              51.3152351
            ],
            [
              7.414985,
              51.3139003
            ],
            [
              7.415059,
              51.3138243
            ],
            [
              7.4156769,
              51.3131984
            ],
            [
              7.4159859,
              51.3128854
            ],
            [
              7.4163968,
              51.3124694
            ],
            [
              7.4166218,
              51.3122405
            ],
            [
              7.4167218,
              51.3120155
            ],
            [
              7.4168997,
              51.3119315
            ],
            [
              7.4186865,
              51.3109476
            ],
            [
              7.4180686,
              51.3109286
            ],
            [
              7.4143451,
              51.3108026
            ],
            [
              7.4140892,
              51.3107496
            ],
            [
              7.4139672,
              51.3107146
            ],
            [
              7.4106637,
              51.3098447
            ],
            [
              7.4092979,
              51.3094828
            ],
            [
              7.4080151,
              51.3091128
            ],
            [
              7.4066913,
              51.3087428
            ],
            [
              7.4057914,
              51.3084989
            ],
            [
              7.4055274,
              51.3084259
            ],
            [
              7.4077281,
              51.3054772
            ],
            [
              7.4075761,
              51.3052942
            ],
            [
              7.4074702,
              51.3051802
            ],
            [
              7.4062024,
              51.3037984
            ],
            [
              7.4093488,
              51.3018386
            ],
            [
              7.4091088,
              51.301861
            ],
            [
              7.4090151,
              51.301808
            ],
            [
              7.408806,
              51.3016896
            ],
            [
              7.4080565,
              51.301445
            ],
            [
              7.4076621,
              51.3013197
            ],
            [
              7.4075732,
              51.3012927
            ],
            [
              7.4065333,
              51.3010177
            ],
            [
              7.4060346,
              51.300838
            ],
            [
              7.405968,
              51.301081
            ],
            [
              7.405905,
              51.3012104
            ],
            [
              7.4057163,
              51.3014138
            ],
            [
              7.4055331,
              51.3015503
            ],
            [
              7.4052968,
              51.3016346
            ],
            [
              7.4050527,
              51.3016919
            ],
            [
              7.4047076,
              51.301769
            ],
            [
              7.4035907,
              51.3019315
            ],
            [
              7.4031928,
              51.3019606
            ],
            [
              7.4030986,
              51.3019681
            ],
            [
              7.4028279,
              51.3019486
            ],
            [
              7.4014451,
              51.3017466
            ],
            [
              7.4010181,
              51.3017156
            ],
            [
              7.4008142,
              51.3017006
            ],
            [
              7.4006411,
              51.3017115
            ],
            [
              7.4000528,
              51.3018479
            ],
            [
              7.4000533,
              51.3018416
            ],
            [
              7.3999533,
              51.3017616
            ],
            [
              7.3999075,
              51.3016835
            ]
          ]
        ]
      }
    },
    {
      "type": "Feature",
      "properties": {
        "name": "Westerbauer",
        "city": "Hagen",
        "osm_id": 2825491,
        "osm_type": "relation",
        "display": "Westerbauer, Hagen, Nordrhein-Westfalen, Deutschland"
      },
      "geometry": {
        "type": "Polygon",
        "coordinates": [
          [
            [
              7.3758725,
              51.3427925
            ],
            [
              7.3759124,
              51.3427428
            ],
            [
              7.3758867,
              51.3427191
            ],
            [
              7.3758911,
              51.3427074
            ],
            [
              7.3760301,
              51.3426527
            ],
            [
              7.3760837,
              51.3425924
            ],
            [
              7.376109,
              51.3425137
            ],
            [
              7.3762439,
              51.3423887
            ],
            [
              7.3762525,
              51.3423522
            ],
            [
              7.3762568,
              51.3423434
            ],
            [
              7.3762773,
              51.34232
            ],
            [
              7.3764366,
              51.3422552
            ],
            [
              7.3765061,
              51.3422402
            ],
            [
              7.3765385,
              51.3421817
            ],
            [
              7.3766739,
              51.3420833
            ],
            [
              7.3766927,
              51.3420582
            ],
            [
              7.3767132,
              51.3420387
            ],
            [
              7.376799,
              51.3419813
            ],
            [
              7.3768784,
              51.341895
            ],
            [
              7.3769779,
              51.3418278
            ],
            [
              7.3770954,
              51.341797
            ],
            [
              7.3772178,
              51.3417732
            ],
            [
              7.3772731,
              51.3417421
            ],
            [
              7.3774266,
              51.3417289
            ],
            [
              7.3777089,
              51.3416835
            ],
            [
              7.3779282,
              51.3416454
            ],
            [
              7.378015,
              51.3416301
            ],
            [
              7.3781084,
              51.3416119
            ],
            [
              7.3782088,
              51.3415436
            ],
            [
              7.3783367,
              51.3414967
            ],
            [
              7.3783969,
              51.3415021
            ],
            [
              7.3784951,
              51.3414767
            ],
            [
              7.3785562,
              51.3414409
            ],
            [
              7.3786229,
              51.3414095
            ],
            [
              7.378686,
              51.3413636
            ],
            [
              7.378706,
              51.3413329
            ],
            [
              7.3787381,
              51.3412628
            ],
            [
              7.3786879,
              51.3412288
            ],
            [
              7.3786014,
              51.3411448
            ],
            [
              7.3786192,
              51.3411056
            ],
            [
              7.3787208,
              51.341073
            ],
            [
              7.378819,
              51.3410466
            ],
            [
              7.3788829,
              51.3410401
            ],
            [
              7.3792239,
              51.3408971
            ],
            [
              7.379318,
              51.3408668
            ],
            [
              7.3794359,
              51.3406722
            ],
            [
              7.3796022,
              51.3406823
            ],
            [
              7.3796535,
              51.340671
            ],
            [
              7.3796435,
              51.3406449
            ],
            [
              7.3796047,
              51.3406177
            ],
            [
              7.3796086,
              51.3406076
            ],
            [
              7.379729,
              51.3405098
            ],
            [
              7.3798862,
              51.3404911
            ],
            [
              7.3800118,
              51.3404288
            ],
            [
              7.3801739,
              51.3404932
            ],
            [
              7.3802922,
              51.3403416
            ],
            [
              7.3806091,
              51.3402773
            ],
            [
              7.3807397,
              51.3404615
            ],
            [
              7.3808039,
              51.3404333
            ],
            [
              7.380889,
              51.3403303
            ],
            [
              7.3809544,
              51.3402769
            ],
            [
              7.3809806,
              51.3402825
            ],
            [
              7.3810023,
              51.3402565
            ],
            [
              7.3810593,
              51.3402174
            ],
            [
              7.3811157,
              51.3401349
            ],
            [
              7.3811398,
              51.340112
            ],
            [
              7.381174,
              51.3400905
            ],
            [
              7.3811685,
              51.3400563
            ],
            [
              7.3812548,
              51.3399321
            ],
            [
              7.3815512,
              51.3396004
            ],
            [
              7.3815465,
              51.3395518
            ],
            [
              7.3817188,
              51.3393377
            ],
            [
              7.3818898,
              51.3391144
            ],
            [
              7.3819502,
              51.3390591
            ],
            [
              7.3819773,
              51.3390198
            ],
            [
              7.3819989,
              51.3389729
            ],
            [
              7.3820843,
              51.3389077
            ],
            [
              7.382147,
              51.3387749
            ],
            [
              7.3820853,
              51.3387443
            ],
            [
              7.3819253,
              51.3387067
            ],
            [
              7.3819116,
              51.3386729
            ],
            [
              7.3819995,
              51.3386304
            ],
            [
              7.3820776,
              51.3385717
            ],
            [
              7.3820554,
              51.3385382
            ],
            [
              7.3821031,
              51.3384693
            ],
            [
              7.3821842,
              51.3384496
            ],
            [
              7.382263,
              51.3384052
            ],
            [
              7.3822307,
              51.3383789
            ],
            [
              7.382262,
              51.3383487
            ],
            [
              7.3824093,
              51.3383123
            ],
            [
              7.3824816,
              51.338254
            ],
            [
              7.3825624,
              51.338196
            ],
            [
              7.3826529,
              51.3381874
            ],
            [
              7.3827387,
              51.3381424
            ],
            [
              7.3828283,
              51.3381189
            ],
            [
              7.3828651,
              51.3380915
            ],
            [
              7.38284,
              51.3380592
            ],
            [
              7.3828075,
              51.3379654
            ],
            [
              7.3828534,
              51.3378954
            ],
            [
              7.3828661,
              51.3378609
            ],
            [
              7.3827716,
              51.3378504
            ],
            [
              7.3827599,
              51.3378447
            ],
            [
              7.3827679,
              51.3377097
            ],
            [
              7.3829243,
              51.337647
            ],
            [
              7.3830024,
              51.3375403
            ],
            [
              7.3830138,
              51.3375037
            ],
            [
              7.3834686,
              51.3375215
            ],
            [
              7.3839009,
              51.337467
            ],
            [
              7.3841766,
              51.337492
            ],
            [
              7.3842878,
              51.3375016
            ],
            [
              7.3843393,
              51.337413
            ],
            [
              7.3843783,
              51.3373501
            ],
            [
              7.3847403,
              51.3374426
            ],
            [
              7.3849541,
              51.337476
            ],
            [
              7.3857215,
              51.3376102
            ],
            [
              7.3866437,
              51.3375148
            ],
            [
              7.3866501,
              51.3375301
            ],
            [
              7.3867228,
              51.3375553
            ],
            [
              7.3866796,
              51.3375879
            ],
            [
              7.3865483,
              51.3376106
            ],
            [
              7.3863932,
              51.3376483
            ],
            [
              7.386092,
              51.3376783
            ],
            [
              7.3855564,
              51.3377232
            ],
            [
              7.3851854,
              51.3377413
            ],
            [
              7.3851889,
              51.3377836
            ],
            [
              7.3854095,
              51.3378544
            ],
            [
              7.3859327,
              51.3379915
            ],
            [
              7.3862699,
              51.3380789
            ],
            [
              7.3866022,
              51.3381938
            ],
            [
              7.3870001,
              51.33836
            ],
            [
              7.3872764,
              51.3384886
            ],
            [
              7.3874609,
              51.3385734
            ],
            [
              7.3876365,
              51.3386348
            ],
            [
              7.3878308,
              51.3387179
            ],
            [
              7.3879246,
              51.3386816
            ],
            [
              7.3880555,
              51.3388262
            ],
            [
              7.3882614,
              51.3390157
            ],
            [
              7.3884614,
              51.3391391
            ],
            [
              7.3885578,
              51.3391655
            ],
            [
              7.3884971,
              51.3392385
            ],
            [
              7.3885333,
              51.3392845
            ],
            [
              7.3885621,
              51.3393117
            ],
            [
              7.3886643,
              51.3393806
            ],
            [
              7.3887254,
              51.3394177
            ],
            [
              7.3887932,
              51.3394516
            ],
            [
              7.3893256,
              51.3397147
            ],
            [
              7.3894226,
              51.3397763
            ],
            [
              7.3894779,
              51.339817
            ],
            [
              7.3897281,
              51.3400212
            ],
            [
              7.3900815,
              51.3401781
            ],
            [
              7.3903879,
              51.3402326
            ],
            [
              7.3911169,
              51.3403604
            ],
            [
              7.3912018,
              51.3403644
            ],
            [
              7.3912185,
              51.3403401
            ],
            [
              7.3914405,
              51.3403798
            ],
            [
              7.3915662,
              51.3402067
            ],
            [
              7.3916589,
              51.3400784
            ],
            [
              7.391717,
              51.3400005
            ],
            [
              7.3917917,
              51.3398976
            ],
            [
              7.3915123,
              51.3393622
            ],
            [
              7.3914188,
              51.3392632
            ],
            [
              7.3914488,
              51.3391831
            ],
            [
              7.3915902,
              51.3387743
            ],
            [
              7.3916031,
              51.3385978
            ],
            [
              7.3915935,
              51.338564
            ],
            [
              7.3915671,
              51.3385031
            ],
            [
              7.3915574,
              51.3384743
            ],
            [
              7.3915577,
              51.3384429
            ],
            [
              7.3916616,
              51.3382864
            ],
            [
              7.3913922,
              51.338194
            ],
            [
              7.3913774,
              51.3381872
            ],
            [
              7.3913721,
              51.3381756
            ],
            [
              7.3910001,
              51.3380599
            ],
            [
              7.3909515,
              51.3380411
            ],
            [
              7.3909166,
              51.3380246
            ],
            [
              7.3908732,
              51.3379928
            ],
            [
              7.3908642,
              51.3379735
            ],
            [
              7.3908858,
              51.3378291
            ],
            [
              7.3909034,
              51.3378104
            ],
            [
              7.3910042,
              51.3377458
            ],
            [
              7.3912143,
              51.3376224
            ],
            [
              7.3914585,
              51.3375515
            ],
            [
              7.3915431,
              51.337469
            ],
            [
              7.3916365,
              51.3373932
            ],
            [
              7.391904,
              51.3371283
            ],
            [
              7.391872,
              51.3371112
            ],
            [
              7.3919043,
              51.3370648
            ],
            [
              7.3918007,
              51.3369988
            ],
            [
              7.3918524,
              51.33694
            ],
            [
              7.3921412,
              51.3365011
            ],
            [
              7.3921925,
              51.3363765
            ],
            [
              7.3922525,
              51.3363109
            ],
            [
              7.3923025,
              51.3362641
            ],
            [
              7.3923472,
              51.3362262
            ],
            [
              7.3924552,
              51.3361536
            ],
            [
              7.3924524,
              51.336152
            ],
            [
              7.3925595,
              51.3360871
            ],
            [
              7.3926693,
              51.3360274
            ],
            [
              7.3927417,
              51.3360092
            ],
            [
              7.3930832,
              51.3358585
            ],
            [
              7.3931528,
              51.3358333
            ],
            [
              7.3932238,
              51.335822
            ],
            [
              7.393285,
              51.3358354
            ],
            [
              7.3933838,
              51.3357604
            ],
            [
              7.3935049,
              51.3356641
            ],
            [
              7.3934652,
              51.3356305
            ],
            [
              7.3934827,
              51.335593
            ],
            [
              7.3937338,
              51.3353177
            ],
            [
              7.393768,
              51.3352172
            ],
            [
              7.3937908,
              51.335066
            ],
            [
              7.393815,
              51.3349843
            ],
            [
              7.3939108,
              51.3347212
            ],
            [
              7.3939745,
              51.3344954
            ],
            [
              7.3940983,
              51.3340563
            ],
            [
              7.3940707,
              51.3340574
            ],
            [
              7.3940493,
              51.334066
            ],
            [
              7.3940359,
              51.3340853
            ],
            [
              7.3940956,
              51.3339324
            ],
            [
              7.3940955,
              51.3339564
            ],
            [
              7.394118,
              51.3339719
            ],
            [
              7.3941368,
              51.3339776
            ],
            [
              7.3942585,
              51.3339979
            ],
            [
              7.3941405,
              51.3338605
            ],
            [
              7.3941898,
              51.3338266
            ],
            [
              7.3943383,
              51.3335894
            ],
            [
              7.3943886,
              51.3335611
            ],
            [
              7.3944587,
              51.3334929
            ],
            [
              7.3945087,
              51.333312
            ],
            [
              7.3944922,
              51.3332618
            ],
            [
              7.394527,
              51.3331941
            ],
            [
              7.3945418,
              51.3331933
            ],
            [
              7.3945638,
              51.3330585
            ],
            [
              7.3946078,
              51.3329579
            ],
            [
              7.3946474,
              51.3328591
            ],
            [
              7.3947785,
              51.332754
            ],
            [
              7.3947356,
              51.3326635
            ],
            [
              7.3947774,
              51.3325811
            ],
            [
              7.3947161,
              51.3325223
            ],
            [
              7.3946581,
              51.3324589
            ],
            [
              7.3947209,
              51.3323497
            ],
            [
              7.3948901,
              51.3323333
            ],
            [
              7.3949594,
              51.3322133
            ],
            [
              7.3949773,
              51.3320621
            ],
            [
              7.3948024,
              51.3318611
            ],
            [
              7.3949684,
              51.3317016
            ],
            [
              7.3949754,
              51.3315307
            ],
            [
              7.3949729,
              51.3311486
            ],
            [
              7.3949735,
              51.3310217
            ],
            [
              7.3951064,
              51.3309335
            ],
            [
              7.3952698,
              51.3308232
            ],
            [
              7.3952191,
              51.330731
            ],
            [
              7.3954912,
              51.330521
            ],
            [
              7.3954568,
              51.3303345
            ],
            [
              7.3953358,
              51.330216
            ],
            [
              7.3952298,
              51.3301177
            ],
            [
              7.3951121,
              51.33002
            ],
            [
              7.3950031,
              51.3298439
            ],
            [
              7.3949404,
              51.3297481
            ],
            [
              7.3948987,
              51.3296786
            ],
            [
              7.3948323,
              51.3295757
            ],
            [
              7.3948164,
              51.3295768
            ],
            [
              7.3947691,
              51.3295281
            ],
            [
              7.3948529,
              51.3294988
            ],
            [
              7.394867,
              51.3293769
            ],
            [
              7.3947993,
              51.3293249
            ],
            [
              7.3947973,
              51.3292119
            ],
            [
              7.394902,
              51.3290545
            ],
            [
              7.3947892,
              51.3288274
            ],
            [
              7.3946794,
              51.3286362
            ],
            [
              7.3945934,
              51.3284918
            ],
            [
              7.3946233,
              51.3283803
            ],
            [
              7.3945126,
              51.3282917
            ],
            [
              7.3944948,
              51.328236
            ],
            [
              7.3944372,
              51.3280703
            ],
            [
              7.3944811,
              51.3280227
            ],
            [
              7.3944761,
              51.3279332
            ],
            [
              7.3943574,
              51.3276016
            ],
            [
              7.3942732,
              51.3275161
            ],
            [
              7.3941978,
              51.327473
            ],
            [
              7.3941928,
              51.327389
            ],
            [
              7.3941472,
              51.3273439
            ],
            [
              7.3941572,
              51.3273087
            ],
            [
              7.3940875,
              51.3271271
            ],
            [
              7.39406,
              51.3270716
            ],
            [
              7.3939507,
              51.326966
            ],
            [
              7.3937682,
              51.3268268
            ],
            [
              7.3935519,
              51.3267337
            ],
            [
              7.3934311,
              51.326617
            ],
            [
              7.3934496,
              51.3265198
            ],
            [
              7.3933566,
              51.3264072
            ],
            [
              7.3932961,
              51.3263158
            ],
            [
              7.3932681,
              51.3262191
            ],
            [
              7.3932738,
              51.3261162
            ],
            [
              7.3933963,
              51.3260159
            ],
            [
              7.3933968,
              51.3259053
            ],
            [
              7.3933929,
              51.3258799
            ],
            [
              7.3933237,
              51.3257536
            ],
            [
              7.3933602,
              51.3256607
            ],
            [
              7.3934079,
              51.3256033
            ],
            [
              7.3933761,
              51.3255599
            ],
            [
              7.3934044,
              51.3255209
            ],
            [
              7.3936042,
              51.3258176
            ],
            [
              7.3937958,
              51.3261001
            ],
            [
              7.3939228,
              51.3262867
            ],
            [
              7.3943064,
              51.3268269
            ],
            [
              7.3946538,
              51.3273142
            ],
            [
              7.3953646,
              51.3283214
            ],
            [
              7.3956522,
              51.3287249
            ],
            [
              7.3959687,
              51.3291829
            ],
            [
              7.3962651,
              51.3296061
            ],
            [
              7.3964053,
              51.329803
            ],
            [
              7.3965344,
              51.3299682
            ],
            [
              7.3966507,
              51.3301466
            ],
            [
              7.3968565,
              51.3304319
            ],
            [
              7.3970329,
              51.3307419
            ],
            [
              7.3971871,
              51.3309801
            ],
            [
              7.3974379,
              51.3313214
            ],
            [
              7.3976143,
              51.3315644
            ],
            [
              7.3981206,
              51.3322888
            ],
            [
              7.3991814,
              51.3317848
            ],
            [
              7.3998244,
              51.3314798
            ],
            [
              7.400163,
              51.3313172
            ],
            [
              7.4004648,
              51.3311429
            ],
            [
              7.4007604,
              51.3309607
            ],
            [
              7.4019991,
              51.3312368
            ],
            [
              7.4023725,
              51.331233
            ],
            [
              7.4026662,
              51.3312376
            ],
            [
              7.4030437,
              51.3312329
            ],
            [
              7.40344,
              51.3311986
            ],
            [
              7.403893,
              51.3311316
            ],
            [
              7.4047,
              51.3309657
            ],
            [
              7.4050279,
              51.3309347
            ],
            [
              7.405385,
              51.3309217
            ],
            [
              7.4054376,
              51.331149
            ],
            [
              7.407727,
              51.3309673
            ],
            [
              7.4088858,
              51.3308772
            ],
            [
              7.4094517,
              51.3308338
            ],
            [
              7.4101797,
              51.3307767
            ],
            [
              7.4103829,
              51.3307348
            ],
            [
              7.4105211,
              51.3306997
            ],
            [
              7.4111125,
              51.3305936
            ],
            [
              7.4115736,
              51.3305398
            ],
            [
              7.4114525,
              51.3303682
            ],
            [
              7.4110537,
              51.3299386
            ],
            [
              7.41014,
              51.3298868
            ],
            [
              7.4101348,
              51.3296442
            ],
            [
              7.4101214,
              51.3294339
            ],
            [
              7.4101174,
              51.3289797
            ],
            [
              7.4100584,
              51.3280596
            ],
            [
              7.4100874,
              51.3273974
            ],
            [
              7.4102828,
              51.3270584
            ],
            [
              7.4103296,
              51.3268612
            ],
            [
              7.4103499,
              51.3267846
            ],
            [
              7.4108158,
              51.3267495
            ],
            [
              7.4109752,
              51.3267086
            ],
            [
              7.4110706,
              51.3266833
            ],
            [
              7.4111024,
              51.3268576
            ],
            [
              7.4111379,
              51.3270664
            ],
            [
              7.4112813,
              51.3276256
            ],
            [
              7.4119285,
              51.3276345
            ],
            [
              7.4123049,
              51.3276286
            ],
            [
              7.4126423,
              51.3282207
            ],
            [
              7.4128046,
              51.3287192
            ],
            [
              7.4141984,
              51.3285624
            ],
            [
              7.4155499,
              51.3283807
            ],
            [
              7.4169707,
              51.3282408
            ],
            [
              7.4171009,
              51.3283142
            ],
            [
              7.4176526,
              51.3286056
            ],
            [
              7.4178227,
              51.328699
            ],
            [
              7.418211,
              51.3283809
            ],
            [
              7.4189419,
              51.3287321
            ],
            [
              7.4183683,
              51.3289704
            ],
            [
              7.4184819,
              51.3290727
            ],
            [
              7.4186214,
              51.3291953
            ],
            [
              7.418894,
              51.3295263
            ],
            [
              7.4189609,
              51.3296036
            ],
            [
              7.4200691,
              51.3299939
            ],
            [
              7.4198028,
              51.3305676
            ],
            [
              7.4192946,
              51.3315979
            ],
            [
              7.4196707,
              51.3316599
            ],
            [
              7.4200033,
              51.3317688
            ],
            [
              7.4197686,
              51.3322176
            ],
            [
              7.4194917,
              51.3327819
            ],
            [
              7.4191383,
              51.3335289
            ],
            [
              7.4185161,
              51.3331719
            ],
            [
              7.4171394,
              51.332952
            ],
            [
              7.4174754,
              51.3332658
            ],
            [
              7.4177033,
              51.3334832
            ],
            [
              7.4181271,
              51.3338976
            ],
            [
              7.418384,
              51.3341481
            ],
            [
              7.418789,
              51.3345453
            ],
            [
              7.4195695,
              51.3347438
            ],
            [
              7.4197076,
              51.3346848
            ],
            [
              7.419766,
              51.3346948
            ],
            [
              7.4194642,
              51.3353668
            ],
            [
              7.4193174,
              51.3356751
            ],
            [
              7.4191303,
              51.3360987
            ],
            [
              7.418915,
              51.3365637
            ],
            [
              7.4186736,
              51.3370769
            ],
            [
              7.4184336,
              51.3376068
            ],
            [
              7.418219,
              51.3380655
            ],
            [
              7.4174479,
              51.337872
            ],
            [
              7.4172172,
              51.3380948
            ],
            [
              7.4169128,
              51.3383922
            ],
            [
              7.4165453,
              51.3387483
            ],
            [
              7.4161389,
              51.3391496
            ],
            [
              7.4157199,
              51.3395509
            ],
            [
              7.4156561,
              51.3395438
            ],
            [
              7.4156588,
              51.339553
            ],
            [
              7.4155817,
              51.33961
            ],
            [
              7.4150862,
              51.3400846
            ],
            [
              7.4150339,
              51.3401851
            ],
            [
              7.415289,
              51.3402878
            ],
            [
              7.4155334,
              51.3403862
            ],
            [
              7.4154456,
              51.3404086
            ],
            [
              7.4153464,
              51.3404298
            ],
            [
              7.4152049,
              51.3404559
            ],
            [
              7.4151006,
              51.3404698
            ],
            [
              7.4150594,
              51.3404792
            ],
            [
              7.4150141,
              51.3404934
            ],
            [
              7.4147613,
              51.3405768
            ],
            [
              7.414593,
              51.34071
            ],
            [
              7.4144686,
              51.3408394
            ],
            [
              7.4140891,
              51.3408147
            ],
            [
              7.414071,
              51.3408415
            ],
            [
              7.4138557,
              51.3409739
            ],
            [
              7.4135687,
              51.3411771
            ],
            [
              7.4131832,
              51.3414559
            ],
            [
              7.4132356,
              51.3414679
            ],
            [
              7.4132698,
              51.3414692
            ],
            [
              7.41333,
              51.3414795
            ],
            [
              7.4128988,
              51.3418376
            ],
            [
              7.4127802,
              51.3419637
            ],
            [
              7.4127547,
              51.3419926
            ],
            [
              7.4125099,
              51.3423269
            ],
            [
              7.4124583,
              51.3423156
            ],
            [
              7.4123825,
              51.3424182
            ],
            [
              7.4124328,
              51.3424278
            ],
            [
              7.4121629,
              51.3427983
            ],
            [
              7.4120422,
              51.3427489
            ],
            [
              7.4118648,
              51.3429849
            ],
            [
              7.4117743,
              51.342979
            ],
            [
              7.4117274,
              51.3430515
            ],
            [
              7.411718,
              51.3430482
            ],
            [
              7.4114954,
              51.3433661
            ],
            [
              7.411252,
              51.3437133
            ],
            [
              7.4111138,
              51.3439093
            ],
            [
              7.4111004,
              51.3440216
            ],
            [
              7.411083,
              51.3440417
            ],
            [
              7.4110823,
              51.3440501
            ],
            [
              7.4110696,
              51.3440664
            ],
            [
              7.4115182,
              51.344187
            ],
            [
              7.4115323,
              51.3441665
            ],
            [
              7.4122581,
              51.3443525
            ],
            [
              7.4121357,
              51.3445083
            ],
            [
              7.4120378,
              51.3446325
            ],
            [
              7.4119617,
              51.344702
            ],
            [
              7.4117606,
              51.3446471
            ],
            [
              7.4116255,
              51.3448352
            ],
            [
              7.4116137,
              51.3448319
            ],
            [
              7.4115363,
              51.3449274
            ],
            [
              7.4115718,
              51.3449368
            ],
            [
              7.4115514,
              51.3449609
            ],
            [
              7.411539,
              51.3449703
            ],
            [
              7.41172,
              51.3450314
            ],
            [
              7.4119192,
              51.3451052
            ],
            [
              7.4121686,
              51.3451986
            ],
            [
              7.4123617,
              51.3452765
            ],
            [
              7.4125636,
              51.3453615
            ],
            [
              7.4127496,
              51.3454446
            ],
            [
              7.4130155,
              51.3455736
            ],
            [
              7.4131228,
              51.3456319
            ],
            [
              7.4133377,
              51.3457493
            ],
            [
              7.4134484,
              51.3458161
            ],
            [
              7.4136653,
              51.3459485
            ],
            [
              7.4139305,
              51.346049
            ],
            [
              7.41402,
              51.3460827
            ],
            [
              7.4147643,
              51.3464792
            ],
            [
              7.4149454,
              51.3465979
            ],
            [
              7.415056,
              51.3466775
            ],
            [
              7.4151666,
              51.3467369
            ],
            [
              7.4155308,
              51.3469304
            ],
            [
              7.4157782,
              51.3470544
            ],
            [
              7.4160933,
              51.3472033
            ],
            [
              7.4163344,
              51.3472643
            ],
            [
              7.4166013,
              51.3473721
            ],
            [
              7.4169641,
              51.3475375
            ],
            [
              7.4170435,
              51.3475767
            ],
            [
              7.4173345,
              51.3477417
            ],
            [
              7.4173728,
              51.3479329
            ],
            [
              7.4174831,
              51.3480175
            ],
            [
              7.417522,
              51.3480083
            ],
            [
              7.4177342,
              51.3481538
            ],
            [
              7.417703,
              51.3481756
            ],
            [
              7.4178029,
              51.3482514
            ],
            [
              7.4178727,
              51.3483117
            ],
            [
              7.4178991,
              51.3483036
            ],
            [
              7.417995,
              51.3482673
            ],
            [
              7.4181174,
              51.3484229
            ],
            [
              7.4183209,
              51.3485821
            ],
            [
              7.4185161,
              51.3488017
            ],
            [
              7.4187588,
              51.3491209
            ],
            [
              7.418799,
              51.3492934
            ],
            [
              7.4188118,
              51.3494513
            ],
            [
              7.4188077,
              51.3495275
            ],
            [
              7.4189372,
              51.3498167
            ],
            [
              7.418743,
              51.3497099
            ],
            [
              7.418731,
              51.3497191
            ],
            [
              7.4186927,
              51.3496997
            ],
            [
              7.4187548,
              51.3497692
            ],
            [
              7.4186924,
              51.3498161
            ],
            [
              7.4186421,
              51.3498249
            ],
            [
              7.4188533,
              51.3499447
            ],
            [
              7.4188399,
              51.3499543
            ],
            [
              7.4190002,
              51.3500561
            ],
            [
              7.4191229,
              51.3501398
            ],
            [
              7.4192523,
              51.3503153
            ],
            [
              7.4194381,
              51.3505201
            ],
            [
              7.4196781,
              51.3507538
            ],
            [
              7.4198706,
              51.3509238
            ],
            [
              7.4200691,
              51.3510796
            ],
            [
              7.4203004,
              51.3512387
            ],
            [
              7.4205492,
              51.3513901
            ],
            [
              7.4206055,
              51.351419
            ],
            [
              7.4207376,
              51.351489
            ],
            [
              7.420814,
              51.3515315
            ],
            [
              7.4210967,
              51.3516638
            ],
            [
              7.4213867,
              51.3517802
            ],
            [
              7.4216884,
              51.3518766
            ],
            [
              7.4219956,
              51.3519557
            ],
            [
              7.4222326,
              51.3520064
            ],
            [
              7.4222054,
              51.3520424
            ],
            [
              7.4222899,
              51.3520587
            ],
            [
              7.4222068,
              51.352216
            ],
            [
              7.4221867,
              51.3522503
            ],
            [
              7.4220847,
              51.3524407
            ],
            [
              7.421955,
              51.3526823
            ],
            [
              7.4219469,
              51.3526992
            ],
            [
              7.4219335,
              51.3527139
            ],
            [
              7.4219178,
              51.352725
            ],
            [
              7.4218547,
              51.3527585
            ],
            [
              7.421836,
              51.3527706
            ],
            [
              7.4218236,
              51.352774
            ],
            [
              7.4218108,
              51.3527753
            ],
            [
              7.4217917,
              51.3527761
            ],
            [
              7.4215335,
              51.3527581
            ],
            [
              7.4214008,
              51.3527204
            ],
            [
              7.4214336,
              51.3528085
            ],
            [
              7.4214004,
              51.3530772
            ],
            [
              7.4212908,
              51.353123
            ],
            [
              7.4214859,
              51.3532543
            ],
            [
              7.4213646,
              51.3533251
            ],
            [
              7.4215671,
              51.3534516
            ],
            [
              7.4213632,
              51.3535663
            ],
            [
              7.4213994,
              51.3536635
            ],
            [
              7.4213585,
              51.3536593
            ],
            [
              7.4213082,
              51.3536601
            ],
            [
              7.421268,
              51.3536614
            ],
            [
              7.4212184,
              51.3536656
            ],
            [
              7.4207966,
              51.353728
            ],
            [
              7.4206518,
              51.3537556
            ],
            [
              7.420468,
              51.3538008
            ],
            [
              7.4203393,
              51.3538389
            ],
            [
              7.4203601,
              51.353859
            ],
            [
              7.4202514,
              51.3538963
            ],
            [
              7.4201462,
              51.3539394
            ],
            [
              7.4200416,
              51.3539876
            ],
            [
              7.4196137,
              51.3535697
            ],
            [
              7.4194702,
              51.3535986
            ],
            [
              7.4194723,
              51.3535877
            ],
            [
              7.4194287,
              51.3535864
            ],
            [
              7.4193791,
              51.3535785
            ],
            [
              7.4193744,
              51.3535956
            ],
            [
              7.4187326,
              51.3538804
            ],
            [
              7.4180795,
              51.3541693
            ],
            [
              7.4180198,
              51.3542204
            ],
            [
              7.4174874,
              51.3546488
            ],
            [
              7.4170127,
              51.3550345
            ],
            [
              7.4168088,
              51.3551982
            ],
            [
              7.4164736,
              51.3554633
            ],
            [
              7.4166197,
              51.3555269
            ],
            [
              7.4166915,
              51.3555575
            ],
            [
              7.417076,
              51.3557112
            ],
            [
              7.417124,
              51.3556771
            ],
            [
              7.4175759,
              51.3558812
            ],
            [
              7.4183189,
              51.3562225
            ],
            [
              7.4184289,
              51.356269
            ],
            [
              7.4189217,
              51.3564494
            ],
            [
              7.4197546,
              51.3567568
            ],
            [
              7.4197861,
              51.3567216
            ],
            [
              7.4199276,
              51.3567773
            ],
            [
              7.4198411,
              51.3568694
            ],
            [
              7.4194743,
              51.3572476
            ],
            [
              7.4191531,
              51.357583
            ],
            [
              7.4189754,
              51.3577676
            ],
            [
              7.4188044,
              51.357946
            ],
            [
              7.4186119,
              51.3581499
            ],
            [
              7.4183712,
              51.3583986
            ],
            [
              7.418168,
              51.3586101
            ],
            [
              7.4179582,
              51.3588375
            ],
            [
              7.4178126,
              51.3589823
            ],
            [
              7.417586,
              51.3592114
            ],
            [
              7.4174653,
              51.3593387
            ],
            [
              7.4179132,
              51.3595062
            ],
            [
              7.4182177,
              51.3596146
            ],
            [
              7.4180822,
              51.3596762
            ],
            [
              7.4184336,
              51.3598445
            ],
            [
              7.4185704,
              51.3599014
            ],
            [
              7.4188037,
              51.3599885
            ],
            [
              7.4193388,
              51.3601669
            ],
            [
              7.4189271,
              51.3605998
            ],
            [
              7.4185395,
              51.361021
            ],
            [
              7.4186656,
              51.3610646
            ],
            [
              7.4181768,
              51.3615775
            ],
            [
              7.4180654,
              51.3615097
            ],
            [
              7.4178971,
              51.361683
            ],
            [
              7.4173795,
              51.362242
            ],
            [
              7.417118,
              51.3620862
            ],
            [
              7.416776,
              51.3619723
            ],
            [
              7.4165265,
              51.3618911
            ],
            [
              7.4162784,
              51.3617914
            ],
            [
              7.4154644,
              51.3614732
            ],
            [
              7.4138698,
              51.3608603
            ],
            [
              7.4135345,
              51.3612019
            ],
            [
              7.4130088,
              51.3617596
            ],
            [
              7.4118394,
              51.3629956
            ],
            [
              7.4116167,
              51.363287
            ],
            [
              7.4110985,
              51.3640054
            ],
            [
              7.4099888,
              51.3651873
            ],
            [
              7.4064991,
              51.3638638
            ],
            [
              7.4061095,
              51.36428
            ],
            [
              7.4040123,
              51.3634483
            ],
            [
              7.4030749,
              51.3630698
            ],
            [
              7.4027888,
              51.3629505
            ],
            [
              7.4016154,
              51.3640937
            ],
            [
              7.3999804,
              51.3634908
            ],
            [
              7.3982791,
              51.3628632
            ],
            [
              7.3960868,
              51.3651449
            ],
            [
              7.3952727,
              51.3648457
            ],
            [
              7.3945203,
              51.3645748
            ],
            [
              7.393434,
              51.364167
            ],
            [
              7.3930733,
              51.3640331
            ],
            [
              7.392597,
              51.36387
            ],
            [
              7.393058,
              51.3634743
            ],
            [
              7.39366,
              51.3628507
            ],
            [
              7.3944477,
              51.3620304
            ],
            [
              7.3955413,
              51.3608895
            ],
            [
              7.3959533,
              51.3604676
            ],
            [
              7.3918242,
              51.3596618
            ],
            [
              7.3895932,
              51.3592349
            ],
            [
              7.3891752,
              51.3589679
            ],
            [
              7.389069,
              51.3588561
            ],
            [
              7.3887827,
              51.3586788
            ],
            [
              7.3886141,
              51.3585743
            ],
            [
              7.3885106,
              51.3585069
            ],
            [
              7.3880144,
              51.3582132
            ],
            [
              7.3879233,
              51.3581067
            ],
            [
              7.3878142,
              51.3579791
            ],
            [
              7.3877931,
              51.3577884
            ],
            [
              7.3878698,
              51.357688
            ],
            [
              7.3880754,
              51.3575434
            ],
            [
              7.3883315,
              51.3574051
            ],
            [
              7.388724,
              51.357062
            ],
            [
              7.3888789,
              51.3569281
            ],
            [
              7.3890274,
              51.3568333
            ],
            [
              7.3892384,
              51.3567146
            ],
            [
              7.3893325,
              51.3566476
            ],
            [
              7.3893799,
              51.3566003
            ],
            [
              7.3894544,
              51.3565387
            ],
            [
              7.3897448,
              51.3562784
            ],
            [
              7.3898133,
              51.3562015
            ],
            [
              7.3898712,
              51.3561219
            ],
            [
              7.389937,
              51.3559851
            ],
            [
              7.3899955,
              51.3557998
            ],
            [
              7.3900109,
              51.3557756
            ],
            [
              7.3900875,
              51.3555022
            ],
            [
              7.3905022,
              51.3555812
            ],
            [
              7.3906474,
              51.3554652
            ],
            [
              7.3909278,
              51.3552351
            ],
            [
              7.3909494,
              51.3552422
            ],
            [
              7.3916091,
              51.3554552
            ],
            [
              7.3929512,
              51.3541615
            ],
            [
              7.3942639,
              51.3545226
            ],
            [
              7.3945231,
              51.3533421
            ],
            [
              7.3945503,
              51.3532208
            ],
            [
              7.3943211,
              51.3533457
            ],
            [
              7.3941461,
              51.3534462
            ],
            [
              7.3939069,
              51.3534883
            ],
            [
              7.3936744,
              51.3535315
            ],
            [
              7.3931334,
              51.3536288
            ],
            [
              7.3925649,
              51.3534767
            ],
            [
              7.3923507,
              51.3532961
            ],
            [
              7.3921645,
              51.3531804
            ],
            [
              7.3916858,
              51.3530276
            ],
            [
              7.3914365,
              51.3528837
            ],
            [
              7.3910552,
              51.3527686
            ],
            [
              7.3907469,
              51.3527269
            ],
            [
              7.3904066,
              51.3526418
            ],
            [
              7.3901867,
              51.3525397
            ],
            [
              7.3900238,
              51.3523277
            ],
            [
              7.3898056,
              51.3522241
            ],
            [
              7.3878832,
              51.3518816
            ],
            [
              7.3870633,
              51.3520075
            ],
            [
              7.3845272,
              51.3523921
            ],
            [
              7.3832882,
              51.3520651
            ],
            [
              7.3810167,
              51.3514514
            ],
            [
              7.3812147,
              51.3511647
            ],
            [
              7.3811061,
              51.3511364
            ],
            [
              7.3806399,
              51.3510103
            ],
            [
              7.3804417,
              51.3512959
            ],
            [
              7.3799015,
              51.3511512
            ],
            [
              7.3796034,
              51.3508506
            ],
            [
              7.3786275,
              51.3498576
            ],
            [
              7.3778681,
              51.3490951
            ],
            [
              7.3771795,
              51.3483976
            ],
            [
              7.3773671,
              51.3482229
            ],
            [
              7.3775037,
              51.3480167
            ],
            [
              7.3775969,
              51.3478568
            ],
            [
              7.3776346,
              51.3477514
            ],
            [
              7.377967,
              51.3475016
            ],
            [
              7.3779398,
              51.3473337
            ],
            [
              7.3778553,
              51.3472997
            ],
            [
              7.3778648,
              51.3472211
            ],
            [
              7.3778675,
              51.347185
            ],
            [
              7.3778501,
              51.3471079
            ],
            [
              7.3777371,
              51.3470552
            ],
            [
              7.3776799,
              51.3470067
            ],
            [
              7.377721,
              51.3469008
            ],
            [
              7.3777164,
              51.3468767
            ],
            [
              7.3774513,
              51.3468064
            ],
            [
              7.3774173,
              51.3467655
            ],
            [
              7.3774122,
              51.3466626
            ],
            [
              7.3773975,
              51.3466308
            ],
            [
              7.377324,
              51.3465636
            ],
            [
              7.377322,
              51.3464693
            ],
            [
              7.3773053,
              51.3463726
            ],
            [
              7.3772442,
              51.3463248
            ],
            [
              7.377206,
              51.3462402
            ],
            [
              7.3772657,
              51.3461946
            ],
            [
              7.3773019,
              51.3460961
            ],
            [
              7.3772268,
              51.346048
            ],
            [
              7.3771812,
              51.3459533
            ],
            [
              7.3772174,
              51.3459014
            ],
            [
              7.3771825,
              51.3457364
            ],
            [
              7.3772047,
              51.3456894
            ],
            [
              7.3770706,
              51.3455726
            ],
            [
              7.3770732,
              51.3455089
            ],
            [
              7.3771215,
              51.345475
            ],
            [
              7.3771349,
              51.3453594
            ],
            [
              7.3771463,
              51.345328
            ],
            [
              7.3771483,
              51.3452543
            ],
            [
              7.3771202,
              51.3452237
            ],
            [
              7.3771111,
              51.3451843
            ],
            [
              7.3771078,
              51.345165
            ],
            [
              7.3770927,
              51.3451563
            ],
            [
              7.37709,
              51.3451026
            ],
            [
              7.3771034,
              51.345083
            ],
            [
              7.3771007,
              51.3450254
            ],
            [
              7.3770823,
              51.3450034
            ],
            [
              7.377083,
              51.3449715
            ],
            [
              7.3770981,
              51.3449638
            ],
            [
              7.3771051,
              51.3449542
            ],
            [
              7.3771088,
              51.344858
            ],
            [
              7.3771346,
              51.3448333
            ],
            [
              7.3771178,
              51.3447707
            ],
            [
              7.3771121,
              51.3447106
            ],
            [
              7.3771017,
              51.3447079
            ],
            [
              7.3770816,
              51.3447064
            ],
            [
              7.3770333,
              51.3446735
            ],
            [
              7.37698,
              51.3446354
            ],
            [
              7.3769217,
              51.344595
            ],
            [
              7.3768939,
              51.3445736
            ],
            [
              7.3768701,
              51.3445508
            ],
            [
              7.3768682,
              51.3444524
            ],
            [
              7.376853,
              51.3444187
            ],
            [
              7.3768397,
              51.3444105
            ],
            [
              7.3767559,
              51.3443679
            ],
            [
              7.3767319,
              51.3443135
            ],
            [
              7.3765477,
              51.3442886
            ],
            [
              7.3765161,
              51.3442703
            ],
            [
              7.3765153,
              51.3442493
            ],
            [
              7.3765464,
              51.3442034
            ],
            [
              7.3765894,
              51.3441284
            ],
            [
              7.3765783,
              51.3440925
            ],
            [
              7.3764666,
              51.3440635
            ],
            [
              7.3764414,
              51.3439998
            ],
            [
              7.3764034,
              51.343955
            ],
            [
              7.3763676,
              51.3438959
            ],
            [
              7.3764044,
              51.3438708
            ],
            [
              7.3764419,
              51.3438371
            ],
            [
              7.376399,
              51.3438145
            ],
            [
              7.3763209,
              51.3437891
            ],
            [
              7.3763313,
              51.343734
            ],
            [
              7.3763632,
              51.3436975
            ],
            [
              7.3763626,
              51.3436003
            ],
            [
              7.3764134,
              51.3435581
            ],
            [
              7.3764796,
              51.3435053
            ],
            [
              7.3764771,
              51.3434739
            ],
            [
              7.3763622,
              51.3434164
            ],
            [
              7.3764624,
              51.3433066
            ],
            [
              7.3764614,
              51.3432731
            ],
            [
              7.3764084,
              51.3432124
            ],
            [
              7.3764309,
              51.3431487
            ],
            [
              7.3763393,
              51.3431326
            ],
            [
              7.3763024,
              51.3430986
            ],
            [
              7.3763507,
              51.3430649
            ],
            [
              7.3763417,
              51.3430373
            ],
            [
              7.3763105,
              51.3430184
            ],
            [
              7.3762716,
              51.3430165
            ],
            [
              7.3761895,
              51.342974
            ],
            [
              7.3761392,
              51.3429423
            ],
            [
              7.3760154,
              51.3428844
            ],
            [
              7.3759655,
              51.3428737
            ],
            [
              7.3759182,
              51.3428188
            ],
            [
              7.3758725,
              51.3427925
            ]
          ]
        ]
      }
    },
    {
      "type": "Feature",
      "properties": {
        "name": "Boele",
        "city": "Hagen",
        "osm_id": 2825490,
        "osm_type": "relation",
        "display": "Boele, Hagen-Nord, Hagen, Nordrhein-Westfalen, 58099, Deutschland"
      },
      "geometry": {
        "type": "Polygon",
        "coordinates": [
          [
            [
              7.4404334,
              51.3938527
            ],
            [
              7.4408339,
              51.3937016
            ],
            [
              7.4410681,
              51.3935856
            ],
            [
              7.4413108,
              51.3934835
            ],
            [
              7.4416673,
              51.393321
            ],
            [
              7.4416883,
              51.3931984
            ],
            [
              7.4417802,
              51.3931069
            ],
            [
              7.4418426,
              51.3930476
            ],
            [
              7.4419637,
              51.3929791
            ],
            [
              7.4419861,
              51.392941
            ],
            [
              7.442487,
              51.3927697
            ],
            [
              7.4425775,
              51.3927429
            ],
            [
              7.4431408,
              51.3925192
            ],
            [
              7.4438415,
              51.3922417
            ],
            [
              7.4444611,
              51.3919743
            ],
            [
              7.4451008,
              51.3917228
            ],
            [
              7.4458153,
              51.3914911
            ],
            [
              7.4464828,
              51.3912948
            ],
            [
              7.4471855,
              51.3911057
            ],
            [
              7.4475429,
              51.3909734
            ],
            [
              7.4478668,
              51.3908374
            ],
            [
              7.4481679,
              51.3907002
            ],
            [
              7.4485843,
              51.3903931
            ],
            [
              7.4485829,
              51.3903253
            ],
            [
              7.4487482,
              51.3899861
            ],
            [
              7.4489735,
              51.3896259
            ],
            [
              7.4491073,
              51.3894129
            ],
            [
              7.4490611,
              51.3894035
            ],
            [
              7.4493598,
              51.3888804
            ],
            [
              7.4492602,
              51.388826
            ],
            [
              7.4491851,
              51.3887708
            ],
            [
              7.4484988,
              51.3882465
            ],
            [
              7.4482956,
              51.3881347
            ],
            [
              7.4482037,
              51.3880772
            ],
            [
              7.4479087,
              51.3878899
            ],
            [
              7.4477484,
              51.3878188
            ],
            [
              7.4468583,
              51.3875462
            ],
            [
              7.4467839,
              51.3873271
            ],
            [
              7.4467175,
              51.3871007
            ],
            [
              7.446692,
              51.3869237
            ],
            [
              7.4467121,
              51.3867409
            ],
            [
              7.447158,
              51.3862956
            ],
            [
              7.4466379,
              51.3860646
            ],
            [
              7.4469622,
              51.3858181
            ],
            [
              7.447101,
              51.3857529
            ],
            [
              7.4472365,
              51.3856631
            ],
            [
              7.4474329,
              51.3855478
            ],
            [
              7.4476122,
              51.3854555
            ],
            [
              7.4476192,
              51.3854599
            ],
            [
              7.4477632,
              51.3854114
            ],
            [
              7.447903,
              51.3853724
            ],
            [
              7.4481457,
              51.3853153
            ],
            [
              7.4482019,
              51.3852969
            ],
            [
              7.4482609,
              51.3852744
            ],
            [
              7.4483127,
              51.3852513
            ],
            [
              7.4484047,
              51.3851834
            ],
            [
              7.4484524,
              51.3851585
            ],
            [
              7.4485122,
              51.3851317
            ],
            [
              7.4485786,
              51.3851073
            ],
            [
              7.4487142,
              51.3850718
            ],
            [
              7.4487541,
              51.3850636
            ],
            [
              7.4489347,
              51.3850458
            ],
            [
              7.4492503,
              51.3850221
            ],
            [
              7.449901,
              51.3849724
            ],
            [
              7.4500508,
              51.3849531
            ],
            [
              7.4501866,
              51.3849303
            ],
            [
              7.4504109,
              51.3848887
            ],
            [
              7.4505269,
              51.384861
            ],
            [
              7.4505882,
              51.3848443
            ],
            [
              7.4506404,
              51.3848283
            ],
            [
              7.4507425,
              51.384792
            ],
            [
              7.4508514,
              51.3847502
            ],
            [
              7.4511061,
              51.384766
            ],
            [
              7.4511902,
              51.3848086
            ],
            [
              7.4511957,
              51.3848048
            ],
            [
              7.4519042,
              51.385162
            ],
            [
              7.4521972,
              51.3853097
            ],
            [
              7.4522735,
              51.3853431
            ],
            [
              7.4523913,
              51.3853903
            ],
            [
              7.4526745,
              51.3854966
            ],
            [
              7.4527948,
              51.3855485
            ],
            [
              7.4531076,
              51.385708
            ],
            [
              7.4531142,
              51.3857041
            ],
            [
              7.4537824,
              51.3860416
            ],
            [
              7.4544379,
              51.3863475
            ],
            [
              7.4566428,
              51.3849498
            ],
            [
              7.4589412,
              51.3817228
            ],
            [
              7.4598242,
              51.3790233
            ],
            [
              7.4598097,
              51.3790027
            ],
            [
              7.459704,
              51.3788943
            ],
            [
              7.4597135,
              51.3788687
            ],
            [
              7.4597554,
              51.3787679
            ],
            [
              7.4597255,
              51.3787613
            ],
            [
              7.4597037,
              51.3787495
            ],
            [
              7.4596912,
              51.3787358
            ],
            [
              7.4596814,
              51.3787213
            ],
            [
              7.4596801,
              51.3787005
            ],
            [
              7.4596875,
              51.3786621
            ],
            [
              7.4597158,
              51.3785881
            ],
            [
              7.4597282,
              51.3785896
            ],
            [
              7.4599512,
              51.378123
            ],
            [
              7.4601511,
              51.3777428
            ],
            [
              7.4601979,
              51.3777363
            ],
            [
              7.4602282,
              51.3777346
            ],
            [
              7.4606424,
              51.3776985
            ],
            [
              7.4607231,
              51.3776851
            ],
            [
              7.4608919,
              51.3776675
            ],
            [
              7.4610566,
              51.3776546
            ],
            [
              7.4613343,
              51.377637
            ],
            [
              7.4615402,
              51.3776266
            ],
            [
              7.4618632,
              51.3776169
            ],
            [
              7.4620085,
              51.3775984
            ],
            [
              7.4626291,
              51.3776129
            ],
            [
              7.4636504,
              51.3776579
            ],
            [
              7.4636433,
              51.3776968
            ],
            [
              7.465712,
              51.3777831
            ],
            [
              7.4659744,
              51.3777941
            ],
            [
              7.4665717,
              51.3778201
            ],
            [
              7.4675051,
              51.3778585
            ],
            [
              7.4677967,
              51.3778715
            ],
            [
              7.4682831,
              51.3778867
            ],
            [
              7.4684091,
              51.3778847
            ],
            [
              7.4684121,
              51.3779395
            ],
            [
              7.46849,
              51.3779737
            ],
            [
              7.4685869,
              51.3780072
            ],
            [
              7.4686334,
              51.3780193
            ],
            [
              7.4690552,
              51.3781032
            ],
            [
              7.4691368,
              51.3781231
            ],
            [
              7.4691974,
              51.378147
            ],
            [
              7.4695961,
              51.3783007
            ],
            [
              7.4699364,
              51.3783077
            ],
            [
              7.4700193,
              51.3783146
            ],
            [
              7.4710286,
              51.3784957
            ],
            [
              7.4711323,
              51.3785303
            ],
            [
              7.4711789,
              51.3785482
            ],
            [
              7.4711546,
              51.3785735
            ],
            [
              7.4713814,
              51.3786627
            ],
            [
              7.471519,
              51.3787326
            ],
            [
              7.4718809,
              51.3789459
            ],
            [
              7.4719532,
              51.3789776
            ],
            [
              7.4724224,
              51.3791902
            ],
            [
              7.4735579,
              51.379667
            ],
            [
              7.4737148,
              51.3797315
            ],
            [
              7.4747294,
              51.3792414
            ],
            [
              7.4748135,
              51.3792856
            ],
            [
              7.4747097,
              51.3793107
            ],
            [
              7.474497,
              51.3794178
            ],
            [
              7.4744363,
              51.3794553
            ],
            [
              7.4743364,
              51.3795109
            ],
            [
              7.4742371,
              51.3795735
            ],
            [
              7.4741774,
              51.3796117
            ],
            [
              7.4740179,
              51.3797257
            ],
            [
              7.4747382,
              51.3801449
            ],
            [
              7.4757216,
              51.3807248
            ],
            [
              7.4763678,
              51.3811076
            ],
            [
              7.4767167,
              51.3809511
            ],
            [
              7.4767318,
              51.3809664
            ],
            [
              7.4762693,
              51.3811731
            ],
            [
              7.4767496,
              51.3815184
            ],
            [
              7.4770023,
              51.3817006
            ],
            [
              7.4770441,
              51.3817322
            ],
            [
              7.477082,
              51.3817083
            ],
            [
              7.4771936,
              51.3817524
            ],
            [
              7.4773039,
              51.381793
            ],
            [
              7.4773739,
              51.3818202
            ],
            [
              7.4773901,
              51.3818313
            ],
            [
              7.4774978,
              51.3819166
            ],
            [
              7.4775532,
              51.3819588
            ],
            [
              7.4776071,
              51.3820008
            ],
            [
              7.4776235,
              51.3820135
            ],
            [
              7.4777211,
              51.3820891
            ],
            [
              7.4778073,
              51.3821609
            ],
            [
              7.4780127,
              51.382357
            ],
            [
              7.4780439,
              51.3823867
            ],
            [
              7.4783685,
              51.3825243
            ],
            [
              7.4784486,
              51.3824733
            ],
            [
              7.4791025,
              51.3827751
            ],
            [
              7.4799665,
              51.3832422
            ],
            [
              7.4802055,
              51.3832965
            ],
            [
              7.4802032,
              51.3833045
            ],
            [
              7.48019,
              51.3833517
            ],
            [
              7.480183,
              51.3833672
            ],
            [
              7.4801581,
              51.3834232
            ],
            [
              7.4801313,
              51.3834505
            ],
            [
              7.4799276,
              51.3835953
            ],
            [
              7.4797458,
              51.3837273
            ],
            [
              7.479704,
              51.3837582
            ],
            [
              7.4796694,
              51.3837944
            ],
            [
              7.4795958,
              51.3838847
            ],
            [
              7.4798916,
              51.3840987
            ],
            [
              7.4798593,
              51.384123
            ],
            [
              7.4798681,
              51.3841489
            ],
            [
              7.4798791,
              51.3841667
            ],
            [
              7.4798925,
              51.3841806
            ],
            [
              7.4799109,
              51.3841926
            ],
            [
              7.4799357,
              51.3842038
            ],
            [
              7.4799668,
              51.3842124
            ],
            [
              7.4800819,
              51.3842319
            ],
            [
              7.4805085,
              51.384289
            ],
            [
              7.4806274,
              51.3843049
            ],
            [
              7.4811663,
              51.3843736
            ],
            [
              7.4812143,
              51.3843734
            ],
            [
              7.4812318,
              51.3843702
            ],
            [
              7.4812533,
              51.3843637
            ],
            [
              7.4812686,
              51.384357
            ],
            [
              7.4812946,
              51.3843387
            ],
            [
              7.481305,
              51.3843272
            ],
            [
              7.4813161,
              51.3842974
            ],
            [
              7.481531,
              51.3842784
            ],
            [
              7.4816403,
              51.3843461
            ],
            [
              7.4816806,
              51.384365
            ],
            [
              7.4817612,
              51.3844011
            ],
            [
              7.4818493,
              51.3844303
            ],
            [
              7.4819754,
              51.384469
            ],
            [
              7.482214,
              51.3845172
            ],
            [
              7.4822469,
              51.3845228
            ],
            [
              7.4822535,
              51.384518
            ],
            [
              7.4827345,
              51.3837297
            ],
            [
              7.4825792,
              51.3836577
            ],
            [
              7.4827061,
              51.3835274
            ],
            [
              7.4827914,
              51.3834659
            ],
            [
              7.4828649,
              51.3834307
            ],
            [
              7.4829359,
              51.3834014
            ],
            [
              7.4830084,
              51.3833931
            ],
            [
              7.4831241,
              51.3833902
            ],
            [
              7.483615,
              51.3834138
            ],
            [
              7.4837676,
              51.383389
            ],
            [
              7.4838861,
              51.3833565
            ],
            [
              7.4840188,
              51.3833038
            ],
            [
              7.4845829,
              51.3830194
            ],
            [
              7.4866576,
              51.3820656
            ],
            [
              7.4870877,
              51.3818676
            ],
            [
              7.4883198,
              51.3814707
            ],
            [
              7.4878677,
              51.3807191
            ],
            [
              7.4881207,
              51.380536
            ],
            [
              7.4881842,
              51.3805124
            ],
            [
              7.4883223,
              51.3804848
            ],
            [
              7.4883634,
              51.3804864
            ],
            [
              7.4883904,
              51.3804905
            ],
            [
              7.4884179,
              51.3805026
            ],
            [
              7.4884354,
              51.3805162
            ],
            [
              7.4885719,
              51.3806828
            ],
            [
              7.4886875,
              51.3808573
            ],
            [
              7.4888726,
              51.3810501
            ],
            [
              7.4899992,
              51.3822403
            ],
            [
              7.4901414,
              51.3823633
            ],
            [
              7.4903101,
              51.3824934
            ],
            [
              7.4909659,
              51.3829418
            ],
            [
              7.4912029,
              51.3830708
            ],
            [
              7.4921094,
              51.3835386
            ],
            [
              7.4928786,
              51.3839568
            ],
            [
              7.4944211,
              51.3848039
            ],
            [
              7.4944528,
              51.384821
            ],
            [
              7.4945981,
              51.3849206
            ],
            [
              7.4946907,
              51.3850014
            ],
            [
              7.4947665,
              51.3851002
            ],
            [
              7.4948234,
              51.3852096
            ],
            [
              7.494858,
              51.3853445
            ],
            [
              7.4949646,
              51.385291
            ],
            [
              7.4958223,
              51.3848695
            ],
            [
              7.4967137,
              51.3853959
            ],
            [
              7.4969796,
              51.3851295
            ],
            [
              7.497661,
              51.3854728
            ],
            [
              7.4979359,
              51.3852865
            ],
            [
              7.4984347,
              51.3849831
            ],
            [
              7.4984894,
              51.3850396
            ],
            [
              7.4985473,
              51.3850788
            ],
            [
              7.4986922,
              51.3851316
            ],
            [
              7.4988707,
              51.3852926
            ],
            [
              7.4989888,
              51.3854119
            ],
            [
              7.4990989,
              51.3854714
            ],
            [
              7.4992064,
              51.3854944
            ],
            [
              7.4993026,
              51.38549
            ],
            [
              7.4994087,
              51.3855066
            ],
            [
              7.499479,
              51.3855247
            ],
            [
              7.4995471,
              51.3855344
            ],
            [
              7.4996248,
              51.3855551
            ],
            [
              7.4996779,
              51.3855598
            ],
            [
              7.4997205,
              51.3855799
            ],
            [
              7.499888,
              51.3855851
            ],
            [
              7.4999333,
              51.3856023
            ],
            [
              7.5000874,
              51.385636
            ],
            [
              7.5001037,
              51.3856613
            ],
            [
              7.5001379,
              51.3856748
            ],
            [
              7.5001938,
              51.3856827
            ],
            [
              7.5002046,
              51.3857013
            ],
            [
              7.5002398,
              51.3857103
            ],
            [
              7.5003056,
              51.3857181
            ],
            [
              7.500375,
              51.385753
            ],
            [
              7.5004642,
              51.3857794
            ],
            [
              7.5005102,
              51.3858216
            ],
            [
              7.5005904,
              51.3858717
            ],
            [
              7.5006003,
              51.3858998
            ],
            [
              7.5005823,
              51.3859268
            ],
            [
              7.5005925,
              51.3859536
            ],
            [
              7.5007058,
              51.3860506
            ],
            [
              7.5007581,
              51.3860663
            ],
            [
              7.5007896,
              51.3860821
            ],
            [
              7.5008356,
              51.3861293
            ],
            [
              7.5008671,
              51.3861513
            ],
            [
              7.5009897,
              51.3861788
            ],
            [
              7.5010321,
              51.3862171
            ],
            [
              7.5010519,
              51.3862655
            ],
            [
              7.5010871,
              51.3863015
            ],
            [
              7.5011502,
              51.3863099
            ],
            [
              7.501289,
              51.386441
            ],
            [
              7.5013115,
              51.3864972
            ],
            [
              7.5013503,
              51.386522
            ],
            [
              7.5013566,
              51.3865489
            ],
            [
              7.5014287,
              51.3866137
            ],
            [
              7.5014981,
              51.3866491
            ],
            [
              7.5016009,
              51.3866699
            ],
            [
              7.5016432,
              51.3866868
            ],
            [
              7.501655,
              51.3867161
            ],
            [
              7.5016946,
              51.3867363
            ],
            [
              7.5017298,
              51.3868044
            ],
            [
              7.5017487,
              51.3868134
            ],
            [
              7.5018136,
              51.3868601
            ],
            [
              7.5018715,
              51.3869662
            ],
            [
              7.5021996,
              51.3872047
            ],
            [
              7.502413,
              51.3875019
            ],
            [
              7.5022949,
              51.3875576
            ],
            [
              7.5025059,
              51.3877291
            ],
            [
              7.5026078,
              51.3877579
            ],
            [
              7.5027776,
              51.388013
            ],
            [
              7.50277,
              51.3880391
            ],
            [
              7.5028177,
              51.3880301
            ],
            [
              7.5031945,
              51.3885931
            ],
            [
              7.5034627,
              51.3887115
            ],
            [
              7.5035857,
              51.3887748
            ],
            [
              7.5036732,
              51.3888283
            ],
            [
              7.5038084,
              51.3889306
            ],
            [
              7.5040959,
              51.3892141
            ],
            [
              7.5041422,
              51.3892344
            ],
            [
              7.5041847,
              51.3892437
            ],
            [
              7.5042187,
              51.3892395
            ],
            [
              7.5043134,
              51.3892181
            ],
            [
              7.5043327,
              51.3892394
            ],
            [
              7.5043483,
              51.3892596
            ],
            [
              7.5046997,
              51.3896704
            ],
            [
              7.5047681,
              51.3897525
            ],
            [
              7.5048519,
              51.3898542
            ],
            [
              7.5049008,
              51.3898593
            ],
            [
              7.5050732,
              51.3898787
            ],
            [
              7.5051616,
              51.3898873
            ],
            [
              7.5052281,
              51.390096
            ],
            [
              7.5045244,
              51.3905945
            ],
            [
              7.5044359,
              51.3906708
            ],
            [
              7.5042814,
              51.3907574
            ],
            [
              7.5041366,
              51.3908594
            ],
            [
              7.5040993,
              51.3908315
            ],
            [
              7.5038996,
              51.3909712
            ],
            [
              7.5036773,
              51.3911472
            ],
            [
              7.5036531,
              51.3913255
            ],
            [
              7.5029489,
              51.3918265
            ],
            [
              7.5027235,
              51.3919879
            ],
            [
              7.5022844,
              51.3923014
            ],
            [
              7.500223,
              51.3937711
            ],
            [
              7.5001011,
              51.393857
            ],
            [
              7.5003429,
              51.39387
            ],
            [
              7.5003984,
              51.3938741
            ],
            [
              7.5004281,
              51.39388
            ],
            [
              7.5004578,
              51.3938906
            ],
            [
              7.5005941,
              51.393964
            ],
            [
              7.5009057,
              51.3941344
            ],
            [
              7.5009519,
              51.3941612
            ],
            [
              7.5009491,
              51.3942037
            ],
            [
              7.5009832,
              51.3942528
            ],
            [
              7.5009637,
              51.3942828
            ],
            [
              7.5011498,
              51.3942892
            ],
            [
              7.5012525,
              51.394344
            ],
            [
              7.5013689,
              51.3945256
            ],
            [
              7.5031984,
              51.3955252
            ],
            [
              7.503429,
              51.39565
            ],
            [
              7.5031526,
              51.3958105
            ],
            [
              7.502584,
              51.3961346
            ],
            [
              7.5020323,
              51.3964436
            ],
            [
              7.5020118,
              51.3964306
            ],
            [
              7.5019875,
              51.3964434
            ],
            [
              7.5020555,
              51.3965103
            ],
            [
              7.5021095,
              51.3966317
            ],
            [
              7.502195,
              51.3968181
            ],
            [
              7.5022105,
              51.3968487
            ],
            [
              7.5020984,
              51.3968702
            ],
            [
              7.5021342,
              51.3969347
            ],
            [
              7.5021098,
              51.3970315
            ],
            [
              7.5021592,
              51.3970727
            ],
            [
              7.5023994,
              51.3969442
            ],
            [
              7.5027285,
              51.3970836
            ],
            [
              7.5028823,
              51.3972236
            ],
            [
              7.5029735,
              51.3972447
            ],
            [
              7.5029558,
              51.3973282
            ],
            [
              7.5029594,
              51.3975889
            ],
            [
              7.5028826,
              51.3977603
            ],
            [
              7.5027147,
              51.3979751
            ],
            [
              7.5025155,
              51.3981555
            ],
            [
              7.502122,
              51.3983801
            ],
            [
              7.5019876,
              51.3984303
            ],
            [
              7.5019372,
              51.3984639
            ],
            [
              7.5015473,
              51.398586
            ],
            [
              7.5012918,
              51.3986533
            ],
            [
              7.5013026,
              51.3987708
            ],
            [
              7.501287,
              51.3988128
            ],
            [
              7.5013146,
              51.3990388
            ],
            [
              7.5013805,
              51.39905
            ],
            [
              7.5016025,
              51.3990351
            ],
            [
              7.5023967,
              51.3989056
            ],
            [
              7.5032905,
              51.3986595
            ],
            [
              7.5041081,
              51.398258
            ],
            [
              7.5041365,
              51.398526
            ],
            [
              7.5044176,
              51.398349
            ],
            [
              7.5047021,
              51.3981938
            ],
            [
              7.5051024,
              51.397982
            ],
            [
              7.5058584,
              51.3975862
            ],
            [
              7.5061152,
              51.3974512
            ],
            [
              7.506791,
              51.3971033
            ],
            [
              7.5076888,
              51.3966266
            ],
            [
              7.5080989,
              51.3963942
            ],
            [
              7.5083579,
              51.3962375
            ],
            [
              7.5088285,
              51.3962747
            ],
            [
              7.5088407,
              51.3963366
            ],
            [
              7.5094255,
              51.3960029
            ],
            [
              7.509661,
              51.3958454
            ],
            [
              7.5100965,
              51.3956693
            ],
            [
              7.510255,
              51.3955828
            ],
            [
              7.510609,
              51.3953913
            ],
            [
              7.511163,
              51.3950624
            ],
            [
              7.5115554,
              51.3948492
            ],
            [
              7.5117778,
              51.3947666
            ],
            [
              7.5124519,
              51.394528
            ],
            [
              7.513455,
              51.3941852
            ],
            [
              7.5136552,
              51.3941014
            ],
            [
              7.5142947,
              51.3938032
            ],
            [
              7.5149982,
              51.3934617
            ],
            [
              7.5150737,
              51.3934385
            ],
            [
              7.5152525,
              51.3933463
            ],
            [
              7.5157275,
              51.3931054
            ],
            [
              7.5161634,
              51.3927712
            ],
            [
              7.5163388,
              51.3926785
            ],
            [
              7.5164267,
              51.3926599
            ],
            [
              7.5166381,
              51.39255
            ],
            [
              7.5167024,
              51.3924744
            ],
            [
              7.5167997,
              51.3924205
            ],
            [
              7.5169508,
              51.3923457
            ],
            [
              7.5170495,
              51.3923144
            ],
            [
              7.5171887,
              51.3922581
            ],
            [
              7.517522,
              51.3920678
            ],
            [
              7.5176229,
              51.391984
            ],
            [
              7.5176917,
              51.3919358
            ],
            [
              7.5178253,
              51.3918264
            ],
            [
              7.518061,
              51.3915889
            ],
            [
              7.5183062,
              51.3913226
            ],
            [
              7.518375,
              51.3912737
            ],
            [
              7.5186327,
              51.3911513
            ],
            [
              7.5188537,
              51.3910267
            ],
            [
              7.5189389,
              51.3908832
            ],
            [
              7.5189947,
              51.3908061
            ],
            [
              7.5190657,
              51.3907065
            ],
            [
              7.5193368,
              51.390478
            ],
            [
              7.5195585,
              51.3902595
            ],
            [
              7.5198251,
              51.3900535
            ],
            [
              7.5200095,
              51.3899231
            ],
            [
              7.5202299,
              51.3897717
            ],
            [
              7.5203304,
              51.3897283
            ],
            [
              7.5205813,
              51.3896181
            ],
            [
              7.5210219,
              51.3893124
            ],
            [
              7.5214766,
              51.3890206
            ],
            [
              7.5221531,
              51.3886316
            ],
            [
              7.5224166,
              51.3884992
            ],
            [
              7.5224328,
              51.3884506
            ],
            [
              7.5225545,
              51.3883855
            ],
            [
              7.5227327,
              51.3883059
            ],
            [
              7.52281,
              51.3882854
            ],
            [
              7.5228879,
              51.3883048
            ],
            [
              7.5229433,
              51.3883448
            ],
            [
              7.5230217,
              51.3884438
            ],
            [
              7.5230719,
              51.3884808
            ],
            [
              7.5234163,
              51.3886878
            ],
            [
              7.5232571,
              51.3887998
            ],
            [
              7.5231798,
              51.388893
            ],
            [
              7.5231694,
              51.3889182
            ],
            [
              7.523174,
              51.3889409
            ],
            [
              7.5231878,
              51.3889707
            ],
            [
              7.5231982,
              51.3889833
            ],
            [
              7.5234376,
              51.3891889
            ],
            [
              7.5235563,
              51.3892899
            ],
            [
              7.5237105,
              51.3894417
            ],
            [
              7.5237306,
              51.3894297
            ],
            [
              7.5238892,
              51.389538
            ],
            [
              7.5240092,
              51.3896381
            ],
            [
              7.5242107,
              51.3895567
            ],
            [
              7.5246732,
              51.3899942
            ],
            [
              7.5249846,
              51.390494
            ],
            [
              7.5250632,
              51.390615
            ],
            [
              7.5252487,
              51.390801
            ],
            [
              7.5255331,
              51.3910496
            ],
            [
              7.5256034,
              51.3910424
            ],
            [
              7.5255423,
              51.391396
            ],
            [
              7.5256378,
              51.3915283
            ],
            [
              7.5261238,
              51.3920311
            ],
            [
              7.5263395,
              51.3926288
            ],
            [
              7.5267534,
              51.3930947
            ],
            [
              7.5268434,
              51.3935032
            ],
            [
              7.527106,
              51.393799
            ],
            [
              7.5276872,
              51.3939642
            ],
            [
              7.5281592,
              51.3942655
            ],
            [
              7.5285343,
              51.3947787
            ],
            [
              7.529259,
              51.3950862
            ],
            [
              7.529882,
              51.3954166
            ],
            [
              7.5311929,
              51.395672
            ],
            [
              7.5313573,
              51.3958134
            ],
            [
              7.5315234,
              51.3962708
            ],
            [
              7.5316245,
              51.3965982
            ],
            [
              7.5316333,
              51.3966824
            ],
            [
              7.5320319,
              51.3967
            ],
            [
              7.5320185,
              51.3970371
            ],
            [
              7.5319825,
              51.397394
            ],
            [
              7.5319141,
              51.3978541
            ],
            [
              7.5319005,
              51.3979438
            ],
            [
              7.5315383,
              51.3977971
            ],
            [
              7.53153,
              51.3979198
            ],
            [
              7.5313348,
              51.3984568
            ],
            [
              7.5312881,
              51.3984934
            ],
            [
              7.5311689,
              51.3985785
            ],
            [
              7.5311809,
              51.3986393
            ],
            [
              7.5312063,
              51.3987018
            ],
            [
              7.5312127,
              51.3987682
            ],
            [
              7.5312698,
              51.3989099
            ],
            [
              7.5313124,
              51.3989422
            ],
            [
              7.5313149,
              51.3990079
            ],
            [
              7.5313375,
              51.3990494
            ],
            [
              7.5313253,
              51.3991286
            ],
            [
              7.5313445,
              51.3991589
            ],
            [
              7.5312603,
              51.3992629
            ],
            [
              7.5312522,
              51.3993055
            ],
            [
              7.5312566,
              51.3993973
            ],
            [
              7.5312283,
              51.3995091
            ],
            [
              7.5312993,
              51.3996497
            ],
            [
              7.5313662,
              51.3997103
            ],
            [
              7.5313901,
              51.3997437
            ],
            [
              7.5313804,
              51.3998374
            ],
            [
              7.5313959,
              51.3999108
            ],
            [
              7.5315347,
              51.3999897
            ],
            [
              7.531518,
              51.4000867
            ],
            [
              7.5314921,
              51.4001464
            ],
            [
              7.5315209,
              51.4002247
            ],
            [
              7.5315704,
              51.4002403
            ],
            [
              7.5315415,
              51.4002998
            ],
            [
              7.5315617,
              51.4003272
            ],
            [
              7.5315618,
              51.4004235
            ],
            [
              7.5316091,
              51.4004658
            ],
            [
              7.5316502,
              51.4005125
            ],
            [
              7.5316316,
              51.4005559
            ],
            [
              7.5316655,
              51.4006105
            ],
            [
              7.5316944,
              51.4006275
            ],
            [
              7.5317056,
              51.4006662
            ],
            [
              7.5317937,
              51.4007012
            ],
            [
              7.5318136,
              51.4007268
            ],
            [
              7.5318728,
              51.4008079
            ],
            [
              7.5318134,
              51.4008151
            ],
            [
              7.5318952,
              51.4009027
            ],
            [
              7.5318919,
              51.4009491
            ],
            [
              7.53194,
              51.4009669
            ],
            [
              7.5319724,
              51.401014
            ],
            [
              7.5320304,
              51.4010186
            ],
            [
              7.5320606,
              51.4010559
            ],
            [
              7.5319898,
              51.4010878
            ],
            [
              7.532113,
              51.4012164
            ],
            [
              7.5321038,
              51.4012501
            ],
            [
              7.532284,
              51.401344
            ],
            [
              7.5322937,
              51.4013964
            ],
            [
              7.5323647,
              51.4014473
            ],
            [
              7.5323637,
              51.4015424
            ],
            [
              7.5323944,
              51.4015684
            ],
            [
              7.5323999,
              51.4015922
            ],
            [
              7.5324354,
              51.4016268
            ],
            [
              7.5324777,
              51.4016402
            ],
            [
              7.5324911,
              51.4016666
            ],
            [
              7.5324617,
              51.4016815
            ],
            [
              7.5324542,
              51.4017946
            ],
            [
              7.5324295,
              51.4018509
            ],
            [
              7.5325311,
              51.4019145
            ],
            [
              7.5325489,
              51.4019763
            ],
            [
              7.5326547,
              51.4020633
            ],
            [
              7.532649,
              51.4021738
            ],
            [
              7.5326352,
              51.4021975
            ],
            [
              7.5326225,
              51.4022223
            ],
            [
              7.5326397,
              51.4022536
            ],
            [
              7.5326829,
              51.4022849
            ],
            [
              7.5326681,
              51.4023461
            ],
            [
              7.532755,
              51.4023886
            ],
            [
              7.5328028,
              51.4024603
            ],
            [
              7.5329027,
              51.4025194
            ],
            [
              7.5329557,
              51.4025673
            ],
            [
              7.5330103,
              51.4025845
            ],
            [
              7.5330579,
              51.4026433
            ],
            [
              7.5331839,
              51.4026858
            ],
            [
              7.5332046,
              51.4027765
            ],
            [
              7.5331802,
              51.4028911
            ],
            [
              7.5332083,
              51.402907
            ],
            [
              7.5333117,
              51.4029343
            ],
            [
              7.5333215,
              51.403012
            ],
            [
              7.5333431,
              51.4030308
            ],
            [
              7.5335247,
              51.4030957
            ],
            [
              7.533667,
              51.403177
            ],
            [
              7.5337161,
              51.403194
            ],
            [
              7.5337385,
              51.4032095
            ],
            [
              7.5338164,
              51.4032398
            ],
            [
              7.5338894,
              51.4032612
            ],
            [
              7.5339451,
              51.403267
            ],
            [
              7.5340513,
              51.4033138
            ],
            [
              7.5341927,
              51.4033581
            ],
            [
              7.5342411,
              51.4034226
            ],
            [
              7.5343235,
              51.4035173
            ],
            [
              7.5344206,
              51.4035738
            ],
            [
              7.5346213,
              51.4036704
            ],
            [
              7.5347285,
              51.4037041
            ],
            [
              7.5347367,
              51.4037641
            ],
            [
              7.534768,
              51.403778
            ],
            [
              7.5347779,
              51.4038148
            ],
            [
              7.5347528,
              51.4038515
            ],
            [
              7.5347337,
              51.4038626
            ],
            [
              7.5347399,
              51.4039678
            ],
            [
              7.5346691,
              51.4039988
            ],
            [
              7.5346479,
              51.4040898
            ],
            [
              7.5345988,
              51.4041673
            ],
            [
              7.5347513,
              51.4042573
            ],
            [
              7.5347962,
              51.4043452
            ],
            [
              7.5347739,
              51.4043924
            ],
            [
              7.5348223,
              51.4044244
            ],
            [
              7.5348679,
              51.4045165
            ],
            [
              7.534932,
              51.4045972
            ],
            [
              7.5349893,
              51.4046327
            ],
            [
              7.5350748,
              51.4047614
            ],
            [
              7.5350662,
              51.4047824
            ],
            [
              7.5350515,
              51.4047901
            ],
            [
              7.535062,
              51.4048049
            ],
            [
              7.5350583,
              51.4048288
            ],
            [
              7.5350944,
              51.4048779
            ],
            [
              7.5351493,
              51.4049528
            ],
            [
              7.5351526,
              51.404958
            ],
            [
              7.5351594,
              51.4049667
            ],
            [
              7.5351614,
              51.404968
            ],
            [
              7.5352028,
              51.4049938
            ],
            [
              7.5353998,
              51.4051123
            ],
            [
              7.5354078,
              51.4052975
            ],
            [
              7.5350502,
              51.4053294
            ],
            [
              7.5348581,
              51.4053682
            ],
            [
              7.5346649,
              51.4054124
            ],
            [
              7.5344461,
              51.4054418
            ],
            [
              7.5343481,
              51.4054759
            ],
            [
              7.5342598,
              51.4054877
            ],
            [
              7.5342446,
              51.4054926
            ],
            [
              7.5341351,
              51.405517
            ],
            [
              7.5340936,
              51.4055713
            ],
            [
              7.5340867,
              51.4056312
            ],
            [
              7.5340388,
              51.4057072
            ],
            [
              7.5340865,
              51.405749
            ],
            [
              7.5340726,
              51.4058345
            ],
            [
              7.5340951,
              51.4058597
            ],
            [
              7.534047,
              51.4058913
            ],
            [
              7.5339732,
              51.4059136
            ],
            [
              7.5339835,
              51.4059769
            ],
            [
              7.5338781,
              51.4060355
            ],
            [
              7.5338423,
              51.406077
            ],
            [
              7.5338668,
              51.4061068
            ],
            [
              7.5338455,
              51.4061432
            ],
            [
              7.5339242,
              51.4061767
            ],
            [
              7.533949,
              51.4062269
            ],
            [
              7.5339211,
              51.4062529
            ],
            [
              7.5339394,
              51.4062871
            ],
            [
              7.5339286,
              51.4063426
            ],
            [
              7.533865,
              51.4063815
            ],
            [
              7.5338365,
              51.4063859
            ],
            [
              7.5338158,
              51.406396
            ],
            [
              7.5337398,
              51.4064155
            ],
            [
              7.5336538,
              51.4064044
            ],
            [
              7.5335219,
              51.4064127
            ],
            [
              7.5334229,
              51.4064298
            ],
            [
              7.5331934,
              51.4064539
            ],
            [
              7.5331075,
              51.4064674
            ],
            [
              7.5330177,
              51.406496
            ],
            [
              7.5329227,
              51.4065145
            ],
            [
              7.532743,
              51.4065809
            ],
            [
              7.532626,
              51.406647
            ],
            [
              7.5323222,
              51.4067392
            ],
            [
              7.532277,
              51.4067653
            ],
            [
              7.5321708,
              51.4067929
            ],
            [
              7.5320711,
              51.4068325
            ],
            [
              7.5319525,
              51.4068569
            ],
            [
              7.5316903,
              51.4069313
            ],
            [
              7.5316248,
              51.4069449
            ],
            [
              7.5314064,
              51.407016
            ],
            [
              7.530638,
              51.4072002
            ],
            [
              7.5301093,
              51.4073839
            ],
            [
              7.5300052,
              51.4074167
            ],
            [
              7.5298716,
              51.4071499
            ],
            [
              7.5296276,
              51.4066639
            ],
            [
              7.5286765,
              51.4068231
            ],
            [
              7.5274377,
              51.4070297
            ],
            [
              7.5273417,
              51.4070457
            ],
            [
              7.5268187,
              51.4071326
            ],
            [
              7.5265843,
              51.4071718
            ],
            [
              7.5252152,
              51.4074017
            ],
            [
              7.5248984,
              51.407454
            ],
            [
              7.5247964,
              51.4074721
            ],
            [
              7.5245356,
              51.4075149
            ],
            [
              7.5241989,
              51.4075703
            ],
            [
              7.5239317,
              51.4076165
            ],
            [
              7.5238903,
              51.4076372
            ],
            [
              7.5238656,
              51.4076555
            ],
            [
              7.5237587,
              51.4079165
            ],
            [
              7.5236368,
              51.408091
            ],
            [
              7.5235801,
              51.4081284
            ],
            [
              7.5235184,
              51.4081455
            ],
            [
              7.5234205,
              51.4081233
            ],
            [
              7.5233201,
              51.4081067
            ],
            [
              7.5231795,
              51.408106
            ],
            [
              7.5230205,
              51.4080987
            ],
            [
              7.5227395,
              51.4080728
            ],
            [
              7.5226151,
              51.4080339
            ],
            [
              7.5225566,
              51.4080221
            ],
            [
              7.5224091,
              51.4080129
            ],
            [
              7.5222189,
              51.4080505
            ],
            [
              7.5221478,
              51.4080646
            ],
            [
              7.5220846,
              51.4080625
            ],
            [
              7.5220454,
              51.4080671
            ],
            [
              7.5220108,
              51.40808
            ],
            [
              7.5219912,
              51.4081043
            ],
            [
              7.5219545,
              51.408132
            ],
            [
              7.5219045,
              51.4081383
            ],
            [
              7.5218618,
              51.4081495
            ],
            [
              7.5217838,
              51.4081654
            ],
            [
              7.5217239,
              51.4081837
            ],
            [
              7.5216707,
              51.4082057
            ],
            [
              7.5215711,
              51.4082666
            ],
            [
              7.5215035,
              51.4082834
            ],
            [
              7.5213753,
              51.4083223
            ],
            [
              7.5213749,
              51.4083355
            ],
            [
              7.521368,
              51.4083399
            ],
            [
              7.521304,
              51.4083562
            ],
            [
              7.5211668,
              51.4084001
            ],
            [
              7.521056,
              51.4083994
            ],
            [
              7.5209444,
              51.4084411
            ],
            [
              7.5209038,
              51.4084526
            ],
            [
              7.5207945,
              51.408457
            ],
            [
              7.5207503,
              51.4084706
            ],
            [
              7.5206946,
              51.4085566
            ],
            [
              7.5206923,
              51.4085961
            ],
            [
              7.5207005,
              51.4086241
            ],
            [
              7.5206921,
              51.4086584
            ],
            [
              7.5206599,
              51.4087111
            ],
            [
              7.5206636,
              51.4087498
            ],
            [
              7.5206815,
              51.4087775
            ],
            [
              7.5206837,
              51.4088107
            ],
            [
              7.5206332,
              51.4088676
            ],
            [
              7.5206029,
              51.4088761
            ],
            [
              7.5205403,
              51.4088886
            ],
            [
              7.520454,
              51.4089226
            ],
            [
              7.5202144,
              51.4089312
            ],
            [
              7.5201225,
              51.4089574
            ],
            [
              7.5200551,
              51.4089649
            ],
            [
              7.5199301,
              51.408969
            ],
            [
              7.5197289,
              51.4090546
            ],
            [
              7.5196471,
              51.4090968
            ],
            [
              7.5195736,
              51.409144
            ],
            [
              7.519555,
              51.4091628
            ],
            [
              7.5194514,
              51.4092258
            ],
            [
              7.5194153,
              51.4092589
            ],
            [
              7.5193781,
              51.4093599
            ],
            [
              7.5192753,
              51.4094045
            ],
            [
              7.5192102,
              51.40944
            ],
            [
              7.519103,
              51.4094657
            ],
            [
              7.5189866,
              51.4095209
            ],
            [
              7.5188326,
              51.4095478
            ],
            [
              7.5187203,
              51.4095536
            ],
            [
              7.5186596,
              51.4095243
            ],
            [
              7.5186155,
              51.4095143
            ],
            [
              7.5185439,
              51.4095111
            ],
            [
              7.5184926,
              51.409522
            ],
            [
              7.5184167,
              51.4095329
            ],
            [
              7.5182998,
              51.4095807
            ],
            [
              7.5182679,
              51.4095914
            ],
            [
              7.518175,
              51.4096239
            ],
            [
              7.518131,
              51.4096523
            ],
            [
              7.5180983,
              51.4096818
            ],
            [
              7.5180351,
              51.4097195
            ],
            [
              7.5179677,
              51.4097782
            ],
            [
              7.5179401,
              51.4098135
            ],
            [
              7.5179099,
              51.4098349
            ],
            [
              7.5178512,
              51.4098641
            ],
            [
              7.5178265,
              51.4098991
            ],
            [
              7.5177991,
              51.4099239
            ],
            [
              7.5177486,
              51.409961
            ],
            [
              7.5176864,
              51.4100198
            ],
            [
              7.5176648,
              51.4100496
            ],
            [
              7.5173367,
              51.4103171
            ],
            [
              7.5172828,
              51.4103631
            ],
            [
              7.5172281,
              51.4103984
            ],
            [
              7.5171387,
              51.4104704
            ],
            [
              7.5170923,
              51.4105036
            ],
            [
              7.5170253,
              51.4105866
            ],
            [
              7.5169348,
              51.4106464
            ],
            [
              7.5169174,
              51.4106702
            ],
            [
              7.5168904,
              51.4106865
            ],
            [
              7.5168511,
              51.4107261
            ],
            [
              7.5168458,
              51.4107375
            ],
            [
              7.5168463,
              51.4107476
            ],
            [
              7.51685,
              51.410762
            ],
            [
              7.5168745,
              51.4107911
            ],
            [
              7.5168932,
              51.4109948
            ],
            [
              7.5166482,
              51.4110671
            ],
            [
              7.5163153,
              51.4112186
            ],
            [
              7.5160289,
              51.4115645
            ],
            [
              7.5156783,
              51.4121174
            ],
            [
              7.5155097,
              51.4123272
            ],
            [
              7.5152369,
              51.4124853
            ],
            [
              7.5151564,
              51.4125318
            ],
            [
              7.5150589,
              51.4125895
            ],
            [
              7.5146269,
              51.41277
            ],
            [
              7.5142036,
              51.4129617
            ],
            [
              7.5139967,
              51.4130047
            ],
            [
              7.5135291,
              51.4130598
            ],
            [
              7.5128545,
              51.413086
            ],
            [
              7.5112972,
              51.413216
            ],
            [
              7.5109865,
              51.4132703
            ],
            [
              7.510257,
              51.4134428
            ],
            [
              7.5093971,
              51.4136733
            ],
            [
              7.5089119,
              51.4137701
            ],
            [
              7.5082763,
              51.4138643
            ],
            [
              7.505588,
              51.4140821
            ],
            [
              7.5060703,
              51.4143559
            ],
            [
              7.5060019,
              51.4143635
            ],
            [
              7.5066127,
              51.4147065
            ],
            [
              7.5067694,
              51.414883
            ],
            [
              7.5067539,
              51.4150803
            ],
            [
              7.5068366,
              51.4152213
            ],
            [
              7.5069666,
              51.4153077
            ],
            [
              7.5080898,
              51.4160612
            ],
            [
              7.5083468,
              51.4159919
            ],
            [
              7.5086151,
              51.4161895
            ],
            [
              7.5097563,
              51.4170268
            ],
            [
              7.510272,
              51.4174085
            ],
            [
              7.5108252,
              51.4178423
            ],
            [
              7.509359,
              51.4180987
            ],
            [
              7.5088336,
              51.4181877
            ],
            [
              7.5086998,
              51.4182128
            ],
            [
              7.5075669,
              51.4184069
            ],
            [
              7.5063117,
              51.4185474
            ],
            [
              7.5056554,
              51.4185622
            ],
            [
              7.5053521,
              51.4185315
            ],
            [
              7.5048532,
              51.4185614
            ],
            [
              7.5045972,
              51.4185677
            ],
            [
              7.5041367,
              51.4185568
            ],
            [
              7.5041348,
              51.4185967
            ],
            [
              7.503592,
              51.4185944
            ],
            [
              7.5033344,
              51.4185798
            ],
            [
              7.5030553,
              51.4185632
            ],
            [
              7.5028175,
              51.4185475
            ],
            [
              7.5024486,
              51.4185224
            ],
            [
              7.5020434,
              51.4184811
            ],
            [
              7.5015557,
              51.4184311
            ],
            [
              7.5014102,
              51.4183937
            ],
            [
              7.5011186,
              51.418361
            ],
            [
              7.5010391,
              51.4183757
            ],
            [
              7.500882,
              51.418355
            ],
            [
              7.5001578,
              51.4182078
            ],
            [
              7.4996918,
              51.4181045
            ],
            [
              7.4993005,
              51.4180105
            ],
            [
              7.4992692,
              51.417968
            ],
            [
              7.4991053,
              51.4179256
            ],
            [
              7.4989756,
              51.4178923
            ],
            [
              7.4988463,
              51.4178532
            ],
            [
              7.4978828,
              51.4175708
            ],
            [
              7.4972799,
              51.4173759
            ],
            [
              7.4970756,
              51.4172991
            ],
            [
              7.4968637,
              51.4171113
            ],
            [
              7.4967923,
              51.4170428
            ],
            [
              7.4967755,
              51.4170563
            ],
            [
              7.496378,
              51.4170885
            ],
            [
              7.4963393,
              51.4171041
            ],
            [
              7.4960171,
              51.4169867
            ],
            [
              7.4954291,
              51.416768
            ],
            [
              7.4949754,
              51.4165934
            ],
            [
              7.49444,
              51.4163806
            ],
            [
              7.4937212,
              51.416073
            ],
            [
              7.4933467,
              51.4159012
            ],
            [
              7.4931452,
              51.4158082
            ],
            [
              7.4929569,
              51.41572
            ],
            [
              7.4928176,
              51.4158466
            ],
            [
              7.4924158,
              51.4160922
            ],
            [
              7.4920066,
              51.4163424
            ],
            [
              7.4917711,
              51.4164869
            ],
            [
              7.4916238,
              51.4162741
            ],
            [
              7.4913974,
              51.4163823
            ],
            [
              7.4908118,
              51.4165678
            ],
            [
              7.4903664,
              51.4167095
            ],
            [
              7.490068,
              51.4167722
            ],
            [
              7.4890438,
              51.4171228
            ],
            [
              7.4887568,
              51.4172216
            ],
            [
              7.4884654,
              51.41732
            ],
            [
              7.4883333,
              51.4173687
            ],
            [
              7.4877466,
              51.4175836
            ],
            [
              7.4873633,
              51.4176791
            ],
            [
              7.4870297,
              51.4177631
            ],
            [
              7.4867704,
              51.4178273
            ],
            [
              7.4863822,
              51.4179254
            ],
            [
              7.4863428,
              51.41789
            ],
            [
              7.4861168,
              51.4178919
            ],
            [
              7.4856717,
              51.4178552
            ],
            [
              7.4854708,
              51.417838
            ],
            [
              7.4851839,
              51.4178148
            ],
            [
              7.4847813,
              51.4177818
            ],
            [
              7.4844437,
              51.4177552
            ],
            [
              7.4839971,
              51.4177179
            ],
            [
              7.4832337,
              51.4176853
            ],
            [
              7.4817717,
              51.4176246
            ],
            [
              7.4795615,
              51.4176293
            ],
            [
              7.4784201,
              51.4176572
            ],
            [
              7.4781247,
              51.417664
            ],
            [
              7.4775944,
              51.4176716
            ],
            [
              7.4771793,
              51.4176771
            ],
            [
              7.4766708,
              51.4176862
            ],
            [
              7.476284,
              51.4176904
            ],
            [
              7.4759464,
              51.4177121
            ],
            [
              7.4758941,
              51.4177108
            ],
            [
              7.475594,
              51.4176808
            ],
            [
              7.4751869,
              51.4176408
            ],
            [
              7.4750157,
              51.4176233
            ],
            [
              7.4742992,
              51.4175547
            ],
            [
              7.4739287,
              51.4175163
            ],
            [
              7.4733699,
              51.4174853
            ],
            [
              7.4726472,
              51.4174445
            ],
            [
              7.4719193,
              51.4174032
            ],
            [
              7.4713728,
              51.4173726
            ],
            [
              7.4708749,
              51.4173447
            ],
            [
              7.4692252,
              51.4172534
            ],
            [
              7.4687095,
              51.417204
            ],
            [
              7.4679577,
              51.4171305
            ],
            [
              7.4671428,
              51.41702
            ],
            [
              7.4667474,
              51.4169678
            ],
            [
              7.4662887,
              51.4169055
            ],
            [
              7.4661597,
              51.4168873
            ],
            [
              7.4660701,
              51.4168778
            ],
            [
              7.4658451,
              51.4168687
            ],
            [
              7.4656663,
              51.4168612
            ],
            [
              7.4654983,
              51.4168553
            ],
            [
              7.4651012,
              51.4168377
            ],
            [
              7.4639383,
              51.4167678
            ],
            [
              7.4630821,
              51.4166349
            ],
            [
              7.4628014,
              51.4165313
            ],
            [
              7.4626974,
              51.4164921
            ],
            [
              7.4624904,
              51.4164139
            ],
            [
              7.4621893,
              51.416303
            ],
            [
              7.4619567,
              51.4161957
            ],
            [
              7.4613617,
              51.4159253
            ],
            [
              7.4606366,
              51.4155022
            ],
            [
              7.46009,
              51.4153043
            ],
            [
              7.4598516,
              51.4152203
            ],
            [
              7.4593502,
              51.4149513
            ],
            [
              7.4591924,
              51.4148665
            ],
            [
              7.4591204,
              51.4148185
            ],
            [
              7.4588887,
              51.4146647
            ],
            [
              7.4585412,
              51.41444
            ],
            [
              7.4584372,
              51.414368
            ],
            [
              7.4582302,
              51.4142271
            ],
            [
              7.4579177,
              51.4140229
            ],
            [
              7.4577876,
              51.4139278
            ],
            [
              7.4576082,
              51.4137968
            ],
            [
              7.4575661,
              51.4137649
            ],
            [
              7.4574258,
              51.413663
            ],
            [
              7.4571955,
              51.4134945
            ],
            [
              7.4571054,
              51.4134286
            ],
            [
              7.4569039,
              51.4132705
            ],
            [
              7.4565236,
              51.4129737
            ],
            [
              7.4559417,
              51.4125176
            ],
            [
              7.4555438,
              51.4122051
            ],
            [
              7.4549391,
              51.4117287
            ],
            [
              7.4551703,
              51.4114226
            ],
            [
              7.4548929,
              51.411408
            ],
            [
              7.4542001,
              51.4109895
            ],
            [
              7.4537159,
              51.4105725
            ],
            [
              7.453379,
              51.4102745
            ],
            [
              7.4530896,
              51.4100465
            ],
            [
              7.452718,
              51.4096112
            ],
            [
              7.4518538,
              51.4085803
            ],
            [
              7.4513449,
              51.4076689
            ],
            [
              7.4508147,
              51.4064297
            ],
            [
              7.4507812,
              51.4059985
            ],
            [
              7.4504501,
              51.4051093
            ],
            [
              7.4502648,
              51.4036887
            ],
            [
              7.4503447,
              51.4028155
            ],
            [
              7.4503809,
              51.4025245
            ],
            [
              7.4503025,
              51.4014047
            ],
            [
              7.4502927,
              51.4008082
            ],
            [
              7.4503356,
              51.4002285
            ],
            [
              7.4503323,
              51.3999918
            ],
            [
              7.4504878,
              51.3995759
            ],
            [
              7.4507324,
              51.3991013
            ],
            [
              7.4471699,
              51.3976439
            ],
            [
              7.4468665,
              51.3975077
            ],
            [
              7.4455511,
              51.3968553
            ],
            [
              7.4415986,
              51.3945617
            ],
            [
              7.4407386,
              51.3939448
            ],
            [
              7.4404334,
              51.3938527
            ]
          ]
        ]
      }
    },
    {
      "type": "Feature",
      "properties": {
        "name": "Boelerheide",
        "city": "Hagen",
        "osm_id": 2825493,
        "osm_type": "relation",
        "display": "Boelerheide, Boele, Hagen-Nord, Hagen, Nordrhein-Westfalen, Deutschland"
      },
      "geometry": {
        "type": "Polygon",
        "coordinates": [
          [
            [
              7.4544379,
              51.3863475
            ],
            [
              7.4566428,
              51.3849498
            ],
            [
              7.4589412,
              51.3817228
            ],
            [
              7.4598242,
              51.3790233
            ],
            [
              7.4598097,
              51.3790027
            ],
            [
              7.459704,
              51.3788943
            ],
            [
              7.4597135,
              51.3788687
            ],
            [
              7.4597554,
              51.3787679
            ],
            [
              7.4597255,
              51.3787613
            ],
            [
              7.4597037,
              51.3787495
            ],
            [
              7.4596912,
              51.3787358
            ],
            [
              7.4596814,
              51.3787213
            ],
            [
              7.4596801,
              51.3787005
            ],
            [
              7.4596875,
              51.3786621
            ],
            [
              7.4597158,
              51.3785881
            ],
            [
              7.4597282,
              51.3785896
            ],
            [
              7.4599512,
              51.378123
            ],
            [
              7.4601511,
              51.3777428
            ],
            [
              7.4601979,
              51.3777363
            ],
            [
              7.4602282,
              51.3777346
            ],
            [
              7.4606424,
              51.3776985
            ],
            [
              7.4607231,
              51.3776851
            ],
            [
              7.4608919,
              51.3776675
            ],
            [
              7.4610566,
              51.3776546
            ],
            [
              7.4613343,
              51.377637
            ],
            [
              7.4615402,
              51.3776266
            ],
            [
              7.4618632,
              51.3776169
            ],
            [
              7.4620085,
              51.3775984
            ],
            [
              7.4626291,
              51.3776129
            ],
            [
              7.4636504,
              51.3776579
            ],
            [
              7.4636433,
              51.3776968
            ],
            [
              7.465712,
              51.3777831
            ],
            [
              7.4659744,
              51.3777941
            ],
            [
              7.4665717,
              51.3778201
            ],
            [
              7.4675051,
              51.3778585
            ],
            [
              7.4677967,
              51.3778715
            ],
            [
              7.4682831,
              51.3778867
            ],
            [
              7.4684091,
              51.3778847
            ],
            [
              7.4684121,
              51.3779395
            ],
            [
              7.46849,
              51.3779737
            ],
            [
              7.4685869,
              51.3780072
            ],
            [
              7.4686334,
              51.3780193
            ],
            [
              7.4690552,
              51.3781032
            ],
            [
              7.4691368,
              51.3781231
            ],
            [
              7.4691974,
              51.378147
            ],
            [
              7.4695961,
              51.3783007
            ],
            [
              7.4699364,
              51.3783077
            ],
            [
              7.4700193,
              51.3783146
            ],
            [
              7.4710286,
              51.3784957
            ],
            [
              7.4711323,
              51.3785303
            ],
            [
              7.4711789,
              51.3785482
            ],
            [
              7.4711546,
              51.3785735
            ],
            [
              7.4713814,
              51.3786627
            ],
            [
              7.471519,
              51.3787326
            ],
            [
              7.4718809,
              51.3789459
            ],
            [
              7.4719532,
              51.3789776
            ],
            [
              7.4724224,
              51.3791902
            ],
            [
              7.4735579,
              51.379667
            ],
            [
              7.4737148,
              51.3797315
            ],
            [
              7.4747294,
              51.3792414
            ],
            [
              7.4748135,
              51.3792856
            ],
            [
              7.4747097,
              51.3793107
            ],
            [
              7.474497,
              51.3794178
            ],
            [
              7.4744363,
              51.3794553
            ],
            [
              7.4743364,
              51.3795109
            ],
            [
              7.4742371,
              51.3795735
            ],
            [
              7.4741774,
              51.3796117
            ],
            [
              7.4740179,
              51.3797257
            ],
            [
              7.4747382,
              51.3801449
            ],
            [
              7.4757216,
              51.3807248
            ],
            [
              7.4763678,
              51.3811076
            ],
            [
              7.4767167,
              51.3809511
            ],
            [
              7.4767318,
              51.3809664
            ],
            [
              7.4762693,
              51.3811731
            ],
            [
              7.4767496,
              51.3815184
            ],
            [
              7.4770023,
              51.3817006
            ],
            [
              7.4770441,
              51.3817322
            ],
            [
              7.477082,
              51.3817083
            ],
            [
              7.4771936,
              51.3817524
            ],
            [
              7.4773039,
              51.381793
            ],
            [
              7.4773739,
              51.3818202
            ],
            [
              7.4773901,
              51.3818313
            ],
            [
              7.4774978,
              51.3819166
            ],
            [
              7.4775532,
              51.3819588
            ],
            [
              7.4776071,
              51.3820008
            ],
            [
              7.4776235,
              51.3820135
            ],
            [
              7.4777211,
              51.3820891
            ],
            [
              7.4778073,
              51.3821609
            ],
            [
              7.4780127,
              51.382357
            ],
            [
              7.4780439,
              51.3823867
            ],
            [
              7.4783685,
              51.3825243
            ],
            [
              7.4784486,
              51.3824733
            ],
            [
              7.4791025,
              51.3827751
            ],
            [
              7.4799665,
              51.3832422
            ],
            [
              7.4802055,
              51.3832965
            ],
            [
              7.4802032,
              51.3833045
            ],
            [
              7.48019,
              51.3833517
            ],
            [
              7.480183,
              51.3833672
            ],
            [
              7.4801581,
              51.3834232
            ],
            [
              7.4801313,
              51.3834505
            ],
            [
              7.4799276,
              51.3835953
            ],
            [
              7.4797458,
              51.3837273
            ],
            [
              7.479704,
              51.3837582
            ],
            [
              7.4796694,
              51.3837944
            ],
            [
              7.4795958,
              51.3838847
            ],
            [
              7.4798916,
              51.3840987
            ],
            [
              7.4798593,
              51.384123
            ],
            [
              7.4794933,
              51.3841573
            ],
            [
              7.4774816,
              51.3862328
            ],
            [
              7.4765619,
              51.3875948
            ],
            [
              7.4758269,
              51.388703
            ],
            [
              7.4750988,
              51.3894429
            ],
            [
              7.4725063,
              51.3894644
            ],
            [
              7.4651336,
              51.3883931
            ],
            [
              7.4649509,
              51.3883666
            ],
            [
              7.4635651,
              51.3881652
            ],
            [
              7.4610667,
              51.3875072
            ],
            [
              7.4564594,
              51.3871326
            ],
            [
              7.4544379,
              51.3863475
            ]
          ]
        ]
      }
    },
    {
      "type": "Feature",
      "properties": {
        "name": "Helfe",
        "city": "Hagen",
        "osm_id": 2825531,
        "osm_type": "relation",
        "display": "Helfe, Boele, Hagen-Nord, Hagen, Nordrhein-Westfalen, 58099, Deutschland"
      },
      "geometry": {
        "type": "Polygon",
        "coordinates": [
          [
            [
              7.4758269,
              51.388703
            ],
            [
              7.4765619,
              51.3875948
            ],
            [
              7.4774816,
              51.3862328
            ],
            [
              7.4794933,
              51.3841573
            ],
            [
              7.4798593,
              51.384123
            ],
            [
              7.4798681,
              51.3841489
            ],
            [
              7.4798791,
              51.3841667
            ],
            [
              7.4798925,
              51.3841806
            ],
            [
              7.4799109,
              51.3841926
            ],
            [
              7.4799357,
              51.3842038
            ],
            [
              7.4799668,
              51.3842124
            ],
            [
              7.4800819,
              51.3842319
            ],
            [
              7.4805085,
              51.384289
            ],
            [
              7.4803886,
              51.3845886
            ],
            [
              7.486639,
              51.3863869
            ],
            [
              7.487624,
              51.3882075
            ],
            [
              7.4880543,
              51.3883756
            ],
            [
              7.4967795,
              51.3930487
            ],
            [
              7.4961103,
              51.3942616
            ],
            [
              7.4976531,
              51.3951341
            ],
            [
              7.4934587,
              51.3985857
            ],
            [
              7.4884575,
              51.403573
            ],
            [
              7.487632,
              51.4042925
            ],
            [
              7.4852804,
              51.403856
            ],
            [
              7.4860834,
              51.4024032
            ],
            [
              7.4832002,
              51.4019162
            ],
            [
              7.4800773,
              51.4009143
            ],
            [
              7.4784631,
              51.4001855
            ],
            [
              7.476492,
              51.3983296
            ],
            [
              7.4774005,
              51.3968822
            ],
            [
              7.4791526,
              51.3947262
            ],
            [
              7.4795095,
              51.3928434
            ],
            [
              7.4776763,
              51.3915376
            ],
            [
              7.4772383,
              51.3903835
            ],
            [
              7.4758269,
              51.388703
            ]
          ]
        ]
      }
    },
    {
      "type": "Feature",
      "properties": {
        "name": "Hohenlimburg",
        "city": "Hagen",
        "osm_id": 7242148,
        "osm_type": "relation",
        "display": "Hohenlimburg, Hagen, Nordrhein-Westfalen, Deutschland"
      },
      "geometry": {
        "type": "Polygon",
        "coordinates": [
          [
            [
              7.4888726,
              51.3810501
            ],
            [
              7.4891833,
              51.3808604
            ],
            [
              7.4901199,
              51.3802986
            ],
            [
              7.4913553,
              51.3793896
            ],
            [
              7.490268,
              51.3787376
            ],
            [
              7.4908732,
              51.3784735
            ],
            [
              7.4914468,
              51.3782208
            ],
            [
              7.4915796,
              51.3781492
            ],
            [
              7.4921548,
              51.3777901
            ],
            [
              7.4947454,
              51.3791795
            ],
            [
              7.4955588,
              51.3787575
            ],
            [
              7.4972167,
              51.3796284
            ],
            [
              7.4982044,
              51.3790371
            ],
            [
              7.4990127,
              51.3794614
            ],
            [
              7.4994799,
              51.3791349
            ],
            [
              7.4991667,
              51.3789565
            ],
            [
              7.5004205,
              51.3781251
            ],
            [
              7.4987308,
              51.3770457
            ],
            [
              7.4990993,
              51.3768205
            ],
            [
              7.5015523,
              51.3747219
            ],
            [
              7.5018089,
              51.374713
            ],
            [
              7.502261,
              51.3746618
            ],
            [
              7.5026153,
              51.3745975
            ],
            [
              7.5028667,
              51.3745335
            ],
            [
              7.5031325,
              51.3744662
            ],
            [
              7.5032462,
              51.3744317
            ],
            [
              7.5036555,
              51.3743031
            ],
            [
              7.5042417,
              51.3740279
            ],
            [
              7.5043583,
              51.3739803
            ],
            [
              7.5044078,
              51.373999
            ],
            [
              7.5045511,
              51.3738616
            ],
            [
              7.5049334,
              51.3736909
            ],
            [
              7.5051021,
              51.3735363
            ],
            [
              7.5054656,
              51.3733102
            ],
            [
              7.5057939,
              51.3731435
            ],
            [
              7.5062133,
              51.3729541
            ],
            [
              7.5062563,
              51.3729085
            ],
            [
              7.5062576,
              51.3728622
            ],
            [
              7.5062186,
              51.3728148
            ],
            [
              7.5069598,
              51.3723981
            ],
            [
              7.5074846,
              51.3721158
            ],
            [
              7.5075196,
              51.3721309
            ],
            [
              7.5077869,
              51.3721407
            ],
            [
              7.5078376,
              51.3720992
            ],
            [
              7.5079023,
              51.372046
            ],
            [
              7.5079519,
              51.3720063
            ],
            [
              7.5081508,
              51.371869
            ],
            [
              7.5083896,
              51.3717365
            ],
            [
              7.5088239,
              51.3715294
            ],
            [
              7.5094939,
              51.371234
            ],
            [
              7.5103385,
              51.3708613
            ],
            [
              7.5107896,
              51.3707564
            ],
            [
              7.5116121,
              51.3704941
            ],
            [
              7.5120698,
              51.3703423
            ],
            [
              7.5126292,
              51.3701739
            ],
            [
              7.5127895,
              51.3701187
            ],
            [
              7.5127199,
              51.3700414
            ],
            [
              7.5123933,
              51.3696182
            ],
            [
              7.5125041,
              51.3695618
            ],
            [
              7.5127511,
              51.3694779
            ],
            [
              7.5130041,
              51.3693253
            ],
            [
              7.5133856,
              51.3691043
            ],
            [
              7.5134895,
              51.3690145
            ],
            [
              7.5135509,
              51.3688999
            ],
            [
              7.5136345,
              51.368601
            ],
            [
              7.5136672,
              51.368437
            ],
            [
              7.5136391,
              51.3684036
            ],
            [
              7.5136038,
              51.3683905
            ],
            [
              7.5136352,
              51.3683612
            ],
            [
              7.5137449,
              51.3682095
            ],
            [
              7.5138978,
              51.368017
            ],
            [
              7.5141669,
              51.3678277
            ],
            [
              7.5142094,
              51.3678014
            ],
            [
              7.5142762,
              51.36776
            ],
            [
              7.5143036,
              51.3677431
            ],
            [
              7.5144267,
              51.3676637
            ],
            [
              7.5145524,
              51.3675402
            ],
            [
              7.5145588,
              51.3673967
            ],
            [
              7.5144536,
              51.3671289
            ],
            [
              7.5144165,
              51.3670361
            ],
            [
              7.5144145,
              51.3669937
            ],
            [
              7.5145027,
              51.3669949
            ],
            [
              7.5145493,
              51.3668253
            ],
            [
              7.5145138,
              51.3668132
            ],
            [
              7.5143773,
              51.3663758
            ],
            [
              7.5142492,
              51.3659377
            ],
            [
              7.514376,
              51.3659173
            ],
            [
              7.5151885,
              51.3658732
            ],
            [
              7.5153703,
              51.3658588
            ],
            [
              7.5156625,
              51.3658619
            ],
            [
              7.5158818,
              51.3657203
            ],
            [
              7.5159777,
              51.3656187
            ],
            [
              7.5160516,
              51.3654899
            ],
            [
              7.515597,
              51.3653744
            ],
            [
              7.51526,
              51.3652775
            ],
            [
              7.5150357,
              51.3651943
            ],
            [
              7.5149594,
              51.3651803
            ],
            [
              7.5149181,
              51.3651735
            ],
            [
              7.5149012,
              51.365167
            ],
            [
              7.5148684,
              51.3649839
            ],
            [
              7.5148612,
              51.3648136
            ],
            [
              7.5148745,
              51.3646516
            ],
            [
              7.5149169,
              51.364482
            ],
            [
              7.5149757,
              51.3644915
            ],
            [
              7.5149854,
              51.3644521
            ],
            [
              7.5151085,
              51.3642981
            ],
            [
              7.5153388,
              51.3639859
            ],
            [
              7.5154402,
              51.3637569
            ],
            [
              7.5162354,
              51.3632359
            ],
            [
              7.5162373,
              51.3632615
            ],
            [
              7.5162925,
              51.3632452
            ],
            [
              7.5163403,
              51.3632375
            ],
            [
              7.516388,
              51.3632332
            ],
            [
              7.5164327,
              51.3631751
            ],
            [
              7.5164513,
              51.3631333
            ],
            [
              7.5167894,
              51.3632851
            ],
            [
              7.5168375,
              51.3629629
            ],
            [
              7.5168441,
              51.3629442
            ],
            [
              7.5168814,
              51.3627887
            ],
            [
              7.5170029,
              51.36272
            ],
            [
              7.5171761,
              51.3625532
            ],
            [
              7.5168285,
              51.3623609
            ],
            [
              7.516707,
              51.3622802
            ],
            [
              7.5166174,
              51.3622197
            ],
            [
              7.5160809,
              51.3617552
            ],
            [
              7.5158042,
              51.3614991
            ],
            [
              7.5157369,
              51.3615039
            ],
            [
              7.5156948,
              51.3615614
            ],
            [
              7.5157573,
              51.3613687
            ],
            [
              7.515848,
              51.3610921
            ],
            [
              7.5159526,
              51.3608193
            ],
            [
              7.5159689,
              51.3607347
            ],
            [
              7.5159864,
              51.3604915
            ],
            [
              7.5159321,
              51.3604897
            ],
            [
              7.5160143,
              51.3601886
            ],
            [
              7.5160616,
              51.3599592
            ],
            [
              7.5161044,
              51.3596721
            ],
            [
              7.516111,
              51.359618
            ],
            [
              7.5161502,
              51.3594523
            ],
            [
              7.516222,
              51.3592234
            ],
            [
              7.5163543,
              51.3589144
            ],
            [
              7.5165046,
              51.3586635
            ],
            [
              7.5168034,
              51.3582433
            ],
            [
              7.5170386,
              51.3579639
            ],
            [
              7.5171554,
              51.3578284
            ],
            [
              7.517458,
              51.3575103
            ],
            [
              7.5179105,
              51.3571006
            ],
            [
              7.5181562,
              51.3569153
            ],
            [
              7.5183075,
              51.3568255
            ],
            [
              7.5185951,
              51.3566543
            ],
            [
              7.5191719,
              51.356238
            ],
            [
              7.5193202,
              51.3561435
            ],
            [
              7.5194416,
              51.3560855
            ],
            [
              7.5195764,
              51.3560396
            ],
            [
              7.5198341,
              51.3562314
            ],
            [
              7.5205375,
              51.3567829
            ],
            [
              7.5216344,
              51.3576391
            ],
            [
              7.5224719,
              51.358293
            ],
            [
              7.5225444,
              51.3582569
            ],
            [
              7.5225525,
              51.3581957
            ],
            [
              7.5236158,
              51.3576618
            ],
            [
              7.5245745,
              51.3571836
            ],
            [
              7.5246732,
              51.35719
            ],
            [
              7.5290109,
              51.3605851
            ],
            [
              7.5290791,
              51.3605666
            ],
            [
              7.5302032,
              51.3602678
            ],
            [
              7.5345655,
              51.3591089
            ],
            [
              7.5348699,
              51.3582974
            ],
            [
              7.5345248,
              51.3568473
            ],
            [
              7.5342124,
              51.3562742
            ],
            [
              7.5341594,
              51.3558202
            ],
            [
              7.5342868,
              51.3549245
            ],
            [
              7.534242,
              51.3548112
            ],
            [
              7.5339952,
              51.3546995
            ],
            [
              7.5339011,
              51.3546138
            ],
            [
              7.533873,
              51.3545218
            ],
            [
              7.5340494,
              51.3536873
            ],
            [
              7.5340911,
              51.3535186
            ],
            [
              7.5342071,
              51.3534262
            ],
            [
              7.5345077,
              51.3532457
            ],
            [
              7.5347315,
              51.3531304
            ],
            [
              7.535326,
              51.3529087
            ],
            [
              7.5355079,
              51.3528122
            ],
            [
              7.5358942,
              51.3524862
            ],
            [
              7.5359328,
              51.3524497
            ],
            [
              7.5361655,
              51.3521931
            ],
            [
              7.536386,
              51.3519642
            ],
            [
              7.5364849,
              51.3518336
            ],
            [
              7.5365349,
              51.3516983
            ],
            [
              7.5365792,
              51.3514311
            ],
            [
              7.5366206,
              51.3513169
            ],
            [
              7.5368223,
              51.3510774
            ],
            [
              7.5369127,
              51.350975
            ],
            [
              7.536957,
              51.3509503
            ],
            [
              7.5370088,
              51.3509474
            ],
            [
              7.5370211,
              51.3509233
            ],
            [
              7.5371787,
              51.3508503
            ],
            [
              7.5371623,
              51.3508248
            ],
            [
              7.5371483,
              51.35078
            ],
            [
              7.537178,
              51.3507394
            ],
            [
              7.5373132,
              51.3506935
            ],
            [
              7.5375299,
              51.3506546
            ],
            [
              7.5376709,
              51.3506214
            ],
            [
              7.5378427,
              51.3505684
            ],
            [
              7.5379361,
              51.3506018
            ],
            [
              7.538031,
              51.3505463
            ],
            [
              7.5381995,
              51.3504883
            ],
            [
              7.5384097,
              51.3504311
            ],
            [
              7.5382233,
              51.3504411
            ],
            [
              7.5381643,
              51.3503706
            ],
            [
              7.5380502,
              51.3504477
            ],
            [
              7.5380201,
              51.350413
            ],
            [
              7.537563,
              51.3503705
            ],
            [
              7.5374771,
              51.3503205
            ],
            [
              7.5374012,
              51.3502763
            ],
            [
              7.5372011,
              51.3501654
            ],
            [
              7.5370582,
              51.3501096
            ],
            [
              7.5365534,
              51.3499638
            ],
            [
              7.5364151,
              51.3498677
            ],
            [
              7.536159,
              51.3496303
            ],
            [
              7.5359965,
              51.3494144
            ],
            [
              7.5358168,
              51.3490072
            ],
            [
              7.5356396,
              51.3484537
            ],
            [
              7.5355614,
              51.3481334
            ],
            [
              7.5354539,
              51.3479528
            ],
            [
              7.5355474,
              51.3479405
            ],
            [
              7.535628,
              51.3479548
            ],
            [
              7.5365483,
              51.3475032
            ],
            [
              7.536739,
              51.3474041
            ],
            [
              7.5367932,
              51.3474236
            ],
            [
              7.5367971,
              51.3474719
            ],
            [
              7.53741,
              51.3477008
            ],
            [
              7.5395268,
              51.3481323
            ],
            [
              7.540889,
              51.348266
            ],
            [
              7.5409438,
              51.3482294
            ],
            [
              7.540533,
              51.3469419
            ],
            [
              7.5402296,
              51.3460783
            ],
            [
              7.5401788,
              51.3459315
            ],
            [
              7.5399569,
              51.3453034
            ],
            [
              7.539548,
              51.3449002
            ],
            [
              7.5388547,
              51.3445005
            ],
            [
              7.5383531,
              51.3443383
            ],
            [
              7.5381452,
              51.3442378
            ],
            [
              7.5379403,
              51.344079
            ],
            [
              7.5401619,
              51.3422731
            ],
            [
              7.5406516,
              51.342581
            ],
            [
              7.5430992,
              51.3406015
            ],
            [
              7.5426109,
              51.3405499
            ],
            [
              7.5415861,
              51.3401726
            ],
            [
              7.5412543,
              51.3400963
            ],
            [
              7.5410769,
              51.3400411
            ],
            [
              7.5409082,
              51.3398985
            ],
            [
              7.5407954,
              51.3397258
            ],
            [
              7.5400436,
              51.3393256
            ],
            [
              7.5401026,
              51.3392843
            ],
            [
              7.540396,
              51.3394718
            ],
            [
              7.5407753,
              51.339655
            ],
            [
              7.5409781,
              51.3396686
            ],
            [
              7.5411392,
              51.3395863
            ],
            [
              7.5421325,
              51.3395112
            ],
            [
              7.5422315,
              51.3394704
            ],
            [
              7.5422927,
              51.3394037
            ],
            [
              7.5424389,
              51.3393104
            ],
            [
              7.5426698,
              51.3383732
            ],
            [
              7.5424967,
              51.3379904
            ],
            [
              7.5423561,
              51.3375671
            ],
            [
              7.542423,
              51.3374912
            ],
            [
              7.5424923,
              51.3374405
            ],
            [
              7.5425764,
              51.3373576
            ],
            [
              7.5426261,
              51.3372633
            ],
            [
              7.5430278,
              51.336024
            ],
            [
              7.5432365,
              51.3357894
            ],
            [
              7.5434038,
              51.3355427
            ],
            [
              7.5437543,
              51.3351465
            ],
            [
              7.5437478,
              51.3350146
            ],
            [
              7.543452,
              51.334482
            ],
            [
              7.5433816,
              51.3340271
            ],
            [
              7.5432516,
              51.3338189
            ],
            [
              7.5432832,
              51.3336291
            ],
            [
              7.5433399,
              51.3336026
            ],
            [
              7.5434642,
              51.3335941
            ],
            [
              7.5435518,
              51.3335681
            ],
            [
              7.5436186,
              51.333433
            ],
            [
              7.5437062,
              51.3332984
            ],
            [
              7.5437076,
              51.3332217
            ],
            [
              7.5437211,
              51.3330363
            ],
            [
              7.5437439,
              51.3329155
            ],
            [
              7.5437581,
              51.3328094
            ],
            [
              7.5437112,
              51.3326763
            ],
            [
              7.5437162,
              51.3326384
            ],
            [
              7.5437317,
              51.3325978
            ],
            [
              7.5437286,
              51.3325404
            ],
            [
              7.543749,
              51.3324597
            ],
            [
              7.5437681,
              51.3322718
            ],
            [
              7.543747,
              51.3321159
            ],
            [
              7.543725,
              51.3320008
            ],
            [
              7.5437159,
              51.3318386
            ],
            [
              7.5438509,
              51.3318579
            ],
            [
              7.5447306,
              51.331988
            ],
            [
              7.5455481,
              51.3321034
            ],
            [
              7.5482076,
              51.3324543
            ],
            [
              7.5482362,
              51.3324577
            ],
            [
              7.5487076,
              51.3325393
            ],
            [
              7.5491227,
              51.3325943
            ],
            [
              7.5500156,
              51.3327442
            ],
            [
              7.5511611,
              51.3329286
            ],
            [
              7.5510921,
              51.3332429
            ],
            [
              7.5513173,
              51.3335302
            ],
            [
              7.5513618,
              51.3337242
            ],
            [
              7.551383,
              51.3339585
            ],
            [
              7.5512476,
              51.3341486
            ],
            [
              7.5520189,
              51.3340962
            ],
            [
              7.5520889,
              51.334111
            ],
            [
              7.5521322,
              51.3340838
            ],
            [
              7.5521956,
              51.334082
            ],
            [
              7.5527266,
              51.3340421
            ],
            [
              7.5536147,
              51.3340056
            ],
            [
              7.5541394,
              51.3339602
            ],
            [
              7.5546745,
              51.3339295
            ],
            [
              7.5549797,
              51.3337963
            ],
            [
              7.5552472,
              51.3336324
            ],
            [
              7.5553369,
              51.3334612
            ],
            [
              7.5554307,
              51.33325
            ],
            [
              7.5556108,
              51.3329181
            ],
            [
              7.5557404,
              51.3326353
            ],
            [
              7.5560232,
              51.3320481
            ],
            [
              7.5561588,
              51.3319126
            ],
            [
              7.5561365,
              51.3318412
            ],
            [
              7.5560817,
              51.3315575
            ],
            [
              7.5559331,
              51.3311797
            ],
            [
              7.5558634,
              51.330759
            ],
            [
              7.5559136,
              51.3307512
            ],
            [
              7.5559456,
              51.3307204
            ],
            [
              7.5560849,
              51.3306494
            ],
            [
              7.5561727,
              51.3305876
            ],
            [
              7.5563282,
              51.3306026
            ],
            [
              7.5565553,
              51.3306456
            ],
            [
              7.5568279,
              51.3307718
            ],
            [
              7.5569528,
              51.3310289
            ],
            [
              7.5571441,
              51.3313007
            ],
            [
              7.5570944,
              51.3313245
            ],
            [
              7.5571427,
              51.3313326
            ],
            [
              7.5572885,
              51.3314066
            ],
            [
              7.5574837,
              51.3316126
            ],
            [
              7.5576495,
              51.331764
            ],
            [
              7.5578577,
              51.3318801
            ],
            [
              7.5581735,
              51.3319889
            ],
            [
              7.5586193,
              51.332123
            ],
            [
              7.5594567,
              51.3321513
            ],
            [
              7.5600247,
              51.3322913
            ],
            [
              7.5603829,
              51.3324794
            ],
            [
              7.5604634,
              51.3324412
            ],
            [
              7.560604,
              51.3323677
            ],
            [
              7.5607145,
              51.3322854
            ],
            [
              7.5607898,
              51.3322079
            ],
            [
              7.5609339,
              51.3320396
            ],
            [
              7.5611344,
              51.331778
            ],
            [
              7.5615494,
              51.3315125
            ],
            [
              7.561714,
              51.3313731
            ],
            [
              7.5618628,
              51.331253
            ],
            [
              7.5618044,
              51.3311042
            ],
            [
              7.5615963,
              51.3309205
            ],
            [
              7.5613333,
              51.3304547
            ],
            [
              7.5611598,
              51.3302378
            ],
            [
              7.5610039,
              51.3301283
            ],
            [
              7.5606994,
              51.3299101
            ],
            [
              7.5607157,
              51.3298863
            ],
            [
              7.5607532,
              51.3297572
            ],
            [
              7.560806,
              51.3296402
            ],
            [
              7.5609162,
              51.3296031
            ],
            [
              7.5610131,
              51.329532
            ],
            [
              7.5611416,
              51.3294175
            ],
            [
              7.5612284,
              51.329355
            ],
            [
              7.5614258,
              51.3292574
            ],
            [
              7.56182,
              51.3291454
            ],
            [
              7.5620245,
              51.3291067
            ],
            [
              7.5623091,
              51.3290247
            ],
            [
              7.5626022,
              51.3289336
            ],
            [
              7.5627144,
              51.3289065
            ],
            [
              7.5628456,
              51.3288664
            ],
            [
              7.5631562,
              51.328782
            ],
            [
              7.5635889,
              51.3286499
            ],
            [
              7.5636957,
              51.3286232
            ],
            [
              7.5637728,
              51.3285884
            ],
            [
              7.5639033,
              51.328556
            ],
            [
              7.5640094,
              51.328525
            ],
            [
              7.5641521,
              51.3284907
            ],
            [
              7.5644581,
              51.3283991
            ],
            [
              7.5645131,
              51.3283981
            ],
            [
              7.564613,
              51.3283776
            ],
            [
              7.56471,
              51.3285755
            ],
            [
              7.5648214,
              51.3285226
            ],
            [
              7.5652793,
              51.3283276
            ],
            [
              7.5657882,
              51.328155
            ],
            [
              7.56599,
              51.3279826
            ],
            [
              7.5657258,
              51.3275068
            ],
            [
              7.5656449,
              51.3272559
            ],
            [
              7.5656605,
              51.3270669
            ],
            [
              7.5656917,
              51.3267126
            ],
            [
              7.5656963,
              51.3261345
            ],
            [
              7.5658014,
              51.3253153
            ],
            [
              7.5658774,
              51.3249116
            ],
            [
              7.5658822,
              51.3246817
            ],
            [
              7.5657096,
              51.3244115
            ],
            [
              7.5654641,
              51.3242493
            ],
            [
              7.5652084,
              51.3240538
            ],
            [
              7.5655855,
              51.3239094
            ],
            [
              7.5662478,
              51.3237237
            ],
            [
              7.5666938,
              51.3235016
            ],
            [
              7.5673816,
              51.3229977
            ],
            [
              7.5683304,
              51.3225637
            ],
            [
              7.568356,
              51.3225122
            ],
            [
              7.5683897,
              51.3225086
            ],
            [
              7.5681744,
              51.3223054
            ],
            [
              7.5679718,
              51.3219746
            ],
            [
              7.567805,
              51.3215811
            ],
            [
              7.5677348,
              51.3213169
            ],
            [
              7.5677189,
              51.3210703
            ],
            [
              7.5677349,
              51.3209603
            ],
            [
              7.5675362,
              51.3206535
            ],
            [
              7.5672894,
              51.3204093
            ],
            [
              7.5670265,
              51.3202509
            ],
            [
              7.5667769,
              51.3201654
            ],
            [
              7.5667609,
              51.3201304
            ],
            [
              7.5668977,
              51.3200177
            ],
            [
              7.5671508,
              51.3198112
            ],
            [
              7.5671681,
              51.3196807
            ],
            [
              7.567227,
              51.3195668
            ],
            [
              7.5672469,
              51.3195107
            ],
            [
              7.5674248,
              51.3194143
            ],
            [
              7.5675239,
              51.3192751
            ],
            [
              7.5667302,
              51.3190587
            ],
            [
              7.5671464,
              51.3185484
            ],
            [
              7.5679136,
              51.3184932
            ],
            [
              7.5678933,
              51.3184841
            ],
            [
              7.5679548,
              51.3183309
            ],
            [
              7.5679315,
              51.3182142
            ],
            [
              7.5680507,
              51.3180742
            ],
            [
              7.5683627,
              51.3176842
            ],
            [
              7.5682997,
              51.3173372
            ],
            [
              7.5681558,
              51.3171179
            ],
            [
              7.5680705,
              51.3170265
            ],
            [
              7.5679814,
              51.3168932
            ],
            [
              7.5679739,
              51.3157657
            ],
            [
              7.5680546,
              51.3156678
            ],
            [
              7.5679497,
              51.3154386
            ],
            [
              7.5678787,
              51.3154254
            ],
            [
              7.5667701,
              51.3143087
            ],
            [
              7.566469,
              51.3138378
            ],
            [
              7.5663561,
              51.3136261
            ],
            [
              7.5660594,
              51.3132733
            ],
            [
              7.565772,
              51.3130631
            ],
            [
              7.5650249,
              51.3129267
            ],
            [
              7.5649238,
              51.312775
            ],
            [
              7.564609,
              51.3125594
            ],
            [
              7.5647217,
              51.3123805
            ],
            [
              7.5649598,
              51.3118123
            ],
            [
              7.5649711,
              51.3116369
            ],
            [
              7.5649246,
              51.3115076
            ],
            [
              7.565448,
              51.3112897
            ],
            [
              7.5657693,
              51.3111691
            ],
            [
              7.5656476,
              51.31099
            ],
            [
              7.5664654,
              51.310837
            ],
            [
              7.5664504,
              51.3109319
            ],
            [
              7.5665322,
              51.3109266
            ],
            [
              7.5666519,
              51.310882
            ],
            [
              7.5669049,
              51.3109139
            ],
            [
              7.5671583,
              51.3108889
            ],
            [
              7.567086,
              51.3108053
            ],
            [
              7.5668341,
              51.3105086
            ],
            [
              7.5664085,
              51.310138
            ],
            [
              7.5661964,
              51.3098998
            ],
            [
              7.5660873,
              51.3097146
            ],
            [
              7.5662267,
              51.3097028
            ],
            [
              7.5687895,
              51.309526
            ],
            [
              7.5687097,
              51.309377
            ],
            [
              7.5711004,
              51.3089754
            ],
            [
              7.571227,
              51.308991
            ],
            [
              7.5713927,
              51.3090605
            ],
            [
              7.5717852,
              51.3091931
            ],
            [
              7.5724664,
              51.3094613
            ],
            [
              7.5730537,
              51.3096028
            ],
            [
              7.5731078,
              51.3098077
            ],
            [
              7.5736424,
              51.3097851
            ],
            [
              7.5740868,
              51.3097847
            ],
            [
              7.5743871,
              51.3097564
            ],
            [
              7.5750483,
              51.30968
            ],
            [
              7.5730004,
              51.3083128
            ],
            [
              7.5724534,
              51.3077585
            ],
            [
              7.5721687,
              51.3074836
            ],
            [
              7.5721564,
              51.3072735
            ],
            [
              7.5751444,
              51.3062024
            ],
            [
              7.5764979,
              51.3061431
            ],
            [
              7.5760672,
              51.3044654
            ],
            [
              7.5761075,
              51.3044614
            ],
            [
              7.5762371,
              51.3044714
            ],
            [
              7.5764581,
              51.3044544
            ],
            [
              7.5770556,
              51.3044606
            ],
            [
              7.5773556,
              51.3045069
            ],
            [
              7.5785462,
              51.3029429
            ],
            [
              7.5779234,
              51.3029529
            ],
            [
              7.5778189,
              51.3025065
            ],
            [
              7.5799821,
              51.3019564
            ],
            [
              7.5795257,
              51.3017415
            ],
            [
              7.5787389,
              51.3015262
            ],
            [
              7.5784862,
              51.3014726
            ],
            [
              7.5780495,
              51.3013623
            ],
            [
              7.5775308,
              51.3012217
            ],
            [
              7.5776024,
              51.3010356
            ],
            [
              7.5776241,
              51.3008393
            ],
            [
              7.5775166,
              51.3006382
            ],
            [
              7.5774657,
              51.3004908
            ],
            [
              7.5774006,
              51.3003829
            ],
            [
              7.5773496,
              51.2999278
            ],
            [
              7.5773178,
              51.2997682
            ],
            [
              7.5799971,
              51.3008
            ],
            [
              7.5803256,
              51.3004621
            ],
            [
              7.5802784,
              51.3001627
            ],
            [
              7.580394,
              51.3002127
            ],
            [
              7.5803353,
              51.2999724
            ],
            [
              7.5809497,
              51.299648
            ],
            [
              7.5809749,
              51.2996317
            ],
            [
              7.580555,
              51.2992001
            ],
            [
              7.5803646,
              51.2989867
            ],
            [
              7.5802537,
              51.2989325
            ],
            [
              7.5800107,
              51.2985302
            ],
            [
              7.5797515,
              51.2981194
            ],
            [
              7.5797056,
              51.2978988
            ],
            [
              7.5796642,
              51.2979067
            ],
            [
              7.5796302,
              51.2978248
            ],
            [
              7.5796119,
              51.2977214
            ],
            [
              7.5796246,
              51.2972743
            ],
            [
              7.5796028,
              51.2968884
            ],
            [
              7.5794944,
              51.2966363
            ],
            [
              7.5793952,
              51.2964281
            ],
            [
              7.5803902,
              51.2962068
            ],
            [
              7.5824215,
              51.2957554
            ],
            [
              7.5824617,
              51.2956305
            ],
            [
              7.5827245,
              51.2956167
            ],
            [
              7.5827604,
              51.2956761
            ],
            [
              7.5827175,
              51.295822
            ],
            [
              7.5824761,
              51.2959998
            ],
            [
              7.5825271,
              51.2963394
            ],
            [
              7.5822582,
              51.2966726
            ],
            [
              7.5821932,
              51.2968149
            ],
            [
              7.5821925,
              51.296941
            ],
            [
              7.5822227,
              51.2970237
            ],
            [
              7.5822712,
              51.2970694
            ],
            [
              7.582382,
              51.2971916
            ],
            [
              7.5824543,
              51.2973348
            ],
            [
              7.5825601,
              51.2975883
            ],
            [
              7.5826947,
              51.2980599
            ],
            [
              7.5828154,
              51.2983793
            ],
            [
              7.5828625,
              51.2984607
            ],
            [
              7.5831159,
              51.2986812
            ],
            [
              7.583199,
              51.2987953
            ],
            [
              7.5832078,
              51.2990324
            ],
            [
              7.5831735,
              51.2991382
            ],
            [
              7.5828847,
              51.2994386
            ],
            [
              7.5828463,
              51.2995893
            ],
            [
              7.5829093,
              51.2999105
            ],
            [
              7.5829925,
              51.3000407
            ],
            [
              7.5831547,
              51.3002308
            ],
            [
              7.5832553,
              51.3004522
            ],
            [
              7.5832433,
              51.3007431
            ],
            [
              7.5832754,
              51.300884
            ],
            [
              7.583199,
              51.3010836
            ],
            [
              7.5831869,
              51.3011984
            ],
            [
              7.5832749,
              51.3014208
            ],
            [
              7.5830303,
              51.3015079
            ],
            [
              7.5828975,
              51.3016412
            ],
            [
              7.5828667,
              51.3017125
            ],
            [
              7.5828452,
              51.3021535
            ],
            [
              7.582458,
              51.3027301
            ],
            [
              7.5824228,
              51.3028277
            ],
            [
              7.5824576,
              51.3033454
            ],
            [
              7.5825367,
              51.3037147
            ],
            [
              7.5826665,
              51.3040694
            ],
            [
              7.5835842,
              51.3043976
            ],
            [
              7.5834671,
              51.3044498
            ],
            [
              7.5837072,
              51.3047275
            ],
            [
              7.5839161,
              51.305066
            ],
            [
              7.5841704,
              51.3051603
            ],
            [
              7.5842728,
              51.3051434
            ],
            [
              7.5843051,
              51.3051486
            ],
            [
              7.5843429,
              51.3051689
            ],
            [
              7.5844864,
              51.3052645
            ],
            [
              7.584709,
              51.3055068
            ],
            [
              7.5849124,
              51.3057437
            ],
            [
              7.5848713,
              51.3058087
            ],
            [
              7.5846513,
              51.3058129
            ],
            [
              7.5844502,
              51.3058724
            ],
            [
              7.5846151,
              51.3060568
            ],
            [
              7.5850523,
              51.3059629
            ],
            [
              7.5851757,
              51.3060338
            ],
            [
              7.5858235,
              51.3061679
            ],
            [
              7.5854603,
              51.3062091
            ],
            [
              7.5853948,
              51.3062524
            ],
            [
              7.5853701,
              51.3063812
            ],
            [
              7.5853983,
              51.3065385
            ],
            [
              7.5853809,
              51.3068904
            ],
            [
              7.5852588,
              51.3071153
            ],
            [
              7.5850201,
              51.307184
            ],
            [
              7.5849611,
              51.3072412
            ],
            [
              7.5847735,
              51.3072969
            ],
            [
              7.5847117,
              51.3074188
            ],
            [
              7.5840684,
              51.3077246
            ],
            [
              7.5834805,
              51.3077977
            ],
            [
              7.5834372,
              51.3077618
            ],
            [
              7.5832311,
              51.3077956
            ],
            [
              7.582763,
              51.3078443
            ],
            [
              7.5824439,
              51.307903
            ],
            [
              7.5822615,
              51.3079514
            ],
            [
              7.5819865,
              51.3080539
            ],
            [
              7.5818444,
              51.3081243
            ],
            [
              7.5817532,
              51.308188
            ],
            [
              7.5815869,
              51.3083171
            ],
            [
              7.5814724,
              51.3084406
            ],
            [
              7.5813951,
              51.3086256
            ],
            [
              7.5813576,
              51.308805
            ],
            [
              7.5812704,
              51.3089878
            ],
            [
              7.5811926,
              51.3090733
            ],
            [
              7.5806989,
              51.3093757
            ],
            [
              7.5804472,
              51.3097594
            ],
            [
              7.5803705,
              51.3098857
            ],
            [
              7.5803424,
              51.3100106
            ],
            [
              7.5802874,
              51.310366
            ],
            [
              7.580346,
              51.3105706
            ],
            [
              7.5803242,
              51.3106576
            ],
            [
              7.5802155,
              51.3108411
            ],
            [
              7.5800707,
              51.3110262
            ],
            [
              7.579938,
              51.3111
            ],
            [
              7.5797532,
              51.311168
            ],
            [
              7.5797187,
              51.3112035
            ],
            [
              7.5797384,
              51.3113799
            ],
            [
              7.5797734,
              51.3116081
            ],
            [
              7.5797818,
              51.3118532
            ],
            [
              7.5797581,
              51.311941
            ],
            [
              7.5797175,
              51.3121704
            ],
            [
              7.5797175,
              51.312364
            ],
            [
              7.579656,
              51.3124377
            ],
            [
              7.5793956,
              51.3126088
            ],
            [
              7.5793567,
              51.3126742
            ],
            [
              7.5793473,
              51.3131025
            ],
            [
              7.5792521,
              51.3133758
            ],
            [
              7.5792387,
              51.313608
            ],
            [
              7.5792738,
              51.3138123
            ],
            [
              7.5793044,
              51.3139442
            ],
            [
              7.5793071,
              51.3140875
            ],
            [
              7.5791408,
              51.314733
            ],
            [
              7.5791381,
              51.3149543
            ],
            [
              7.579043,
              51.3153823
            ],
            [
              7.5790322,
              51.3154312
            ],
            [
              7.5789195,
              51.3156492
            ],
            [
              7.5788538,
              51.3158478
            ],
            [
              7.5787868,
              51.3159845
            ],
            [
              7.5786506,
              51.3161904
            ],
            [
              7.5784707,
              51.3164218
            ],
            [
              7.5791489,
              51.3165598
            ],
            [
              7.579352,
              51.3165865
            ],
            [
              7.579417,
              51.3165965
            ],
            [
              7.579436,
              51.3166003
            ],
            [
              7.5794777,
              51.3166157
            ],
            [
              7.5799634,
              51.3167653
            ],
            [
              7.5806048,
              51.3169588
            ],
            [
              7.5805246,
              51.3175925
            ],
            [
              7.5809269,
              51.3175868
            ],
            [
              7.5813754,
              51.3175963
            ],
            [
              7.5818852,
              51.3175551
            ],
            [
              7.5821632,
              51.3175575
            ],
            [
              7.582604,
              51.3175992
            ],
            [
              7.5830033,
              51.317669
            ],
            [
              7.5835011,
              51.3177922
            ],
            [
              7.5834654,
              51.3178882
            ],
            [
              7.5832583,
              51.3182082
            ],
            [
              7.5833006,
              51.3183454
            ],
            [
              7.5836793,
              51.3182925
            ],
            [
              7.584241,
              51.3193423
            ],
            [
              7.5843144,
              51.319501
            ],
            [
              7.5833334,
              51.3195543
            ],
            [
              7.5829901,
              51.3196046
            ],
            [
              7.582694,
              51.3196639
            ],
            [
              7.5825991,
              51.319698
            ],
            [
              7.5821452,
              51.3198141
            ],
            [
              7.5814812,
              51.3205068
            ],
            [
              7.5810943,
              51.3205108
            ],
            [
              7.5804386,
              51.3204993
            ],
            [
              7.5808253,
              51.3212737
            ],
            [
              7.5810083,
              51.3217236
            ],
            [
              7.5778528,
              51.3226815
            ],
            [
              7.5782428,
              51.3231468
            ],
            [
              7.5787695,
              51.3238383
            ],
            [
              7.5795517,
              51.3248364
            ],
            [
              7.5796432,
              51.3249394
            ],
            [
              7.5790509,
              51.3254588
            ],
            [
              7.5785547,
              51.3260957
            ],
            [
              7.5774533,
              51.3274433
            ],
            [
              7.5766166,
              51.3283108
            ],
            [
              7.5766534,
              51.3288026
            ],
            [
              7.5767539,
              51.3302455
            ],
            [
              7.5771085,
              51.3304812
            ],
            [
              7.5787546,
              51.3315775
            ],
            [
              7.5790206,
              51.3316675
            ],
            [
              7.5808963,
              51.3322012
            ],
            [
              7.5815162,
              51.3323904
            ],
            [
              7.5826905,
              51.3327762
            ],
            [
              7.5832731,
              51.3329699
            ],
            [
              7.5831398,
              51.3330704
            ],
            [
              7.5821013,
              51.3338676
            ],
            [
              7.5824344,
              51.3348672
            ],
            [
              7.582598,
              51.3352754
            ],
            [
              7.5832446,
              51.3359236
            ],
            [
              7.5834712,
              51.3359768
            ],
            [
              7.5835631,
              51.3361339
            ],
            [
              7.5862339,
              51.3365448
            ],
            [
              7.5871935,
              51.3366686
            ],
            [
              7.5876072,
              51.3367959
            ],
            [
              7.5878318,
              51.3368809
            ],
            [
              7.5880189,
              51.3370276
            ],
            [
              7.5882883,
              51.3372614
            ],
            [
              7.5883694,
              51.3373438
            ],
            [
              7.5885159,
              51.3374872
            ],
            [
              7.5888676,
              51.3378194
            ],
            [
              7.5889947,
              51.3379357
            ],
            [
              7.5889947,
              51.3379951
            ],
            [
              7.589032,
              51.3381958
            ],
            [
              7.5891867,
              51.3389033
            ],
            [
              7.5912309,
              51.3391484
            ],
            [
              7.5932986,
              51.3392965
            ],
            [
              7.5933108,
              51.3394712
            ],
            [
              7.5933627,
              51.3395913
            ],
            [
              7.5933775,
              51.3397602
            ],
            [
              7.5933607,
              51.339838
            ],
            [
              7.5934344,
              51.3400266
            ],
            [
              7.5934504,
              51.3401646
            ],
            [
              7.5934744,
              51.3403706
            ],
            [
              7.593572,
              51.3407425
            ],
            [
              7.5935162,
              51.340903
            ],
            [
              7.5935284,
              51.3410795
            ],
            [
              7.5935151,
              51.3411768
            ],
            [
              7.5935369,
              51.3414477
            ],
            [
              7.5935502,
              51.3416715
            ],
            [
              7.5933382,
              51.3419127
            ],
            [
              7.5935227,
              51.3421991
            ],
            [
              7.5935193,
              51.3423198
            ],
            [
              7.5933808,
              51.3426823
            ],
            [
              7.5934556,
              51.343025
            ],
            [
              7.5933537,
              51.3432262
            ],
            [
              7.593343,
              51.3434523
            ],
            [
              7.5932602,
              51.3437372
            ],
            [
              7.5938513,
              51.3438342
            ],
            [
              7.5944262,
              51.3439292
            ],
            [
              7.5947402,
              51.3439831
            ],
            [
              7.5949181,
              51.3440251
            ],
            [
              7.5951181,
              51.3440701
            ],
            [
              7.59572,
              51.3442461
            ],
            [
              7.596092,
              51.3443531
            ],
            [
              7.596777,
              51.3446575
            ],
            [
              7.597078,
              51.3448606
            ],
            [
              7.5978421,
              51.3456138
            ],
            [
              7.5985801,
              51.3462807
            ],
            [
              7.5989002,
              51.3465255
            ],
            [
              7.598595,
              51.3467201
            ],
            [
              7.5978502,
              51.3472038
            ],
            [
              7.5973038,
              51.3475188
            ],
            [
              7.5971813,
              51.3477074
            ],
            [
              7.5965079,
              51.3490924
            ],
            [
              7.5963543,
              51.3493262
            ],
            [
              7.5959798,
              51.3498417
            ],
            [
              7.5953065,
              51.3507711
            ],
            [
              7.5945944,
              51.3507021
            ],
            [
              7.5943542,
              51.3507694
            ],
            [
              7.5942392,
              51.3507764
            ],
            [
              7.5932843,
              51.3509444
            ],
            [
              7.5929214,
              51.3517193
            ],
            [
              7.5928744,
              51.3518183
            ],
            [
              7.5930539,
              51.3518549
            ],
            [
              7.5931434,
              51.3519213
            ],
            [
              7.5932873,
              51.3519782
            ],
            [
              7.5934563,
              51.3520622
            ],
            [
              7.5935953,
              51.3521582
            ],
            [
              7.5935403,
              51.3522112
            ],
            [
              7.5933313,
              51.3524132
            ],
            [
              7.5932044,
              51.3525472
            ],
            [
              7.5930704,
              51.3528102
            ],
            [
              7.5928264,
              51.3533481
            ],
            [
              7.5927834,
              51.3534391
            ],
            [
              7.5927224,
              51.3535121
            ],
            [
              7.5926344,
              51.3536151
            ],
            [
              7.5924755,
              51.353737
            ],
            [
              7.5921945,
              51.353958
            ],
            [
              7.5919655,
              51.354359
            ],
            [
              7.5917306,
              51.3547749
            ],
            [
              7.5915966,
              51.3551195
            ],
            [
              7.5915926,
              51.3551299
            ],
            [
              7.5913766,
              51.3556868
            ],
            [
              7.5913162,
              51.3558407
            ],
            [
              7.5912436,
              51.3560258
            ],
            [
              7.5912046,
              51.3561478
            ],
            [
              7.5911057,
              51.3564717
            ],
            [
              7.5909817,
              51.3568537
            ],
            [
              7.5908747,
              51.3570447
            ],
            [
              7.5908227,
              51.3571357
            ],
            [
              7.5907447,
              51.3572736
            ],
            [
              7.5902797,
              51.3580501
            ],
            [
              7.5897359,
              51.3585912
            ],
            [
              7.5895963,
              51.3587898
            ],
            [
              7.5894035,
              51.3592787
            ],
            [
              7.5892244,
              51.360134
            ],
            [
              7.5889852,
              51.3603201
            ],
            [
              7.5883851,
              51.3606306
            ],
            [
              7.5883766,
              51.3608529
            ],
            [
              7.5883608,
              51.360939
            ],
            [
              7.5883376,
              51.3610287
            ],
            [
              7.5883056,
              51.3611488
            ],
            [
              7.5880699,
              51.3616484
            ],
            [
              7.5878454,
              51.3621939
            ],
            [
              7.5876772,
              51.3627582
            ],
            [
              7.5875237,
              51.3631335
            ],
            [
              7.5879778,
              51.3632215
            ],
            [
              7.5879243,
              51.3633564
            ],
            [
              7.5871383,
              51.363242
            ],
            [
              7.5871079,
              51.3634402
            ],
            [
              7.5870928,
              51.3636476
            ],
            [
              7.5876258,
              51.3637275
            ],
            [
              7.5875055,
              51.3644896
            ],
            [
              7.5870486,
              51.3644981
            ],
            [
              7.5870205,
              51.3646882
            ],
            [
              7.5867864,
              51.3654552
            ],
            [
              7.5866348,
              51.3663259
            ],
            [
              7.5864546,
              51.3665241
            ],
            [
              7.5861928,
              51.3678922
            ],
            [
              7.5861114,
              51.3682008
            ],
            [
              7.5860323,
              51.3686245
            ],
            [
              7.585977,
              51.36908
            ],
            [
              7.5859153,
              51.3695795
            ],
            [
              7.5858585,
              51.3699638
            ],
            [
              7.5858331,
              51.3702404
            ],
            [
              7.5857886,
              51.3711542
            ],
            [
              7.585875,
              51.3720923
            ],
            [
              7.5859969,
              51.3723017
            ],
            [
              7.5859986,
              51.3724474
            ],
            [
              7.5859783,
              51.3726797
            ],
            [
              7.5859394,
              51.3730176
            ],
            [
              7.5858262,
              51.3732371
            ],
            [
              7.5856149,
              51.3744797
            ],
            [
              7.5855142,
              51.3748296
            ],
            [
              7.5853438,
              51.3754163
            ],
            [
              7.5851767,
              51.3758116
            ],
            [
              7.5851127,
              51.376003
            ],
            [
              7.5850752,
              51.3762274
            ],
            [
              7.5849132,
              51.3765042
            ],
            [
              7.5849158,
              51.3767041
            ],
            [
              7.5848581,
              51.3769076
            ],
            [
              7.5848015,
              51.3772434
            ],
            [
              7.5841175,
              51.3776479
            ],
            [
              7.5848171,
              51.378249
            ],
            [
              7.5867895,
              51.3798537
            ],
            [
              7.5868727,
              51.3800388
            ],
            [
              7.5877476,
              51.3812456
            ],
            [
              7.5880386,
              51.3816341
            ],
            [
              7.588192,
              51.3818059
            ],
            [
              7.588346,
              51.3820287
            ],
            [
              7.5887356,
              51.3825281
            ],
            [
              7.5889279,
              51.3828888
            ],
            [
              7.5889779,
              51.3829458
            ],
            [
              7.5889935,
              51.3830016
            ],
            [
              7.5890665,
              51.3831315
            ],
            [
              7.5891837,
              51.3833139
            ],
            [
              7.5895173,
              51.3835119
            ],
            [
              7.5896038,
              51.3835837
            ],
            [
              7.5898087,
              51.3838463
            ],
            [
              7.5901949,
              51.3840354
            ],
            [
              7.5903524,
              51.3842645
            ],
            [
              7.5904873,
              51.3844121
            ],
            [
              7.5904524,
              51.384484
            ],
            [
              7.5903049,
              51.384556
            ],
            [
              7.590557,
              51.3846883
            ],
            [
              7.5906244,
              51.3848653
            ],
            [
              7.5903957,
              51.3849802
            ],
            [
              7.590407,
              51.3851643
            ],
            [
              7.5902807,
              51.3852725
            ],
            [
              7.590381,
              51.3854314
            ],
            [
              7.5901336,
              51.3856441
            ],
            [
              7.5901305,
              51.3857227
            ],
            [
              7.5901035,
              51.3858048
            ],
            [
              7.5898442,
              51.3858492
            ],
            [
              7.5897119,
              51.3859179
            ],
            [
              7.5894513,
              51.3859688
            ],
            [
              7.5888674,
              51.3859425
            ],
            [
              7.5885668,
              51.385942
            ],
            [
              7.5884944,
              51.3859889
            ],
            [
              7.5884702,
              51.3860458
            ],
            [
              7.5884976,
              51.3861039
            ],
            [
              7.5884723,
              51.3861617
            ],
            [
              7.5881469,
              51.3863815
            ],
            [
              7.5879847,
              51.3864074
            ],
            [
              7.5878936,
              51.3864593
            ],
            [
              7.5878345,
              51.3865363
            ],
            [
              7.5878372,
              51.3866384
            ],
            [
              7.5877629,
              51.3867148
            ],
            [
              7.5877997,
              51.3868426
            ],
            [
              7.5876978,
              51.3869748
            ],
            [
              7.5876719,
              51.3870916
            ],
            [
              7.5874349,
              51.387174
            ],
            [
              7.5874,
              51.3872326
            ],
            [
              7.5874,
              51.3873062
            ],
            [
              7.5876039,
              51.3872995
            ],
            [
              7.5877002,
              51.3873292
            ],
            [
              7.5876468,
              51.3875406
            ],
            [
              7.5877112,
              51.3876176
            ],
            [
              7.587687,
              51.3876962
            ],
            [
              7.587518,
              51.3877916
            ],
            [
              7.587554,
              51.3878733
            ],
            [
              7.5874456,
              51.3879875
            ],
            [
              7.5874832,
              51.3881431
            ],
            [
              7.5875905,
              51.3882419
            ],
            [
              7.5874403,
              51.3883055
            ],
            [
              7.5874349,
              51.3883641
            ],
            [
              7.5875797,
              51.3884109
            ],
            [
              7.5876495,
              51.3884695
            ],
            [
              7.5875934,
              51.3885301
            ],
            [
              7.5873813,
              51.3885867
            ],
            [
              7.5873645,
              51.3886111
            ],
            [
              7.5875522,
              51.3887164
            ],
            [
              7.5875147,
              51.3887834
            ],
            [
              7.5874584,
              51.3887951
            ],
            [
              7.5874718,
              51.3888671
            ],
            [
              7.5874208,
              51.3889825
            ],
            [
              7.5874,
              51.3890992
            ],
            [
              7.5872706,
              51.3892353
            ],
            [
              7.5868629,
              51.3893993
            ],
            [
              7.5868384,
              51.3894689
            ],
            [
              7.5869756,
              51.3896872
            ],
            [
              7.5869858,
              51.3898004
            ],
            [
              7.5869468,
              51.3899836
            ],
            [
              7.5869109,
              51.390123
            ],
            [
              7.5868089,
              51.3902114
            ],
            [
              7.5863742,
              51.3904649
            ],
            [
              7.5860593,
              51.3905542
            ],
            [
              7.5858443,
              51.3905799
            ],
            [
              7.5856239,
              51.3905858
            ],
            [
              7.5853535,
              51.3906605
            ],
            [
              7.5852304,
              51.3906479
            ],
            [
              7.5848901,
              51.3907445
            ],
            [
              7.5847895,
              51.3907546
            ],
            [
              7.5845121,
              51.3908403
            ],
            [
              7.5843477,
              51.3907082
            ],
            [
              7.5842525,
              51.3906709
            ],
            [
              7.5841806,
              51.3906859
            ],
            [
              7.5842511,
              51.3907383
            ],
            [
              7.5842216,
              51.3907952
            ],
            [
              7.5841224,
              51.3908237
            ],
            [
              7.5842645,
              51.3908504
            ],
            [
              7.5842265,
              51.3909718
            ],
            [
              7.5840768,
              51.3911366
            ],
            [
              7.5835046,
              51.3913688
            ],
            [
              7.5833417,
              51.3914488
            ],
            [
              7.5830937,
              51.3915788
            ],
            [
              7.5825868,
              51.3918577
            ],
            [
              7.5823688,
              51.3919867
            ],
            [
              7.5821858,
              51.3920937
            ],
            [
              7.5821109,
              51.3921167
            ],
            [
              7.5817779,
              51.3921587
            ],
            [
              7.581421,
              51.3922047
            ],
            [
              7.5812835,
              51.3922469
            ],
            [
              7.5811156,
              51.3922648
            ],
            [
              7.5807033,
              51.392456
            ],
            [
              7.5805504,
              51.392553
            ],
            [
              7.5804772,
              51.3928153
            ],
            [
              7.5804837,
              51.3928965
            ],
            [
              7.5803601,
              51.3932616
            ],
            [
              7.5802021,
              51.3933026
            ],
            [
              7.5799322,
              51.3933796
            ],
            [
              7.5797822,
              51.3933646
            ],
            [
              7.5796352,
              51.3934096
            ],
            [
              7.5794013,
              51.3934286
            ],
            [
              7.5793274,
              51.3935534
            ],
            [
              7.5796672,
              51.3940339
            ],
            [
              7.5795682,
              51.3941155
            ],
            [
              7.5795032,
              51.3941575
            ],
            [
              7.5791611,
              51.3942717
            ],
            [
              7.5790867,
              51.3943105
            ],
            [
              7.578959,
              51.3944011
            ],
            [
              7.5787613,
              51.3944364
            ],
            [
              7.5786501,
              51.394459
            ],
            [
              7.5780936,
              51.3945841
            ],
            [
              7.5778495,
              51.3946614
            ],
            [
              7.5774725,
              51.3948254
            ],
            [
              7.5773197,
              51.3948902
            ],
            [
              7.5770675,
              51.3948634
            ],
            [
              7.5768944,
              51.3948609
            ],
            [
              7.5767425,
              51.3948313
            ],
            [
              7.5766836,
              51.3948596
            ],
            [
              7.5765502,
              51.3949711
            ],
            [
              7.5764373,
              51.394979
            ],
            [
              7.5764009,
              51.3949588
            ],
            [
              7.5763647,
              51.3948809
            ],
            [
              7.5763348,
              51.3948512
            ],
            [
              7.5761407,
              51.3948254
            ],
            [
              7.5760377,
              51.3948104
            ],
            [
              7.5757978,
              51.3947294
            ],
            [
              7.5756748,
              51.3946874
            ],
            [
              7.5755478,
              51.3946194
            ],
            [
              7.5755027,
              51.3944778
            ],
            [
              7.5754408,
              51.3944705
            ],
            [
              7.5754203,
              51.3949766
            ],
            [
              7.5760467,
              51.3953023
            ],
            [
              7.5760617,
              51.3953933
            ],
            [
              7.5761877,
              51.3961969
            ],
            [
              7.5762404,
              51.3965201
            ],
            [
              7.575725,
              51.3965256
            ],
            [
              7.5753999,
              51.3965024
            ],
            [
              7.5742462,
              51.3963417
            ],
            [
              7.5736768,
              51.3961961
            ],
            [
              7.5714767,
              51.3955317
            ],
            [
              7.57136,
              51.3964763
            ],
            [
              7.5709267,
              51.3965153
            ],
            [
              7.5696306,
              51.3972314
            ],
            [
              7.5691831,
              51.3975087
            ],
            [
              7.5688787,
              51.3976199
            ],
            [
              7.5680714,
              51.3979518
            ],
            [
              7.5677021,
              51.3980351
            ],
            [
              7.5673781,
              51.3981131
            ],
            [
              7.5670892,
              51.3981667
            ],
            [
              7.5666871,
              51.3982129
            ],
            [
              7.5661679,
              51.3982787
            ],
            [
              7.5649455,
              51.3983598
            ],
            [
              7.5636112,
              51.3983788
            ],
            [
              7.5630469,
              51.3984169
            ],
            [
              7.562498,
              51.3984359
            ],
            [
              7.5619642,
              51.3984359
            ],
            [
              7.5615373,
              51.3983598
            ],
            [
              7.5604317,
              51.3982742
            ],
            [
              7.5593871,
              51.3981933
            ],
            [
              7.5583959,
              51.3981838
            ],
            [
              7.5580048,
              51.3982357
            ],
            [
              7.55759,
              51.3982205
            ],
            [
              7.5563944,
              51.3983118
            ],
            [
              7.5558089,
              51.3983613
            ],
            [
              7.5551135,
              51.3985972
            ],
            [
              7.5543571,
              51.3986924
            ],
            [
              7.5531067,
              51.3990653
            ],
            [
              7.5528261,
              51.3991338
            ],
            [
              7.5524052,
              51.3992176
            ],
            [
              7.5518014,
              51.3992099
            ],
            [
              7.5516672,
              51.3992138
            ],
            [
              7.5514232,
              51.3991643
            ],
            [
              7.5512219,
              51.399111
            ],
            [
              7.54988,
              51.3988789
            ],
            [
              7.5494042,
              51.3987
            ],
            [
              7.5477272,
              51.3979397
            ],
            [
              7.5470042,
              51.3976571
            ],
            [
              7.5463046,
              51.3973756
            ],
            [
              7.5460819,
              51.3973091
            ],
            [
              7.5454496,
              51.3970924
            ],
            [
              7.5448251,
              51.3968863
            ],
            [
              7.5436966,
              51.3966265
            ],
            [
              7.5419617,
              51.396177
            ],
            [
              7.5411456,
              51.3959322
            ],
            [
              7.5398512,
              51.3958497
            ],
            [
              7.5386162,
              51.3957454
            ],
            [
              7.5377586,
              51.3956808
            ],
            [
              7.5372333,
              51.3956013
            ],
            [
              7.5370021,
              51.3956078
            ],
            [
              7.5356277,
              51.3953466
            ],
            [
              7.5351492,
              51.3953624
            ],
            [
              7.5347198,
              51.3953978
            ],
            [
              7.5343364,
              51.3953575
            ],
            [
              7.5337234,
              51.3952706
            ],
            [
              7.5333633,
              51.3953508
            ],
            [
              7.5330177,
              51.3955085
            ],
            [
              7.5325212,
              51.3956399
            ],
            [
              7.5321035,
              51.3956644
            ],
            [
              7.5315968,
              51.3957227
            ],
            [
              7.5311929,
              51.395672
            ],
            [
              7.529882,
              51.3954166
            ],
            [
              7.529259,
              51.3950862
            ],
            [
              7.5285343,
              51.3947787
            ],
            [
              7.5281592,
              51.3942655
            ],
            [
              7.5276872,
              51.3939642
            ],
            [
              7.527106,
              51.393799
            ],
            [
              7.5268434,
              51.3935032
            ],
            [
              7.5267534,
              51.3930947
            ],
            [
              7.5263395,
              51.3926288
            ],
            [
              7.5261238,
              51.3920311
            ],
            [
              7.5256378,
              51.3915283
            ],
            [
              7.5255423,
              51.391396
            ],
            [
              7.5256034,
              51.3910424
            ],
            [
              7.5255331,
              51.3910496
            ],
            [
              7.5252487,
              51.390801
            ],
            [
              7.5250632,
              51.390615
            ],
            [
              7.5249846,
              51.390494
            ],
            [
              7.5246732,
              51.3899942
            ],
            [
              7.5242107,
              51.3895567
            ],
            [
              7.5240092,
              51.3896381
            ],
            [
              7.5238892,
              51.389538
            ],
            [
              7.5237306,
              51.3894297
            ],
            [
              7.5237105,
              51.3894417
            ],
            [
              7.5235563,
              51.3892899
            ],
            [
              7.5234376,
              51.3891889
            ],
            [
              7.5231982,
              51.3889833
            ],
            [
              7.5231878,
              51.3889707
            ],
            [
              7.523174,
              51.3889409
            ],
            [
              7.5231694,
              51.3889182
            ],
            [
              7.5231798,
              51.388893
            ],
            [
              7.5232571,
              51.3887998
            ],
            [
              7.5234163,
              51.3886878
            ],
            [
              7.5230719,
              51.3884808
            ],
            [
              7.5230217,
              51.3884438
            ],
            [
              7.5229433,
              51.3883448
            ],
            [
              7.5228879,
              51.3883048
            ],
            [
              7.52281,
              51.3882854
            ],
            [
              7.5227327,
              51.3883059
            ],
            [
              7.5225545,
              51.3883855
            ],
            [
              7.5224328,
              51.3884506
            ],
            [
              7.5224166,
              51.3884992
            ],
            [
              7.5221531,
              51.3886316
            ],
            [
              7.5214766,
              51.3890206
            ],
            [
              7.5210219,
              51.3893124
            ],
            [
              7.5205813,
              51.3896181
            ],
            [
              7.5203304,
              51.3897283
            ],
            [
              7.5202299,
              51.3897717
            ],
            [
              7.5200095,
              51.3899231
            ],
            [
              7.5198251,
              51.3900535
            ],
            [
              7.5195585,
              51.3902595
            ],
            [
              7.5193368,
              51.390478
            ],
            [
              7.5190657,
              51.3907065
            ],
            [
              7.5189947,
              51.3908061
            ],
            [
              7.5189389,
              51.3908832
            ],
            [
              7.5188537,
              51.3910267
            ],
            [
              7.5186327,
              51.3911513
            ],
            [
              7.518375,
              51.3912737
            ],
            [
              7.5183062,
              51.3913226
            ],
            [
              7.518061,
              51.3915889
            ],
            [
              7.5178253,
              51.3918264
            ],
            [
              7.5176917,
              51.3919358
            ],
            [
              7.5176229,
              51.391984
            ],
            [
              7.517522,
              51.3920678
            ],
            [
              7.5171887,
              51.3922581
            ],
            [
              7.5170495,
              51.3923144
            ],
            [
              7.5169508,
              51.3923457
            ],
            [
              7.5167997,
              51.3924205
            ],
            [
              7.5167024,
              51.3924744
            ],
            [
              7.5166381,
              51.39255
            ],
            [
              7.5164267,
              51.3926599
            ],
            [
              7.5163388,
              51.3926785
            ],
            [
              7.5161634,
              51.3927712
            ],
            [
              7.5157275,
              51.3931054
            ],
            [
              7.5152525,
              51.3933463
            ],
            [
              7.5150737,
              51.3934385
            ],
            [
              7.5149982,
              51.3934617
            ],
            [
              7.5142947,
              51.3938032
            ],
            [
              7.5136552,
              51.3941014
            ],
            [
              7.513455,
              51.3941852
            ],
            [
              7.5124519,
              51.394528
            ],
            [
              7.5117778,
              51.3947666
            ],
            [
              7.5115554,
              51.3948492
            ],
            [
              7.511163,
              51.3950624
            ],
            [
              7.510609,
              51.3953913
            ],
            [
              7.510255,
              51.3955828
            ],
            [
              7.5100965,
              51.3956693
            ],
            [
              7.509661,
              51.3958454
            ],
            [
              7.5094255,
              51.3960029
            ],
            [
              7.5088407,
              51.3963366
            ],
            [
              7.5088285,
              51.3962747
            ],
            [
              7.5083579,
              51.3962375
            ],
            [
              7.5080989,
              51.3963942
            ],
            [
              7.5076888,
              51.3966266
            ],
            [
              7.506791,
              51.3971033
            ],
            [
              7.5061152,
              51.3974512
            ],
            [
              7.5058584,
              51.3975862
            ],
            [
              7.5051024,
              51.397982
            ],
            [
              7.5047021,
              51.3981938
            ],
            [
              7.5044176,
              51.398349
            ],
            [
              7.5041365,
              51.398526
            ],
            [
              7.5041081,
              51.398258
            ],
            [
              7.5032905,
              51.3986595
            ],
            [
              7.5023967,
              51.3989056
            ],
            [
              7.5016025,
              51.3990351
            ],
            [
              7.5013805,
              51.39905
            ],
            [
              7.5013146,
              51.3990388
            ],
            [
              7.501287,
              51.3988128
            ],
            [
              7.5013026,
              51.3987708
            ],
            [
              7.5012918,
              51.3986533
            ],
            [
              7.5015473,
              51.398586
            ],
            [
              7.5019372,
              51.3984639
            ],
            [
              7.5019876,
              51.3984303
            ],
            [
              7.502122,
              51.3983801
            ],
            [
              7.5025155,
              51.3981555
            ],
            [
              7.5027147,
              51.3979751
            ],
            [
              7.5028826,
              51.3977603
            ],
            [
              7.5029594,
              51.3975889
            ],
            [
              7.5029558,
              51.3973282
            ],
            [
              7.5029735,
              51.3972447
            ],
            [
              7.5028823,
              51.3972236
            ],
            [
              7.5027285,
              51.3970836
            ],
            [
              7.5023994,
              51.3969442
            ],
            [
              7.5021592,
              51.3970727
            ],
            [
              7.5021098,
              51.3970315
            ],
            [
              7.5021342,
              51.3969347
            ],
            [
              7.5020984,
              51.3968702
            ],
            [
              7.5022105,
              51.3968487
            ],
            [
              7.502195,
              51.3968181
            ],
            [
              7.5021095,
              51.3966317
            ],
            [
              7.5020555,
              51.3965103
            ],
            [
              7.5019875,
              51.3964434
            ],
            [
              7.5020118,
              51.3964306
            ],
            [
              7.5020323,
              51.3964436
            ],
            [
              7.502584,
              51.3961346
            ],
            [
              7.5031526,
              51.3958105
            ],
            [
              7.503429,
              51.39565
            ],
            [
              7.5031984,
              51.3955252
            ],
            [
              7.5013689,
              51.3945256
            ],
            [
              7.5012525,
              51.394344
            ],
            [
              7.5011498,
              51.3942892
            ],
            [
              7.5009637,
              51.3942828
            ],
            [
              7.5009832,
              51.3942528
            ],
            [
              7.5009491,
              51.3942037
            ],
            [
              7.5009519,
              51.3941612
            ],
            [
              7.5009057,
              51.3941344
            ],
            [
              7.5005941,
              51.393964
            ],
            [
              7.5004578,
              51.3938906
            ],
            [
              7.5004281,
              51.39388
            ],
            [
              7.5003984,
              51.3938741
            ],
            [
              7.5003429,
              51.39387
            ],
            [
              7.5001011,
              51.393857
            ],
            [
              7.500223,
              51.3937711
            ],
            [
              7.5022844,
              51.3923014
            ],
            [
              7.5027235,
              51.3919879
            ],
            [
              7.5029489,
              51.3918265
            ],
            [
              7.5036531,
              51.3913255
            ],
            [
              7.5036773,
              51.3911472
            ],
            [
              7.5038996,
              51.3909712
            ],
            [
              7.5040993,
              51.3908315
            ],
            [
              7.5041366,
              51.3908594
            ],
            [
              7.5042814,
              51.3907574
            ],
            [
              7.5044359,
              51.3906708
            ],
            [
              7.5045244,
              51.3905945
            ],
            [
              7.5052281,
              51.390096
            ],
            [
              7.5051616,
              51.3898873
            ],
            [
              7.5050732,
              51.3898787
            ],
            [
              7.5049008,
              51.3898593
            ],
            [
              7.5048519,
              51.3898542
            ],
            [
              7.5047681,
              51.3897525
            ],
            [
              7.5046997,
              51.3896704
            ],
            [
              7.5043483,
              51.3892596
            ],
            [
              7.5043327,
              51.3892394
            ],
            [
              7.5043134,
              51.3892181
            ],
            [
              7.5042187,
              51.3892395
            ],
            [
              7.5041847,
              51.3892437
            ],
            [
              7.5041422,
              51.3892344
            ],
            [
              7.5040959,
              51.3892141
            ],
            [
              7.5038084,
              51.3889306
            ],
            [
              7.5036732,
              51.3888283
            ],
            [
              7.5035857,
              51.3887748
            ],
            [
              7.5034627,
              51.3887115
            ],
            [
              7.5031945,
              51.3885931
            ],
            [
              7.5028177,
              51.3880301
            ],
            [
              7.50277,
              51.3880391
            ],
            [
              7.5027776,
              51.388013
            ],
            [
              7.5026078,
              51.3877579
            ],
            [
              7.5025059,
              51.3877291
            ],
            [
              7.5022949,
              51.3875576
            ],
            [
              7.502413,
              51.3875019
            ],
            [
              7.5021996,
              51.3872047
            ],
            [
              7.5018715,
              51.3869662
            ],
            [
              7.5018136,
              51.3868601
            ],
            [
              7.5017487,
              51.3868134
            ],
            [
              7.5017298,
              51.3868044
            ],
            [
              7.5016946,
              51.3867363
            ],
            [
              7.501655,
              51.3867161
            ],
            [
              7.5016432,
              51.3866868
            ],
            [
              7.5016009,
              51.3866699
            ],
            [
              7.5014981,
              51.3866491
            ],
            [
              7.5014287,
              51.3866137
            ],
            [
              7.5013566,
              51.3865489
            ],
            [
              7.5013503,
              51.386522
            ],
            [
              7.5013115,
              51.3864972
            ],
            [
              7.501289,
              51.386441
            ],
            [
              7.5011502,
              51.3863099
            ],
            [
              7.5010871,
              51.3863015
            ],
            [
              7.5010519,
              51.3862655
            ],
            [
              7.5010321,
              51.3862171
            ],
            [
              7.5009897,
              51.3861788
            ],
            [
              7.5008671,
              51.3861513
            ],
            [
              7.5008356,
              51.3861293
            ],
            [
              7.5007896,
              51.3860821
            ],
            [
              7.5007581,
              51.3860663
            ],
            [
              7.5007058,
              51.3860506
            ],
            [
              7.5005925,
              51.3859536
            ],
            [
              7.5005823,
              51.3859268
            ],
            [
              7.5006003,
              51.3858998
            ],
            [
              7.5005904,
              51.3858717
            ],
            [
              7.5005102,
              51.3858216
            ],
            [
              7.5004642,
              51.3857794
            ],
            [
              7.500375,
              51.385753
            ],
            [
              7.5003056,
              51.3857181
            ],
            [
              7.5002398,
              51.3857103
            ],
            [
              7.5002046,
              51.3857013
            ],
            [
              7.5001938,
              51.3856827
            ],
            [
              7.5001379,
              51.3856748
            ],
            [
              7.5001037,
              51.3856613
            ],
            [
              7.5000874,
              51.385636
            ],
            [
              7.4999333,
              51.3856023
            ],
            [
              7.499888,
              51.3855851
            ],
            [
              7.4997205,
              51.3855799
            ],
            [
              7.4996779,
              51.3855598
            ],
            [
              7.4996248,
              51.3855551
            ],
            [
              7.4995471,
              51.3855344
            ],
            [
              7.499479,
              51.3855247
            ],
            [
              7.4994087,
              51.3855066
            ],
            [
              7.4993026,
              51.38549
            ],
            [
              7.4992064,
              51.3854944
            ],
            [
              7.4990989,
              51.3854714
            ],
            [
              7.4989888,
              51.3854119
            ],
            [
              7.4988707,
              51.3852926
            ],
            [
              7.4986922,
              51.3851316
            ],
            [
              7.4985473,
              51.3850788
            ],
            [
              7.4984894,
              51.3850396
            ],
            [
              7.4984347,
              51.3849831
            ],
            [
              7.4979359,
              51.3852865
            ],
            [
              7.497661,
              51.3854728
            ],
            [
              7.4969796,
              51.3851295
            ],
            [
              7.4967137,
              51.3853959
            ],
            [
              7.4958223,
              51.3848695
            ],
            [
              7.4949646,
              51.385291
            ],
            [
              7.494858,
              51.3853445
            ],
            [
              7.4948234,
              51.3852096
            ],
            [
              7.4947665,
              51.3851002
            ],
            [
              7.4946907,
              51.3850014
            ],
            [
              7.4945981,
              51.3849206
            ],
            [
              7.4944528,
              51.384821
            ],
            [
              7.4944211,
              51.3848039
            ],
            [
              7.4928786,
              51.3839568
            ],
            [
              7.4921094,
              51.3835386
            ],
            [
              7.4912029,
              51.3830708
            ],
            [
              7.4909659,
              51.3829418
            ],
            [
              7.4903101,
              51.3824934
            ],
            [
              7.4901414,
              51.3823633
            ],
            [
              7.4899992,
              51.3822403
            ],
            [
              7.4888726,
              51.3810501
            ]
          ]
        ]
      }
    },
    {
      "type": "Feature",
      "properties": {
        "name": "Vorhalle",
        "city": "Hagen",
        "osm_id": 19283344,
        "osm_type": "relation",
        "display": "Vorhalle (Hagen), Hagen-Nord, Hagen, Nordrhein-Westfalen, 58089, Deutschland"
      },
      "geometry": {
        "type": "Polygon",
        "coordinates": [
          [
            [
              7.3903027,
              51.3654409
            ],
            [
              7.3905005,
              51.3652385
            ],
            [
              7.3907773,
              51.3649644
            ],
            [
              7.3912873,
              51.3649337
            ],
            [
              7.3919864,
              51.3642122
            ],
            [
              7.3920773,
              51.3638759
            ],
            [
              7.3920272,
              51.3636724
            ],
            [
              7.3925477,
              51.3632415
            ],
            [
              7.393058,
              51.3634743
            ],
            [
              7.392597,
              51.36387
            ],
            [
              7.3930733,
              51.3640331
            ],
            [
              7.393434,
              51.364167
            ],
            [
              7.3945203,
              51.3645748
            ],
            [
              7.3952727,
              51.3648457
            ],
            [
              7.3960868,
              51.3651449
            ],
            [
              7.3982791,
              51.3628632
            ],
            [
              7.3999804,
              51.3634908
            ],
            [
              7.4016154,
              51.3640937
            ],
            [
              7.4027888,
              51.3629505
            ],
            [
              7.4030749,
              51.3630698
            ],
            [
              7.4040123,
              51.3634483
            ],
            [
              7.4061095,
              51.36428
            ],
            [
              7.4064991,
              51.3638638
            ],
            [
              7.4099888,
              51.3651873
            ],
            [
              7.4110985,
              51.3640054
            ],
            [
              7.4145224,
              51.3652449
            ],
            [
              7.4142374,
              51.365549
            ],
            [
              7.4150181,
              51.3658488
            ],
            [
              7.4152617,
              51.3659373
            ],
            [
              7.4159906,
              51.3662295
            ],
            [
              7.4163015,
              51.3663859
            ],
            [
              7.4180098,
              51.3669963
            ],
            [
              7.4190766,
              51.3674065
            ],
            [
              7.4203235,
              51.367865
            ],
            [
              7.4210452,
              51.3677146
            ],
            [
              7.4216601,
              51.3679555
            ],
            [
              7.4224814,
              51.368274
            ],
            [
              7.4232417,
              51.3685689
            ],
            [
              7.4227685,
              51.3687676
            ],
            [
              7.4225001,
              51.369045
            ],
            [
              7.4234249,
              51.3698102
            ],
            [
              7.4247746,
              51.3709187
            ],
            [
              7.4250171,
              51.3706598
            ],
            [
              7.426968,
              51.3686137
            ],
            [
              7.4277332,
              51.3677516
            ],
            [
              7.428309,
              51.3680597
            ],
            [
              7.4284266,
              51.3681296
            ],
            [
              7.4288142,
              51.3680971
            ],
            [
              7.4290005,
              51.367758
            ],
            [
              7.4290413,
              51.3675401
            ],
            [
              7.4289283,
              51.367378
            ],
            [
              7.4291441,
              51.3671193
            ],
            [
              7.4291584,
              51.3669396
            ],
            [
              7.4290348,
              51.3666231
            ],
            [
              7.429755,
              51.3667882
            ],
            [
              7.4307983,
              51.3668257
            ],
            [
              7.4323457,
              51.3670624
            ],
            [
              7.4342254,
              51.3680155
            ],
            [
              7.4349909,
              51.3669569
            ],
            [
              7.4351076,
              51.3667939
            ],
            [
              7.4355482,
              51.3667558
            ],
            [
              7.4359691,
              51.3667377
            ],
            [
              7.4364647,
              51.3666327
            ],
            [
              7.4365782,
              51.366451
            ],
            [
              7.4366188,
              51.3665547
            ],
            [
              7.4367153,
              51.3667087
            ],
            [
              7.4368546,
              51.3668953
            ],
            [
              7.437241,
              51.3674455
            ],
            [
              7.4375892,
              51.3678825
            ],
            [
              7.4379205,
              51.3683977
            ],
            [
              7.4381703,
              51.3686707
            ],
            [
              7.4383979,
              51.3688802
            ],
            [
              7.4386249,
              51.3690864
            ],
            [
              7.4389044,
              51.3687832
            ],
            [
              7.4391242,
              51.3685428
            ],
            [
              7.4394266,
              51.368214
            ],
            [
              7.4397709,
              51.3678389
            ],
            [
              7.4398607,
              51.3677401
            ],
            [
              7.4399508,
              51.3676419
            ],
            [
              7.4402326,
              51.3673308
            ],
            [
              7.4405873,
              51.3669356
            ],
            [
              7.4408729,
              51.3666204
            ],
            [
              7.441913,
              51.3654626
            ],
            [
              7.442673,
              51.3657636
            ],
            [
              7.4432638,
              51.3659964
            ],
            [
              7.4445979,
              51.3665132
            ],
            [
              7.4452134,
              51.3667493
            ],
            [
              7.4461412,
              51.3671081
            ],
            [
              7.4467208,
              51.3667711
            ],
            [
              7.4469354,
              51.3664186
            ],
            [
              7.4469099,
              51.366185
            ],
            [
              7.4468677,
              51.3661172
            ],
            [
              7.4469113,
              51.3657224
            ],
            [
              7.4470943,
              51.3655466
            ],
            [
              7.447213,
              51.3652673
            ],
            [
              7.4472868,
              51.3650877
            ],
            [
              7.4490074,
              51.3658492
            ],
            [
              7.4492837,
              51.3658597
            ],
            [
              7.4506543,
              51.3659171
            ],
            [
              7.4513564,
              51.3659464
            ],
            [
              7.4527954,
              51.3660092
            ],
            [
              7.4536684,
              51.3660485
            ],
            [
              7.454209,
              51.3660674
            ],
            [
              7.4543252,
              51.366104
            ],
            [
              7.4542957,
              51.3661245
            ],
            [
              7.4542156,
              51.366189
            ],
            [
              7.4541589,
              51.3662338
            ],
            [
              7.4540909,
              51.3663112
            ],
            [
              7.4540339,
              51.3663935
            ],
            [
              7.4539028,
              51.3665903
            ],
            [
              7.4538485,
              51.3666778
            ],
            [
              7.4538119,
              51.3667479
            ],
            [
              7.4537509,
              51.3668751
            ],
            [
              7.4537038,
              51.3669848
            ],
            [
              7.4536509,
              51.3671419
            ],
            [
              7.453595,
              51.3673122
            ],
            [
              7.4535712,
              51.3673635
            ],
            [
              7.4535071,
              51.3676036
            ],
            [
              7.4534726,
              51.3677271
            ],
            [
              7.4534195,
              51.3679223
            ],
            [
              7.4534087,
              51.3679609
            ],
            [
              7.453403,
              51.3679851
            ],
            [
              7.4534002,
              51.3680033
            ],
            [
              7.4534012,
              51.3680471
            ],
            [
              7.4534019,
              51.3680771
            ],
            [
              7.4533757,
              51.3683232
            ],
            [
              7.4533522,
              51.3685949
            ],
            [
              7.4533412,
              51.3688739
            ],
            [
              7.4533308,
              51.3688741
            ],
            [
              7.4533241,
              51.3689585
            ],
            [
              7.4533238,
              51.3691021
            ],
            [
              7.4533244,
              51.369576
            ],
            [
              7.4533097,
              51.3698363
            ],
            [
              7.4532976,
              51.3700846
            ],
            [
              7.4532151,
              51.370476
            ],
            [
              7.4531712,
              51.3706501
            ],
            [
              7.4531427,
              51.3707581
            ],
            [
              7.4531057,
              51.3709019
            ],
            [
              7.4530805,
              51.371
            ],
            [
              7.4530554,
              51.3710448
            ],
            [
              7.4530515,
              51.3710537
            ],
            [
              7.4529764,
              51.3713932
            ],
            [
              7.452957,
              51.3714911
            ],
            [
              7.4529254,
              51.3716703
            ],
            [
              7.4528926,
              51.371857
            ],
            [
              7.4528527,
              51.372077
            ],
            [
              7.452849,
              51.3721042
            ],
            [
              7.4528279,
              51.3723499
            ],
            [
              7.452791,
              51.3725322
            ],
            [
              7.4527437,
              51.3727639
            ],
            [
              7.4526934,
              51.3729223
            ],
            [
              7.4526089,
              51.3731923
            ],
            [
              7.4524996,
              51.3735029
            ],
            [
              7.4524333,
              51.3736787
            ],
            [
              7.4523421,
              51.3739152
            ],
            [
              7.4523102,
              51.3739677
            ],
            [
              7.452049,
              51.3745393
            ],
            [
              7.4518318,
              51.3750048
            ],
            [
              7.4516963,
              51.3752906
            ],
            [
              7.4516326,
              51.3754216
            ],
            [
              7.4515689,
              51.3755409
            ],
            [
              7.4514777,
              51.3757155
            ],
            [
              7.4514073,
              51.3758557
            ],
            [
              7.4513463,
              51.3759788
            ],
            [
              7.4513168,
              51.3760215
            ],
            [
              7.4513007,
              51.3760516
            ],
            [
              7.4512457,
              51.3761805
            ],
            [
              7.4512336,
              51.3762433
            ],
            [
              7.4512289,
              51.3762864
            ],
            [
              7.451231,
              51.3763404
            ],
            [
              7.4512658,
              51.3765413
            ],
            [
              7.4512866,
              51.3766346
            ],
            [
              7.4513517,
              51.3768477
            ],
            [
              7.4513798,
              51.3769871
            ],
            [
              7.4514249,
              51.3772107
            ],
            [
              7.4514583,
              51.377383
            ],
            [
              7.4514596,
              51.3774312
            ],
            [
              7.4514774,
              51.3774941
            ],
            [
              7.4514925,
              51.3778924
            ],
            [
              7.4514978,
              51.3780303
            ],
            [
              7.4514382,
              51.3783206
            ],
            [
              7.4513154,
              51.3786925
            ],
            [
              7.451176,
              51.378976
            ],
            [
              7.4511471,
              51.379043
            ],
            [
              7.4510325,
              51.3793309
            ],
            [
              7.4509295,
              51.3796703
            ],
            [
              7.450722,
              51.3803469
            ],
            [
              7.4506114,
              51.3807066
            ],
            [
              7.4504491,
              51.3812727
            ],
            [
              7.4498017,
              51.3812362
            ],
            [
              7.4496956,
              51.3812184
            ],
            [
              7.4494929,
              51.381348
            ],
            [
              7.4494345,
              51.3813875
            ],
            [
              7.4489271,
              51.3817712
            ],
            [
              7.4487856,
              51.3818783
            ],
            [
              7.4483469,
              51.3822698
            ],
            [
              7.4481893,
              51.3824646
            ],
            [
              7.4479369,
              51.3828406
            ],
            [
              7.4476482,
              51.3832397
            ],
            [
              7.4475013,
              51.383212
            ],
            [
              7.4474755,
              51.3831816
            ],
            [
              7.4473652,
              51.383297
            ],
            [
              7.4471646,
              51.3835046
            ],
            [
              7.4472001,
              51.3835142
            ],
            [
              7.4469418,
              51.3838247
            ],
            [
              7.4468088,
              51.3840597
            ],
            [
              7.446548,
              51.3840864
            ],
            [
              7.4465689,
              51.3842684
            ],
            [
              7.4463254,
              51.3847627
            ],
            [
              7.4464085,
              51.3847777
            ],
            [
              7.4463064,
              51.3851235
            ],
            [
              7.4472338,
              51.385385
            ],
            [
              7.4474329,
              51.3855478
            ],
            [
              7.4472365,
              51.3856631
            ],
            [
              7.447101,
              51.3857529
            ],
            [
              7.4469622,
              51.3858181
            ],
            [
              7.4466379,
              51.3860646
            ],
            [
              7.447158,
              51.3862956
            ],
            [
              7.4467121,
              51.3867409
            ],
            [
              7.446692,
              51.3869237
            ],
            [
              7.4467175,
              51.3871007
            ],
            [
              7.4467839,
              51.3873271
            ],
            [
              7.4468583,
              51.3875462
            ],
            [
              7.4477484,
              51.3878188
            ],
            [
              7.4479087,
              51.3878899
            ],
            [
              7.4482037,
              51.3880772
            ],
            [
              7.4482956,
              51.3881347
            ],
            [
              7.4484988,
              51.3882465
            ],
            [
              7.4491851,
              51.3887708
            ],
            [
              7.4492602,
              51.388826
            ],
            [
              7.4493598,
              51.3888804
            ],
            [
              7.4490611,
              51.3894035
            ],
            [
              7.4491073,
              51.3894129
            ],
            [
              7.4489735,
              51.3896259
            ],
            [
              7.4487482,
              51.3899861
            ],
            [
              7.4485829,
              51.3903253
            ],
            [
              7.4485843,
              51.3903931
            ],
            [
              7.4481679,
              51.3907002
            ],
            [
              7.4478668,
              51.3908374
            ],
            [
              7.4475429,
              51.3909734
            ],
            [
              7.4471855,
              51.3911057
            ],
            [
              7.4464828,
              51.3912948
            ],
            [
              7.4458153,
              51.3914911
            ],
            [
              7.4451008,
              51.3917228
            ],
            [
              7.4444611,
              51.3919743
            ],
            [
              7.4438415,
              51.3922417
            ],
            [
              7.4431408,
              51.3925192
            ],
            [
              7.4425775,
              51.3927429
            ],
            [
              7.442487,
              51.3927697
            ],
            [
              7.4419861,
              51.392941
            ],
            [
              7.4419637,
              51.3929791
            ],
            [
              7.4418426,
              51.3930476
            ],
            [
              7.4417802,
              51.3931069
            ],
            [
              7.4416883,
              51.3931984
            ],
            [
              7.4416673,
              51.393321
            ],
            [
              7.4413108,
              51.3934835
            ],
            [
              7.4410681,
              51.3935856
            ],
            [
              7.4408339,
              51.3937016
            ],
            [
              7.4404334,
              51.3938527
            ],
            [
              7.4395911,
              51.3935973
            ],
            [
              7.4391448,
              51.3934609
            ],
            [
              7.4387678,
              51.3934025
            ],
            [
              7.4384395,
              51.393409
            ],
            [
              7.4373501,
              51.393576
            ],
            [
              7.4362416,
              51.3938643
            ],
            [
              7.4361518,
              51.3938872
            ],
            [
              7.4353076,
              51.3930577
            ],
            [
              7.435166,
              51.3929351
            ],
            [
              7.4349263,
              51.3919216
            ],
            [
              7.4345059,
              51.3919922
            ],
            [
              7.4341695,
              51.3919985
            ],
            [
              7.4339438,
              51.3920224
            ],
            [
              7.4333667,
              51.3920875
            ],
            [
              7.4330309,
              51.3921145
            ],
            [
              7.4324495,
              51.392318
            ],
            [
              7.4322617,
              51.3923941
            ],
            [
              7.4321967,
              51.3924182
            ],
            [
              7.4316663,
              51.3926566
            ],
            [
              7.431275,
              51.392932
            ],
            [
              7.4312167,
              51.3929746
            ],
            [
              7.4311025,
              51.3930683
            ],
            [
              7.4310166,
              51.3931296
            ],
            [
              7.4308472,
              51.3933001
            ],
            [
              7.4307758,
              51.3933742
            ],
            [
              7.4306496,
              51.3934548
            ],
            [
              7.4304093,
              51.3935971
            ],
            [
              7.4303502,
              51.3936491
            ],
            [
              7.4303498,
              51.3937057
            ],
            [
              7.4304047,
              51.3938086
            ],
            [
              7.4304555,
              51.3939133
            ],
            [
              7.4304579,
              51.394002
            ],
            [
              7.4305161,
              51.3941914
            ],
            [
              7.4304618,
              51.3943333
            ],
            [
              7.4305115,
              51.3944694
            ],
            [
              7.4305551,
              51.3945195
            ],
            [
              7.4295612,
              51.3951743
            ],
            [
              7.4286451,
              51.3955715
            ],
            [
              7.4287958,
              51.3957257
            ],
            [
              7.4289899,
              51.3959131
            ],
            [
              7.4279339,
              51.3961405
            ],
            [
              7.4272733,
              51.3963595
            ],
            [
              7.4263061,
              51.3966854
            ],
            [
              7.4251599,
              51.3971034
            ],
            [
              7.4236886,
              51.3979192
            ],
            [
              7.4224065,
              51.3989277
            ],
            [
              7.4212828,
              51.3997798
            ],
            [
              7.420245,
              51.4003716
            ],
            [
              7.42017,
              51.4004176
            ],
            [
              7.4200754,
              51.4004657
            ],
            [
              7.4189995,
              51.4008585
            ],
            [
              7.4162285,
              51.4015694
            ],
            [
              7.4146833,
              51.4015161
            ],
            [
              7.4137272,
              51.4012043
            ],
            [
              7.4121273,
              51.400329
            ],
            [
              7.4107706,
              51.3995552
            ],
            [
              7.4096138,
              51.3990777
            ],
            [
              7.4083095,
              51.3984453
            ],
            [
              7.4075728,
              51.3980528
            ],
            [
              7.4065534,
              51.3975362
            ],
            [
              7.4055128,
              51.3969382
            ],
            [
              7.4047838,
              51.3965193
            ],
            [
              7.4040618,
              51.396106
            ],
            [
              7.4038108,
              51.3958144
            ],
            [
              7.4025466,
              51.3943586
            ],
            [
              7.4022403,
              51.392823
            ],
            [
              7.4032048,
              51.3910897
            ],
            [
              7.4033309,
              51.3906907
            ],
            [
              7.4040026,
              51.3885598
            ],
            [
              7.4038916,
              51.3848142
            ],
            [
              7.4038516,
              51.3834445
            ],
            [
              7.4051097,
              51.3834901
            ],
            [
              7.4059551,
              51.3835301
            ],
            [
              7.4060578,
              51.3835444
            ],
            [
              7.4066916,
              51.3835747
            ],
            [
              7.407234,
              51.3836064
            ],
            [
              7.4077799,
              51.3836399
            ],
            [
              7.4076299,
              51.3836151
            ],
            [
              7.4067689,
              51.3832457
            ],
            [
              7.4068641,
              51.3831111
            ],
            [
              7.4068952,
              51.3830071
            ],
            [
              7.4068974,
              51.3827832
            ],
            [
              7.4069453,
              51.382651
            ],
            [
              7.4070784,
              51.3824031
            ],
            [
              7.4071359,
              51.3823034
            ],
            [
              7.4072246,
              51.3822094
            ],
            [
              7.407579,
              51.3819891
            ],
            [
              7.4066037,
              51.3814097
            ],
            [
              7.405449,
              51.3807418
            ],
            [
              7.4050629,
              51.3805099
            ],
            [
              7.4061253,
              51.3804422
            ],
            [
              7.4070437,
              51.3796305
            ],
            [
              7.4072041,
              51.3794858
            ],
            [
              7.4071379,
              51.3794413
            ],
            [
              7.4070843,
              51.379411
            ],
            [
              7.4069704,
              51.379382
            ],
            [
              7.4068575,
              51.3793758
            ],
            [
              7.406744,
              51.3793457
            ],
            [
              7.4066628,
              51.379344
            ],
            [
              7.4066342,
              51.3793349
            ],
            [
              7.406596,
              51.3793137
            ],
            [
              7.4065224,
              51.3792404
            ],
            [
              7.4064382,
              51.379172
            ],
            [
              7.4064233,
              51.3791246
            ],
            [
              7.406384,
              51.3790927
            ],
            [
              7.4063464,
              51.3790599
            ],
            [
              7.4063072,
              51.3789988
            ],
            [
              7.4062419,
              51.378973
            ],
            [
              7.4061918,
              51.3789412
            ],
            [
              7.4060901,
              51.3788758
            ],
            [
              7.4060456,
              51.3787788
            ],
            [
              7.4059427,
              51.3786734
            ],
            [
              7.4058245,
              51.3785783
            ],
            [
              7.4057292,
              51.3785266
            ],
            [
              7.4056273,
              51.3784422
            ],
            [
              7.4055063,
              51.3783472
            ],
            [
              7.4053357,
              51.3782097
            ],
            [
              7.4051499,
              51.3780971
            ],
            [
              7.4050973,
              51.3780586
            ],
            [
              7.4039518,
              51.377035
            ],
            [
              7.4038082,
              51.3768497
            ],
            [
              7.4034255,
              51.376428
            ],
            [
              7.4033525,
              51.3763031
            ],
            [
              7.4032944,
              51.3762297
            ],
            [
              7.4031148,
              51.3760599
            ],
            [
              7.4029431,
              51.3758736
            ],
            [
              7.4028744,
              51.3758158
            ],
            [
              7.4027608,
              51.3756823
            ],
            [
              7.4025555,
              51.3754339
            ],
            [
              7.402476,
              51.3753204
            ],
            [
              7.4023107,
              51.3751317
            ],
            [
              7.402102,
              51.3749668
            ],
            [
              7.4019113,
              51.3747729
            ],
            [
              7.4018321,
              51.3747072
            ],
            [
              7.4016945,
              51.3746306
            ],
            [
              7.4014847,
              51.3745354
            ],
            [
              7.4013604,
              51.3744616
            ],
            [
              7.4011525,
              51.3743526
            ],
            [
              7.401041,
              51.3743109
            ],
            [
              7.4006125,
              51.374206
            ],
            [
              7.400489,
              51.3741561
            ],
            [
              7.4002153,
              51.3741255
            ],
            [
              7.3999861,
              51.3740736
            ],
            [
              7.3997805,
              51.3740524
            ],
            [
              7.3995382,
              51.3740171
            ],
            [
              7.3992985,
              51.3739932
            ],
            [
              7.3991107,
              51.373997
            ],
            [
              7.3989148,
              51.3740183
            ],
            [
              7.3987226,
              51.3740452
            ],
            [
              7.3985111,
              51.3741032
            ],
            [
              7.3980484,
              51.3741772
            ],
            [
              7.3975191,
              51.374323
            ],
            [
              7.3973948,
              51.3743905
            ],
            [
              7.3972252,
              51.3744849
            ],
            [
              7.3970058,
              51.3745297
            ],
            [
              7.396947,
              51.3745427
            ],
            [
              7.3969458,
              51.3745342
            ],
            [
              7.3969422,
              51.3745223
            ],
            [
              7.3969136,
              51.37443
            ],
            [
              7.3968368,
              51.3744209
            ],
            [
              7.3970817,
              51.3743099
            ],
            [
              7.3974533,
              51.3741463
            ],
            [
              7.3977696,
              51.3739985
            ],
            [
              7.3978443,
              51.3739468
            ],
            [
              7.397858,
              51.3739374
            ],
            [
              7.3976829,
              51.3738962
            ],
            [
              7.3975606,
              51.3738472
            ],
            [
              7.3973607,
              51.3737641
            ],
            [
              7.3972653,
              51.3737144
            ],
            [
              7.3971257,
              51.3736397
            ],
            [
              7.3969096,
              51.3735181
            ],
            [
              7.3966226,
              51.3733526
            ],
            [
              7.3963435,
              51.3731877
            ],
            [
              7.3961632,
              51.3730747
            ],
            [
              7.3959963,
              51.3729601
            ],
            [
              7.3956754,
              51.372757
            ],
            [
              7.3953993,
              51.3725937
            ],
            [
              7.3952137,
              51.3723609
            ],
            [
              7.3950919,
              51.3721914
            ],
            [
              7.3950148,
              51.3721299
            ],
            [
              7.3949333,
              51.3720174
            ],
            [
              7.3956605,
              51.3717762
            ],
            [
              7.3950619,
              51.3710279
            ],
            [
              7.3951704,
              51.3709946
            ],
            [
              7.395207,
              51.3708575
            ],
            [
              7.3948746,
              51.3704705
            ],
            [
              7.394537,
              51.3704133
            ],
            [
              7.3943569,
              51.3703476
            ],
            [
              7.3942503,
              51.3703062
            ],
            [
              7.3939833,
              51.3702079
            ],
            [
              7.3936443,
              51.3700848
            ],
            [
              7.3927514,
              51.369752
            ],
            [
              7.3934885,
              51.3689922
            ],
            [
              7.3918863,
              51.3673322
            ],
            [
              7.3913568,
              51.3668062
            ],
            [
              7.3915209,
              51.3666243
            ],
            [
              7.3904233,
              51.3662106
            ],
            [
              7.3910043,
              51.3655856
            ],
            [
              7.3903027,
              51.3654409
            ]
          ]
        ]
      }
    },
    {
      "type": "Feature",
      "properties": {
        "name": "Kabel",
        "city": "Hagen",
        "osm_id": 2825533,
        "osm_type": "relation",
        "display": "Kabel, Boele, Hagen-Nord, Hagen, Nordrhein-Westfalen, Deutschland"
      },
      "geometry": {
        "type": "Polygon",
        "coordinates": [
          [
            [
              7.4708444,
              51.4007031
            ],
            [
              7.4721747,
              51.400693
            ],
            [
              7.4735861,
              51.398942
            ],
            [
              7.4747054,
              51.3978691
            ],
            [
              7.476492,
              51.3983296
            ],
            [
              7.4784631,
              51.4001855
            ],
            [
              7.4800773,
              51.4009143
            ],
            [
              7.4832002,
              51.4019162
            ],
            [
              7.4860834,
              51.4024032
            ],
            [
              7.4852804,
              51.403856
            ],
            [
              7.487632,
              51.4042925
            ],
            [
              7.4884575,
              51.403573
            ],
            [
              7.4987629,
              51.4042112
            ],
            [
              7.4973843,
              51.4053604
            ],
            [
              7.4949185,
              51.4082547
            ],
            [
              7.4933286,
              51.4102987
            ],
            [
              7.493069,
              51.4132534
            ],
            [
              7.4932023,
              51.4141385
            ],
            [
              7.4932981,
              51.414616
            ],
            [
              7.4932769,
              51.4148243
            ],
            [
              7.4935354,
              51.4148368
            ],
            [
              7.4931995,
              51.4155122
            ],
            [
              7.4928434,
              51.4156661
            ],
            [
              7.4929569,
              51.41572
            ],
            [
              7.4928176,
              51.4158466
            ],
            [
              7.4924158,
              51.4160922
            ],
            [
              7.4920066,
              51.4163424
            ],
            [
              7.4917711,
              51.4164869
            ],
            [
              7.4916238,
              51.4162741
            ],
            [
              7.4913974,
              51.4163823
            ],
            [
              7.4908118,
              51.4165678
            ],
            [
              7.4903664,
              51.4167095
            ],
            [
              7.490068,
              51.4167722
            ],
            [
              7.4890438,
              51.4171228
            ],
            [
              7.4887568,
              51.4172216
            ],
            [
              7.4884654,
              51.41732
            ],
            [
              7.4883333,
              51.4173687
            ],
            [
              7.4877466,
              51.4175836
            ],
            [
              7.4873633,
              51.4176791
            ],
            [
              7.4870297,
              51.4177631
            ],
            [
              7.4867704,
              51.4178273
            ],
            [
              7.4863822,
              51.4179254
            ],
            [
              7.4863428,
              51.41789
            ],
            [
              7.4861168,
              51.4178919
            ],
            [
              7.4856717,
              51.4178552
            ],
            [
              7.4854708,
              51.417838
            ],
            [
              7.4851839,
              51.4178148
            ],
            [
              7.4847813,
              51.4177818
            ],
            [
              7.4844437,
              51.4177552
            ],
            [
              7.4839971,
              51.4177179
            ],
            [
              7.4832337,
              51.4176853
            ],
            [
              7.4817717,
              51.4176246
            ],
            [
              7.4822654,
              51.4115718
            ],
            [
              7.4829467,
              51.4088802
            ],
            [
              7.4838228,
              51.4065426
            ],
            [
              7.4805295,
              51.4059151
            ],
            [
              7.479183,
              51.4067348
            ],
            [
              7.4783551,
              51.4070336
            ],
            [
              7.4775651,
              51.4073187
            ],
            [
              7.4766035,
              51.4076658
            ],
            [
              7.4736996,
              51.4079188
            ],
            [
              7.4729371,
              51.404893
            ],
            [
              7.4708444,
              51.4007031
            ]
          ]
        ]
      }
    },
    {
      "type": "Feature",
      "properties": {
        "name": "Bathey",
        "city": "Hagen",
        "osm_id": 2825528,
        "osm_type": "relation",
        "display": "Bathey, Boele, Hagen-Nord, Hagen, Nordrhein-Westfalen, Deutschland"
      },
      "geometry": {
        "type": "Polygon",
        "coordinates": [
          [
            [
              7.4651012,
              51.4168377
            ],
            [
              7.4671882,
              51.4132178
            ],
            [
              7.4694424,
              51.4111329
            ],
            [
              7.4736996,
              51.4079188
            ],
            [
              7.4766035,
              51.4076658
            ],
            [
              7.4775651,
              51.4073187
            ],
            [
              7.4783551,
              51.4070336
            ],
            [
              7.479183,
              51.4067348
            ],
            [
              7.4805295,
              51.4059151
            ],
            [
              7.4838228,
              51.4065426
            ],
            [
              7.4829467,
              51.4088802
            ],
            [
              7.4822654,
              51.4115718
            ],
            [
              7.4817717,
              51.4176246
            ],
            [
              7.4795615,
              51.4176293
            ],
            [
              7.4784201,
              51.4176572
            ],
            [
              7.4781247,
              51.417664
            ],
            [
              7.4775944,
              51.4176716
            ],
            [
              7.4771793,
              51.4176771
            ],
            [
              7.4766708,
              51.4176862
            ],
            [
              7.476284,
              51.4176904
            ],
            [
              7.4759464,
              51.4177121
            ],
            [
              7.4758941,
              51.4177108
            ],
            [
              7.475594,
              51.4176808
            ],
            [
              7.4751869,
              51.4176408
            ],
            [
              7.4750157,
              51.4176233
            ],
            [
              7.4742992,
              51.4175547
            ],
            [
              7.4739287,
              51.4175163
            ],
            [
              7.4733699,
              51.4174853
            ],
            [
              7.4726472,
              51.4174445
            ],
            [
              7.4719193,
              51.4174032
            ],
            [
              7.4713728,
              51.4173726
            ],
            [
              7.4708749,
              51.4173447
            ],
            [
              7.4692252,
              51.4172534
            ],
            [
              7.4687095,
              51.417204
            ],
            [
              7.4679577,
              51.4171305
            ],
            [
              7.4671428,
              51.41702
            ],
            [
              7.4667474,
              51.4169678
            ],
            [
              7.4662887,
              51.4169055
            ],
            [
              7.4661597,
              51.4168873
            ],
            [
              7.4660701,
              51.4168778
            ],
            [
              7.4658451,
              51.4168687
            ],
            [
              7.4656663,
              51.4168612
            ],
            [
              7.4654983,
              51.4168553
            ],
            [
              7.4651012,
              51.4168377
            ]
          ]
        ]
      }
    }
  ]
}