{
  "type": "FeatureCollection",
  "features": [
    {
      "type": "Feature",
      "properties": {
        "name": "Windberg",
        "city": "Mönchengladbach",
        "osm_id": 13150801,
        "osm_type": "relation",
        "display": "Windberg, Nord, Mönchengladbach, Nordrhein-Westfalen, 41063, Deutschland"
      },
      "geometry": {
        "type": "Polygon",
        "coordinates": [
          [
            [
              6.3953428,
              51.2182098
            ],
            [
              6.3953668,
              51.2172177
            ],
            [
              6.3954145,
              51.2165349
            ],
            [
              6.3957191,
              51.2155881
            ],
            [
              6.3992537,
              51.210794
            ],
            [
              6.3970343,
              51.2101896
            ],
            [
              6.3980219,
              51.2088496
            ],
            [
              6.3986,
              51.2084398
            ],
            [
              6.400204,
              51.2072816
            ],
            [
              6.4005395,
              51.2070452
            ],
            [
              6.4000678,
              51.2067582
            ],
            [
              6.399899,
              51.2065903
            ],
            [
              6.3997252,
              51.2063983
            ],
            [
              6.3995874,
              51.2062512
            ],
            [
              6.3993776,
              51.2059895
            ],
            [
              6.399433,
              51.2059566
            ],
            [
              6.4010079,
              51.2055248
            ],
            [
              6.40121,
              51.2054683
            ],
            [
              6.4012181,
              51.2054481
            ],
            [
              6.4032163,
              51.2048113
            ],
            [
              6.4032707,
              51.2048072
            ],
            [
              6.4034601,
              51.2047359
            ],
            [
              6.4044491,
              51.204378
            ],
            [
              6.4044883,
              51.2043846
            ],
            [
              6.404824,
              51.2046324
            ],
            [
              6.4050295,
              51.2047847
            ],
            [
              6.4051089,
              51.2048356
            ],
            [
              6.4060405,
              51.2043693
            ],
            [
              6.4064232,
              51.2041697
            ],
            [
              6.4068376,
              51.2039897
            ],
            [
              6.4071999,
              51.2038965
            ],
            [
              6.4064036,
              51.2021685
            ],
            [
              6.4104243,
              51.2008153
            ],
            [
              6.4108692,
              51.2005917
            ],
            [
              6.4128233,
              51.2000688
            ],
            [
              6.413092,
              51.200682
            ],
            [
              6.4142734,
              51.1999429
            ],
            [
              6.41527,
              51.2006768
            ],
            [
              6.4180833,
              51.2022971
            ],
            [
              6.4191716,
              51.2029624
            ],
            [
              6.4198734,
              51.2031261
            ],
            [
              6.4228303,
              51.203931
            ],
            [
              6.4254936,
              51.2045372
            ],
            [
              6.4258672,
              51.2038446
            ],
            [
              6.4305353,
              51.2046403
            ],
            [
              6.4309588,
              51.2037277
            ],
            [
              6.4345681,
              51.2042518
            ],
            [
              6.434579,
              51.204381
            ],
            [
              6.4340633,
              51.2061111
            ],
            [
              6.43326,
              51.2081882
            ],
            [
              6.4328152,
              51.2092558
            ],
            [
              6.4325378,
              51.2098924
            ],
            [
              6.432441,
              51.2100616
            ],
            [
              6.4322938,
              51.210427
            ],
            [
              6.4322695,
              51.2105944
            ],
            [
              6.4322714,
              51.2107996
            ],
            [
              6.4322708,
              51.2108944
            ],
            [
              6.4322662,
              51.2116318
            ],
            [
              6.4311642,
              51.211623
            ],
            [
              6.4311649,
              51.2117791
            ],
            [
              6.4311651,
              51.2118131
            ],
            [
              6.4311647,
              51.2119711
            ],
            [
              6.4311542,
              51.2131953
            ],
            [
              6.4311541,
              51.2132944
            ],
            [
              6.4339227,
              51.2134186
            ],
            [
              6.4350438,
              51.2134529
            ],
            [
              6.4361363,
              51.2135533
            ],
            [
              6.4373037,
              51.2137119
            ],
            [
              6.4384623,
              51.2140256
            ],
            [
              6.4398812,
              51.2146303
            ],
            [
              6.4408313,
              51.2151615
            ],
            [
              6.4413329,
              51.2155503
            ],
            [
              6.4418138,
              51.2160772
            ],
            [
              6.4420829,
              51.2164679
            ],
            [
              6.4422798,
              51.216974
            ],
            [
              6.4423865,
              51.2173182
            ],
            [
              6.4424331,
              51.2176729
            ],
            [
              6.4424375,
              51.2180558
            ],
            [
              6.4423736,
              51.2183537
            ],
            [
              6.4422093,
              51.2187142
            ],
            [
              6.4419811,
              51.2190705
            ],
            [
              6.4417584,
              51.2193246
            ],
            [
              6.4413252,
              51.219725
            ],
            [
              6.441733,
              51.2199338
            ],
            [
              6.4405723,
              51.2205932
            ],
            [
              6.4391603,
              51.2217131
            ],
            [
              6.4380328,
              51.2229419
            ],
            [
              6.4372642,
              51.2241661
            ],
            [
              6.4368029,
              51.2254636
            ],
            [
              6.4332047,
              51.2243002
            ],
            [
              6.4302271,
              51.2258863
            ],
            [
              6.4302152,
              51.2258784
            ],
            [
              6.4301989,
              51.2258676
            ],
            [
              6.4301814,
              51.2258501
            ],
            [
              6.4301389,
              51.2258094
            ],
            [
              6.4301325,
              51.2258033
            ],
            [
              6.4300409,
              51.2257225
            ],
            [
              6.4299777,
              51.2256696
            ],
            [
              6.4296768,
              51.2254489
            ],
            [
              6.4292241,
              51.2250861
            ],
            [
              6.4288971,
              51.2248282
            ],
            [
              6.4287496,
              51.2247165
            ],
            [
              6.4282972,
              51.2245156
            ],
            [
              6.4278869,
              51.224343
            ],
            [
              6.4274828,
              51.2241829
            ],
            [
              6.4272789,
              51.2241015
            ],
            [
              6.4270235,
              51.2240022
            ],
            [
              6.4269522,
              51.2239711
            ],
            [
              6.4269385,
              51.223961
            ],
            [
              6.426729,
              51.2238821
            ],
            [
              6.4264994,
              51.223798
            ],
            [
              6.425831,
              51.2235212
            ],
            [
              6.4256565,
              51.2234474
            ],
            [
              6.4254954,
              51.2233792
            ],
            [
              6.4249963,
              51.2231739
            ],
            [
              6.4249497,
              51.2231547
            ],
            [
              6.424897,
              51.2231334
            ],
            [
              6.4246535,
              51.2230331
            ],
            [
              6.4245766,
              51.2230015
            ],
            [
              6.424479,
              51.222965
            ],
            [
              6.4243873,
              51.2229306
            ],
            [
              6.4242137,
              51.2228657
            ],
            [
              6.4241551,
              51.2228451
            ],
            [
              6.423992,
              51.2227736
            ],
            [
              6.4237366,
              51.2226615
            ],
            [
              6.423616,
              51.2226164
            ],
            [
              6.4235385,
              51.2225875
            ],
            [
              6.423435,
              51.222555
            ],
            [
              6.4232818,
              51.2225067
            ],
            [
              6.4230728,
              51.2223983
            ],
            [
              6.4229864,
              51.2223623
            ],
            [
              6.4229271,
              51.2223374
            ],
            [
              6.4228785,
              51.2223173
            ],
            [
              6.4228138,
              51.2222904
            ],
            [
              6.4227925,
              51.2222797
            ],
            [
              6.4222737,
              51.2220183
            ],
            [
              6.4221554,
              51.2219869
            ],
            [
              6.4220591,
              51.221955
            ],
            [
              6.4219481,
              51.2219145
            ],
            [
              6.4218115,
              51.2218646
            ],
            [
              6.4215101,
              51.2217449
            ],
            [
              6.4213882,
              51.2216963
            ],
            [
              6.4213276,
              51.2216723
            ],
            [
              6.4210934,
              51.2215764
            ],
            [
              6.4210878,
              51.2215741
            ],
            [
              6.4208442,
              51.22148
            ],
            [
              6.4207142,
              51.2214162
            ],
            [
              6.4204957,
              51.2213088
            ],
            [
              6.4202466,
              51.2212191
            ],
            [
              6.420213,
              51.221204
            ],
            [
              6.4200138,
              51.2211144
            ],
            [
              6.4196447,
              51.2209761
            ],
            [
              6.4194076,
              51.2208751
            ],
            [
              6.4191587,
              51.2207852
            ],
            [
              6.4191396,
              51.2207774
            ],
            [
              6.4188882,
              51.2206759
            ],
            [
              6.4186769,
              51.2205906
            ],
            [
              6.4181988,
              51.2203922
            ],
            [
              6.4177247,
              51.22019
            ],
            [
              6.4176908,
              51.2201777
            ],
            [
              6.4175398,
              51.220123
            ],
            [
              6.4175148,
              51.2201142
            ],
            [
              6.4174764,
              51.2200875
            ],
            [
              6.4173787,
              51.2200194
            ],
            [
              6.4173252,
              51.2200099
            ],
            [
              6.4173195,
              51.2200089
            ],
            [
              6.4170655,
              51.2199636
            ],
            [
              6.4167622,
              51.2199095
            ],
            [
              6.415138,
              51.2195745
            ],
            [
              6.4142287,
              51.2193803
            ],
            [
              6.4128738,
              51.2191057
            ],
            [
              6.4116108,
              51.2188497
            ],
            [
              6.4110599,
              51.2187555
            ],
            [
              6.4107624,
              51.2186986
            ],
            [
              6.4103464,
              51.2186484
            ],
            [
              6.4100113,
              51.2186306
            ],
            [
              6.4096914,
              51.218622
            ],
            [
              6.4089392,
              51.2186019
            ],
            [
              6.4081901,
              51.2185819
            ],
            [
              6.4077359,
              51.218567
            ],
            [
              6.4075778,
              51.2185619
            ],
            [
              6.4064748,
              51.2185258
            ],
            [
              6.4056951,
              51.2185003
            ],
            [
              6.4041422,
              51.2184523
            ],
            [
              6.4036915,
              51.2184384
            ],
            [
              6.4029978,
              51.2184137
            ],
            [
              6.4024378,
              51.2183938
            ],
            [
              6.4018071,
              51.2183714
            ],
            [
              6.4015191,
              51.2183611
            ],
            [
              6.4014226,
              51.2183577
            ],
            [
              6.4012642,
              51.2183521
            ],
            [
              6.401027,
              51.2183436
            ],
            [
              6.4009348,
              51.2183403
            ],
            [
              6.4009222,
              51.2183399
            ],
            [
              6.4008343,
              51.2183372
            ],
            [
              6.4007522,
              51.2183347
            ],
            [
              6.4006528,
              51.2183317
            ],
            [
              6.4005832,
              51.2183296
            ],
            [
              6.4003709,
              51.2183231
            ],
            [
              6.3998657,
              51.2183076
            ],
            [
              6.3983545,
              51.2182615
            ],
            [
              6.3968098,
              51.2182458
            ],
            [
              6.3961596,
              51.2182299
            ],
            [
              6.3961173,
              51.2182289
            ],
            [
              6.3954243,
              51.2182118
            ],
            [
              6.3953428,
              51.2182098
            ]
          ]
        ]
      }
    },
    {
      "type": "Feature",
      "properties": {
        "name": "Eicken",
        "city": "Mönchengladbach",
        "osm_id": 13150850,
        "osm_type": "relation",
        "display": "Eicken, Nord, Mönchengladbach, Nordrhein-Westfalen, Deutschland"
      },
      "geometry": {
        "type": "Polygon",
        "coordinates": [
          [
            [
              6.4311541,
              51.2132944
            ],
            [
              6.4311542,
              51.2131953
            ],
            [
              6.4311647,
              51.2119711
            ],
            [
              6.4311651,
              51.2118131
            ],
            [
              6.4311649,
              51.2117791
            ],
            [
              6.4311642,
              51.211623
            ],
            [
              6.4322662,
              51.2116318
            ],
            [
              6.4322708,
              51.2108944
            ],
            [
              6.4322714,
              51.2107996
            ],
            [
              6.4322695,
              51.2105944
            ],
            [
              6.4322938,
              51.210427
            ],
            [
              6.432441,
              51.2100616
            ],
            [
              6.4325378,
              51.2098924
            ],
            [
              6.4328152,
              51.2092558
            ],
            [
              6.43326,
              51.2081882
            ],
            [
              6.4340633,
              51.2061111
            ],
            [
              6.434579,
              51.204381
            ],
            [
              6.4345681,
              51.2042518
            ],
            [
              6.4348403,
              51.2034538
            ],
            [
              6.4350657,
              51.2029097
            ],
            [
              6.4352641,
              51.2024944
            ],
            [
              6.4356087,
              51.2020228
            ],
            [
              6.4356908,
              51.201954
            ],
            [
              6.4358419,
              51.2019056
            ],
            [
              6.4363609,
              51.2018919
            ],
            [
              6.4373929,
              51.201815
            ],
            [
              6.4375269,
              51.202097
            ],
            [
              6.4422718,
              51.201213
            ],
            [
              6.4414335,
              51.2007373
            ],
            [
              6.4435005,
              51.199123
            ],
            [
              6.443652,
              51.1991696
            ],
            [
              6.4443853,
              51.1985883
            ],
            [
              6.4460268,
              51.1990606
            ],
            [
              6.4462669,
              51.1982679
            ],
            [
              6.447226,
              51.1989258
            ],
            [
              6.4477342,
              51.1992713
            ],
            [
              6.4479856,
              51.1995038
            ],
            [
              6.4482508,
              51.1993786
            ],
            [
              6.4486815,
              51.1991174
            ],
            [
              6.4490713,
              51.1984502
            ],
            [
              6.4514154,
              51.1997955
            ],
            [
              6.4541919,
              51.2020043
            ],
            [
              6.4553687,
              51.2037428
            ],
            [
              6.4626889,
              51.2086322
            ],
            [
              6.4637315,
              51.2093291
            ],
            [
              6.4620531,
              51.2103389
            ],
            [
              6.4626988,
              51.2109884
            ],
            [
              6.4619612,
              51.2112349
            ],
            [
              6.4622133,
              51.2116408
            ],
            [
              6.4618175,
              51.2118259
            ],
            [
              6.4621662,
              51.2121226
            ],
            [
              6.4608264,
              51.2126176
            ],
            [
              6.4613975,
              51.2131977
            ],
            [
              6.4601328,
              51.2135612
            ],
            [
              6.4565254,
              51.2143947
            ],
            [
              6.4539007,
              51.2143919
            ],
            [
              6.4519718,
              51.2138123
            ],
            [
              6.4513605,
              51.2143534
            ],
            [
              6.4503667,
              51.2151318
            ],
            [
              6.4490892,
              51.2159664
            ],
            [
              6.4466861,
              51.2173249
            ],
            [
              6.4435894,
              51.2189551
            ],
            [
              6.441733,
              51.2199338
            ],
            [
              6.4413252,
              51.219725
            ],
            [
              6.4417584,
              51.2193246
            ],
            [
              6.4419811,
              51.2190705
            ],
            [
              6.4422093,
              51.2187142
            ],
            [
              6.4423736,
              51.2183537
            ],
            [
              6.4424375,
              51.2180558
            ],
            [
              6.4424331,
              51.2176729
            ],
            [
              6.4423865,
              51.2173182
            ],
            [
              6.4422798,
              51.216974
            ],
            [
              6.4420829,
              51.2164679
            ],
            [
              6.4418138,
              51.2160772
            ],
            [
              6.4413329,
              51.2155503
            ],
            [
              6.4408313,
              51.2151615
            ],
            [
              6.4398812,
              51.2146303
            ],
            [
              6.4384623,
              51.2140256
            ],
            [
              6.4373037,
              51.2137119
            ],
            [
              6.4361363,
              51.2135533
            ],
            [
              6.4350438,
              51.2134529
            ],
            [
              6.4339227,
              51.2134186
            ],
            [
              6.4311541,
              51.2132944
            ]
          ]
        ]
      }
    },
    {
      "type": "Feature",
      "properties": {
        "name": "Am Wasserturm",
        "city": "Mönchengladbach",
        "osm_id": 13150948,
        "osm_type": "relation",
        "display": "Am Wasserturm, Hamern, Nord, Mönchengladbach, Nordrhein-Westfalen, Deutschland"
      },
      "geometry": {
        "type": "Polygon",
        "coordinates": [
          [
            [
              6.4142201,
              51.1951971
            ],
            [
              6.4173621,
              51.1948936
            ],
            [
              6.4191647,
              51.1947533
            ],
            [
              6.4196634,
              51.1945802
            ],
            [
              6.4200295,
              51.1944709
            ],
            [
              6.4205867,
              51.1952741
            ],
            [
              6.4214105,
              51.196794
            ],
            [
              6.4218462,
              51.1971732
            ],
            [
              6.4231872,
              51.1979065
            ],
            [
              6.4249501,
              51.1984002
            ],
            [
              6.4267367,
              51.1985997
            ],
            [
              6.4290297,
              51.1986973
            ],
            [
              6.4311193,
              51.1987727
            ],
            [
              6.4323798,
              51.1988267
            ],
            [
              6.4335854,
              51.1989149
            ],
            [
              6.4346851,
              51.198967
            ],
            [
              6.4357258,
              51.1990385
            ],
            [
              6.4367079,
              51.1992809
            ],
            [
              6.4373553,
              51.1995427
            ],
            [
              6.4377509,
              51.1998108
            ],
            [
              6.4376257,
              51.2001681
            ],
            [
              6.4376195,
              51.2003755
            ],
            [
              6.4376646,
              51.2005678
            ],
            [
              6.4376859,
              51.2007318
            ],
            [
              6.4376678,
              51.2009007
            ],
            [
              6.4376175,
              51.2010423
            ],
            [
              6.4375165,
              51.2012455
            ],
            [
              6.4374243,
              51.2015549
            ],
            [
              6.4373929,
              51.201815
            ],
            [
              6.4363609,
              51.2018919
            ],
            [
              6.4358419,
              51.2019056
            ],
            [
              6.4356908,
              51.201954
            ],
            [
              6.4356087,
              51.2020228
            ],
            [
              6.4352641,
              51.2024944
            ],
            [
              6.4350657,
              51.2029097
            ],
            [
              6.4348403,
              51.2034538
            ],
            [
              6.4345681,
              51.2042518
            ],
            [
              6.4309588,
              51.2037277
            ],
            [
              6.4305353,
              51.2046403
            ],
            [
              6.4258672,
              51.2038446
            ],
            [
              6.4254936,
              51.2045372
            ],
            [
              6.4228303,
              51.203931
            ],
            [
              6.4198734,
              51.2031261
            ],
            [
              6.4191716,
              51.2029624
            ],
            [
              6.4180833,
              51.2022971
            ],
            [
              6.41527,
              51.2006768
            ],
            [
              6.4142734,
              51.1999429
            ],
            [
              6.4161566,
              51.1988978
            ],
            [
              6.4170724,
              51.1983761
            ],
            [
              6.4171669,
              51.1982799
            ],
            [
              6.4174656,
              51.1977401
            ],
            [
              6.4150856,
              51.1978157
            ],
            [
              6.4149285,
              51.1974708
            ],
            [
              6.4142201,
              51.1951971
            ]
          ]
        ]
      }
    },
    {
      "type": "Feature",
      "properties": {
        "name": "Gladbach",
        "city": "Mönchengladbach",
        "osm_id": 13151065,
        "osm_type": "relation",
        "display": "Gladbach, Nord, Mönchengladbach, Nordrhein-Westfalen, 41061, Deutschland"
      },
      "geometry": {
        "type": "Polygon",
        "coordinates": [
          [
            [
              6.4200295,
              51.1944709
            ],
            [
              6.4225388,
              51.1938885
            ],
            [
              6.4231791,
              51.1936784
            ],
            [
              6.425221,
              51.1927858
            ],
            [
              6.4259505,
              51.1924328
            ],
            [
              6.4270328,
              51.1920075
            ],
            [
              6.4273641,
              51.1918503
            ],
            [
              6.4278898,
              51.1916074
            ],
            [
              6.4295447,
              51.191209
            ],
            [
              6.4312412,
              51.1909417
            ],
            [
              6.4325219,
              51.1906476
            ],
            [
              6.4332141,
              51.1903745
            ],
            [
              6.4335734,
              51.190166
            ],
            [
              6.4345555,
              51.1897226
            ],
            [
              6.4354576,
              51.189291
            ],
            [
              6.4363276,
              51.18888
            ],
            [
              6.4367008,
              51.1886749
            ],
            [
              6.4377351,
              51.187943
            ],
            [
              6.4383966,
              51.1875269
            ],
            [
              6.4390193,
              51.1867256
            ],
            [
              6.4399397,
              51.1855734
            ],
            [
              6.4400455,
              51.1857866
            ],
            [
              6.4402091,
              51.1861288
            ],
            [
              6.440421,
              51.186586
            ],
            [
              6.4406034,
              51.1869878
            ],
            [
              6.4407691,
              51.1873182
            ],
            [
              6.4409937,
              51.1877616
            ],
            [
              6.4412016,
              51.1882181
            ],
            [
              6.4415771,
              51.1889396
            ],
            [
              6.4419097,
              51.1896457
            ],
            [
              6.4420491,
              51.1899281
            ],
            [
              6.442194,
              51.1902038
            ],
            [
              6.442418,
              51.1904209
            ],
            [
              6.4443215,
              51.1942033
            ],
            [
              6.4482418,
              51.197972
            ],
            [
              6.4490713,
              51.1984502
            ],
            [
              6.4486815,
              51.1991174
            ],
            [
              6.4482508,
              51.1993786
            ],
            [
              6.4479856,
              51.1995038
            ],
            [
              6.4477342,
              51.1992713
            ],
            [
              6.447226,
              51.1989258
            ],
            [
              6.4462669,
              51.1982679
            ],
            [
              6.4460268,
              51.1990606
            ],
            [
              6.4443853,
              51.1985883
            ],
            [
              6.443652,
              51.1991696
            ],
            [
              6.4435005,
              51.199123
            ],
            [
              6.4414335,
              51.2007373
            ],
            [
              6.4422718,
              51.201213
            ],
            [
              6.4375269,
              51.202097
            ],
            [
              6.4373929,
              51.201815
            ],
            [
              6.4374243,
              51.2015549
            ],
            [
              6.4375165,
              51.2012455
            ],
            [
              6.4376175,
              51.2010423
            ],
            [
              6.4376678,
              51.2009007
            ],
            [
              6.4376859,
              51.2007318
            ],
            [
              6.4376646,
              51.2005678
            ],
            [
              6.4376195,
              51.2003755
            ],
            [
              6.4376257,
              51.2001681
            ],
            [
              6.4377509,
              51.1998108
            ],
            [
              6.4373553,
              51.1995427
            ],
            [
              6.4367079,
              51.1992809
            ],
            [
              6.4357258,
              51.1990385
            ],
            [
              6.4346851,
              51.198967
            ],
            [
              6.4335854,
              51.1989149
            ],
            [
              6.4323798,
              51.1988267
            ],
            [
              6.4311193,
              51.1987727
            ],
            [
              6.4290297,
              51.1986973
            ],
            [
              6.4267367,
              51.1985997
            ],
            [
              6.4249501,
              51.1984002
            ],
            [
              6.4231872,
              51.1979065
            ],
            [
              6.4218462,
              51.1971732
            ],
            [
              6.4214105,
              51.196794
            ],
            [
              6.4205867,
              51.1952741
            ],
            [
              6.4200295,
              51.1944709
            ]
          ]
        ]
      }
    },
    {
      "type": "Feature",
      "properties": {
        "name": "Waldhausen",
        "city": "Mönchengladbach",
        "osm_id": 13151161,
        "osm_type": "relation",
        "display": "Waldhausen, Nord, Mönchengladbach, Nordrhein-Westfalen, Deutschland"
      },
      "geometry": {
        "type": "Polygon",
        "coordinates": [
          [
            [
              6.4051929,
              51.1963148
            ],
            [
              6.4052264,
              51.1955744
            ],
            [
              6.4053565,
              51.1948987
            ],
            [
              6.4055791,
              51.1943717
            ],
            [
              6.4069665,
              51.1913914
            ],
            [
              6.4070809,
              51.1911143
            ],
            [
              6.4080252,
              51.1889191
            ],
            [
              6.4093819,
              51.1871962
            ],
            [
              6.4112554,
              51.1857236
            ],
            [
              6.4151697,
              51.1866005
            ],
            [
              6.4156143,
              51.1866976
            ],
            [
              6.4158857,
              51.1865006
            ],
            [
              6.4160542,
              51.1865964
            ],
            [
              6.4181123,
              51.1879466
            ],
            [
              6.4190351,
              51.1885683
            ],
            [
              6.4187012,
              51.1890619
            ],
            [
              6.4185005,
              51.1893613
            ],
            [
              6.4185027,
              51.1894155
            ],
            [
              6.4182177,
              51.1898119
            ],
            [
              6.4180985,
              51.1899928
            ],
            [
              6.4180282,
              51.1901272
            ],
            [
              6.4179668,
              51.1902672
            ],
            [
              6.4179202,
              51.1904067
            ],
            [
              6.4178854,
              51.1905474
            ],
            [
              6.4178659,
              51.1906909
            ],
            [
              6.4178559,
              51.1908315
            ],
            [
              6.4178576,
              51.1909749
            ],
            [
              6.4178769,
              51.1910906
            ],
            [
              6.4178869,
              51.1911026
            ],
            [
              6.4178857,
              51.1911055
            ],
            [
              6.4177384,
              51.1914458
            ],
            [
              6.417756,
              51.1914893
            ],
            [
              6.4177573,
              51.1915243
            ],
            [
              6.4177597,
              51.1915992
            ],
            [
              6.4177699,
              51.1918573
            ],
            [
              6.4178073,
              51.1922823
            ],
            [
              6.4178355,
              51.192487
            ],
            [
              6.4178416,
              51.1925302
            ],
            [
              6.4178574,
              51.192583
            ],
            [
              6.4179535,
              51.1929055
            ],
            [
              6.4179691,
              51.1929631
            ],
            [
              6.418158,
              51.1933863
            ],
            [
              6.4183733,
              51.1938063
            ],
            [
              6.4186616,
              51.1942129
            ],
            [
              6.4186911,
              51.1942465
            ],
            [
              6.4189902,
              51.1946012
            ],
            [
              6.4190509,
              51.1946639
            ],
            [
              6.4190588,
              51.1946725
            ],
            [
              6.4190878,
              51.1947019
            ],
            [
              6.4191647,
              51.1947533
            ],
            [
              6.4173621,
              51.1948936
            ],
            [
              6.4142201,
              51.1951971
            ],
            [
              6.4149285,
              51.1974708
            ],
            [
              6.4150856,
              51.1978157
            ],
            [
              6.4174656,
              51.1977401
            ],
            [
              6.4171669,
              51.1982799
            ],
            [
              6.4170724,
              51.1983761
            ],
            [
              6.4161566,
              51.1988978
            ],
            [
              6.4142734,
              51.1999429
            ],
            [
              6.413092,
              51.200682
            ],
            [
              6.4128233,
              51.2000688
            ],
            [
              6.4108692,
              51.2005917
            ],
            [
              6.4104243,
              51.2008153
            ],
            [
              6.4064036,
              51.2021685
            ],
            [
              6.4059037,
              51.2009902
            ],
            [
              6.405561,
              51.1995003
            ],
            [
              6.4053672,
              51.1974787
            ],
            [
              6.4052606,
              51.196814
            ],
            [
              6.4051929,
              51.1963148
            ]
          ]
        ]
      }
    },
    {
      "type": "Feature",
      "properties": {
        "name": "Westend",
        "city": "Mönchengladbach",
        "osm_id": 13151215,
        "osm_type": "relation",
        "display": "Westend, Nord, Mönchengladbach, Nordrhein-Westfalen, Deutschland"
      },
      "geometry": {
        "type": "Polygon",
        "coordinates": [
          [
            [
              6.4112554,
              51.1857236
            ],
            [
              6.4117357,
              51.185346
            ],
            [
              6.4152784,
              51.1838789
            ],
            [
              6.4192881,
              51.1824184
            ],
            [
              6.4214481,
              51.1816129
            ],
            [
              6.4229223,
              51.1811211
            ],
            [
              6.4241679,
              51.1805628
            ],
            [
              6.4251861,
              51.1800198
            ],
            [
              6.4259109,
              51.1795019
            ],
            [
              6.4259934,
              51.1794313
            ],
            [
              6.4262223,
              51.1792331
            ],
            [
              6.4258553,
              51.1797253
            ],
            [
              6.4257933,
              51.1798056
            ],
            [
              6.4257934,
              51.1798093
            ],
            [
              6.4257946,
              51.1798128
            ],
            [
              6.4257969,
              51.1798161
            ],
            [
              6.4258002,
              51.1798191
            ],
            [
              6.4258044,
              51.1798216
            ],
            [
              6.4258095,
              51.1798234
            ],
            [
              6.4259161,
              51.1798601
            ],
            [
              6.4259117,
              51.1798657
            ],
            [
              6.4261211,
              51.179928
            ],
            [
              6.4261254,
              51.1799223
            ],
            [
              6.4262325,
              51.1799517
            ],
            [
              6.4262384,
              51.1799528
            ],
            [
              6.4262447,
              51.179953
            ],
            [
              6.4262506,
              51.1799523
            ],
            [
              6.4262564,
              51.1799509
            ],
            [
              6.4262614,
              51.1799487
            ],
            [
              6.4262659,
              51.179946
            ],
            [
              6.4265934,
              51.1800619
            ],
            [
              6.4269332,
              51.1804927
            ],
            [
              6.4271625,
              51.1807627
            ],
            [
              6.4272118,
              51.1808271
            ],
            [
              6.4265648,
              51.1812053
            ],
            [
              6.4261153,
              51.1815093
            ],
            [
              6.425752,
              51.1818117
            ],
            [
              6.425567,
              51.1820462
            ],
            [
              6.4265983,
              51.1823459
            ],
            [
              6.427764,
              51.1826849
            ],
            [
              6.429075,
              51.1830623
            ],
            [
              6.4291313,
              51.1832068
            ],
            [
              6.4293998,
              51.1838957
            ],
            [
              6.4294755,
              51.184041
            ],
            [
              6.4296305,
              51.184218
            ],
            [
              6.4306685,
              51.1852554
            ],
            [
              6.4307765,
              51.1853798
            ],
            [
              6.4308218,
              51.1855153
            ],
            [
              6.4309611,
              51.1863242
            ],
            [
              6.4309787,
              51.1864215
            ],
            [
              6.4311228,
              51.1866222
            ],
            [
              6.4313257,
              51.1868441
            ],
            [
              6.4316283,
              51.187177
            ],
            [
              6.4318894,
              51.1871131
            ],
            [
              6.4319308,
              51.1871126
            ],
            [
              6.4323382,
              51.1872467
            ],
            [
              6.4325675,
              51.1873047
            ],
            [
              6.4328237,
              51.1873491
            ],
            [
              6.4329325,
              51.1873719
            ],
            [
              6.4329979,
              51.1873854
            ],
            [
              6.4332651,
              51.1874402
            ],
            [
              6.4334952,
              51.1874808
            ],
            [
              6.4339732,
              51.1875306
            ],
            [
              6.4342298,
              51.1875561
            ],
            [
              6.4349328,
              51.187609
            ],
            [
              6.4350401,
              51.1873779
            ],
            [
              6.4347582,
              51.1873228
            ],
            [
              6.4350432,
              51.1867432
            ],
            [
              6.435353,
              51.1860086
            ],
            [
              6.4353316,
              51.1861237
            ],
            [
              6.4353671,
              51.1861309
            ],
            [
              6.4366182,
              51.1863176
            ],
            [
              6.4366157,
              51.1863224
            ],
            [
              6.4367039,
              51.1863346
            ],
            [
              6.4369602,
              51.1863703
            ],
            [
              6.4380054,
              51.1865145
            ],
            [
              6.4380832,
              51.1865251
            ],
            [
              6.4384818,
              51.1866054
            ],
            [
              6.4390193,
              51.1867256
            ],
            [
              6.4383966,
              51.1875269
            ],
            [
              6.4377351,
              51.187943
            ],
            [
              6.4367008,
              51.1886749
            ],
            [
              6.4363276,
              51.18888
            ],
            [
              6.4354576,
              51.189291
            ],
            [
              6.4345555,
              51.1897226
            ],
            [
              6.4335734,
              51.190166
            ],
            [
              6.4332141,
              51.1903745
            ],
            [
              6.4325219,
              51.1906476
            ],
            [
              6.4312412,
              51.1909417
            ],
            [
              6.4295447,
              51.191209
            ],
            [
              6.4278898,
              51.1916074
            ],
            [
              6.4273641,
              51.1918503
            ],
            [
              6.4270328,
              51.1920075
            ],
            [
              6.4259505,
              51.1924328
            ],
            [
              6.425221,
              51.1927858
            ],
            [
              6.4231791,
              51.1936784
            ],
            [
              6.4225388,
              51.1938885
            ],
            [
              6.4200295,
              51.1944709
            ],
            [
              6.4196634,
              51.1945802
            ],
            [
              6.4191647,
              51.1947533
            ],
            [
              6.4190878,
              51.1947019
            ],
            [
              6.4190588,
              51.1946725
            ],
            [
              6.4190509,
              51.1946639
            ],
            [
              6.4189902,
              51.1946012
            ],
            [
              6.4186911,
              51.1942465
            ],
            [
              6.4186616,
              51.1942129
            ],
            [
              6.4183733,
              51.1938063
            ],
            [
              6.418158,
              51.1933863
            ],
            [
              6.4179691,
              51.1929631
            ],
            [
              6.4179535,
              51.1929055
            ],
            [
              6.4178574,
              51.192583
            ],
            [
              6.4178416,
              51.1925302
            ],
            [
              6.4178355,
              51.192487
            ],
            [
              6.4178073,
              51.1922823
            ],
            [
              6.4177699,
              51.1918573
            ],
            [
              6.4177597,
              51.1915992
            ],
            [
              6.4177573,
              51.1915243
            ],
            [
              6.417756,
              51.1914893
            ],
            [
              6.4177384,
              51.1914458
            ],
            [
              6.4178857,
              51.1911055
            ],
            [
              6.4178869,
              51.1911026
            ],
            [
              6.4178769,
              51.1910906
            ],
            [
              6.4178576,
              51.1909749
            ],
            [
              6.4178559,
              51.1908315
            ],
            [
              6.4178659,
              51.1906909
            ],
            [
              6.4178854,
              51.1905474
            ],
            [
              6.4179202,
              51.1904067
            ],
            [
              6.4179668,
              51.1902672
            ],
            [
              6.4180282,
              51.1901272
            ],
            [
              6.4180985,
              51.1899928
            ],
            [
              6.4182177,
              51.1898119
            ],
            [
              6.4185027,
              51.1894155
            ],
            [
              6.4185005,
              51.1893613
            ],
            [
              6.4187012,
              51.1890619
            ],
            [
              6.4190351,
              51.1885683
            ],
            [
              6.4181123,
              51.1879466
            ],
            [
              6.4160542,
              51.1865964
            ],
            [
              6.4158857,
              51.1865006
            ],
            [
              6.4156143,
              51.1866976
            ],
            [
              6.4151697,
              51.1866005
            ],
            [
              6.4112554,
              51.1857236
            ]
          ]
        ]
      }
    },
    {
      "type": "Feature",
      "properties": {
        "name": "Dahl",
        "city": "Mönchengladbach",
        "osm_id": 13151224,
        "osm_type": "relation",
        "display": "Dahl, Nord, Mönchengladbach, Nordrhein-Westfalen, Deutschland"
      },
      "geometry": {
        "type": "Polygon",
        "coordinates": [
          [
            [
              6.425567,
              51.1820462
            ],
            [
              6.425752,
              51.1818117
            ],
            [
              6.4261153,
              51.1815093
            ],
            [
              6.4265648,
              51.1812053
            ],
            [
              6.4272118,
              51.1808271
            ],
            [
              6.4271625,
              51.1807627
            ],
            [
              6.4269332,
              51.1804927
            ],
            [
              6.4265934,
              51.1800619
            ],
            [
              6.4262659,
              51.179946
            ],
            [
              6.4262614,
              51.1799487
            ],
            [
              6.4262564,
              51.1799509
            ],
            [
              6.4262506,
              51.1799523
            ],
            [
              6.4262447,
              51.179953
            ],
            [
              6.4262384,
              51.1799528
            ],
            [
              6.4262325,
              51.1799517
            ],
            [
              6.4261254,
              51.1799223
            ],
            [
              6.4261211,
              51.179928
            ],
            [
              6.4259117,
              51.1798657
            ],
            [
              6.4259161,
              51.1798601
            ],
            [
              6.4258095,
              51.1798234
            ],
            [
              6.4258044,
              51.1798216
            ],
            [
              6.4258002,
              51.1798191
            ],
            [
              6.4257969,
              51.1798161
            ],
            [
              6.4257946,
              51.1798128
            ],
            [
              6.4257934,
              51.1798093
            ],
            [
              6.4257933,
              51.1798056
            ],
            [
              6.4258553,
              51.1797253
            ],
            [
              6.4262223,
              51.1792331
            ],
            [
              6.4264306,
              51.1790538
            ],
            [
              6.4269081,
              51.1786469
            ],
            [
              6.4274392,
              51.1780785
            ],
            [
              6.4281177,
              51.1771814
            ],
            [
              6.4288419,
              51.1762625
            ],
            [
              6.4293189,
              51.1755499
            ],
            [
              6.4341044,
              51.1775119
            ],
            [
              6.4347628,
              51.1761012
            ],
            [
              6.436513,
              51.1761818
            ],
            [
              6.4377334,
              51.1763191
            ],
            [
              6.4380645,
              51.1761337
            ],
            [
              6.4382998,
              51.1760019
            ],
            [
              6.4389785,
              51.1760481
            ],
            [
              6.4390289,
              51.1758519
            ],
            [
              6.4397962,
              51.1759477
            ],
            [
              6.4397286,
              51.1773798
            ],
            [
              6.442196,
              51.1776147
            ],
            [
              6.442135,
              51.1780192
            ],
            [
              6.4447764,
              51.1788558
            ],
            [
              6.4460045,
              51.1791865
            ],
            [
              6.4459247,
              51.1793463
            ],
            [
              6.447348,
              51.1797758
            ],
            [
              6.4487982,
              51.1802678
            ],
            [
              6.4466495,
              51.1821929
            ],
            [
              6.4451999,
              51.184063
            ],
            [
              6.442418,
              51.1904209
            ],
            [
              6.442194,
              51.1902038
            ],
            [
              6.4420491,
              51.1899281
            ],
            [
              6.4419097,
              51.1896457
            ],
            [
              6.4415771,
              51.1889396
            ],
            [
              6.4412016,
              51.1882181
            ],
            [
              6.4409937,
              51.1877616
            ],
            [
              6.4407691,
              51.1873182
            ],
            [
              6.4406034,
              51.1869878
            ],
            [
              6.440421,
              51.186586
            ],
            [
              6.4402091,
              51.1861288
            ],
            [
              6.4400455,
              51.1857866
            ],
            [
              6.4399397,
              51.1855734
            ],
            [
              6.4390193,
              51.1867256
            ],
            [
              6.4384818,
              51.1866054
            ],
            [
              6.4380832,
              51.1865251
            ],
            [
              6.4380054,
              51.1865145
            ],
            [
              6.4369602,
              51.1863703
            ],
            [
              6.4367039,
              51.1863346
            ],
            [
              6.4366157,
              51.1863224
            ],
            [
              6.4366182,
              51.1863176
            ],
            [
              6.4353671,
              51.1861309
            ],
            [
              6.4353316,
              51.1861237
            ],
            [
              6.435353,
              51.1860086
            ],
            [
              6.4350432,
              51.1867432
            ],
            [
              6.4347582,
              51.1873228
            ],
            [
              6.4350401,
              51.1873779
            ],
            [
              6.4349328,
              51.187609
            ],
            [
              6.4342298,
              51.1875561
            ],
            [
              6.4339732,
              51.1875306
            ],
            [
              6.4334952,
              51.1874808
            ],
            [
              6.4332651,
              51.1874402
            ],
            [
              6.4329979,
              51.1873854
            ],
            [
              6.4329325,
              51.1873719
            ],
            [
              6.4328237,
              51.1873491
            ],
            [
              6.4325675,
              51.1873047
            ],
            [
              6.4323382,
              51.1872467
            ],
            [
              6.4319308,
              51.1871126
            ],
            [
              6.4318894,
              51.1871131
            ],
            [
              6.4316283,
              51.187177
            ],
            [
              6.4313257,
              51.1868441
            ],
            [
              6.4311228,
              51.1866222
            ],
            [
              6.4309787,
              51.1864215
            ],
            [
              6.4309611,
              51.1863242
            ],
            [
              6.4308218,
              51.1855153
            ],
            [
              6.4307765,
              51.1853798
            ],
            [
              6.4306685,
              51.1852554
            ],
            [
              6.4296305,
              51.184218
            ],
            [
              6.4294755,
              51.184041
            ],
            [
              6.4293998,
              51.1838957
            ],
            [
              6.4291313,
              51.1832068
            ],
            [
              6.429075,
              51.1830623
            ],
            [
              6.427764,
              51.1826849
            ],
            [
              6.4265983,
              51.1823459
            ],
            [
              6.425567,
              51.1820462
            ]
          ]
        ]
      }
    },
    {
      "type": "Feature",
      "properties": {
        "name": "Ohler",
        "city": "Mönchengladbach",
        "osm_id": 13151226,
        "osm_type": "relation",
        "display": "Ohler, Nord, Mönchengladbach, Nordrhein-Westfalen, Deutschland"
      },
      "geometry": {
        "type": "Polygon",
        "coordinates": [
          [
            [
              6.4126592,
              51.1735523
            ],
            [
              6.4154738,
              51.1730769
            ],
            [
              6.4177705,
              51.1729546
            ],
            [
              6.4250086,
              51.1741082
            ],
            [
              6.4257601,
              51.1744695
            ],
            [
              6.4261215,
              51.1745766
            ],
            [
              6.4267843,
              51.1745946
            ],
            [
              6.4271589,
              51.1745696
            ],
            [
              6.4287843,
              51.1753292
            ],
            [
              6.4293189,
              51.1755499
            ],
            [
              6.4288419,
              51.1762625
            ],
            [
              6.4281177,
              51.1771814
            ],
            [
              6.4274392,
              51.1780785
            ],
            [
              6.4269081,
              51.1786469
            ],
            [
              6.4264306,
              51.1790538
            ],
            [
              6.4262223,
              51.1792331
            ],
            [
              6.4259934,
              51.1794313
            ],
            [
              6.4259109,
              51.1795019
            ],
            [
              6.4251861,
              51.1800198
            ],
            [
              6.4241679,
              51.1805628
            ],
            [
              6.4229223,
              51.1811211
            ],
            [
              6.4214481,
              51.1816129
            ],
            [
              6.4192881,
              51.1824184
            ],
            [
              6.4152784,
              51.1838789
            ],
            [
              6.4138067,
              51.1828831
            ],
            [
              6.4146403,
              51.1812655
            ],
            [
              6.4145028,
              51.1791115
            ],
            [
              6.4126592,
              51.1735523
            ]
          ]
        ]
      }
    },
    {
      "type": "Feature",
      "properties": {
        "name": "Hardt-Mitte",
        "city": "Mönchengladbach",
        "osm_id": 13151349,
        "osm_type": "relation",
        "display": "Hardt-Mitte, Nord, Mönchengladbach, Nordrhein-Westfalen, 41169, Deutschland"
      },
      "geometry": {
        "type": "Polygon",
        "coordinates": [
          [
            [
              6.3266208,
              51.2047268
            ],
            [
              6.3274786,
              51.2041585
            ],
            [
              6.3282329,
              51.203659
            ],
            [
              6.3284506,
              51.2035052
            ],
            [
              6.3301323,
              51.2026141
            ],
            [
              6.3302634,
              51.2025441
            ],
            [
              6.3303888,
              51.2025017
            ],
            [
              6.3327122,
              51.2016712
            ],
            [
              6.3345449,
              51.2010183
            ],
            [
              6.3348969,
              51.200894
            ],
            [
              6.334932,
              51.2008815
            ],
            [
              6.3371366,
              51.2000982
            ],
            [
              6.3374256,
              51.199985
            ],
            [
              6.3384568,
              51.1998105
            ],
            [
              6.3391066,
              51.199694
            ],
            [
              6.3392588,
              51.1996647
            ],
            [
              6.3392661,
              51.1996935
            ],
            [
              6.3402466,
              51.1995393
            ],
            [
              6.3402137,
              51.1991028
            ],
            [
              6.340142,
              51.198745
            ],
            [
              6.3400622,
              51.1983746
            ],
            [
              6.3400607,
              51.1981395
            ],
            [
              6.3400406,
              51.1979275
            ],
            [
              6.3400696,
              51.1970194
            ],
            [
              6.3563932,
              51.1931831
            ],
            [
              6.3564521,
              51.1931755
            ],
            [
              6.3565104,
              51.1931638
            ],
            [
              6.3565985,
              51.1931464
            ],
            [
              6.3575797,
              51.1929506
            ],
            [
              6.3576147,
              51.1929435
            ],
            [
              6.3593298,
              51.1931005
            ],
            [
              6.360227,
              51.1934766
            ],
            [
              6.3607621,
              51.1937002
            ],
            [
              6.3608473,
              51.19372
            ],
            [
              6.3617599,
              51.1928177
            ],
            [
              6.3626913,
              51.1918486
            ],
            [
              6.3639298,
              51.1904545
            ],
            [
              6.3640248,
              51.1903198
            ],
            [
              6.3640784,
              51.1902423
            ],
            [
              6.3641042,
              51.1901224
            ],
            [
              6.364135,
              51.1900111
            ],
            [
              6.3641371,
              51.1898747
            ],
            [
              6.3641397,
              51.1897142
            ],
            [
              6.3641417,
              51.1895814
            ],
            [
              6.3641139,
              51.1890106
            ],
            [
              6.3641048,
              51.188553
            ],
            [
              6.3641001,
              51.1881392
            ],
            [
              6.3640943,
              51.1878352
            ],
            [
              6.3640854,
              51.1877088
            ],
            [
              6.3641138,
              51.1876128
            ],
            [
              6.3642608,
              51.1875394
            ],
            [
              6.3676248,
              51.1912034
            ],
            [
              6.3862378,
              51.1886079
            ],
            [
              6.3848906,
              51.1894832
            ],
            [
              6.3822855,
              51.1913532
            ],
            [
              6.3797397,
              51.1935895
            ],
            [
              6.3795755,
              51.1938638
            ],
            [
              6.3793243,
              51.194344
            ],
            [
              6.3790011,
              51.1950483
            ],
            [
              6.3785854,
              51.1959072
            ],
            [
              6.3784473,
              51.1963501
            ],
            [
              6.3782716,
              51.1967829
            ],
            [
              6.3781462,
              51.1971305
            ],
            [
              6.3780218,
              51.1975367
            ],
            [
              6.3778478,
              51.198109
            ],
            [
              6.3777754,
              51.1986302
            ],
            [
              6.3777398,
              51.1990439
            ],
            [
              6.377719,
              51.1994998
            ],
            [
              6.3777365,
              51.2001202
            ],
            [
              6.3777422,
              51.2007494
            ],
            [
              6.3778102,
              51.2013122
            ],
            [
              6.3779058,
              51.2018399
            ],
            [
              6.3780396,
              51.2025889
            ],
            [
              6.3781576,
              51.203525
            ],
            [
              6.3782816,
              51.2043429
            ],
            [
              6.3783091,
              51.2045135
            ],
            [
              6.3784486,
              51.2054617
            ],
            [
              6.3785827,
              51.2063524
            ],
            [
              6.3786786,
              51.2071528
            ],
            [
              6.3787819,
              51.2079534
            ],
            [
              6.3788241,
              51.2087554
            ],
            [
              6.3787926,
              51.2094846
            ],
            [
              6.3786524,
              51.2104038
            ],
            [
              6.3776493,
              51.2135265
            ],
            [
              6.3774669,
              51.2139676
            ],
            [
              6.3771159,
              51.2144054
            ],
            [
              6.3763484,
              51.2154074
            ],
            [
              6.3758039,
              51.2159972
            ],
            [
              6.3753573,
              51.2164365
            ],
            [
              6.3748196,
              51.2169279
            ],
            [
              6.3739827,
              51.2176083
            ],
            [
              6.3738432,
              51.2177105
            ],
            [
              6.3736311,
              51.2177128
            ],
            [
              6.3734923,
              51.2177144
            ],
            [
              6.3727249,
              51.2177227
            ],
            [
              6.3720427,
              51.2177301
            ],
            [
              6.3715349,
              51.2180018
            ],
            [
              6.3712454,
              51.2181514
            ],
            [
              6.3704421,
              51.2185666
            ],
            [
              6.3695968,
              51.2190035
            ],
            [
              6.368826,
              51.2193868
            ],
            [
              6.3685441,
              51.2195706
            ],
            [
              6.3684954,
              51.2196023
            ],
            [
              6.3684655,
              51.2196219
            ],
            [
              6.368313,
              51.2197212
            ],
            [
              6.3681322,
              51.2198624
            ],
            [
              6.3677888,
              51.2201306
            ],
            [
              6.3675986,
              51.2202791
            ],
            [
              6.3669056,
              51.2208864
            ],
            [
              6.3668092,
              51.2209883
            ],
            [
              6.3667032,
              51.2210516
            ],
            [
              6.3666723,
              51.2210701
            ],
            [
              6.3664282,
              51.2212163
            ],
            [
              6.3662763,
              51.2213074
            ],
            [
              6.3660651,
              51.2214115
            ],
            [
              6.3656297,
              51.221626
            ],
            [
              6.3656234,
              51.221629
            ],
            [
              6.3653634,
              51.2217755
            ],
            [
              6.3649908,
              51.2219855
            ],
            [
              6.3645952,
              51.2224769
            ],
            [
              6.3643728,
              51.2227527
            ],
            [
              6.363827,
              51.2234299
            ],
            [
              6.3636565,
              51.2236892
            ],
            [
              6.3636336,
              51.2237243
            ],
            [
              6.363384,
              51.2241302
            ],
            [
              6.363081,
              51.224623
            ],
            [
              6.36295,
              51.2248831
            ],
            [
              6.3627143,
              51.2253793
            ],
            [
              6.3624494,
              51.2259373
            ],
            [
              6.3623311,
              51.226186
            ],
            [
              6.3622756,
              51.2263393
            ],
            [
              6.3621858,
              51.226704
            ],
            [
              6.3621388,
              51.2268954
            ],
            [
              6.3620924,
              51.2270842
            ],
            [
              6.3620635,
              51.2271587
            ],
            [
              6.3620218,
              51.227266
            ],
            [
              6.3620085,
              51.2273056
            ],
            [
              6.3619529,
              51.227472
            ],
            [
              6.3618528,
              51.227723
            ],
            [
              6.3617654,
              51.2278885
            ],
            [
              6.3617496,
              51.2279184
            ],
            [
              6.3616165,
              51.2282116
            ],
            [
              6.3615519,
              51.2284006
            ],
            [
              6.3614976,
              51.2285506
            ],
            [
              6.3613134,
              51.2289595
            ],
            [
              6.3612802,
              51.229033
            ],
            [
              6.3612707,
              51.2290661
            ],
            [
              6.3611832,
              51.2291267
            ],
            [
              6.3609682,
              51.2291292
            ],
            [
              6.3609887,
              51.2291078
            ],
            [
              6.3609469,
              51.229067
            ],
            [
              6.3597171,
              51.2289044
            ],
            [
              6.3589679,
              51.2288056
            ],
            [
              6.3581446,
              51.2287141
            ],
            [
              6.3576326,
              51.2286572
            ],
            [
              6.3565457,
              51.2285363
            ],
            [
              6.3560778,
              51.2284843
            ],
            [
              6.3547461,
              51.2283363
            ],
            [
              6.3530092,
              51.2281431
            ],
            [
              6.3529529,
              51.2281369
            ],
            [
              6.3522564,
              51.2280594
            ],
            [
              6.3514342,
              51.227968
            ],
            [
              6.3504215,
              51.2278553
            ],
            [
              6.3497374,
              51.2277792
            ],
            [
              6.3491805,
              51.2277173
            ],
            [
              6.349046,
              51.2277024
            ],
            [
              6.349047,
              51.227666
            ],
            [
              6.3480102,
              51.2277531
            ],
            [
              6.3484246,
              51.2269942
            ],
            [
              6.3466556,
              51.2264687
            ],
            [
              6.3464626,
              51.2264763
            ],
            [
              6.3464159,
              51.2264781
            ],
            [
              6.3464251,
              51.2263682
            ],
            [
              6.3464833,
              51.2256811
            ],
            [
              6.3465138,
              51.2253395
            ],
            [
              6.3465169,
              51.2253033
            ],
            [
              6.3429972,
              51.2249313
            ],
            [
              6.3397074,
              51.2248066
            ],
            [
              6.3397142,
              51.2236261
            ],
            [
              6.3389818,
              51.2236326
            ],
            [
              6.3381641,
              51.2236403
            ],
            [
              6.3381631,
              51.2236403
            ],
            [
              6.3381061,
              51.2236406
            ],
            [
              6.3381027,
              51.2240858
            ],
            [
              6.3380356,
              51.2241162
            ],
            [
              6.3377024,
              51.2240391
            ],
            [
              6.3375359,
              51.2240075
            ],
            [
              6.3372184,
              51.2239574
            ],
            [
              6.3363968,
              51.223909
            ],
            [
              6.3362702,
              51.2239016
            ],
            [
              6.3362645,
              51.2247154
            ],
            [
              6.3327862,
              51.2246593
            ],
            [
              6.3305811,
              51.2246237
            ],
            [
              6.3305241,
              51.2246228
            ],
            [
              6.3304669,
              51.2246267
            ],
            [
              6.3303962,
              51.2240165
            ],
            [
              6.3302864,
              51.2230701
            ],
            [
              6.3301428,
              51.2218321
            ],
            [
              6.3301342,
              51.2217603
            ],
            [
              6.3302029,
              51.2205157
            ],
            [
              6.3302489,
              51.2196861
            ],
            [
              6.3302916,
              51.2189121
            ],
            [
              6.330317,
              51.2184562
            ],
            [
              6.3303253,
              51.2183039
            ],
            [
              6.3303724,
              51.2174518
            ],
            [
              6.3303877,
              51.2171754
            ],
            [
              6.3304175,
              51.2166374
            ],
            [
              6.3304234,
              51.2165296
            ],
            [
              6.330455,
              51.215955
            ],
            [
              6.3304692,
              51.2156974
            ],
            [
              6.3304808,
              51.2152403
            ],
            [
              6.3305115,
              51.2145361
            ],
            [
              6.3305206,
              51.2143286
            ],
            [
              6.3305259,
              51.2142017
            ],
            [
              6.3305584,
              51.2134049
            ],
            [
              6.3305755,
              51.2127981
            ],
            [
              6.3302721,
              51.2118663
            ],
            [
              6.3302331,
              51.2116287
            ],
            [
              6.330219,
              51.211408
            ],
            [
              6.3302235,
              51.2112527
            ],
            [
              6.3302247,
              51.2112085
            ],
            [
              6.3302308,
              51.2111728
            ],
            [
              6.3302486,
              51.2110744
            ],
            [
              6.3302771,
              51.2109177
            ],
            [
              6.3302935,
              51.2108275
            ],
            [
              6.3302958,
              51.2108188
            ],
            [
              6.3303479,
              51.2106215
            ],
            [
              6.3305543,
              51.2098399
            ],
            [
              6.3306031,
              51.2094983
            ],
            [
              6.3306343,
              51.2092749
            ],
            [
              6.3307175,
              51.2086801
            ],
            [
              6.3307549,
              51.2085454
            ],
            [
              6.3308916,
              51.2080527
            ],
            [
              6.3309948,
              51.2077253
            ],
            [
              6.3310034,
              51.2076973
            ],
            [
              6.331031,
              51.2076974
            ],
            [
              6.3310357,
              51.2076807
            ],
            [
              6.331039,
              51.207665
            ],
            [
              6.3310498,
              51.2076141
            ],
            [
              6.331053,
              51.2075987
            ],
            [
              6.3310678,
              51.2075285
            ],
            [
              6.3310163,
              51.2075289
            ],
            [
              6.3307645,
              51.207531
            ],
            [
              6.3307164,
              51.2075263
            ],
            [
              6.3305039,
              51.2075058
            ],
            [
              6.3304077,
              51.207488
            ],
            [
              6.3302052,
              51.2074506
            ],
            [
              6.3300133,
              51.2074054
            ],
            [
              6.3297603,
              51.2073453
            ],
            [
              6.3298298,
              51.2070741
            ],
            [
              6.3300998,
              51.2060204
            ],
            [
              6.3292903,
              51.2058842
            ],
            [
              6.328827,
              51.2056833
            ],
            [
              6.3279557,
              51.2053055
            ],
            [
              6.3277025,
              51.2051958
            ],
            [
              6.3270807,
              51.2049262
            ],
            [
              6.3268954,
              51.2048459
            ],
            [
              6.3267045,
              51.204763
            ],
            [
              6.3266208,
              51.2047268
            ]
          ]
        ]
      }
    },
    {
      "type": "Feature",
      "properties": {
        "name": "Venn",
        "city": "Mönchengladbach",
        "osm_id": 13151278,
        "osm_type": "relation",
        "display": "Venn, Nord, Mönchengladbach, Nordrhein-Westfalen, 41068, Deutschland"
      },
      "geometry": {
        "type": "Polygon",
        "coordinates": [
          [
            [
              6.3738432,
              51.2177105
            ],
            [
              6.3739827,
              51.2176083
            ],
            [
              6.3748196,
              51.2169279
            ],
            [
              6.3753573,
              51.2164365
            ],
            [
              6.3758039,
              51.2159972
            ],
            [
              6.3763484,
              51.2154074
            ],
            [
              6.3771159,
              51.2144054
            ],
            [
              6.3774669,
              51.2139676
            ],
            [
              6.3776493,
              51.2135265
            ],
            [
              6.3786524,
              51.2104038
            ],
            [
              6.3787926,
              51.2094846
            ],
            [
              6.3788241,
              51.2087554
            ],
            [
              6.3787819,
              51.2079534
            ],
            [
              6.3786786,
              51.2071528
            ],
            [
              6.3785827,
              51.2063524
            ],
            [
              6.3784486,
              51.2054617
            ],
            [
              6.3783091,
              51.2045135
            ],
            [
              6.3782816,
              51.2043429
            ],
            [
              6.3781576,
              51.203525
            ],
            [
              6.3780396,
              51.2025889
            ],
            [
              6.3779058,
              51.2018399
            ],
            [
              6.3778102,
              51.2013122
            ],
            [
              6.3777422,
              51.2007494
            ],
            [
              6.3777365,
              51.2001202
            ],
            [
              6.377719,
              51.1994998
            ],
            [
              6.3777398,
              51.1990439
            ],
            [
              6.3777754,
              51.1986302
            ],
            [
              6.3778478,
              51.198109
            ],
            [
              6.3780218,
              51.1975367
            ],
            [
              6.3781462,
              51.1971305
            ],
            [
              6.3782716,
              51.1967829
            ],
            [
              6.3784473,
              51.1963501
            ],
            [
              6.3785854,
              51.1959072
            ],
            [
              6.3790011,
              51.1950483
            ],
            [
              6.3793243,
              51.194344
            ],
            [
              6.3795755,
              51.1938638
            ],
            [
              6.3797397,
              51.1935895
            ],
            [
              6.3822855,
              51.1913532
            ],
            [
              6.3848906,
              51.1894832
            ],
            [
              6.3862378,
              51.1886079
            ],
            [
              6.3877519,
              51.1877173
            ],
            [
              6.3886985,
              51.1883634
            ],
            [
              6.3908215,
              51.1886596
            ],
            [
              6.3978985,
              51.1896472
            ],
            [
              6.4070809,
              51.1911143
            ],
            [
              6.4069665,
              51.1913914
            ],
            [
              6.4055791,
              51.1943717
            ],
            [
              6.4053565,
              51.1948987
            ],
            [
              6.4052264,
              51.1955744
            ],
            [
              6.4051929,
              51.1963148
            ],
            [
              6.4052606,
              51.196814
            ],
            [
              6.4053672,
              51.1974787
            ],
            [
              6.405561,
              51.1995003
            ],
            [
              6.4059037,
              51.2009902
            ],
            [
              6.4064036,
              51.2021685
            ],
            [
              6.4071999,
              51.2038965
            ],
            [
              6.4068376,
              51.2039897
            ],
            [
              6.4064232,
              51.2041697
            ],
            [
              6.4060405,
              51.2043693
            ],
            [
              6.4051089,
              51.2048356
            ],
            [
              6.4050295,
              51.2047847
            ],
            [
              6.404824,
              51.2046324
            ],
            [
              6.4044883,
              51.2043846
            ],
            [
              6.4044491,
              51.204378
            ],
            [
              6.4034601,
              51.2047359
            ],
            [
              6.4032707,
              51.2048072
            ],
            [
              6.4032163,
              51.2048113
            ],
            [
              6.4012181,
              51.2054481
            ],
            [
              6.40121,
              51.2054683
            ],
            [
              6.4010079,
              51.2055248
            ],
            [
              6.399433,
              51.2059566
            ],
            [
              6.3993776,
              51.2059895
            ],
            [
              6.3995874,
              51.2062512
            ],
            [
              6.3997252,
              51.2063983
            ],
            [
              6.399899,
              51.2065903
            ],
            [
              6.4000678,
              51.2067582
            ],
            [
              6.4005395,
              51.2070452
            ],
            [
              6.400204,
              51.2072816
            ],
            [
              6.3986,
              51.2084398
            ],
            [
              6.3980219,
              51.2088496
            ],
            [
              6.3970343,
              51.2101896
            ],
            [
              6.3992537,
              51.210794
            ],
            [
              6.3957191,
              51.2155881
            ],
            [
              6.3954145,
              51.2165349
            ],
            [
              6.3953668,
              51.2172177
            ],
            [
              6.3953428,
              51.2182098
            ],
            [
              6.3952376,
              51.2182073
            ],
            [
              6.3949255,
              51.2181996
            ],
            [
              6.3948139,
              51.2181968
            ],
            [
              6.394381,
              51.2181837
            ],
            [
              6.3938944,
              51.2181689
            ],
            [
              6.3933717,
              51.218153
            ],
            [
              6.3930137,
              51.2181422
            ],
            [
              6.3926832,
              51.2181321
            ],
            [
              6.3924532,
              51.2181279
            ],
            [
              6.3924032,
              51.218127
            ],
            [
              6.3920851,
              51.2181212
            ],
            [
              6.39202,
              51.21812
            ],
            [
              6.3919832,
              51.2181193
            ],
            [
              6.3915661,
              51.2181118
            ],
            [
              6.3915296,
              51.2181111
            ],
            [
              6.3909421,
              51.2181012
            ],
            [
              6.3902926,
              51.2180777
            ],
            [
              6.3895601,
              51.2180605
            ],
            [
              6.3886815,
              51.2180396
            ],
            [
              6.3871147,
              51.2180024
            ],
            [
              6.3868526,
              51.2179939
            ],
            [
              6.3858183,
              51.2179604
            ],
            [
              6.3846801,
              51.2179236
            ],
            [
              6.3838307,
              51.2179245
            ],
            [
              6.3826941,
              51.2178838
            ],
            [
              6.3814455,
              51.217839
            ],
            [
              6.3805895,
              51.2178083
            ],
            [
              6.3784161,
              51.2177303
            ],
            [
              6.3766717,
              51.2177111
            ],
            [
              6.3756168,
              51.2176995
            ],
            [
              6.3752362,
              51.2176953
            ],
            [
              6.3742323,
              51.2177062
            ],
            [
              6.3742098,
              51.2177065
            ],
            [
              6.3739282,
              51.2177096
            ],
            [
              6.3738943,
              51.2177099
            ],
            [
              6.3738432,
              51.2177105
            ]
          ]
        ]
      }
    },
    {
      "type": "Feature",
      "properties": {
        "name": "Hardter Wald",
        "city": "Mönchengladbach",
        "osm_id": 13151361,
        "osm_type": "relation",
        "display": "Hardter Wald, Nord, Mönchengladbach, Nordrhein-Westfalen, Deutschland"
      },
      "geometry": {
        "type": "Polygon",
        "coordinates": [
          [
            [
              6.3128775,
              51.1905184
            ],
            [
              6.312974,
              51.1904059
            ],
            [
              6.3131535,
              51.1900712
            ],
            [
              6.3132174,
              51.1898936
            ],
            [
              6.3132961,
              51.1897233
            ],
            [
              6.3133416,
              51.1895982
            ],
            [
              6.3134408,
              51.189351
            ],
            [
              6.3135445,
              51.1891533
            ],
            [
              6.3136568,
              51.1889517
            ],
            [
              6.3138336,
              51.1885084
            ],
            [
              6.3138977,
              51.18827
            ],
            [
              6.314021,
              51.1878688
            ],
            [
              6.314137,
              51.1874881
            ],
            [
              6.3142199,
              51.1873445
            ],
            [
              6.3143304,
              51.1872022
            ],
            [
              6.314439,
              51.1869298
            ],
            [
              6.3144894,
              51.1867911
            ],
            [
              6.3144806,
              51.1866099
            ],
            [
              6.3144449,
              51.1864612
            ],
            [
              6.314359,
              51.186212
            ],
            [
              6.3142632,
              51.1860132
            ],
            [
              6.314246,
              51.1859431
            ],
            [
              6.3142327,
              51.1859313
            ],
            [
              6.314151,
              51.1859041
            ],
            [
              6.313728,
              51.1848561
            ],
            [
              6.3140522,
              51.1843312
            ],
            [
              6.3141034,
              51.1842483
            ],
            [
              6.3153797,
              51.1830103
            ],
            [
              6.3155346,
              51.1832184
            ],
            [
              6.3158842,
              51.1829718
            ],
            [
              6.3160614,
              51.1828077
            ],
            [
              6.3161735,
              51.1827209
            ],
            [
              6.3165108,
              51.1825497
            ],
            [
              6.3168627,
              51.1823671
            ],
            [
              6.3171898,
              51.1822149
            ],
            [
              6.3176793,
              51.182046
            ],
            [
              6.3184377,
              51.1817147
            ],
            [
              6.318491,
              51.1816144
            ],
            [
              6.3184232,
              51.181593
            ],
            [
              6.3188677,
              51.1815841
            ],
            [
              6.3191005,
              51.1816461
            ],
            [
              6.3198811,
              51.1820574
            ],
            [
              6.3209488,
              51.182198
            ],
            [
              6.3222568,
              51.182562
            ],
            [
              6.322307,
              51.1825717
            ],
            [
              6.3236755,
              51.1828372
            ],
            [
              6.3248826,
              51.1828539
            ],
            [
              6.3283709,
              51.1834319
            ],
            [
              6.3311397,
              51.1834917
            ],
            [
              6.332175,
              51.1835514
            ],
            [
              6.3410921,
              51.1832098
            ],
            [
              6.3423371,
              51.1833708
            ],
            [
              6.3441256,
              51.1837912
            ],
            [
              6.3461502,
              51.1845123
            ],
            [
              6.3463186,
              51.1845339
            ],
            [
              6.346462,
              51.184506
            ],
            [
              6.3468693,
              51.1843256
            ],
            [
              6.3477671,
              51.184113
            ],
            [
              6.3480378,
              51.1840149
            ],
            [
              6.3483924,
              51.1839349
            ],
            [
              6.3499199,
              51.1837609
            ],
            [
              6.3503888,
              51.1836682
            ],
            [
              6.351525,
              51.1832367
            ],
            [
              6.3517488,
              51.1830213
            ],
            [
              6.3529415,
              51.1829876
            ],
            [
              6.3534858,
              51.1828608
            ],
            [
              6.3540555,
              51.1826871
            ],
            [
              6.3544967,
              51.1824411
            ],
            [
              6.355093,
              51.1819819
            ],
            [
              6.3563943,
              51.182396
            ],
            [
              6.356339,
              51.1824954
            ],
            [
              6.3564331,
              51.1828136
            ],
            [
              6.3563322,
              51.1829532
            ],
            [
              6.3590058,
              51.1858484
            ],
            [
              6.3603292,
              51.1859318
            ],
            [
              6.3621542,
              51.1852679
            ],
            [
              6.3642608,
              51.1875394
            ],
            [
              6.3641138,
              51.1876128
            ],
            [
              6.3640854,
              51.1877088
            ],
            [
              6.3640943,
              51.1878352
            ],
            [
              6.3641001,
              51.1881392
            ],
            [
              6.3641048,
              51.188553
            ],
            [
              6.3641139,
              51.1890106
            ],
            [
              6.3641417,
              51.1895814
            ],
            [
              6.3641397,
              51.1897142
            ],
            [
              6.3641371,
              51.1898747
            ],
            [
              6.364135,
              51.1900111
            ],
            [
              6.3641042,
              51.1901224
            ],
            [
              6.3640784,
              51.1902423
            ],
            [
              6.3640248,
              51.1903198
            ],
            [
              6.3639298,
              51.1904545
            ],
            [
              6.3626913,
              51.1918486
            ],
            [
              6.3617599,
              51.1928177
            ],
            [
              6.3608473,
              51.19372
            ],
            [
              6.3607621,
              51.1937002
            ],
            [
              6.360227,
              51.1934766
            ],
            [
              6.3593298,
              51.1931005
            ],
            [
              6.3576147,
              51.1929435
            ],
            [
              6.3575797,
              51.1929506
            ],
            [
              6.3565985,
              51.1931464
            ],
            [
              6.3565104,
              51.1931638
            ],
            [
              6.3564521,
              51.1931755
            ],
            [
              6.3563932,
              51.1931831
            ],
            [
              6.3400696,
              51.1970194
            ],
            [
              6.3400406,
              51.1979275
            ],
            [
              6.3400607,
              51.1981395
            ],
            [
              6.3400622,
              51.1983746
            ],
            [
              6.340142,
              51.198745
            ],
            [
              6.3402137,
              51.1991028
            ],
            [
              6.3402466,
              51.1995393
            ],
            [
              6.3392661,
              51.1996935
            ],
            [
              6.3392588,
              51.1996647
            ],
            [
              6.3391066,
              51.199694
            ],
            [
              6.3384568,
              51.1998105
            ],
            [
              6.3374256,
              51.199985
            ],
            [
              6.3371366,
              51.2000982
            ],
            [
              6.334932,
              51.2008815
            ],
            [
              6.3348969,
              51.200894
            ],
            [
              6.3345449,
              51.2010183
            ],
            [
              6.3327122,
              51.2016712
            ],
            [
              6.3303888,
              51.2025017
            ],
            [
              6.3302634,
              51.2025441
            ],
            [
              6.3301323,
              51.2026141
            ],
            [
              6.3284506,
              51.2035052
            ],
            [
              6.3282329,
              51.203659
            ],
            [
              6.3274786,
              51.2041585
            ],
            [
              6.3266208,
              51.2047268
            ],
            [
              6.3265514,
              51.2046967
            ],
            [
              6.3261003,
              51.204501
            ],
            [
              6.3257147,
              51.2043338
            ],
            [
              6.3234984,
              51.2033727
            ],
            [
              6.3234118,
              51.2033784
            ],
            [
              6.3233699,
              51.2033542
            ],
            [
              6.3234358,
              51.2033104
            ],
            [
              6.3238997,
              51.2030027
            ],
            [
              6.3221139,
              51.2021008
            ],
            [
              6.3208208,
              51.2014478
            ],
            [
              6.3205317,
              51.2013018
            ],
            [
              6.3203906,
              51.2011993
            ],
            [
              6.3201989,
              51.20106
            ],
            [
              6.320054,
              51.2008944
            ],
            [
              6.3198655,
              51.200679
            ],
            [
              6.3196583,
              51.2004423
            ],
            [
              6.320007,
              51.2000302
            ],
            [
              6.3200813,
              51.2000188
            ],
            [
              6.319999,
              51.1999834
            ],
            [
              6.3195664,
              51.1998509
            ],
            [
              6.319064,
              51.1996049
            ],
            [
              6.3188072,
              51.1994341
            ],
            [
              6.3179493,
              51.1988073
            ],
            [
              6.3174972,
              51.1984539
            ],
            [
              6.3170434,
              51.1981664
            ],
            [
              6.3169824,
              51.1981445
            ],
            [
              6.3168839,
              51.1981089
            ],
            [
              6.3169162,
              51.198088
            ],
            [
              6.3164469,
              51.1978026
            ],
            [
              6.3163236,
              51.1977276
            ],
            [
              6.3161411,
              51.1976166
            ],
            [
              6.316035,
              51.1975506
            ],
            [
              6.3160758,
              51.1975393
            ],
            [
              6.3160596,
              51.1975189
            ],
            [
              6.3160381,
              51.197492
            ],
            [
              6.3158821,
              51.1972962
            ],
            [
              6.3158473,
              51.1972526
            ],
            [
              6.3157482,
              51.1970743
            ],
            [
              6.3155067,
              51.1966401
            ],
            [
              6.3153056,
              51.1962397
            ],
            [
              6.3152198,
              51.1960771
            ],
            [
              6.31518,
              51.1958922
            ],
            [
              6.3150369,
              51.1955843
            ],
            [
              6.3149991,
              51.1954882
            ],
            [
              6.3148485,
              51.1952271
            ],
            [
              6.3147649,
              51.1950571
            ],
            [
              6.3151233,
              51.194516
            ],
            [
              6.3151081,
              51.1942177
            ],
            [
              6.3150675,
              51.194017
            ],
            [
              6.3147744,
              51.1934325
            ],
            [
              6.3147513,
              51.1933866
            ],
            [
              6.3147204,
              51.1933192
            ],
            [
              6.3146501,
              51.1931655
            ],
            [
              6.3144742,
              51.19262
            ],
            [
              6.3143723,
              51.1923777
            ],
            [
              6.3143323,
              51.1922593
            ],
            [
              6.3142821,
              51.1918636
            ],
            [
              6.3142402,
              51.1916953
            ],
            [
              6.3141671,
              51.1915587
            ],
            [
              6.3141242,
              51.1915093
            ],
            [
              6.3140173,
              51.1913858
            ],
            [
              6.3139411,
              51.1913111
            ],
            [
              6.313804,
              51.1912166
            ],
            [
              6.3134579,
              51.1910397
            ],
            [
              6.313001,
              51.1908134
            ],
            [
              6.3129591,
              51.1906879
            ],
            [
              6.3129717,
              51.1906249
            ],
            [
              6.3129923,
              51.1905918
            ],
            [
              6.3130222,
              51.1905434
            ],
            [
              6.3128775,
              51.1905184
            ]
          ]
        ]
      }
    },
    {
      "type": "Feature",
      "properties": {
        "name": "Bettrath-Hoven",
        "city": "Mönchengladbach",
        "osm_id": 13151482,
        "osm_type": "relation",
        "display": "Bettrath-Hoven, Ost, Mönchengladbach, Nordrhein-Westfalen, Deutschland"
      },
      "geometry": {
        "type": "Polygon",
        "coordinates": [
          [
            [
              6.4296913,
              51.2268047
            ],
            [
              6.4297858,
              51.2268096
            ],
            [
              6.4299778,
              51.2266565
            ],
            [
              6.4300586,
              51.226592
            ],
            [
              6.4305859,
              51.2261715
            ],
            [
              6.430595,
              51.2261642
            ],
            [
              6.4304628,
              51.2260618
            ],
            [
              6.4303867,
              51.2259966
            ],
            [
              6.4303278,
              51.2259526
            ],
            [
              6.4302458,
              51.2258985
            ],
            [
              6.4302362,
              51.2258923
            ],
            [
              6.4302271,
              51.2258863
            ],
            [
              6.4332047,
              51.2243002
            ],
            [
              6.4368029,
              51.2254636
            ],
            [
              6.4372642,
              51.2241661
            ],
            [
              6.4380328,
              51.2229419
            ],
            [
              6.4391603,
              51.2217131
            ],
            [
              6.4405723,
              51.2205932
            ],
            [
              6.441733,
              51.2199338
            ],
            [
              6.4435894,
              51.2189551
            ],
            [
              6.4466861,
              51.2173249
            ],
            [
              6.4490892,
              51.2159664
            ],
            [
              6.4503667,
              51.2151318
            ],
            [
              6.4513605,
              51.2143534
            ],
            [
              6.4519718,
              51.2138123
            ],
            [
              6.4539007,
              51.2143919
            ],
            [
              6.4546609,
              51.2151675
            ],
            [
              6.4555443,
              51.2158084
            ],
            [
              6.4562302,
              51.216341
            ],
            [
              6.4570998,
              51.2172313
            ],
            [
              6.4579473,
              51.2182018
            ],
            [
              6.4585654,
              51.2191557
            ],
            [
              6.4603419,
              51.2219796
            ],
            [
              6.4614744,
              51.2238921
            ],
            [
              6.4620615,
              51.2246272
            ],
            [
              6.4626575,
              51.2252637
            ],
            [
              6.4637903,
              51.2261433
            ],
            [
              6.464986,
              51.2270654
            ],
            [
              6.4668897,
              51.2289929
            ],
            [
              6.4680537,
              51.2300656
            ],
            [
              6.4688596,
              51.2308636
            ],
            [
              6.4697266,
              51.2316882
            ],
            [
              6.4705128,
              51.2324651
            ],
            [
              6.4714225,
              51.2333425
            ],
            [
              6.4719454,
              51.2336817
            ],
            [
              6.4731803,
              51.2342751
            ],
            [
              6.4743381,
              51.2347452
            ],
            [
              6.4763795,
              51.2355266
            ],
            [
              6.4780202,
              51.2361939
            ],
            [
              6.4780172,
              51.236197
            ],
            [
              6.4779283,
              51.2362323
            ],
            [
              6.4778673,
              51.236273
            ],
            [
              6.477814,
              51.2362558
            ],
            [
              6.4774376,
              51.2366174
            ],
            [
              6.4768546,
              51.2370473
            ],
            [
              6.4763032,
              51.2373548
            ],
            [
              6.4754521,
              51.2377181
            ],
            [
              6.4747645,
              51.2380117
            ],
            [
              6.4746354,
              51.2380668
            ],
            [
              6.4737527,
              51.2384435
            ],
            [
              6.4722529,
              51.2390837
            ],
            [
              6.4720074,
              51.2392153
            ],
            [
              6.4708514,
              51.2399292
            ],
            [
              6.4707686,
              51.2399804
            ],
            [
              6.4706282,
              51.2400671
            ],
            [
              6.4704793,
              51.240159
            ],
            [
              6.4703408,
              51.2402445
            ],
            [
              6.4702927,
              51.2402743
            ],
            [
              6.4702651,
              51.2402913
            ],
            [
              6.4701794,
              51.2403442
            ],
            [
              6.4700553,
              51.2404209
            ],
            [
              6.4700442,
              51.2404284
            ],
            [
              6.4679521,
              51.2417207
            ],
            [
              6.4660484,
              51.2428965
            ],
            [
              6.4635333,
              51.2444499
            ],
            [
              6.4617559,
              51.2455478
            ],
            [
              6.4617011,
              51.2455817
            ],
            [
              6.4616803,
              51.2455945
            ],
            [
              6.461642,
              51.2456183
            ],
            [
              6.4615932,
              51.2456484
            ],
            [
              6.4605281,
              51.2462778
            ],
            [
              6.460261,
              51.2464357
            ],
            [
              6.4596975,
              51.2467698
            ],
            [
              6.4586707,
              51.2473786
            ],
            [
              6.4578125,
              51.2478874
            ],
            [
              6.4577405,
              51.247856
            ],
            [
              6.4575315,
              51.2477646
            ],
            [
              6.4564362,
              51.2472328
            ],
            [
              6.4562528,
              51.2471438
            ],
            [
              6.4561655,
              51.2471026
            ],
            [
              6.4555933,
              51.2468329
            ],
            [
              6.4554722,
              51.2467899
            ],
            [
              6.4554623,
              51.2467864
            ],
            [
              6.4552035,
              51.2466944
            ],
            [
              6.4550872,
              51.2466531
            ],
            [
              6.4545098,
              51.2464415
            ],
            [
              6.4541372,
              51.2462697
            ],
            [
              6.4537883,
              51.2460933
            ],
            [
              6.4536358,
              51.2460162
            ],
            [
              6.4535326,
              51.2459463
            ],
            [
              6.4531081,
              51.2456586
            ],
            [
              6.4525954,
              51.2451135
            ],
            [
              6.4523755,
              51.2448799
            ],
            [
              6.4521703,
              51.2447187
            ],
            [
              6.4517461,
              51.2445135
            ],
            [
              6.4511156,
              51.2442085
            ],
            [
              6.4511175,
              51.2441776
            ],
            [
              6.4510734,
              51.2441603
            ],
            [
              6.4510096,
              51.2441354
            ],
            [
              6.4509506,
              51.2441275
            ],
            [
              6.4508463,
              51.2440307
            ],
            [
              6.4506972,
              51.2438922
            ],
            [
              6.4506422,
              51.2438411
            ],
            [
              6.4506072,
              51.2437978
            ],
            [
              6.4505263,
              51.2436979
            ],
            [
              6.4504739,
              51.2436331
            ],
            [
              6.4504082,
              51.2435398
            ],
            [
              6.4504371,
              51.2433553
            ],
            [
              6.4504447,
              51.2433067
            ],
            [
              6.4504474,
              51.243289
            ],
            [
              6.4504431,
              51.2432895
            ],
            [
              6.4503898,
              51.243182
            ],
            [
              6.4503048,
              51.2431038
            ],
            [
              6.4502708,
              51.2430552
            ],
            [
              6.4502277,
              51.2430106
            ],
            [
              6.4501285,
              51.2428727
            ],
            [
              6.4500861,
              51.2428373
            ],
            [
              6.4499478,
              51.2426763
            ],
            [
              6.4498473,
              51.2425417
            ],
            [
              6.4497898,
              51.2424517
            ],
            [
              6.4497489,
              51.2423877
            ],
            [
              6.4497013,
              51.2423152
            ],
            [
              6.4496436,
              51.2422392
            ],
            [
              6.4496228,
              51.2422044
            ],
            [
              6.4495859,
              51.2421014
            ],
            [
              6.4495242,
              51.241975
            ],
            [
              6.4494155,
              51.2417683
            ],
            [
              6.4493414,
              51.2416425
            ],
            [
              6.4492276,
              51.2414539
            ],
            [
              6.4491405,
              51.2412148
            ],
            [
              6.4491021,
              51.2411577
            ],
            [
              6.4490346,
              51.2410253
            ],
            [
              6.4489367,
              51.2408737
            ],
            [
              6.448876,
              51.2407932
            ],
            [
              6.4488221,
              51.2407012
            ],
            [
              6.4486902,
              51.2405441
            ],
            [
              6.4485781,
              51.2404138
            ],
            [
              6.448492,
              51.2403248
            ],
            [
              6.4484052,
              51.2402573
            ],
            [
              6.4482858,
              51.240181
            ],
            [
              6.4480304,
              51.239995
            ],
            [
              6.4479187,
              51.2399023
            ],
            [
              6.4476476,
              51.2396772
            ],
            [
              6.4474896,
              51.2395334
            ],
            [
              6.447382,
              51.2394354
            ],
            [
              6.4473291,
              51.239359
            ],
            [
              6.4472759,
              51.2392262
            ],
            [
              6.4472119,
              51.2391371
            ],
            [
              6.4470941,
              51.2390185
            ],
            [
              6.4469898,
              51.2388813
            ],
            [
              6.4469747,
              51.2388615
            ],
            [
              6.4468756,
              51.2387469
            ],
            [
              6.4467815,
              51.2385965
            ],
            [
              6.4467186,
              51.2385119
            ],
            [
              6.44665,
              51.2383932
            ],
            [
              6.4465838,
              51.238292
            ],
            [
              6.4465581,
              51.2382658
            ],
            [
              6.4464434,
              51.2382071
            ],
            [
              6.4463779,
              51.2381534
            ],
            [
              6.4463337,
              51.2380772
            ],
            [
              6.4462494,
              51.2380267
            ],
            [
              6.4461925,
              51.2379706
            ],
            [
              6.4461431,
              51.2378901
            ],
            [
              6.4460899,
              51.2378339
            ],
            [
              6.4459854,
              51.2377232
            ],
            [
              6.445797,
              51.2375062
            ],
            [
              6.4457729,
              51.2374769
            ],
            [
              6.4457365,
              51.2374327
            ],
            [
              6.4456924,
              51.2373669
            ],
            [
              6.4455872,
              51.2372432
            ],
            [
              6.4455402,
              51.2371865
            ],
            [
              6.4453919,
              51.2370425
            ],
            [
              6.4452464,
              51.2369046
            ],
            [
              6.4451811,
              51.2368253
            ],
            [
              6.4451568,
              51.2367755
            ],
            [
              6.4451147,
              51.2366889
            ],
            [
              6.4450952,
              51.2366475
            ],
            [
              6.4449692,
              51.2365347
            ],
            [
              6.4449168,
              51.2364677
            ],
            [
              6.444877,
              51.2363812
            ],
            [
              6.4448174,
              51.2363135
            ],
            [
              6.4447361,
              51.2362296
            ],
            [
              6.4446329,
              51.2361371
            ],
            [
              6.4445489,
              51.2360557
            ],
            [
              6.4444562,
              51.2359766
            ],
            [
              6.444349,
              51.2358851
            ],
            [
              6.4443122,
              51.2358424
            ],
            [
              6.444254,
              51.2357599
            ],
            [
              6.4442078,
              51.2357234
            ],
            [
              6.4440361,
              51.2356304
            ],
            [
              6.4439725,
              51.2355828
            ],
            [
              6.4439003,
              51.2355204
            ],
            [
              6.4438075,
              51.2354199
            ],
            [
              6.4437044,
              51.2352801
            ],
            [
              6.4435714,
              51.2351028
            ],
            [
              6.4435109,
              51.2350221
            ],
            [
              6.4434482,
              51.2349309
            ],
            [
              6.443382,
              51.2348552
            ],
            [
              6.4419074,
              51.2352595
            ],
            [
              6.4402078,
              51.2357255
            ],
            [
              6.4401417,
              51.2357146
            ],
            [
              6.4400524,
              51.2356445
            ],
            [
              6.4398157,
              51.2354589
            ],
            [
              6.4382877,
              51.2348727
            ],
            [
              6.4381449,
              51.2343413
            ],
            [
              6.4380387,
              51.2339464
            ],
            [
              6.4379139,
              51.2334825
            ],
            [
              6.4378242,
              51.2331492
            ],
            [
              6.4379093,
              51.2323571
            ],
            [
              6.4379292,
              51.232176
            ],
            [
              6.4377185,
              51.2321561
            ],
            [
              6.4372984,
              51.2319636
            ],
            [
              6.4371536,
              51.2318972
            ],
            [
              6.4371485,
              51.2317964
            ],
            [
              6.4370491,
              51.231764
            ],
            [
              6.4369642,
              51.2317363
            ],
            [
              6.4368168,
              51.2316883
            ],
            [
              6.436432,
              51.2315629
            ],
            [
              6.4359648,
              51.2314103
            ],
            [
              6.434735,
              51.2310087
            ],
            [
              6.4340156,
              51.2307738
            ],
            [
              6.4339932,
              51.2307256
            ],
            [
              6.4339421,
              51.2307093
            ],
            [
              6.4338688,
              51.2307185
            ],
            [
              6.43311,
              51.2303464
            ],
            [
              6.432792,
              51.2301349
            ],
            [
              6.4322972,
              51.2298059
            ],
            [
              6.4321792,
              51.2297275
            ],
            [
              6.4317267,
              51.2294266
            ],
            [
              6.4310821,
              51.2289979
            ],
            [
              6.4309355,
              51.2289004
            ],
            [
              6.4303675,
              51.2285227
            ],
            [
              6.4299122,
              51.2277655
            ],
            [
              6.429898,
              51.2277419
            ],
            [
              6.4298443,
              51.2274533
            ],
            [
              6.4297807,
              51.2271094
            ],
            [
              6.4297487,
              51.2269386
            ],
            [
              6.4297326,
              51.226852
            ],
            [
              6.4296913,
              51.2268047
            ]
          ]
        ]
      }
    },
    {
      "type": "Feature",
      "properties": {
        "name": "Flughafen",
        "city": "Mönchengladbach",
        "osm_id": 13151570,
        "osm_type": "relation",
        "display": "Flughafen, Ost, Mönchengladbach, Nordrhein-Westfalen, Deutschland"
      },
      "geometry": {
        "type": "Polygon",
        "coordinates": [
          [
            [
              6.4668897,
              51.2289929
            ],
            [
              6.4680901,
              51.2287053
            ],
            [
              6.4701406,
              51.2282052
            ],
            [
              6.472756,
              51.2275711
            ],
            [
              6.4731668,
              51.2274708
            ],
            [
              6.4745951,
              51.2270744
            ],
            [
              6.4759922,
              51.2266232
            ],
            [
              6.4768017,
              51.2263319
            ],
            [
              6.4774875,
              51.2260286
            ],
            [
              6.4783889,
              51.2256055
            ],
            [
              6.4784957,
              51.2255479
            ],
            [
              6.4791153,
              51.2252128
            ],
            [
              6.4798737,
              51.2247526
            ],
            [
              6.4805211,
              51.2243874
            ],
            [
              6.4810726,
              51.2240828
            ],
            [
              6.4814562,
              51.2238803
            ],
            [
              6.4820817,
              51.2235904
            ],
            [
              6.482168,
              51.2235534
            ],
            [
              6.4824285,
              51.2234415
            ],
            [
              6.4831701,
              51.2231202
            ],
            [
              6.4847506,
              51.222704
            ],
            [
              6.4863661,
              51.2223846
            ],
            [
              6.487087,
              51.222312
            ],
            [
              6.4889563,
              51.2221241
            ],
            [
              6.4897839,
              51.2221052
            ],
            [
              6.4907421,
              51.2276281
            ],
            [
              6.4907594,
              51.2279604
            ],
            [
              6.4911178,
              51.2279723
            ],
            [
              6.491191,
              51.2278433
            ],
            [
              6.4920411,
              51.2273677
            ],
            [
              6.4926997,
              51.2269062
            ],
            [
              6.4932911,
              51.2276671
            ],
            [
              6.4934507,
              51.2276095
            ],
            [
              6.4938612,
              51.2279546
            ],
            [
              6.4942327,
              51.2278344
            ],
            [
              6.4946479,
              51.227778
            ],
            [
              6.4968231,
              51.2278333
            ],
            [
              6.4977415,
              51.2279633
            ],
            [
              6.4985214,
              51.2278983
            ],
            [
              6.5000686,
              51.2274288
            ],
            [
              6.5016887,
              51.2272711
            ],
            [
              6.5027528,
              51.2270728
            ],
            [
              6.5032728,
              51.227026
            ],
            [
              6.506299,
              51.2270632
            ],
            [
              6.5075082,
              51.2269085
            ],
            [
              6.5075042,
              51.2268552
            ],
            [
              6.5076156,
              51.2266772
            ],
            [
              6.50829,
              51.2255906
            ],
            [
              6.5084899,
              51.2252642
            ],
            [
              6.5084825,
              51.2251805
            ],
            [
              6.5083327,
              51.2230863
            ],
            [
              6.5084373,
              51.222923
            ],
            [
              6.5088705,
              51.2225048
            ],
            [
              6.5089928,
              51.2223051
            ],
            [
              6.5090716,
              51.2220555
            ],
            [
              6.5091608,
              51.2209481
            ],
            [
              6.5092506,
              51.2207558
            ],
            [
              6.5097569,
              51.2203251
            ],
            [
              6.5106189,
              51.2195406
            ],
            [
              6.5106779,
              51.2195365
            ],
            [
              6.5129367,
              51.2205763
            ],
            [
              6.5135577,
              51.2208494
            ],
            [
              6.5138281,
              51.220872
            ],
            [
              6.5156416,
              51.2210237
            ],
            [
              6.5171436,
              51.2212621
            ],
            [
              6.5173165,
              51.2213426
            ],
            [
              6.5175806,
              51.2215501
            ],
            [
              6.5176505,
              51.2215193
            ],
            [
              6.5186612,
              51.2223858
            ],
            [
              6.5203219,
              51.2239874
            ],
            [
              6.522199,
              51.2257372
            ],
            [
              6.5221233,
              51.225768
            ],
            [
              6.520933,
              51.2262534
            ],
            [
              6.5202346,
              51.2265381
            ],
            [
              6.5201349,
              51.2265789
            ],
            [
              6.519612,
              51.2267923
            ],
            [
              6.5195111,
              51.2268334
            ],
            [
              6.5195098,
              51.2268339
            ],
            [
              6.5193017,
              51.2269188
            ],
            [
              6.5184689,
              51.2272589
            ],
            [
              6.5183728,
              51.2272978
            ],
            [
              6.5182819,
              51.2273349
            ],
            [
              6.5181019,
              51.2274084
            ],
            [
              6.5178619,
              51.2275065
            ],
            [
              6.5176051,
              51.2276111
            ],
            [
              6.5173117,
              51.2277307
            ],
            [
              6.5172393,
              51.2277603
            ],
            [
              6.5172228,
              51.2278097
            ],
            [
              6.5176114,
              51.2281773
            ],
            [
              6.5186215,
              51.2291331
            ],
            [
              6.5193454,
              51.2298179
            ],
            [
              6.5195565,
              51.2300177
            ],
            [
              6.5197367,
              51.2301881
            ],
            [
              6.5199923,
              51.2304301
            ],
            [
              6.5199621,
              51.2304337
            ],
            [
              6.5199385,
              51.2304365
            ],
            [
              6.5189248,
              51.2305542
            ],
            [
              6.5186853,
              51.230582
            ],
            [
              6.5176396,
              51.2307037
            ],
            [
              6.5161763,
              51.2308738
            ],
            [
              6.5137433,
              51.2311569
            ],
            [
              6.5117237,
              51.231391
            ],
            [
              6.5093225,
              51.2316703
            ],
            [
              6.5092651,
              51.2316771
            ],
            [
              6.5091606,
              51.2316891
            ],
            [
              6.5049385,
              51.2321801
            ],
            [
              6.5048822,
              51.2321913
            ],
            [
              6.5048163,
              51.2322063
            ],
            [
              6.5047454,
              51.2322412
            ],
            [
              6.5046909,
              51.2322898
            ],
            [
              6.5045971,
              51.2324306
            ],
            [
              6.5044756,
              51.2326046
            ],
            [
              6.5044184,
              51.2326885
            ],
            [
              6.50433,
              51.232855
            ],
            [
              6.5042884,
              51.2329413
            ],
            [
              6.504226,
              51.2330826
            ],
            [
              6.5041805,
              51.2332116
            ],
            [
              6.5041455,
              51.2334324
            ],
            [
              6.5041707,
              51.2335483
            ],
            [
              6.5042132,
              51.2336921
            ],
            [
              6.5042644,
              51.2338204
            ],
            [
              6.5044587,
              51.2342594
            ],
            [
              6.5043524,
              51.2342717
            ],
            [
              6.5043425,
              51.2342725
            ],
            [
              6.504342,
              51.2342715
            ],
            [
              6.5042687,
              51.2342701
            ],
            [
              6.5042774,
              51.234283
            ],
            [
              6.5042985,
              51.2343139
            ],
            [
              6.5043598,
              51.2344042
            ],
            [
              6.504366,
              51.2344589
            ],
            [
              6.5043759,
              51.2344576
            ],
            [
              6.5043781,
              51.2344992
            ],
            [
              6.5044153,
              51.2346229
            ],
            [
              6.5044472,
              51.2347289
            ],
            [
              6.5044539,
              51.2347542
            ],
            [
              6.5044565,
              51.2347644
            ],
            [
              6.5044735,
              51.2348286
            ],
            [
              6.5043949,
              51.2348376
            ],
            [
              6.5043108,
              51.2348473
            ],
            [
              6.5041972,
              51.23486
            ],
            [
              6.5034808,
              51.2349428
            ],
            [
              6.5033685,
              51.2349558
            ],
            [
              6.5030308,
              51.2349947
            ],
            [
              6.502682,
              51.2350346
            ],
            [
              6.4994832,
              51.2354024
            ],
            [
              6.4972587,
              51.23566
            ],
            [
              6.4955704,
              51.2358554
            ],
            [
              6.4942453,
              51.236008
            ],
            [
              6.4921319,
              51.2362516
            ],
            [
              6.4897874,
              51.236522
            ],
            [
              6.4871086,
              51.2368331
            ],
            [
              6.4866373,
              51.2368871
            ],
            [
              6.486421,
              51.236912
            ],
            [
              6.48616,
              51.236942
            ],
            [
              6.4859013,
              51.2369717
            ],
            [
              6.4853688,
              51.2370327
            ],
            [
              6.4852908,
              51.2370416
            ],
            [
              6.4851468,
              51.2370581
            ],
            [
              6.4850391,
              51.2370705
            ],
            [
              6.4850195,
              51.2370727
            ],
            [
              6.4849633,
              51.2370793
            ],
            [
              6.4849097,
              51.2370855
            ],
            [
              6.4836614,
              51.2372306
            ],
            [
              6.4827057,
              51.237339
            ],
            [
              6.4825998,
              51.2373479
            ],
            [
              6.4821343,
              51.2371712
            ],
            [
              6.4820115,
              51.2370511
            ],
            [
              6.4819717,
              51.2370231
            ],
            [
              6.4813065,
              51.2367721
            ],
            [
              6.4811504,
              51.2367897
            ],
            [
              6.4811118,
              51.2367878
            ],
            [
              6.4809869,
              51.2367408
            ],
            [
              6.4797946,
              51.2362924
            ],
            [
              6.4790292,
              51.2360185
            ],
            [
              6.4784876,
              51.2360322
            ],
            [
              6.4781767,
              51.2359544
            ],
            [
              6.4781362,
              51.2359988
            ],
            [
              6.4780682,
              51.236144
            ],
            [
              6.4780202,
              51.2361939
            ],
            [
              6.4763795,
              51.2355266
            ],
            [
              6.4743381,
              51.2347452
            ],
            [
              6.4731803,
              51.2342751
            ],
            [
              6.4719454,
              51.2336817
            ],
            [
              6.4714225,
              51.2333425
            ],
            [
              6.4705128,
              51.2324651
            ],
            [
              6.4697266,
              51.2316882
            ],
            [
              6.4688596,
              51.2308636
            ],
            [
              6.4680537,
              51.2300656
            ],
            [
              6.4668897,
              51.2289929
            ]
          ]
        ]
      }
    },
    {
      "type": "Feature",
      "properties": {
        "name": "Neuwerk-Mitte",
        "city": "Mönchengladbach",
        "osm_id": 13151642,
        "osm_type": "relation",
        "display": "Neuwerk-Mitte, Ost, Mönchengladbach, Nordrhein-Westfalen, 41066, Deutschland"
      },
      "geometry": {
        "type": "Polygon",
        "coordinates": [
          [
            [
              6.4539007,
              51.2143919
            ],
            [
              6.4565254,
              51.2143947
            ],
            [
              6.4601328,
              51.2135612
            ],
            [
              6.4613975,
              51.2131977
            ],
            [
              6.4608264,
              51.2126176
            ],
            [
              6.4621662,
              51.2121226
            ],
            [
              6.4618175,
              51.2118259
            ],
            [
              6.4622133,
              51.2116408
            ],
            [
              6.4619612,
              51.2112349
            ],
            [
              6.4626988,
              51.2109884
            ],
            [
              6.4620531,
              51.2103389
            ],
            [
              6.4637315,
              51.2093291
            ],
            [
              6.4655483,
              51.2105579
            ],
            [
              6.4664572,
              51.2111658
            ],
            [
              6.4686902,
              51.212662
            ],
            [
              6.4702449,
              51.2136931
            ],
            [
              6.471819,
              51.2147492
            ],
            [
              6.4734001,
              51.2158111
            ],
            [
              6.474646,
              51.2166692
            ],
            [
              6.4759278,
              51.2174922
            ],
            [
              6.476314,
              51.2177501
            ],
            [
              6.4765249,
              51.2178891
            ],
            [
              6.4767128,
              51.2180366
            ],
            [
              6.4768277,
              51.2181489
            ],
            [
              6.4769272,
              51.2182451
            ],
            [
              6.4773628,
              51.2186731
            ],
            [
              6.478249,
              51.2195414
            ],
            [
              6.4795704,
              51.2208181
            ],
            [
              6.4807849,
              51.2219538
            ],
            [
              6.4814075,
              51.2225482
            ],
            [
              6.4824285,
              51.2234415
            ],
            [
              6.482168,
              51.2235534
            ],
            [
              6.4820817,
              51.2235904
            ],
            [
              6.4814562,
              51.2238803
            ],
            [
              6.4810726,
              51.2240828
            ],
            [
              6.4805211,
              51.2243874
            ],
            [
              6.4798737,
              51.2247526
            ],
            [
              6.4791153,
              51.2252128
            ],
            [
              6.4784957,
              51.2255479
            ],
            [
              6.4783889,
              51.2256055
            ],
            [
              6.4774875,
              51.2260286
            ],
            [
              6.4768017,
              51.2263319
            ],
            [
              6.4759922,
              51.2266232
            ],
            [
              6.4745951,
              51.2270744
            ],
            [
              6.4731668,
              51.2274708
            ],
            [
              6.472756,
              51.2275711
            ],
            [
              6.4701406,
              51.2282052
            ],
            [
              6.4680901,
              51.2287053
            ],
            [
              6.4668897,
              51.2289929
            ],
            [
              6.464986,
              51.2270654
            ],
            [
              6.4637903,
              51.2261433
            ],
            [
              6.4626575,
              51.2252637
            ],
            [
              6.4620615,
              51.2246272
            ],
            [
              6.4614744,
              51.2238921
            ],
            [
              6.4603419,
              51.2219796
            ],
            [
              6.4585654,
              51.2191557
            ],
            [
              6.4579473,
              51.2182018
            ],
            [
              6.4570998,
              51.2172313
            ],
            [
              6.4562302,
              51.216341
            ],
            [
              6.4555443,
              51.2158084
            ],
            [
              6.4546609,
              51.2151675
            ],
            [
              6.4539007,
              51.2143919
            ]
          ]
        ]
      }
    },
    {
      "type": "Feature",
      "properties": {
        "name": "Uedding",
        "city": "Mönchengladbach",
        "osm_id": 13152129,
        "osm_type": "relation",
        "display": "Uedding, Ost, Mönchengladbach, Nordrhein-Westfalen, Deutschland"
      },
      "geometry": {
        "type": "Polygon",
        "coordinates": [
          [
            [
              6.4626889,
              51.2086322
            ],
            [
              6.4634896,
              51.2083188
            ],
            [
              6.4635274,
              51.2083572
            ],
            [
              6.4638268,
              51.2086687
            ],
            [
              6.4639269,
              51.2086222
            ],
            [
              6.4640178,
              51.2085793
            ],
            [
              6.4640459,
              51.2085663
            ],
            [
              6.4641143,
              51.2085348
            ],
            [
              6.4642961,
              51.2084525
            ],
            [
              6.4643873,
              51.2084092
            ],
            [
              6.4644818,
              51.2083659
            ],
            [
              6.4645732,
              51.2083229
            ],
            [
              6.4646536,
              51.2082857
            ],
            [
              6.464666,
              51.2082799
            ],
            [
              6.4646628,
              51.208277
            ],
            [
              6.4646432,
              51.2082573
            ],
            [
              6.4644902,
              51.208104
            ],
            [
              6.4643977,
              51.2080112
            ],
            [
              6.4643618,
              51.207975
            ],
            [
              6.4642956,
              51.2079027
            ],
            [
              6.4646516,
              51.207762
            ],
            [
              6.4649122,
              51.2080213
            ],
            [
              6.4650038,
              51.2079853
            ],
            [
              6.4650522,
              51.2079663
            ],
            [
              6.4651232,
              51.2079385
            ],
            [
              6.4652826,
              51.2078758
            ],
            [
              6.4655141,
              51.2077847
            ],
            [
              6.4656274,
              51.2078975
            ],
            [
              6.4656725,
              51.2079423
            ],
            [
              6.4657639,
              51.2080332
            ],
            [
              6.4658282,
              51.2080986
            ],
            [
              6.4659345,
              51.208071
            ],
            [
              6.4660092,
              51.2082078
            ],
            [
              6.4663124,
              51.2081558
            ],
            [
              6.4666125,
              51.2081041
            ],
            [
              6.4667087,
              51.2080538
            ],
            [
              6.4670245,
              51.2079878
            ],
            [
              6.4673249,
              51.2079286
            ],
            [
              6.467512,
              51.2078872
            ],
            [
              6.4676959,
              51.2078492
            ],
            [
              6.4680147,
              51.2077854
            ],
            [
              6.468315,
              51.207729
            ],
            [
              6.4683424,
              51.2077238
            ],
            [
              6.4686281,
              51.2076701
            ],
            [
              6.468661,
              51.2076638
            ],
            [
              6.4689785,
              51.2076043
            ],
            [
              6.4692602,
              51.207553
            ],
            [
              6.4698355,
              51.2074405
            ],
            [
              6.4699205,
              51.2076233
            ],
            [
              6.4701275,
              51.2075854
            ],
            [
              6.470204,
              51.2075717
            ],
            [
              6.4703532,
              51.2075444
            ],
            [
              6.4703673,
              51.2075856
            ],
            [
              6.4703751,
              51.2076231
            ],
            [
              6.4703784,
              51.2076572
            ],
            [
              6.4703716,
              51.2076837
            ],
            [
              6.4703622,
              51.2077063
            ],
            [
              6.4703344,
              51.2077105
            ],
            [
              6.4703156,
              51.2077407
            ],
            [
              6.4702889,
              51.2077673
            ],
            [
              6.4702671,
              51.207785
            ],
            [
              6.4702439,
              51.2077958
            ],
            [
              6.4702275,
              51.2078036
            ],
            [
              6.4702109,
              51.2078101
            ],
            [
              6.4704794,
              51.2078041
            ],
            [
              6.4704968,
              51.207813
            ],
            [
              6.4707287,
              51.2077543
            ],
            [
              6.4711206,
              51.207625
            ],
            [
              6.4713283,
              51.2075678
            ],
            [
              6.4715263,
              51.2075003
            ],
            [
              6.4719769,
              51.2073464
            ],
            [
              6.4724496,
              51.2070198
            ],
            [
              6.4725217,
              51.2069422
            ],
            [
              6.473196,
              51.2062127
            ],
            [
              6.4733076,
              51.2052819
            ],
            [
              6.4734444,
              51.2050824
            ],
            [
              6.4737713,
              51.2046238
            ],
            [
              6.4741108,
              51.2047184
            ],
            [
              6.4742231,
              51.2047185
            ],
            [
              6.4742221,
              51.2047493
            ],
            [
              6.4742219,
              51.2047831
            ],
            [
              6.4743436,
              51.2048164
            ],
            [
              6.4744737,
              51.204853
            ],
            [
              6.4746283,
              51.2048929
            ],
            [
              6.4746501,
              51.2051937
            ],
            [
              6.4746581,
              51.205308
            ],
            [
              6.4746887,
              51.2055521
            ],
            [
              6.4748103,
              51.2055668
            ],
            [
              6.4748524,
              51.2055735
            ],
            [
              6.4749241,
              51.2055822
            ],
            [
              6.4751342,
              51.2048125
            ],
            [
              6.4757303,
              51.2048951
            ],
            [
              6.4757758,
              51.2047568
            ],
            [
              6.4758124,
              51.2047636
            ],
            [
              6.4758179,
              51.2047643
            ],
            [
              6.476015,
              51.2047971
            ],
            [
              6.4761575,
              51.2048164
            ],
            [
              6.4762743,
              51.2048361
            ],
            [
              6.4763695,
              51.2048508
            ],
            [
              6.4764776,
              51.2048624
            ],
            [
              6.4766138,
              51.204886
            ],
            [
              6.4766072,
              51.2049098
            ],
            [
              6.4765994,
              51.2049377
            ],
            [
              6.4767875,
              51.2049574
            ],
            [
              6.4768046,
              51.2048954
            ],
            [
              6.4768776,
              51.2046339
            ],
            [
              6.4772027,
              51.2046603
            ],
            [
              6.4773431,
              51.2046399
            ],
            [
              6.4774316,
              51.204647
            ],
            [
              6.4774384,
              51.2046127
            ],
            [
              6.47783,
              51.2046315
            ],
            [
              6.4778473,
              51.2046024
            ],
            [
              6.4779073,
              51.2045004
            ],
            [
              6.4779327,
              51.2044763
            ],
            [
              6.4780114,
              51.2044689
            ],
            [
              6.4780897,
              51.2044617
            ],
            [
              6.4781504,
              51.2044541
            ],
            [
              6.4782815,
              51.2044376
            ],
            [
              6.4782974,
              51.2044404
            ],
            [
              6.4784098,
              51.2044596
            ],
            [
              6.4784358,
              51.2044638
            ],
            [
              6.4784299,
              51.2045767
            ],
            [
              6.4785193,
              51.2045935
            ],
            [
              6.4786107,
              51.2046109
            ],
            [
              6.4787217,
              51.2046319
            ],
            [
              6.4787408,
              51.2046355
            ],
            [
              6.4788031,
              51.2046473
            ],
            [
              6.4789953,
              51.2046837
            ],
            [
              6.4790271,
              51.2046788
            ],
            [
              6.4792916,
              51.2046409
            ],
            [
              6.4793001,
              51.2045962
            ],
            [
              6.4793097,
              51.2045431
            ],
            [
              6.4793275,
              51.2044461
            ],
            [
              6.4793362,
              51.2043961
            ],
            [
              6.4793456,
              51.2043459
            ],
            [
              6.4793683,
              51.204227
            ],
            [
              6.4793818,
              51.2042255
            ],
            [
              6.4797355,
              51.2041926
            ],
            [
              6.4798452,
              51.2041864
            ],
            [
              6.4798773,
              51.2041846
            ],
            [
              6.4799823,
              51.2041805
            ],
            [
              6.4799794,
              51.2040515
            ],
            [
              6.4800252,
              51.2040392
            ],
            [
              6.4802187,
              51.2039722
            ],
            [
              6.4803523,
              51.2039261
            ],
            [
              6.4804712,
              51.2038852
            ],
            [
              6.4805606,
              51.2038541
            ],
            [
              6.4807045,
              51.2038041
            ],
            [
              6.4805174,
              51.2035239
            ],
            [
              6.4803994,
              51.2033829
            ],
            [
              6.4806629,
              51.203272
            ],
            [
              6.4810619,
              51.2030905
            ],
            [
              6.4814293,
              51.2029157
            ],
            [
              6.4815903,
              51.2028275
            ],
            [
              6.4817552,
              51.202693
            ],
            [
              6.4818853,
              51.2025821
            ],
            [
              6.4822486,
              51.2023227
            ],
            [
              6.4828623,
              51.2025834
            ],
            [
              6.4829103,
              51.202546
            ],
            [
              6.4829959,
              51.2024658
            ],
            [
              6.4830041,
              51.2024576
            ],
            [
              6.4830752,
              51.2023912
            ],
            [
              6.4832294,
              51.2023271
            ],
            [
              6.483384,
              51.2022618
            ],
            [
              6.4834796,
              51.2022216
            ],
            [
              6.4835748,
              51.2021819
            ],
            [
              6.4837095,
              51.2021248
            ],
            [
              6.4838098,
              51.2022546
            ],
            [
              6.4838748,
              51.202342
            ],
            [
              6.4839801,
              51.2022911
            ],
            [
              6.4839827,
              51.2022897
            ],
            [
              6.4840827,
              51.202241
            ],
            [
              6.4841882,
              51.2021961
            ],
            [
              6.4842007,
              51.2021842
            ],
            [
              6.4843161,
              51.2021439
            ],
            [
              6.4844958,
              51.2020815
            ],
            [
              6.484521,
              51.2021844
            ],
            [
              6.4846076,
              51.2021512
            ],
            [
              6.4846238,
              51.2021451
            ],
            [
              6.4849055,
              51.2020393
            ],
            [
              6.4850565,
              51.20198
            ],
            [
              6.4851308,
              51.2019988
            ],
            [
              6.4852662,
              51.2019819
            ],
            [
              6.4853957,
              51.2019649
            ],
            [
              6.4855261,
              51.2019486
            ],
            [
              6.4856551,
              51.2019322
            ],
            [
              6.4857858,
              51.2019157
            ],
            [
              6.4859161,
              51.2018992
            ],
            [
              6.4860461,
              51.2018828
            ],
            [
              6.4861765,
              51.2018661
            ],
            [
              6.4863068,
              51.2018495
            ],
            [
              6.4864144,
              51.2018357
            ],
            [
              6.486375,
              51.201581
            ],
            [
              6.4863578,
              51.2014715
            ],
            [
              6.4863473,
              51.2014042
            ],
            [
              6.4863449,
              51.2013896
            ],
            [
              6.4863407,
              51.2013623
            ],
            [
              6.4863336,
              51.2013171
            ],
            [
              6.4863321,
              51.2013084
            ],
            [
              6.4863307,
              51.2012983
            ],
            [
              6.4868123,
              51.2012668
            ],
            [
              6.4868202,
              51.2012944
            ],
            [
              6.4868387,
              51.2012932
            ],
            [
              6.4873154,
              51.2012695
            ],
            [
              6.4873158,
              51.2012778
            ],
            [
              6.4880544,
              51.201241
            ],
            [
              6.488071,
              51.2015717
            ],
            [
              6.4880441,
              51.201573
            ],
            [
              6.4880574,
              51.20181
            ],
            [
              6.4880841,
              51.2018091
            ],
            [
              6.4881382,
              51.2017719
            ],
            [
              6.4886353,
              51.201763
            ],
            [
              6.4890585,
              51.2013847
            ],
            [
              6.4891799,
              51.2012765
            ],
            [
              6.4899112,
              51.2011145
            ],
            [
              6.4896566,
              51.2006619
            ],
            [
              6.4893566,
              51.2006633
            ],
            [
              6.4892617,
              51.2006864
            ],
            [
              6.489087,
              51.2003171
            ],
            [
              6.4925898,
              51.1998439
            ],
            [
              6.4927673,
              51.1998255
            ],
            [
              6.4927343,
              51.1999474
            ],
            [
              6.4926393,
              51.2002114
            ],
            [
              6.4924733,
              51.2005654
            ],
            [
              6.4918174,
              51.2020002
            ],
            [
              6.4906196,
              51.204079
            ],
            [
              6.4885259,
              51.2075926
            ],
            [
              6.4883616,
              51.2079219
            ],
            [
              6.4883129,
              51.2080195
            ],
            [
              6.48801,
              51.2088704
            ],
            [
              6.48785,
              51.2096334
            ],
            [
              6.487832,
              51.2099233
            ],
            [
              6.487832,
              51.2109002
            ],
            [
              6.488059,
              51.2121281
            ],
            [
              6.488094,
              51.2122921
            ],
            [
              6.4888955,
              51.2169757
            ],
            [
              6.4897175,
              51.2217223
            ],
            [
              6.4897839,
              51.2221052
            ],
            [
              6.4889563,
              51.2221241
            ],
            [
              6.487087,
              51.222312
            ],
            [
              6.4863661,
              51.2223846
            ],
            [
              6.4847506,
              51.222704
            ],
            [
              6.4831701,
              51.2231202
            ],
            [
              6.4824285,
              51.2234415
            ],
            [
              6.4814075,
              51.2225482
            ],
            [
              6.4807849,
              51.2219538
            ],
            [
              6.4795704,
              51.2208181
            ],
            [
              6.478249,
              51.2195414
            ],
            [
              6.4773628,
              51.2186731
            ],
            [
              6.4769272,
              51.2182451
            ],
            [
              6.4768277,
              51.2181489
            ],
            [
              6.4767128,
              51.2180366
            ],
            [
              6.4765249,
              51.2178891
            ],
            [
              6.476314,
              51.2177501
            ],
            [
              6.4759278,
              51.2174922
            ],
            [
              6.474646,
              51.2166692
            ],
            [
              6.4734001,
              51.2158111
            ],
            [
              6.471819,
              51.2147492
            ],
            [
              6.4702449,
              51.2136931
            ],
            [
              6.4686902,
              51.212662
            ],
            [
              6.4664572,
              51.2111658
            ],
            [
              6.4655483,
              51.2105579
            ],
            [
              6.4637315,
              51.2093291
            ],
            [
              6.4626889,
              51.2086322
            ]
          ]
        ]
      }
    },
    {
      "type": "Feature",
      "properties": {
        "name": "Lürrip",
        "city": "Mönchengladbach",
        "osm_id": 13152161,
        "osm_type": "relation",
        "display": "Lürrip, Ost, Mönchengladbach, Nordrhein-Westfalen, Deutschland"
      },
      "geometry": {
        "type": "Polygon",
        "coordinates": [
          [
            [
              6.4490713,
              51.1984502
            ],
            [
              6.4496601,
              51.1983607
            ],
            [
              6.4504146,
              51.1978403
            ],
            [
              6.4508542,
              51.1975464
            ],
            [
              6.451231,
              51.1973321
            ],
            [
              6.4514127,
              51.1971569
            ],
            [
              6.4521396,
              51.1963392
            ],
            [
              6.4525258,
              51.1960064
            ],
            [
              6.4533694,
              51.1954752
            ],
            [
              6.4539012,
              51.195158
            ],
            [
              6.4573706,
              51.1959353
            ],
            [
              6.458543,
              51.1964182
            ],
            [
              6.4590731,
              51.1966358
            ],
            [
              6.4609694,
              51.1972871
            ],
            [
              6.463077,
              51.1978668
            ],
            [
              6.4641532,
              51.198083
            ],
            [
              6.4658859,
              51.1983342
            ],
            [
              6.4672834,
              51.1984435
            ],
            [
              6.4686761,
              51.1984738
            ],
            [
              6.4702311,
              51.1984057
            ],
            [
              6.4728952,
              51.1981477
            ],
            [
              6.4742792,
              51.1979204
            ],
            [
              6.4758039,
              51.1976294
            ],
            [
              6.4766027,
              51.1974399
            ],
            [
              6.4790661,
              51.196772
            ],
            [
              6.4821938,
              51.1956954
            ],
            [
              6.4834303,
              51.1952449
            ],
            [
              6.4852414,
              51.194611
            ],
            [
              6.4858671,
              51.1944348
            ],
            [
              6.4868218,
              51.1942031
            ],
            [
              6.4880886,
              51.194015
            ],
            [
              6.490054,
              51.1938246
            ],
            [
              6.4909244,
              51.1937624
            ],
            [
              6.4930393,
              51.1936246
            ],
            [
              6.4930562,
              51.1937111
            ],
            [
              6.4931292,
              51.1940811
            ],
            [
              6.4932932,
              51.195302
            ],
            [
              6.4933112,
              51.1966028
            ],
            [
              6.4932432,
              51.1974687
            ],
            [
              6.4931002,
              51.1985016
            ],
            [
              6.4929062,
              51.1993645
            ],
            [
              6.4928123,
              51.1996695
            ],
            [
              6.4927673,
              51.1998255
            ],
            [
              6.4925898,
              51.1998439
            ],
            [
              6.489087,
              51.2003171
            ],
            [
              6.4892617,
              51.2006864
            ],
            [
              6.4893566,
              51.2006633
            ],
            [
              6.4896566,
              51.2006619
            ],
            [
              6.4899112,
              51.2011145
            ],
            [
              6.4891799,
              51.2012765
            ],
            [
              6.4890585,
              51.2013847
            ],
            [
              6.4886353,
              51.201763
            ],
            [
              6.4881382,
              51.2017719
            ],
            [
              6.4880841,
              51.2018091
            ],
            [
              6.4880574,
              51.20181
            ],
            [
              6.4880441,
              51.201573
            ],
            [
              6.488071,
              51.2015717
            ],
            [
              6.4880544,
              51.201241
            ],
            [
              6.4873158,
              51.2012778
            ],
            [
              6.4873154,
              51.2012695
            ],
            [
              6.4868387,
              51.2012932
            ],
            [
              6.4868202,
              51.2012944
            ],
            [
              6.4868123,
              51.2012668
            ],
            [
              6.4863307,
              51.2012983
            ],
            [
              6.4863321,
              51.2013084
            ],
            [
              6.4863336,
              51.2013171
            ],
            [
              6.4863407,
              51.2013623
            ],
            [
              6.4863449,
              51.2013896
            ],
            [
              6.4863473,
              51.2014042
            ],
            [
              6.4863578,
              51.2014715
            ],
            [
              6.486375,
              51.201581
            ],
            [
              6.4864144,
              51.2018357
            ],
            [
              6.4863068,
              51.2018495
            ],
            [
              6.4861765,
              51.2018661
            ],
            [
              6.4860461,
              51.2018828
            ],
            [
              6.4859161,
              51.2018992
            ],
            [
              6.4857858,
              51.2019157
            ],
            [
              6.4856551,
              51.2019322
            ],
            [
              6.4855261,
              51.2019486
            ],
            [
              6.4853957,
              51.2019649
            ],
            [
              6.4852662,
              51.2019819
            ],
            [
              6.4851308,
              51.2019988
            ],
            [
              6.4850565,
              51.20198
            ],
            [
              6.4849055,
              51.2020393
            ],
            [
              6.4846238,
              51.2021451
            ],
            [
              6.4846076,
              51.2021512
            ],
            [
              6.484521,
              51.2021844
            ],
            [
              6.4844958,
              51.2020815
            ],
            [
              6.4843161,
              51.2021439
            ],
            [
              6.4842007,
              51.2021842
            ],
            [
              6.4841882,
              51.2021961
            ],
            [
              6.4840827,
              51.202241
            ],
            [
              6.4839827,
              51.2022897
            ],
            [
              6.4839801,
              51.2022911
            ],
            [
              6.4838748,
              51.202342
            ],
            [
              6.4838098,
              51.2022546
            ],
            [
              6.4837095,
              51.2021248
            ],
            [
              6.4835748,
              51.2021819
            ],
            [
              6.4834796,
              51.2022216
            ],
            [
              6.483384,
              51.2022618
            ],
            [
              6.4832294,
              51.2023271
            ],
            [
              6.4830752,
              51.2023912
            ],
            [
              6.4830041,
              51.2024576
            ],
            [
              6.4829959,
              51.2024658
            ],
            [
              6.4829103,
              51.202546
            ],
            [
              6.4828623,
              51.2025834
            ],
            [
              6.4822486,
              51.2023227
            ],
            [
              6.4818853,
              51.2025821
            ],
            [
              6.4817552,
              51.202693
            ],
            [
              6.4815903,
              51.2028275
            ],
            [
              6.4814293,
              51.2029157
            ],
            [
              6.4810619,
              51.2030905
            ],
            [
              6.4806629,
              51.203272
            ],
            [
              6.4803994,
              51.2033829
            ],
            [
              6.4805174,
              51.2035239
            ],
            [
              6.4807045,
              51.2038041
            ],
            [
              6.4805606,
              51.2038541
            ],
            [
              6.4804712,
              51.2038852
            ],
            [
              6.4803523,
              51.2039261
            ],
            [
              6.4802187,
              51.2039722
            ],
            [
              6.4800252,
              51.2040392
            ],
            [
              6.4799794,
              51.2040515
            ],
            [
              6.4799823,
              51.2041805
            ],
            [
              6.4798773,
              51.2041846
            ],
            [
              6.4798452,
              51.2041864
            ],
            [
              6.4797355,
              51.2041926
            ],
            [
              6.4793818,
              51.2042255
            ],
            [
              6.4793683,
              51.204227
            ],
            [
              6.4793456,
              51.2043459
            ],
            [
              6.4793362,
              51.2043961
            ],
            [
              6.4793275,
              51.2044461
            ],
            [
              6.4793097,
              51.2045431
            ],
            [
              6.4793001,
              51.2045962
            ],
            [
              6.4792916,
              51.2046409
            ],
            [
              6.4790271,
              51.2046788
            ],
            [
              6.4789953,
              51.2046837
            ],
            [
              6.4788031,
              51.2046473
            ],
            [
              6.4787408,
              51.2046355
            ],
            [
              6.4787217,
              51.2046319
            ],
            [
              6.4786107,
              51.2046109
            ],
            [
              6.4785193,
              51.2045935
            ],
            [
              6.4784299,
              51.2045767
            ],
            [
              6.4784358,
              51.2044638
            ],
            [
              6.4784098,
              51.2044596
            ],
            [
              6.4782974,
              51.2044404
            ],
            [
              6.4782815,
              51.2044376
            ],
            [
              6.4781504,
              51.2044541
            ],
            [
              6.4780897,
              51.2044617
            ],
            [
              6.4780114,
              51.2044689
            ],
            [
              6.4779327,
              51.2044763
            ],
            [
              6.4779073,
              51.2045004
            ],
            [
              6.4778473,
              51.2046024
            ],
            [
              6.47783,
              51.2046315
            ],
            [
              6.4774384,
              51.2046127
            ],
            [
              6.4774316,
              51.204647
            ],
            [
              6.4773431,
              51.2046399
            ],
            [
              6.4772027,
              51.2046603
            ],
            [
              6.4768776,
              51.2046339
            ],
            [
              6.4768046,
              51.2048954
            ],
            [
              6.4767875,
              51.2049574
            ],
            [
              6.4765994,
              51.2049377
            ],
            [
              6.4766072,
              51.2049098
            ],
            [
              6.4766138,
              51.204886
            ],
            [
              6.4764776,
              51.2048624
            ],
            [
              6.4763695,
              51.2048508
            ],
            [
              6.4762743,
              51.2048361
            ],
            [
              6.4761575,
              51.2048164
            ],
            [
              6.476015,
              51.2047971
            ],
            [
              6.4758179,
              51.2047643
            ],
            [
              6.4758124,
              51.2047636
            ],
            [
              6.4757758,
              51.2047568
            ],
            [
              6.4757303,
              51.2048951
            ],
            [
              6.4751342,
              51.2048125
            ],
            [
              6.4749241,
              51.2055822
            ],
            [
              6.4748524,
              51.2055735
            ],
            [
              6.4748103,
              51.2055668
            ],
            [
              6.4746887,
              51.2055521
            ],
            [
              6.4746581,
              51.205308
            ],
            [
              6.4746501,
              51.2051937
            ],
            [
              6.4746283,
              51.2048929
            ],
            [
              6.4744737,
              51.204853
            ],
            [
              6.4743436,
              51.2048164
            ],
            [
              6.4742219,
              51.2047831
            ],
            [
              6.4742221,
              51.2047493
            ],
            [
              6.4742231,
              51.2047185
            ],
            [
              6.4741108,
              51.2047184
            ],
            [
              6.4737713,
              51.2046238
            ],
            [
              6.4734444,
              51.2050824
            ],
            [
              6.4733076,
              51.2052819
            ],
            [
              6.473196,
              51.2062127
            ],
            [
              6.4725217,
              51.2069422
            ],
            [
              6.4724496,
              51.2070198
            ],
            [
              6.4719769,
              51.2073464
            ],
            [
              6.4715263,
              51.2075003
            ],
            [
              6.4713283,
              51.2075678
            ],
            [
              6.4711206,
              51.207625
            ],
            [
              6.4707287,
              51.2077543
            ],
            [
              6.4704968,
              51.207813
            ],
            [
              6.4704794,
              51.2078041
            ],
            [
              6.4702109,
              51.2078101
            ],
            [
              6.4702275,
              51.2078036
            ],
            [
              6.4702439,
              51.2077958
            ],
            [
              6.4702671,
              51.207785
            ],
            [
              6.4702889,
              51.2077673
            ],
            [
              6.4703156,
              51.2077407
            ],
            [
              6.4703344,
              51.2077105
            ],
            [
              6.4703622,
              51.2077063
            ],
            [
              6.4703716,
              51.2076837
            ],
            [
              6.4703784,
              51.2076572
            ],
            [
              6.4703751,
              51.2076231
            ],
            [
              6.4703673,
              51.2075856
            ],
            [
              6.4703532,
              51.2075444
            ],
            [
              6.470204,
              51.2075717
            ],
            [
              6.4701275,
              51.2075854
            ],
            [
              6.4699205,
              51.2076233
            ],
            [
              6.4698355,
              51.2074405
            ],
            [
              6.4692602,
              51.207553
            ],
            [
              6.4689785,
              51.2076043
            ],
            [
              6.468661,
              51.2076638
            ],
            [
              6.4686281,
              51.2076701
            ],
            [
              6.4683424,
              51.2077238
            ],
            [
              6.468315,
              51.207729
            ],
            [
              6.4680147,
              51.2077854
            ],
            [
              6.4676959,
              51.2078492
            ],
            [
              6.467512,
              51.2078872
            ],
            [
              6.4673249,
              51.2079286
            ],
            [
              6.4670245,
              51.2079878
            ],
            [
              6.4667087,
              51.2080538
            ],
            [
              6.4666125,
              51.2081041
            ],
            [
              6.4663124,
              51.2081558
            ],
            [
              6.4660092,
              51.2082078
            ],
            [
              6.4659345,
              51.208071
            ],
            [
              6.4658282,
              51.2080986
            ],
            [
              6.4657639,
              51.2080332
            ],
            [
              6.4656725,
              51.2079423
            ],
            [
              6.4656274,
              51.2078975
            ],
            [
              6.4655141,
              51.2077847
            ],
            [
              6.4652826,
              51.2078758
            ],
            [
              6.4651232,
              51.2079385
            ],
            [
              6.4650522,
              51.2079663
            ],
            [
              6.4650038,
              51.2079853
            ],
            [
              6.4649122,
              51.2080213
            ],
            [
              6.4646516,
              51.207762
            ],
            [
              6.4642956,
              51.2079027
            ],
            [
              6.4643618,
              51.207975
            ],
            [
              6.4643977,
              51.2080112
            ],
            [
              6.4644902,
              51.208104
            ],
            [
              6.4646432,
              51.2082573
            ],
            [
              6.4646628,
              51.208277
            ],
            [
              6.464666,
              51.2082799
            ],
            [
              6.4646536,
              51.2082857
            ],
            [
              6.4645732,
              51.2083229
            ],
            [
              6.4644818,
              51.2083659
            ],
            [
              6.4643873,
              51.2084092
            ],
            [
              6.4642961,
              51.2084525
            ],
            [
              6.4641143,
              51.2085348
            ],
            [
              6.4640459,
              51.2085663
            ],
            [
              6.4640178,
              51.2085793
            ],
            [
              6.4639269,
              51.2086222
            ],
            [
              6.4638268,
              51.2086687
            ],
            [
              6.4635274,
              51.2083572
            ],
            [
              6.4634896,
              51.2083188
            ],
            [
              6.4626889,
              51.2086322
            ],
            [
              6.4553687,
              51.2037428
            ],
            [
              6.4541919,
              51.2020043
            ],
            [
              6.4514154,
              51.1997955
            ],
            [
              6.4490713,
              51.1984502
            ]
          ]
        ]
      }
    },
    {
      "type": "Feature",
      "properties": {
        "name": "Hardterbroich-Pesch",
        "city": "Mönchengladbach",
        "osm_id": 13152251,
        "osm_type": "relation",
        "display": "Hardterbroich-Pesch, Ost, Mönchengladbach, Nordrhein-Westfalen, Deutschland"
      },
      "geometry": {
        "type": "Polygon",
        "coordinates": [
          [
            [
              6.442418,
              51.1904209
            ],
            [
              6.4451999,
              51.184063
            ],
            [
              6.4466495,
              51.1821929
            ],
            [
              6.4487982,
              51.1802678
            ],
            [
              6.4514484,
              51.1811558
            ],
            [
              6.4510457,
              51.1816239
            ],
            [
              6.454029,
              51.1824901
            ],
            [
              6.454352,
              51.1820845
            ],
            [
              6.4572081,
              51.182838
            ],
            [
              6.4570981,
              51.1830473
            ],
            [
              6.457107,
              51.1830571
            ],
            [
              6.4573808,
              51.1831191
            ],
            [
              6.4575,
              51.1831474
            ],
            [
              6.4576171,
              51.1831779
            ],
            [
              6.4580315,
              51.1833025
            ],
            [
              6.4581854,
              51.1833482
            ],
            [
              6.4583236,
              51.1833795
            ],
            [
              6.458438,
              51.1834113
            ],
            [
              6.4586851,
              51.1834618
            ],
            [
              6.4594831,
              51.1836821
            ],
            [
              6.4595499,
              51.1838685
            ],
            [
              6.4596496,
              51.1839075
            ],
            [
              6.4597956,
              51.1839504
            ],
            [
              6.4598015,
              51.1839415
            ],
            [
              6.459893,
              51.1839653
            ],
            [
              6.4598967,
              51.1839597
            ],
            [
              6.4600834,
              51.1840102
            ],
            [
              6.4601639,
              51.18404
            ],
            [
              6.4603176,
              51.1841387
            ],
            [
              6.4609179,
              51.1843107
            ],
            [
              6.4608411,
              51.1843933
            ],
            [
              6.4608667,
              51.1844438
            ],
            [
              6.4614597,
              51.1844048
            ],
            [
              6.4626237,
              51.1843314
            ],
            [
              6.4628406,
              51.1843268
            ],
            [
              6.4630154,
              51.1843383
            ],
            [
              6.463235,
              51.1843727
            ],
            [
              6.4634217,
              51.1844209
            ],
            [
              6.4647468,
              51.1850151
            ],
            [
              6.464981,
              51.1851115
            ],
            [
              6.4659328,
              51.1853845
            ],
            [
              6.4662622,
              51.1854958
            ],
            [
              6.4669064,
              51.1857344
            ],
            [
              6.4670766,
              51.1858136
            ],
            [
              6.4672103,
              51.1858916
            ],
            [
              6.4673475,
              51.1859811
            ],
            [
              6.4679799,
              51.1864652
            ],
            [
              6.4680145,
              51.1865142
            ],
            [
              6.4693004,
              51.188335
            ],
            [
              6.4693333,
              51.1884818
            ],
            [
              6.4693187,
              51.1888879
            ],
            [
              6.4687391,
              51.1887614
            ],
            [
              6.4673696,
              51.1885471
            ],
            [
              6.4665121,
              51.1883562
            ],
            [
              6.4661116,
              51.1884352
            ],
            [
              6.4650628,
              51.1886581
            ],
            [
              6.4648346,
              51.1886774
            ],
            [
              6.4639527,
              51.1886186
            ],
            [
              6.4639122,
              51.1886796
            ],
            [
              6.4633043,
              51.189594
            ],
            [
              6.4631209,
              51.1895502
            ],
            [
              6.4629457,
              51.1895072
            ],
            [
              6.4629386,
              51.1895054
            ],
            [
              6.4628701,
              51.1894887
            ],
            [
              6.4627455,
              51.1896357
            ],
            [
              6.4622623,
              51.1902071
            ],
            [
              6.4621905,
              51.1902933
            ],
            [
              6.4622717,
              51.1903362
            ],
            [
              6.4623871,
              51.1903979
            ],
            [
              6.462736,
              51.1905841
            ],
            [
              6.4629182,
              51.1906815
            ],
            [
              6.4631483,
              51.1908071
            ],
            [
              6.4632829,
              51.1908766
            ],
            [
              6.4634322,
              51.1909536
            ],
            [
              6.4630213,
              51.1915822
            ],
            [
              6.4627146,
              51.1923845
            ],
            [
              6.4627072,
              51.1926444
            ],
            [
              6.4626056,
              51.1937809
            ],
            [
              6.4625412,
              51.1945306
            ],
            [
              6.4625332,
              51.1947331
            ],
            [
              6.4625315,
              51.1950813
            ],
            [
              6.4624312,
              51.1951182
            ],
            [
              6.4624071,
              51.1958929
            ],
            [
              6.4628443,
              51.1959316
            ],
            [
              6.4628252,
              51.1960782
            ],
            [
              6.4628872,
              51.1965156
            ],
            [
              6.4629288,
              51.1968384
            ],
            [
              6.4629516,
              51.1969711
            ],
            [
              6.4629675,
              51.1970856
            ],
            [
              6.4629984,
              51.1972945
            ],
            [
              6.463077,
              51.1978668
            ],
            [
              6.4609694,
              51.1972871
            ],
            [
              6.4590731,
              51.1966358
            ],
            [
              6.458543,
              51.1964182
            ],
            [
              6.4573706,
              51.1959353
            ],
            [
              6.4539012,
              51.195158
            ],
            [
              6.4533694,
              51.1954752
            ],
            [
              6.4525258,
              51.1960064
            ],
            [
              6.4521396,
              51.1963392
            ],
            [
              6.4514127,
              51.1971569
            ],
            [
              6.451231,
              51.1973321
            ],
            [
              6.4508542,
              51.1975464
            ],
            [
              6.4504146,
              51.1978403
            ],
            [
              6.4496601,
              51.1983607
            ],
            [
              6.4490713,
              51.1984502
            ],
            [
              6.4482418,
              51.197972
            ],
            [
              6.4443215,
              51.1942033
            ],
            [
              6.442418,
              51.1904209
            ]
          ]
        ]
      }
    },
    {
      "type": "Feature",
      "properties": {
        "name": "Bungt",
        "city": "Mönchengladbach",
        "osm_id": 13152253,
        "osm_type": "relation",
        "display": "Bungt, Ost, Mönchengladbach, Nordrhein-Westfalen, 41065, Deutschland"
      },
      "geometry": {
        "type": "Polygon",
        "coordinates": [
          [
            [
              6.4621905,
              51.1902933
            ],
            [
              6.4622623,
              51.1902071
            ],
            [
              6.4627455,
              51.1896357
            ],
            [
              6.4628701,
              51.1894887
            ],
            [
              6.4629386,
              51.1895054
            ],
            [
              6.4629457,
              51.1895072
            ],
            [
              6.4631209,
              51.1895502
            ],
            [
              6.4633043,
              51.189594
            ],
            [
              6.4639122,
              51.1886796
            ],
            [
              6.4639527,
              51.1886186
            ],
            [
              6.4648346,
              51.1886774
            ],
            [
              6.4650628,
              51.1886581
            ],
            [
              6.4661116,
              51.1884352
            ],
            [
              6.4665121,
              51.1883562
            ],
            [
              6.4673696,
              51.1885471
            ],
            [
              6.4687391,
              51.1887614
            ],
            [
              6.4693187,
              51.1888879
            ],
            [
              6.474015,
              51.1893146
            ],
            [
              6.4737807,
              51.1903608
            ],
            [
              6.4749631,
              51.1908769
            ],
            [
              6.4753767,
              51.1907393
            ],
            [
              6.475761,
              51.1908104
            ],
            [
              6.4761198,
              51.1909045
            ],
            [
              6.4768116,
              51.1910467
            ],
            [
              6.4771374,
              51.1910398
            ],
            [
              6.4783526,
              51.1909022
            ],
            [
              6.4787626,
              51.1909412
            ],
            [
              6.479103,
              51.190932
            ],
            [
              6.4793922,
              51.190948
            ],
            [
              6.4796667,
              51.1909412
            ],
            [
              6.4801792,
              51.1909549
            ],
            [
              6.4805855,
              51.1909916
            ],
            [
              6.4814677,
              51.1910444
            ],
            [
              6.4839787,
              51.1911683
            ],
            [
              6.4846303,
              51.1911797
            ],
            [
              6.4848829,
              51.191166
            ],
            [
              6.4855491,
              51.1911706
            ],
            [
              6.4867021,
              51.1912256
            ],
            [
              6.487921,
              51.1913266
            ],
            [
              6.4885946,
              51.1914023
            ],
            [
              6.4887227,
              51.1913885
            ],
            [
              6.4895573,
              51.1914826
            ],
            [
              6.4901503,
              51.1915124
            ],
            [
              6.4909043,
              51.1916019
            ],
            [
              6.491252,
              51.1916615
            ],
            [
              6.4916181,
              51.1916615
            ],
            [
              6.4920976,
              51.1916936
            ],
            [
              6.4924352,
              51.191642
            ],
            [
              6.4924533,
              51.1916894
            ],
            [
              6.4927213,
              51.1923913
            ],
            [
              6.4930324,
              51.1935892
            ],
            [
              6.4930393,
              51.1936246
            ],
            [
              6.4909244,
              51.1937624
            ],
            [
              6.490054,
              51.1938246
            ],
            [
              6.4880886,
              51.194015
            ],
            [
              6.4868218,
              51.1942031
            ],
            [
              6.4858671,
              51.1944348
            ],
            [
              6.4852414,
              51.194611
            ],
            [
              6.4834303,
              51.1952449
            ],
            [
              6.4821938,
              51.1956954
            ],
            [
              6.4790661,
              51.196772
            ],
            [
              6.4766027,
              51.1974399
            ],
            [
              6.4758039,
              51.1976294
            ],
            [
              6.4742792,
              51.1979204
            ],
            [
              6.4728952,
              51.1981477
            ],
            [
              6.4702311,
              51.1984057
            ],
            [
              6.4686761,
              51.1984738
            ],
            [
              6.4672834,
              51.1984435
            ],
            [
              6.4658859,
              51.1983342
            ],
            [
              6.4641532,
              51.198083
            ],
            [
              6.463077,
              51.1978668
            ],
            [
              6.4629984,
              51.1972945
            ],
            [
              6.4629675,
              51.1970856
            ],
            [
              6.4629516,
              51.1969711
            ],
            [
              6.4629288,
              51.1968384
            ],
            [
              6.4628872,
              51.1965156
            ],
            [
              6.4628252,
              51.1960782
            ],
            [
              6.4628443,
              51.1959316
            ],
            [
              6.4624071,
              51.1958929
            ],
            [
              6.4624312,
              51.1951182
            ],
            [
              6.4625315,
              51.1950813
            ],
            [
              6.4625332,
              51.1947331
            ],
            [
              6.4625412,
              51.1945306
            ],
            [
              6.4626056,
              51.1937809
            ],
            [
              6.4627072,
              51.1926444
            ],
            [
              6.4627146,
              51.1923845
            ],
            [
              6.4630213,
              51.1915822
            ],
            [
              6.4634322,
              51.1909536
            ],
            [
              6.4632829,
              51.1908766
            ],
            [
              6.4631483,
              51.1908071
            ],
            [
              6.4629182,
              51.1906815
            ],
            [
              6.462736,
              51.1905841
            ],
            [
              6.4623871,
              51.1903979
            ],
            [
              6.4622717,
              51.1903362
            ],
            [
              6.4621905,
              51.1902933
            ]
          ]
        ]
      }
    },
    {
      "type": "Feature",
      "properties": {
        "name": "Giesenkirchen-Nord",
        "city": "Mönchengladbach",
        "osm_id": 13152328,
        "osm_type": "relation",
        "display": "Giesenkirchen-Nord, Ost, Mönchengladbach, Nordrhein-Westfalen, 41238, Deutschland"
      },
      "geometry": {
        "type": "Polygon",
        "coordinates": [
          [
            [
              6.4765898,
              51.1733173
            ],
            [
              6.477398,
              51.1728455
            ],
            [
              6.4781409,
              51.1684889
            ],
            [
              6.4777239,
              51.1656263
            ],
            [
              6.4768467,
              51.1642311
            ],
            [
              6.4797798,
              51.1635777
            ],
            [
              6.4819738,
              51.1629461
            ],
            [
              6.4841142,
              51.1622884
            ],
            [
              6.4853346,
              51.1619503
            ],
            [
              6.4933973,
              51.1601336
            ],
            [
              6.5004918,
              51.1582513
            ],
            [
              6.5008968,
              51.1581066
            ],
            [
              6.507774,
              51.1563049
            ],
            [
              6.5077887,
              51.1594212
            ],
            [
              6.5085076,
              51.1602758
            ],
            [
              6.5100234,
              51.1607789
            ],
            [
              6.5081173,
              51.1631105
            ],
            [
              6.508068,
              51.1631828
            ],
            [
              6.5081523,
              51.1632324
            ],
            [
              6.5112153,
              51.1649359
            ],
            [
              6.5112724,
              51.1649855
            ],
            [
              6.5113006,
              51.1649541
            ],
            [
              6.5114808,
              51.164737
            ],
            [
              6.5135665,
              51.165333
            ],
            [
              6.5132028,
              51.1658757
            ],
            [
              6.5130858,
              51.1661011
            ],
            [
              6.5130137,
              51.1663294
            ],
            [
              6.513015,
              51.1665968
            ],
            [
              6.5131753,
              51.167522
            ],
            [
              6.5136078,
              51.1674983
            ],
            [
              6.5141925,
              51.1674592
            ],
            [
              6.5146197,
              51.1674651
            ],
            [
              6.5150052,
              51.1675487
            ],
            [
              6.5201142,
              51.1691341
            ],
            [
              6.5201129,
              51.1691467
            ],
            [
              6.5201095,
              51.1691797
            ],
            [
              6.5201865,
              51.1692712
            ],
            [
              6.5200381,
              51.1694739
            ],
            [
              6.5199808,
              51.1696341
            ],
            [
              6.5201946,
              51.1699348
            ],
            [
              6.5203978,
              51.1703103
            ],
            [
              6.5204622,
              51.1704389
            ],
            [
              6.520427,
              51.1705253
            ],
            [
              6.520355,
              51.1705683
            ],
            [
              6.5202939,
              51.1706113
            ],
            [
              6.5200093,
              51.1710162
            ],
            [
              6.519992,
              51.1710097
            ],
            [
              6.5199856,
              51.1710182
            ],
            [
              6.5198902,
              51.1711465
            ],
            [
              6.5194821,
              51.1714515
            ],
            [
              6.5193122,
              51.1720679
            ],
            [
              6.5192119,
              51.1726005
            ],
            [
              6.5192126,
              51.1726441
            ],
            [
              6.5192604,
              51.172722
            ],
            [
              6.5194914,
              51.1729641
            ],
            [
              6.5196954,
              51.1729749
            ],
            [
              6.5199111,
              51.173204
            ],
            [
              6.5205976,
              51.1734057
            ],
            [
              6.5206271,
              51.1734705
            ],
            [
              6.5207397,
              51.1735067
            ],
            [
              6.5208536,
              51.1735642
            ],
            [
              6.5214437,
              51.1737486
            ],
            [
              6.521669,
              51.1737971
            ],
            [
              6.5227783,
              51.1736291
            ],
            [
              6.5233572,
              51.1735333
            ],
            [
              6.5221769,
              51.1779519
            ],
            [
              6.5220545,
              51.1784339
            ],
            [
              6.5220637,
              51.1784397
            ],
            [
              6.5220743,
              51.1784464
            ],
            [
              6.5178575,
              51.1812445
            ],
            [
              6.5172906,
              51.1816145
            ],
            [
              6.5163428,
              51.1822664
            ],
            [
              6.5162408,
              51.1824234
            ],
            [
              6.5161728,
              51.1825224
            ],
            [
              6.5160788,
              51.1833123
            ],
            [
              6.5160648,
              51.1834263
            ],
            [
              6.5159814,
              51.1836291
            ],
            [
              6.5159523,
              51.1836744
            ],
            [
              6.5158807,
              51.1836287
            ],
            [
              6.5158757,
              51.1836191
            ],
            [
              6.5158351,
              51.1835412
            ],
            [
              6.5157852,
              51.1834813
            ],
            [
              6.5157647,
              51.1834404
            ],
            [
              6.5158132,
              51.1833495
            ],
            [
              6.5157828,
              51.1832984
            ],
            [
              6.5157654,
              51.1832406
            ],
            [
              6.5157014,
              51.1832216
            ],
            [
              6.5155771,
              51.183223
            ],
            [
              6.5154922,
              51.1832374
            ],
            [
              6.5153751,
              51.1831875
            ],
            [
              6.5152945,
              51.1831966
            ],
            [
              6.5152325,
              51.1831977
            ],
            [
              6.5151661,
              51.1831811
            ],
            [
              6.5151285,
              51.1831407
            ],
            [
              6.5148889,
              51.18304
            ],
            [
              6.5148582,
              51.1829817
            ],
            [
              6.5149778,
              51.1829255
            ],
            [
              6.5150698,
              51.1828907
            ],
            [
              6.5150679,
              51.182872
            ],
            [
              6.5149967,
              51.1828398
            ],
            [
              6.5149567,
              51.1827969
            ],
            [
              6.5149306,
              51.182748
            ],
            [
              6.5149403,
              51.1826845
            ],
            [
              6.5149355,
              51.1826621
            ],
            [
              6.5148978,
              51.1826236
            ],
            [
              6.5148238,
              51.1825821
            ],
            [
              6.5147383,
              51.1825491
            ],
            [
              6.5146586,
              51.1825342
            ],
            [
              6.5145074,
              51.1825328
            ],
            [
              6.5143868,
              51.1825781
            ],
            [
              6.5143333,
              51.1825661
            ],
            [
              6.5139834,
              51.1824359
            ],
            [
              6.5138751,
              51.1823635
            ],
            [
              6.5137569,
              51.182304
            ],
            [
              6.5136893,
              51.1821642
            ],
            [
              6.513715,
              51.182055
            ],
            [
              6.5136772,
              51.1819288
            ],
            [
              6.5136339,
              51.1819332
            ],
            [
              6.5135554,
              51.1819511
            ],
            [
              6.5134179,
              51.1819456
            ],
            [
              6.5134357,
              51.1817667
            ],
            [
              6.5134183,
              51.1817205
            ],
            [
              6.5134115,
              51.1817152
            ],
            [
              6.513302,
              51.1817277
            ],
            [
              6.5132147,
              51.1817313
            ],
            [
              6.5131563,
              51.1816885
            ],
            [
              6.5131135,
              51.1816136
            ],
            [
              6.5130865,
              51.1814461
            ],
            [
              6.5132496,
              51.1814107
            ],
            [
              6.5133123,
              51.1814034
            ],
            [
              6.5133247,
              51.1813922
            ],
            [
              6.5133263,
              51.1813066
            ],
            [
              6.5132863,
              51.1812956
            ],
            [
              6.5131667,
              51.1813028
            ],
            [
              6.5131327,
              51.1812393
            ],
            [
              6.5131209,
              51.1811896
            ],
            [
              6.5130706,
              51.1811227
            ],
            [
              6.5129586,
              51.1810735
            ],
            [
              6.5129259,
              51.1810193
            ],
            [
              6.5129751,
              51.1809526
            ],
            [
              6.5129796,
              51.1809067
            ],
            [
              6.5129642,
              51.180877
            ],
            [
              6.5129636,
              51.180812
            ],
            [
              6.5129984,
              51.1807686
            ],
            [
              6.5129893,
              51.1807524
            ],
            [
              6.5128978,
              51.180725
            ],
            [
              6.5127928,
              51.1807425
            ],
            [
              6.5126104,
              51.1807807
            ],
            [
              6.5125965,
              51.1807786
            ],
            [
              6.5125456,
              51.1807525
            ],
            [
              6.5124612,
              51.1806804
            ],
            [
              6.5123963,
              51.1806383
            ],
            [
              6.5123512,
              51.1806309
            ],
            [
              6.512319,
              51.1806433
            ],
            [
              6.5122935,
              51.180686
            ],
            [
              6.5122768,
              51.1807027
            ],
            [
              6.5122199,
              51.1807298
            ],
            [
              6.5121169,
              51.1807502
            ],
            [
              6.5120934,
              51.180716
            ],
            [
              6.5121023,
              51.1806707
            ],
            [
              6.5119613,
              51.1805955
            ],
            [
              6.5119241,
              51.1805698
            ],
            [
              6.5118712,
              51.1805618
            ],
            [
              6.5118249,
              51.1806107
            ],
            [
              6.5117804,
              51.1806786
            ],
            [
              6.5117362,
              51.1807069
            ],
            [
              6.5116465,
              51.1807157
            ],
            [
              6.5116289,
              51.1807069
            ],
            [
              6.5115942,
              51.1806714
            ],
            [
              6.5115682,
              51.1806222
            ],
            [
              6.5115231,
              51.1805909
            ],
            [
              6.5114322,
              51.1805515
            ],
            [
              6.5113871,
              51.1805105
            ],
            [
              6.5114052,
              51.1804714
            ],
            [
              6.5114686,
              51.1804414
            ],
            [
              6.5115395,
              51.1803778
            ],
            [
              6.5115839,
              51.1803439
            ],
            [
              6.511604,
              51.1803174
            ],
            [
              6.5116096,
              51.1802924
            ],
            [
              6.5113087,
              51.1799353
            ],
            [
              6.5112787,
              51.1798772
            ],
            [
              6.5112439,
              51.1798157
            ],
            [
              6.5112098,
              51.1798061
            ],
            [
              6.5111224,
              51.1798188
            ],
            [
              6.5109541,
              51.1797669
            ],
            [
              6.5108823,
              51.1797669
            ],
            [
              6.5108315,
              51.1797609
            ],
            [
              6.5107678,
              51.1797335
            ],
            [
              6.5107176,
              51.1797013
            ],
            [
              6.5106649,
              51.1796817
            ],
            [
              6.5107069,
              51.1796279
            ],
            [
              6.510732,
              51.1795678
            ],
            [
              6.5108544,
              51.1794951
            ],
            [
              6.5109236,
              51.1793855
            ],
            [
              6.5109568,
              51.1793523
            ],
            [
              6.5110108,
              51.1793157
            ],
            [
              6.5110885,
              51.1792767
            ],
            [
              6.5110994,
              51.1792573
            ],
            [
              6.5111005,
              51.1792403
            ],
            [
              6.5110812,
              51.1792168
            ],
            [
              6.5109295,
              51.1791192
            ],
            [
              6.5108808,
              51.1790966
            ],
            [
              6.5108017,
              51.1790771
            ],
            [
              6.5107125,
              51.179078
            ],
            [
              6.5106434,
              51.1790867
            ],
            [
              6.5105702,
              51.1790743
            ],
            [
              6.5104916,
              51.1790361
            ],
            [
              6.5104352,
              51.1790031
            ],
            [
              6.5104042,
              51.1789792
            ],
            [
              6.5103452,
              51.1789678
            ],
            [
              6.5102142,
              51.1789841
            ],
            [
              6.510094,
              51.1789828
            ],
            [
              6.5100199,
              51.1789732
            ],
            [
              6.5099247,
              51.1789294
            ],
            [
              6.509972,
              51.1788477
            ],
            [
              6.5099707,
              51.1788243
            ],
            [
              6.5098692,
              51.178818
            ],
            [
              6.5097973,
              51.1788266
            ],
            [
              6.5096912,
              51.1788289
            ],
            [
              6.5096326,
              51.178822
            ],
            [
              6.5095609,
              51.1788339
            ],
            [
              6.5095117,
              51.1788575
            ],
            [
              6.5094569,
              51.1789015
            ],
            [
              6.5094109,
              51.1789222
            ],
            [
              6.5093248,
              51.1789446
            ],
            [
              6.5092172,
              51.1789629
            ],
            [
              6.5091895,
              51.1789617
            ],
            [
              6.5091389,
              51.1789429
            ],
            [
              6.5091379,
              51.178927
            ],
            [
              6.5091691,
              51.1788397
            ],
            [
              6.5090989,
              51.1787394
            ],
            [
              6.5090298,
              51.1786847
            ],
            [
              6.5089191,
              51.1787257
            ],
            [
              6.5088766,
              51.1787095
            ],
            [
              6.5088461,
              51.1786648
            ],
            [
              6.5087765,
              51.1786514
            ],
            [
              6.5086898,
              51.1786199
            ],
            [
              6.5086421,
              51.1784874
            ],
            [
              6.5085262,
              51.1784956
            ],
            [
              6.5084997,
              51.1784777
            ],
            [
              6.5084895,
              51.1783811
            ],
            [
              6.5085356,
              51.1782926
            ],
            [
              6.5085386,
              51.1782478
            ],
            [
              6.5085623,
              51.1782052
            ],
            [
              6.5085893,
              51.1781768
            ],
            [
              6.5086203,
              51.178164
            ],
            [
              6.5086417,
              51.1781625
            ],
            [
              6.5086665,
              51.1781768
            ],
            [
              6.508707,
              51.1782376
            ],
            [
              6.5088025,
              51.1782422
            ],
            [
              6.5088665,
              51.1782382
            ],
            [
              6.5089779,
              51.1782086
            ],
            [
              6.5090117,
              51.1782056
            ],
            [
              6.5091192,
              51.1782269
            ],
            [
              6.5091094,
              51.1781804
            ],
            [
              6.5091084,
              51.1781425
            ],
            [
              6.509121,
              51.1780565
            ],
            [
              6.5090528,
              51.178047
            ],
            [
              6.5089876,
              51.1780497
            ],
            [
              6.5089322,
              51.1780606
            ],
            [
              6.5089001,
              51.1780568
            ],
            [
              6.5088704,
              51.1780412
            ],
            [
              6.5088751,
              51.1779717
            ],
            [
              6.5087828,
              51.1779854
            ],
            [
              6.5087123,
              51.1779742
            ],
            [
              6.5086922,
              51.1779624
            ],
            [
              6.5086973,
              51.177949
            ],
            [
              6.5087721,
              51.1779231
            ],
            [
              6.5088171,
              51.1778775
            ],
            [
              6.5087295,
              51.1778454
            ],
            [
              6.508704,
              51.177827
            ],
            [
              6.5087057,
              51.1778043
            ],
            [
              6.5087521,
              51.1777856
            ],
            [
              6.5088337,
              51.1777824
            ],
            [
              6.5088696,
              51.17769
            ],
            [
              6.5087353,
              51.1776614
            ],
            [
              6.5086802,
              51.1776968
            ],
            [
              6.5086396,
              51.1777022
            ],
            [
              6.508619,
              51.1776843
            ],
            [
              6.5085996,
              51.1776402
            ],
            [
              6.5085287,
              51.1775892
            ],
            [
              6.5085132,
              51.1775061
            ],
            [
              6.5084768,
              51.1774326
            ],
            [
              6.5085195,
              51.1773967
            ],
            [
              6.5085713,
              51.1773695
            ],
            [
              6.5085659,
              51.1773332
            ],
            [
              6.5085063,
              51.1773186
            ],
            [
              6.508435,
              51.1773175
            ],
            [
              6.5084002,
              51.1773592
            ],
            [
              6.50838,
              51.1773643
            ],
            [
              6.5083478,
              51.1773506
            ],
            [
              6.5082442,
              51.1773169
            ],
            [
              6.5082495,
              51.1774112
            ],
            [
              6.5082325,
              51.1774473
            ],
            [
              6.5081914,
              51.1774831
            ],
            [
              6.5081737,
              51.1775196
            ],
            [
              6.5081599,
              51.1775292
            ],
            [
              6.5081362,
              51.1775311
            ],
            [
              6.5080713,
              51.1775171
            ],
            [
              6.5079504,
              51.1774533
            ],
            [
              6.5078946,
              51.177555
            ],
            [
              6.5078719,
              51.1776589
            ],
            [
              6.5078155,
              51.1776918
            ],
            [
              6.5077957,
              51.1776956
            ],
            [
              6.5077774,
              51.1776883
            ],
            [
              6.5077744,
              51.1776682
            ],
            [
              6.5077988,
              51.177614
            ],
            [
              6.5077283,
              51.1775686
            ],
            [
              6.507645,
              51.1775629
            ],
            [
              6.5076298,
              51.1775457
            ],
            [
              6.5076207,
              51.1775163
            ],
            [
              6.5075846,
              51.1774876
            ],
            [
              6.5075404,
              51.177479
            ],
            [
              6.5074088,
              51.1774919
            ],
            [
              6.5073452,
              51.1774821
            ],
            [
              6.5072933,
              51.1774583
            ],
            [
              6.5072432,
              51.1774384
            ],
            [
              6.5071405,
              51.1774386
            ],
            [
              6.5070729,
              51.1774526
            ],
            [
              6.5070465,
              51.1774421
            ],
            [
              6.5070102,
              51.17736
            ],
            [
              6.5069662,
              51.1772867
            ],
            [
              6.5069423,
              51.1772436
            ],
            [
              6.5068968,
              51.177174
            ],
            [
              6.5069096,
              51.1771248
            ],
            [
              6.5068067,
              51.1770981
            ],
            [
              6.5067454,
              51.1770738
            ],
            [
              6.506743,
              51.1770568
            ],
            [
              6.5067727,
              51.1770254
            ],
            [
              6.5067315,
              51.1769814
            ],
            [
              6.5067079,
              51.1769162
            ],
            [
              6.5065972,
              51.1769303
            ],
            [
              6.5065472,
              51.1769192
            ],
            [
              6.5064636,
              51.1768974
            ],
            [
              6.5064572,
              51.1768636
            ],
            [
              6.5064614,
              51.1768088
            ],
            [
              6.5063632,
              51.1767779
            ],
            [
              6.5063126,
              51.176755
            ],
            [
              6.5063019,
              51.176731
            ],
            [
              6.5063056,
              51.176683
            ],
            [
              6.5062242,
              51.1766715
            ],
            [
              6.5061735,
              51.1766436
            ],
            [
              6.5061126,
              51.1765856
            ],
            [
              6.5060986,
              51.1765566
            ],
            [
              6.5061366,
              51.1765035
            ],
            [
              6.5061145,
              51.1764599
            ],
            [
              6.5060572,
              51.1764397
            ],
            [
              6.5059797,
              51.1764465
            ],
            [
              6.5059443,
              51.1764401
            ],
            [
              6.5059071,
              51.1764301
            ],
            [
              6.5058016,
              51.1764594
            ],
            [
              6.5057679,
              51.1764882
            ],
            [
              6.5057602,
              51.1765381
            ],
            [
              6.5057381,
              51.1765836
            ],
            [
              6.505708,
              51.1766043
            ],
            [
              6.5056886,
              51.1766175
            ],
            [
              6.5056654,
              51.1766149
            ],
            [
              6.5055902,
              51.1766035
            ],
            [
              6.5055895,
              51.1765242
            ],
            [
              6.5055638,
              51.1764874
            ],
            [
              6.5055211,
              51.1764793
            ],
            [
              6.5054224,
              51.1764878
            ],
            [
              6.5053054,
              51.17643
            ],
            [
              6.5052071,
              51.176417
            ],
            [
              6.5051767,
              51.1763515
            ],
            [
              6.5051473,
              51.1763518
            ],
            [
              6.5051186,
              51.1764231
            ],
            [
              6.5051004,
              51.1764371
            ],
            [
              6.5048708,
              51.1763075
            ],
            [
              6.5048791,
              51.1762884
            ],
            [
              6.5046724,
              51.1762383
            ],
            [
              6.5032529,
              51.1757189
            ],
            [
              6.5009895,
              51.1753771
            ],
            [
              6.5009796,
              51.1753888
            ],
            [
              6.4982615,
              51.1748663
            ],
            [
              6.4975816,
              51.1748353
            ],
            [
              6.4968357,
              51.1744313
            ],
            [
              6.4966487,
              51.1743393
            ],
            [
              6.49468,
              51.1734094
            ],
            [
              6.4941281,
              51.1731725
            ],
            [
              6.4938721,
              51.1729165
            ],
            [
              6.4923343,
              51.1717836
            ],
            [
              6.4909215,
              51.1709787
            ],
            [
              6.4906166,
              51.1708037
            ],
            [
              6.4902176,
              51.1707117
            ],
            [
              6.4898617,
              51.1706277
            ],
            [
              6.4897197,
              51.1709137
            ],
            [
              6.4896057,
              51.1709717
            ],
            [
              6.4894208,
              51.1710627
            ],
            [
              6.4893508,
              51.1714906
            ],
            [
              6.4892698,
              51.1715856
            ],
            [
              6.4883329,
              51.1723485
            ],
            [
              6.488074,
              51.1725925
            ],
            [
              6.4871691,
              51.1733444
            ],
            [
              6.4868941,
              51.1735274
            ],
            [
              6.4865712,
              51.1736494
            ],
            [
              6.4864802,
              51.1736579
            ],
            [
              6.4862482,
              51.1736794
            ],
            [
              6.4855323,
              51.1736074
            ],
            [
              6.4850704,
              51.1734124
            ],
            [
              6.4850034,
              51.1733704
            ],
            [
              6.4840016,
              51.1740234
            ],
            [
              6.4838533,
              51.1741161
            ],
            [
              6.4832277,
              51.1744883
            ],
            [
              6.4824818,
              51.1749193
            ],
            [
              6.4823288,
              51.1750032
            ],
            [
              6.481293,
              51.1755602
            ],
            [
              6.480979,
              51.1757472
            ],
            [
              6.4803441,
              51.1761251
            ],
            [
              6.4801411,
              51.1762471
            ],
            [
              6.4800602,
              51.1762931
            ],
            [
              6.4796296,
              51.1758354
            ],
            [
              6.4791387,
              51.175383
            ],
            [
              6.4781832,
              51.1744813
            ],
            [
              6.4765898,
              51.1733173
            ]
          ]
        ]
      }
    },
    {
      "type": "Feature",
      "properties": {
        "name": "Schelsen",
        "city": "Mönchengladbach",
        "osm_id": 13152344,
        "osm_type": "relation",
        "display": "Schelsen, Ost, Mönchengladbach, Nordrhein-Westfalen, Deutschland"
      },
      "geometry": {
        "type": "Polygon",
        "coordinates": [
          [
            [
              6.5003872,
              51.1534752
            ],
            [
              6.5010765,
              51.1523329
            ],
            [
              6.5018517,
              51.1508507
            ],
            [
              6.5027828,
              51.1491821
            ],
            [
              6.5048635,
              51.1460005
            ],
            [
              6.5051394,
              51.1460465
            ],
            [
              6.5127873,
              51.1472784
            ],
            [
              6.5131753,
              51.1458515
            ],
            [
              6.5137432,
              51.1434028
            ],
            [
              6.5137992,
              51.1431318
            ],
            [
              6.5143323,
              51.1407762
            ],
            [
              6.514654,
              51.1399686
            ],
            [
              6.5148568,
              51.1395933
            ],
            [
              6.5193964,
              51.1402723
            ],
            [
              6.5194958,
              51.1400526
            ],
            [
              6.5237877,
              51.1404691
            ],
            [
              6.5236727,
              51.1408731
            ],
            [
              6.5232438,
              51.141594
            ],
            [
              6.5250755,
              51.1421669
            ],
            [
              6.5267732,
              51.1427659
            ],
            [
              6.5261963,
              51.1430978
            ],
            [
              6.5263003,
              51.1431928
            ],
            [
              6.5263593,
              51.1432538
            ],
            [
              6.5249985,
              51.1442187
            ],
            [
              6.5272122,
              51.1457985
            ],
            [
              6.5273162,
              51.1458745
            ],
            [
              6.5274131,
              51.1458855
            ],
            [
              6.5292509,
              51.1448516
            ],
            [
              6.5307417,
              51.1460275
            ],
            [
              6.5326214,
              51.1459625
            ],
            [
              6.5335352,
              51.1459465
            ],
            [
              6.5340352,
              51.1459815
            ],
            [
              6.534938,
              51.1461335
            ],
            [
              6.5366448,
              51.1464655
            ],
            [
              6.5364918,
              51.1465574
            ],
            [
              6.5347591,
              51.1475033
            ],
            [
              6.5299888,
              51.1499871
            ],
            [
              6.5311366,
              51.150856
            ],
            [
              6.5314885,
              51.1511039
            ],
            [
              6.5288159,
              51.1525048
            ],
            [
              6.5324594,
              51.1536016
            ],
            [
              6.5325794,
              51.1536377
            ],
            [
              6.5314885,
              51.1553995
            ],
            [
              6.5288709,
              51.159363
            ],
            [
              6.528172,
              51.1604659
            ],
            [
              6.528128,
              51.1605339
            ],
            [
              6.528025,
              51.1604999
            ],
            [
              6.5257564,
              51.159783
            ],
            [
              6.5245656,
              51.1613928
            ],
            [
              6.5244777,
              51.1615068
            ],
            [
              6.5244566,
              51.1615338
            ],
            [
              6.5244241,
              51.1615561
            ],
            [
              6.5242946,
              51.1616448
            ],
            [
              6.5239197,
              51.1615908
            ],
            [
              6.522097,
              51.1642812
            ],
            [
              6.5221616,
              51.1642882
            ],
            [
              6.5222961,
              51.1642761
            ],
            [
              6.5240579,
              51.1641211
            ],
            [
              6.5243956,
              51.1648794
            ],
            [
              6.5245946,
              51.1649824
            ],
            [
              6.5249125,
              51.1650204
            ],
            [
              6.5272832,
              51.1652803
            ],
            [
              6.5273641,
              51.1653753
            ],
            [
              6.5270922,
              51.1662832
            ],
            [
              6.528389,
              51.1667902
            ],
            [
              6.5277921,
              51.16816
            ],
            [
              6.5270142,
              51.1693959
            ],
            [
              6.5269052,
              51.1701778
            ],
            [
              6.5261373,
              51.1713257
            ],
            [
              6.5258384,
              51.1717156
            ],
            [
              6.5254324,
              51.1721006
            ],
            [
              6.5253044,
              51.1722186
            ],
            [
              6.5247736,
              51.1727078
            ],
            [
              6.5241471,
              51.1732558
            ],
            [
              6.5239252,
              51.173372
            ],
            [
              6.5238204,
              51.173428
            ],
            [
              6.5234391,
              51.1735162
            ],
            [
              6.5233623,
              51.1735106
            ],
            [
              6.5233572,
              51.1735333
            ],
            [
              6.5227783,
              51.1736291
            ],
            [
              6.521669,
              51.1737971
            ],
            [
              6.5214437,
              51.1737486
            ],
            [
              6.5208536,
              51.1735642
            ],
            [
              6.5207397,
              51.1735067
            ],
            [
              6.5206271,
              51.1734705
            ],
            [
              6.5205976,
              51.1734057
            ],
            [
              6.5199111,
              51.173204
            ],
            [
              6.5196954,
              51.1729749
            ],
            [
              6.5194914,
              51.1729641
            ],
            [
              6.5192604,
              51.172722
            ],
            [
              6.5192126,
              51.1726441
            ],
            [
              6.5192119,
              51.1726005
            ],
            [
              6.5193122,
              51.1720679
            ],
            [
              6.5194821,
              51.1714515
            ],
            [
              6.5198902,
              51.1711465
            ],
            [
              6.5199856,
              51.1710182
            ],
            [
              6.519992,
              51.1710097
            ],
            [
              6.5200093,
              51.1710162
            ],
            [
              6.5202939,
              51.1706113
            ],
            [
              6.520355,
              51.1705683
            ],
            [
              6.520427,
              51.1705253
            ],
            [
              6.5204622,
              51.1704389
            ],
            [
              6.5203978,
              51.1703103
            ],
            [
              6.5201946,
              51.1699348
            ],
            [
              6.5199808,
              51.1696341
            ],
            [
              6.5200381,
              51.1694739
            ],
            [
              6.5201865,
              51.1692712
            ],
            [
              6.5201095,
              51.1691797
            ],
            [
              6.5201129,
              51.1691467
            ],
            [
              6.5201142,
              51.1691341
            ],
            [
              6.5150052,
              51.1675487
            ],
            [
              6.5146197,
              51.1674651
            ],
            [
              6.5141925,
              51.1674592
            ],
            [
              6.5136078,
              51.1674983
            ],
            [
              6.5131753,
              51.167522
            ],
            [
              6.513015,
              51.1665968
            ],
            [
              6.5130137,
              51.1663294
            ],
            [
              6.5130858,
              51.1661011
            ],
            [
              6.5132028,
              51.1658757
            ],
            [
              6.5135665,
              51.165333
            ],
            [
              6.5114808,
              51.164737
            ],
            [
              6.5113006,
              51.1649541
            ],
            [
              6.5112724,
              51.1649855
            ],
            [
              6.5112153,
              51.1649359
            ],
            [
              6.5081523,
              51.1632324
            ],
            [
              6.508068,
              51.1631828
            ],
            [
              6.5081173,
              51.1631105
            ],
            [
              6.5100234,
              51.1607789
            ],
            [
              6.5085076,
              51.1602758
            ],
            [
              6.5077887,
              51.1594212
            ],
            [
              6.507774,
              51.1563049
            ],
            [
              6.5077767,
              51.1561703
            ],
            [
              6.5049979,
              51.1552703
            ],
            [
              6.5045366,
              51.1550516
            ],
            [
              6.5035978,
              51.1544746
            ],
            [
              6.5010497,
              51.1535661
            ],
            [
              6.5003872,
              51.1534752
            ]
          ]
        ]
      }
    },
    {
      "type": "Feature",
      "properties": {
        "name": "Giesenkirchen-Mitte",
        "city": "Mönchengladbach",
        "osm_id": 13152354,
        "osm_type": "relation",
        "display": "Giesenkirchen-Mitte, Ost, Mönchengladbach, Nordrhein-Westfalen, Deutschland"
      },
      "geometry": {
        "type": "Polygon",
        "coordinates": [
          [
            [
              6.470215,
              51.1545856
            ],
            [
              6.4702874,
              51.1536805
            ],
            [
              6.4706555,
              51.1529408
            ],
            [
              6.4705795,
              51.1527442
            ],
            [
              6.4706226,
              51.1526539
            ],
            [
              6.4707362,
              51.1525861
            ],
            [
              6.4709473,
              51.1525138
            ],
            [
              6.4711887,
              51.152311
            ],
            [
              6.4720517,
              51.1512696
            ],
            [
              6.4722468,
              51.1509735
            ],
            [
              6.4728087,
              51.1497242
            ],
            [
              6.4734786,
              51.1483008
            ],
            [
              6.4736547,
              51.1478767
            ],
            [
              6.473887,
              51.1473173
            ],
            [
              6.475094,
              51.1451703
            ],
            [
              6.4762044,
              51.1438157
            ],
            [
              6.4761863,
              51.1437061
            ],
            [
              6.4763227,
              51.1437728
            ],
            [
              6.4766037,
              51.1439097
            ],
            [
              6.4774955,
              51.1443447
            ],
            [
              6.4803281,
              51.1455926
            ],
            [
              6.4815369,
              51.1460045
            ],
            [
              6.4851944,
              51.1475073
            ],
            [
              6.487683,
              51.1484642
            ],
            [
              6.48776,
              51.1484912
            ],
            [
              6.4896317,
              51.1492121
            ],
            [
              6.4911625,
              51.1497881
            ],
            [
              6.4920554,
              51.1489302
            ],
            [
              6.4921524,
              51.1489532
            ],
            [
              6.4923133,
              51.1490102
            ],
            [
              6.4928933,
              51.1484572
            ],
            [
              6.4933352,
              51.1480373
            ],
            [
              6.4961258,
              51.1487622
            ],
            [
              6.5026118,
              51.1491702
            ],
            [
              6.5027828,
              51.1491821
            ],
            [
              6.5018517,
              51.1508507
            ],
            [
              6.5010765,
              51.1523329
            ],
            [
              6.5003872,
              51.1534752
            ],
            [
              6.5010497,
              51.1535661
            ],
            [
              6.5035978,
              51.1544746
            ],
            [
              6.5045366,
              51.1550516
            ],
            [
              6.5049979,
              51.1552703
            ],
            [
              6.5077767,
              51.1561703
            ],
            [
              6.507774,
              51.1563049
            ],
            [
              6.5008968,
              51.1581066
            ],
            [
              6.5004918,
              51.1582513
            ],
            [
              6.4933973,
              51.1601336
            ],
            [
              6.4853346,
              51.1619503
            ],
            [
              6.4841142,
              51.1622884
            ],
            [
              6.4819738,
              51.1629461
            ],
            [
              6.4797798,
              51.1635777
            ],
            [
              6.4768467,
              51.1642311
            ],
            [
              6.4730393,
              51.164946
            ],
            [
              6.4739922,
              51.1639685
            ],
            [
              6.4726746,
              51.1628401
            ],
            [
              6.4717734,
              51.1619452
            ],
            [
              6.4715769,
              51.1617985
            ],
            [
              6.4719719,
              51.161629
            ],
            [
              6.4729224,
              51.1623824
            ],
            [
              6.4733406,
              51.1622389
            ],
            [
              6.4731872,
              51.1621246
            ],
            [
              6.4737089,
              51.1618428
            ],
            [
              6.4734001,
              51.1616164
            ],
            [
              6.4736246,
              51.1614639
            ],
            [
              6.4740999,
              51.1613018
            ],
            [
              6.4741615,
              51.1612868
            ],
            [
              6.4744462,
              51.1611517
            ],
            [
              6.4748304,
              51.1610125
            ],
            [
              6.474579,
              51.1605351
            ],
            [
              6.4745267,
              51.1605108
            ],
            [
              6.4733368,
              51.1589054
            ],
            [
              6.4730079,
              51.1585719
            ],
            [
              6.472422,
              51.1581566
            ],
            [
              6.4721426,
              51.157956
            ],
            [
              6.4707702,
              51.1563411
            ],
            [
              6.470215,
              51.1545856
            ]
          ]
        ]
      }
    },
    {
      "type": "Feature",
      "properties": {
        "name": "Schloss Rheydt",
        "city": "Mönchengladbach",
        "osm_id": 13152462,
        "osm_type": "relation",
        "display": "Schloss Rheydt, Süd, Mönchengladbach, Nordrhein-Westfalen, Deutschland"
      },
      "geometry": {
        "type": "Polygon",
        "coordinates": [
          [
            [
              6.4680145,
              51.1865142
            ],
            [
              6.4688424,
              51.1866499
            ],
            [
              6.4688504,
              51.1866365
            ],
            [
              6.4691783,
              51.1866878
            ],
            [
              6.4701533,
              51.1843198
            ],
            [
              6.4705878,
              51.1832841
            ],
            [
              6.4706415,
              51.1829613
            ],
            [
              6.4706308,
              51.1826721
            ],
            [
              6.4705557,
              51.1814178
            ],
            [
              6.4739674,
              51.1813607
            ],
            [
              6.4752173,
              51.1812766
            ],
            [
              6.4762312,
              51.1810547
            ],
            [
              6.4778513,
              51.180594
            ],
            [
              6.4798576,
              51.1799248
            ],
            [
              6.4813918,
              51.1793901
            ],
            [
              6.4825637,
              51.1790803
            ],
            [
              6.4826028,
              51.1791268
            ],
            [
              6.4836016,
              51.1802907
            ],
            [
              6.4837186,
              51.1804276
            ],
            [
              6.4853304,
              51.1822934
            ],
            [
              6.4856383,
              51.1826524
            ],
            [
              6.4888379,
              51.1866459
            ],
            [
              6.4915095,
              51.1900416
            ],
            [
              6.4917724,
              51.190394
            ],
            [
              6.4920434,
              51.1908115
            ],
            [
              6.4922223,
              51.1911624
            ],
            [
              6.4923453,
              51.1914064
            ],
            [
              6.4923773,
              51.1914904
            ],
            [
              6.4924352,
              51.191642
            ],
            [
              6.4920976,
              51.1916936
            ],
            [
              6.4916181,
              51.1916615
            ],
            [
              6.491252,
              51.1916615
            ],
            [
              6.4909043,
              51.1916019
            ],
            [
              6.4901503,
              51.1915124
            ],
            [
              6.4895573,
              51.1914826
            ],
            [
              6.4887227,
              51.1913885
            ],
            [
              6.4885946,
              51.1914023
            ],
            [
              6.487921,
              51.1913266
            ],
            [
              6.4867021,
              51.1912256
            ],
            [
              6.4855491,
              51.1911706
            ],
            [
              6.4848829,
              51.191166
            ],
            [
              6.4846303,
              51.1911797
            ],
            [
              6.4839787,
              51.1911683
            ],
            [
              6.4814677,
              51.1910444
            ],
            [
              6.4805855,
              51.1909916
            ],
            [
              6.4801792,
              51.1909549
            ],
            [
              6.4796667,
              51.1909412
            ],
            [
              6.4793922,
              51.190948
            ],
            [
              6.479103,
              51.190932
            ],
            [
              6.4787626,
              51.1909412
            ],
            [
              6.4783526,
              51.1909022
            ],
            [
              6.4771374,
              51.1910398
            ],
            [
              6.4768116,
              51.1910467
            ],
            [
              6.4761198,
              51.1909045
            ],
            [
              6.475761,
              51.1908104
            ],
            [
              6.4753767,
              51.1907393
            ],
            [
              6.4749631,
              51.1908769
            ],
            [
              6.4737807,
              51.1903608
            ],
            [
              6.474015,
              51.1893146
            ],
            [
              6.4693187,
              51.1888879
            ],
            [
              6.4693333,
              51.1884818
            ],
            [
              6.4693004,
              51.188335
            ],
            [
              6.4680145,
              51.1865142
            ]
          ]
        ]
      }
    },
    {
      "type": "Feature",
      "properties": {
        "name": "Bonnenbroich-Geneicken",
        "city": "Mönchengladbach",
        "osm_id": 13154325,
        "osm_type": "relation",
        "display": "Bonnenbroich-Geneicken, Süd, Mönchengladbach, Nordrhein-Westfalen, Deutschland"
      },
      "geometry": {
        "type": "Polygon",
        "coordinates": [
          [
            [
              6.4487982,
              51.1802678
            ],
            [
              6.449393,
              51.179881
            ],
            [
              6.4503372,
              51.1790639
            ],
            [
              6.4506684,
              51.1788007
            ],
            [
              6.4534485,
              51.1763953
            ],
            [
              6.4538428,
              51.1761196
            ],
            [
              6.4543685,
              51.1755815
            ],
            [
              6.4545751,
              51.1752872
            ],
            [
              6.454787,
              51.1750064
            ],
            [
              6.4549506,
              51.1748399
            ],
            [
              6.4551343,
              51.1746103
            ],
            [
              6.4551745,
              51.1745599
            ],
            [
              6.4554682,
              51.1740962
            ],
            [
              6.4557606,
              51.1736812
            ],
            [
              6.4566786,
              51.1716157
            ],
            [
              6.4567269,
              51.1714206
            ],
            [
              6.4568221,
              51.1711415
            ],
            [
              6.4567899,
              51.1710738
            ],
            [
              6.4569857,
              51.170613
            ],
            [
              6.4569937,
              51.170597
            ],
            [
              6.4570038,
              51.1705735
            ],
            [
              6.4571071,
              51.1703346
            ],
            [
              6.4571983,
              51.1701085
            ],
            [
              6.4572251,
              51.1700454
            ],
            [
              6.4573525,
              51.1700117
            ],
            [
              6.4577454,
              51.1700294
            ],
            [
              6.4576985,
              51.1701917
            ],
            [
              6.4572767,
              51.1712071
            ],
            [
              6.4584924,
              51.1715674
            ],
            [
              6.4602922,
              51.1721005
            ],
            [
              6.4605094,
              51.1721761
            ],
            [
              6.4605463,
              51.1719331
            ],
            [
              6.4608052,
              51.1717019
            ],
            [
              6.4612598,
              51.1713828
            ],
            [
              6.4613523,
              51.1713546
            ],
            [
              6.4613805,
              51.1713008
            ],
            [
              6.4623749,
              51.1706744
            ],
            [
              6.4638367,
              51.1699647
            ],
            [
              6.4642136,
              51.1698209
            ],
            [
              6.4645636,
              51.1694164
            ],
            [
              6.4649297,
              51.1693357
            ],
            [
              6.4653119,
              51.1692146
            ],
            [
              6.4657545,
              51.1690111
            ],
            [
              6.4658578,
              51.1689774
            ],
            [
              6.4661233,
              51.1688463
            ],
            [
              6.4671881,
              51.1683291
            ],
            [
              6.4678681,
              51.1680112
            ],
            [
              6.4696129,
              51.1671678
            ],
            [
              6.4697859,
              51.1670719
            ],
            [
              6.4714576,
              51.1662638
            ],
            [
              6.4717596,
              51.1661067
            ],
            [
              6.4719467,
              51.1659965
            ],
            [
              6.4721881,
              51.1658122
            ],
            [
              6.4727889,
              51.1652058
            ],
            [
              6.4729323,
              51.1650385
            ],
            [
              6.4730393,
              51.164946
            ],
            [
              6.4768467,
              51.1642311
            ],
            [
              6.4777239,
              51.1656263
            ],
            [
              6.4781409,
              51.1684889
            ],
            [
              6.477398,
              51.1728455
            ],
            [
              6.4765898,
              51.1733173
            ],
            [
              6.4781832,
              51.1744813
            ],
            [
              6.4791387,
              51.175383
            ],
            [
              6.4796296,
              51.1758354
            ],
            [
              6.4800602,
              51.1762931
            ],
            [
              6.4824058,
              51.1788988
            ],
            [
              6.4825138,
              51.1790208
            ],
            [
              6.4825637,
              51.1790803
            ],
            [
              6.4813918,
              51.1793901
            ],
            [
              6.4798576,
              51.1799248
            ],
            [
              6.4778513,
              51.180594
            ],
            [
              6.4762312,
              51.1810547
            ],
            [
              6.4752173,
              51.1812766
            ],
            [
              6.4739674,
              51.1813607
            ],
            [
              6.4705557,
              51.1814178
            ],
            [
              6.4706308,
              51.1826721
            ],
            [
              6.4706415,
              51.1829613
            ],
            [
              6.4705878,
              51.1832841
            ],
            [
              6.4701533,
              51.1843198
            ],
            [
              6.4691783,
              51.1866878
            ],
            [
              6.4688504,
              51.1866365
            ],
            [
              6.4688424,
              51.1866499
            ],
            [
              6.4680145,
              51.1865142
            ],
            [
              6.4679799,
              51.1864652
            ],
            [
              6.4673475,
              51.1859811
            ],
            [
              6.4672103,
              51.1858916
            ],
            [
              6.4670766,
              51.1858136
            ],
            [
              6.4669064,
              51.1857344
            ],
            [
              6.4662622,
              51.1854958
            ],
            [
              6.4659328,
              51.1853845
            ],
            [
              6.464981,
              51.1851115
            ],
            [
              6.4647468,
              51.1850151
            ],
            [
              6.4634217,
              51.1844209
            ],
            [
              6.463235,
              51.1843727
            ],
            [
              6.4630154,
              51.1843383
            ],
            [
              6.4628406,
              51.1843268
            ],
            [
              6.4626237,
              51.1843314
            ],
            [
              6.4614597,
              51.1844048
            ],
            [
              6.4608667,
              51.1844438
            ],
            [
              6.4608411,
              51.1843933
            ],
            [
              6.4609179,
              51.1843107
            ],
            [
              6.4603176,
              51.1841387
            ],
            [
              6.4601639,
              51.18404
            ],
            [
              6.4600834,
              51.1840102
            ],
            [
              6.4598967,
              51.1839597
            ],
            [
              6.459893,
              51.1839653
            ],
            [
              6.4598015,
              51.1839415
            ],
            [
              6.4597956,
              51.1839504
            ],
            [
              6.4596496,
              51.1839075
            ],
            [
              6.4595499,
              51.1838685
            ],
            [
              6.4594831,
              51.1836821
            ],
            [
              6.4586851,
              51.1834618
            ],
            [
              6.458438,
              51.1834113
            ],
            [
              6.4583236,
              51.1833795
            ],
            [
              6.4581854,
              51.1833482
            ],
            [
              6.4580315,
              51.1833025
            ],
            [
              6.4576171,
              51.1831779
            ],
            [
              6.4575,
              51.1831474
            ],
            [
              6.4573808,
              51.1831191
            ],
            [
              6.457107,
              51.1830571
            ],
            [
              6.4570981,
              51.1830473
            ],
            [
              6.4572081,
              51.182838
            ],
            [
              6.454352,
              51.1820845
            ],
            [
              6.454029,
              51.1824901
            ],
            [
              6.4510457,
              51.1816239
            ],
            [
              6.4514484,
              51.1811558
            ],
            [
              6.4487982,
              51.1802678
            ]
          ]
        ]
      }
    },
    {
      "type": "Feature",
      "properties": {
        "name": "Rheydt",
        "city": "Mönchengladbach",
        "osm_id": 13154372,
        "osm_type": "relation",
        "display": "Rheydt, Süd, Mönchengladbach, Nordrhein-Westfalen, 41236, Deutschland"
      },
      "geometry": {
        "type": "Polygon",
        "coordinates": [
          [
            [
              6.4379827,
              51.1741172
            ],
            [
              6.4386964,
              51.1688496
            ],
            [
              6.4391309,
              51.1666464
            ],
            [
              6.4394259,
              51.1656423
            ],
            [
              6.4400328,
              51.1635743
            ],
            [
              6.4401126,
              51.1633291
            ],
            [
              6.4400844,
              51.1624154
            ],
            [
              6.4400556,
              51.1614305
            ],
            [
              6.440175,
              51.16142
            ],
            [
              6.4401387,
              51.1613279
            ],
            [
              6.4401054,
              51.161117
            ],
            [
              6.4400874,
              51.1609295
            ],
            [
              6.440122,
              51.1609286
            ],
            [
              6.4407687,
              51.1609192
            ],
            [
              6.4412753,
              51.1609116
            ],
            [
              6.4416777,
              51.1609696
            ],
            [
              6.4430124,
              51.1611713
            ],
            [
              6.4445695,
              51.1614262
            ],
            [
              6.4449085,
              51.1614867
            ],
            [
              6.4450884,
              51.1615134
            ],
            [
              6.4453724,
              51.1615163
            ],
            [
              6.4457506,
              51.1614844
            ],
            [
              6.446173,
              51.162666
            ],
            [
              6.4498799,
              51.1630932
            ],
            [
              6.4499751,
              51.1630899
            ],
            [
              6.45232,
              51.1630218
            ],
            [
              6.4523938,
              51.1641883
            ],
            [
              6.4526729,
              51.1654716
            ],
            [
              6.4528284,
              51.1655438
            ],
            [
              6.4527766,
              51.1662863
            ],
            [
              6.452702,
              51.1663537
            ],
            [
              6.453706,
              51.1662511
            ],
            [
              6.4550646,
              51.1660762
            ],
            [
              6.4557163,
              51.1660283
            ],
            [
              6.4569569,
              51.1659972
            ],
            [
              6.4571922,
              51.1672384
            ],
            [
              6.4573431,
              51.168076
            ],
            [
              6.4573646,
              51.168673
            ],
            [
              6.4572492,
              51.1694114
            ],
            [
              6.4571232,
              51.1699068
            ],
            [
              6.457091,
              51.1700336
            ],
            [
              6.4572251,
              51.1700454
            ],
            [
              6.4571983,
              51.1701085
            ],
            [
              6.4571071,
              51.1703346
            ],
            [
              6.4570038,
              51.1705735
            ],
            [
              6.4569937,
              51.170597
            ],
            [
              6.4569857,
              51.170613
            ],
            [
              6.4567899,
              51.1710738
            ],
            [
              6.4568221,
              51.1711415
            ],
            [
              6.4567269,
              51.1714206
            ],
            [
              6.4566786,
              51.1716157
            ],
            [
              6.4557606,
              51.1736812
            ],
            [
              6.4554682,
              51.1740962
            ],
            [
              6.4551745,
              51.1745599
            ],
            [
              6.4551343,
              51.1746103
            ],
            [
              6.4549191,
              51.1745527
            ],
            [
              6.4541962,
              51.1744056
            ],
            [
              6.4398618,
              51.172351
            ],
            [
              6.4395922,
              51.1723485
            ],
            [
              6.4394622,
              51.172948
            ],
            [
              6.4394105,
              51.1733436
            ],
            [
              6.4393146,
              51.173952
            ],
            [
              6.4392402,
              51.1743018
            ],
            [
              6.438339,
              51.1741744
            ],
            [
              6.4379827,
              51.1741172
            ]
          ]
        ]
      }
    },
    {
      "type": "Feature",
      "properties": {
        "name": "Mülfort",
        "city": "Mönchengladbach",
        "osm_id": 13154388,
        "osm_type": "relation",
        "display": "Mülfort, Süd, Mönchengladbach, Nordrhein-Westfalen, Deutschland"
      },
      "geometry": {
        "type": "Polygon",
        "coordinates": [
          [
            [
              6.4484744,
              51.1469968
            ],
            [
              6.4501011,
              51.1469741
            ],
            [
              6.450085,
              51.1476841
            ],
            [
              6.4565062,
              51.1477262
            ],
            [
              6.4580827,
              51.1477893
            ],
            [
              6.4613959,
              51.1478011
            ],
            [
              6.4615005,
              51.1478213
            ],
            [
              6.4617231,
              51.1478515
            ],
            [
              6.461923,
              51.1478625
            ],
            [
              6.4646159,
              51.1478768
            ],
            [
              6.4675167,
              51.147939
            ],
            [
              6.4689317,
              51.1479314
            ],
            [
              6.4695214,
              51.1479232
            ],
            [
              6.4697389,
              51.1479239
            ],
            [
              6.4698154,
              51.1479138
            ],
            [
              6.4718431,
              51.1476034
            ],
            [
              6.4723688,
              51.1476841
            ],
            [
              6.4736547,
              51.1478767
            ],
            [
              6.4734786,
              51.1483008
            ],
            [
              6.4728087,
              51.1497242
            ],
            [
              6.4722468,
              51.1509735
            ],
            [
              6.4720517,
              51.1512696
            ],
            [
              6.4711887,
              51.152311
            ],
            [
              6.4709473,
              51.1525138
            ],
            [
              6.4707362,
              51.1525861
            ],
            [
              6.4706226,
              51.1526539
            ],
            [
              6.4705795,
              51.1527442
            ],
            [
              6.4706555,
              51.1529408
            ],
            [
              6.4702874,
              51.1536805
            ],
            [
              6.470215,
              51.1545856
            ],
            [
              6.4707702,
              51.1563411
            ],
            [
              6.4721426,
              51.157956
            ],
            [
              6.472422,
              51.1581566
            ],
            [
              6.4730079,
              51.1585719
            ],
            [
              6.4733368,
              51.1589054
            ],
            [
              6.4745267,
              51.1605108
            ],
            [
              6.474579,
              51.1605351
            ],
            [
              6.4748304,
              51.1610125
            ],
            [
              6.4744462,
              51.1611517
            ],
            [
              6.4741615,
              51.1612868
            ],
            [
              6.4740999,
              51.1613018
            ],
            [
              6.4736246,
              51.1614639
            ],
            [
              6.4734001,
              51.1616164
            ],
            [
              6.4737089,
              51.1618428
            ],
            [
              6.4731872,
              51.1621246
            ],
            [
              6.4733406,
              51.1622389
            ],
            [
              6.4729224,
              51.1623824
            ],
            [
              6.4719719,
              51.161629
            ],
            [
              6.4715769,
              51.1617985
            ],
            [
              6.4717734,
              51.1619452
            ],
            [
              6.4726746,
              51.1628401
            ],
            [
              6.4739922,
              51.1639685
            ],
            [
              6.4730393,
              51.164946
            ],
            [
              6.4729323,
              51.1650385
            ],
            [
              6.4727889,
              51.1652058
            ],
            [
              6.4721881,
              51.1658122
            ],
            [
              6.4719467,
              51.1659965
            ],
            [
              6.4717596,
              51.1661067
            ],
            [
              6.4714576,
              51.1662638
            ],
            [
              6.4697859,
              51.1670719
            ],
            [
              6.4696129,
              51.1671678
            ],
            [
              6.4678681,
              51.1680112
            ],
            [
              6.4671881,
              51.1683291
            ],
            [
              6.4661233,
              51.1688463
            ],
            [
              6.4658578,
              51.1689774
            ],
            [
              6.4657545,
              51.1690111
            ],
            [
              6.4653119,
              51.1692146
            ],
            [
              6.4649297,
              51.1693357
            ],
            [
              6.4645636,
              51.1694164
            ],
            [
              6.4642136,
              51.1698209
            ],
            [
              6.4638367,
              51.1699647
            ],
            [
              6.4623749,
              51.1706744
            ],
            [
              6.4613805,
              51.1713008
            ],
            [
              6.4613523,
              51.1713546
            ],
            [
              6.4612598,
              51.1713828
            ],
            [
              6.4608052,
              51.1717019
            ],
            [
              6.4605463,
              51.1719331
            ],
            [
              6.4605094,
              51.1721761
            ],
            [
              6.4602922,
              51.1721005
            ],
            [
              6.4584924,
              51.1715674
            ],
            [
              6.4572767,
              51.1712071
            ],
            [
              6.4576985,
              51.1701917
            ],
            [
              6.4577454,
              51.1700294
            ],
            [
              6.4573525,
              51.1700117
            ],
            [
              6.4572251,
              51.1700454
            ],
            [
              6.457091,
              51.1700336
            ],
            [
              6.4571232,
              51.1699068
            ],
            [
              6.4572492,
              51.1694114
            ],
            [
              6.4573646,
              51.168673
            ],
            [
              6.4573431,
              51.168076
            ],
            [
              6.4571922,
              51.1672384
            ],
            [
              6.4569569,
              51.1659972
            ],
            [
              6.4567101,
              51.1648736
            ],
            [
              6.4564472,
              51.1635953
            ],
            [
              6.4564955,
              51.1635314
            ],
            [
              6.4563614,
              51.1627476
            ],
            [
              6.4559162,
              51.1607291
            ],
            [
              6.4560288,
              51.1607123
            ],
            [
              6.4559752,
              51.1604667
            ],
            [
              6.4554763,
              51.1581386
            ],
            [
              6.4545321,
              51.1563083
            ],
            [
              6.4522737,
              51.1533844
            ],
            [
              6.451925,
              51.1530277
            ],
            [
              6.4510748,
              51.1520553
            ],
            [
              6.4503962,
              51.1512746
            ],
            [
              6.4498946,
              51.1505142
            ],
            [
              6.4495969,
              51.1499589
            ],
            [
              6.449393,
              51.1494819
            ],
            [
              6.4493662,
              51.1494172
            ],
            [
              6.4484744,
              51.1469968
            ]
          ]
        ]
      }
    },
    {
      "type": "Feature",
      "properties": {
        "name": "Heyden",
        "city": "Mönchengladbach",
        "osm_id": 13154395,
        "osm_type": "relation",
        "display": "Heyden, Süd, Mönchengladbach, Nordrhein-Westfalen, Deutschland"
      },
      "geometry": {
        "type": "Polygon",
        "coordinates": [
          [
            [
              6.439155,
              51.1597669
            ],
            [
              6.4391711,
              51.1596239
            ],
            [
              6.4391832,
              51.1594177
            ],
            [
              6.439214,
              51.1591613
            ],
            [
              6.4392811,
              51.1589149
            ],
            [
              6.43937,
              51.158668
            ],
            [
              6.4396472,
              51.1582
            ],
            [
              6.441561,
              51.1563217
            ],
            [
              6.4436799,
              51.1541263
            ],
            [
              6.4441684,
              51.1536189
            ],
            [
              6.4476613,
              51.15014
            ],
            [
              6.4478595,
              51.1497657
            ],
            [
              6.4480201,
              51.1494281
            ],
            [
              6.4480466,
              51.149291
            ],
            [
              6.4484744,
              51.1493406
            ],
            [
              6.4489384,
              51.1493776
            ],
            [
              6.4493662,
              51.1494172
            ],
            [
              6.449393,
              51.1494819
            ],
            [
              6.4495969,
              51.1499589
            ],
            [
              6.4498946,
              51.1505142
            ],
            [
              6.4503962,
              51.1512746
            ],
            [
              6.4510748,
              51.1520553
            ],
            [
              6.451925,
              51.1530277
            ],
            [
              6.4522737,
              51.1533844
            ],
            [
              6.4545321,
              51.1563083
            ],
            [
              6.4554763,
              51.1581386
            ],
            [
              6.4559752,
              51.1604667
            ],
            [
              6.4560288,
              51.1607123
            ],
            [
              6.4559162,
              51.1607291
            ],
            [
              6.4563614,
              51.1627476
            ],
            [
              6.4564955,
              51.1635314
            ],
            [
              6.4564472,
              51.1635953
            ],
            [
              6.4567101,
              51.1648736
            ],
            [
              6.4569569,
              51.1659972
            ],
            [
              6.4557163,
              51.1660283
            ],
            [
              6.4550646,
              51.1660762
            ],
            [
              6.453706,
              51.1662511
            ],
            [
              6.452702,
              51.1663537
            ],
            [
              6.4527766,
              51.1662863
            ],
            [
              6.4528284,
              51.1655438
            ],
            [
              6.4526729,
              51.1654716
            ],
            [
              6.4523938,
              51.1641883
            ],
            [
              6.45232,
              51.1630218
            ],
            [
              6.4499751,
              51.1630899
            ],
            [
              6.4498799,
              51.1630932
            ],
            [
              6.446173,
              51.162666
            ],
            [
              6.4457506,
              51.1614844
            ],
            [
              6.4453724,
              51.1615163
            ],
            [
              6.4450884,
              51.1615134
            ],
            [
              6.4449085,
              51.1614867
            ],
            [
              6.4445695,
              51.1614262
            ],
            [
              6.4430124,
              51.1611713
            ],
            [
              6.4416777,
              51.1609696
            ],
            [
              6.4412753,
              51.1609116
            ],
            [
              6.4407687,
              51.1609192
            ],
            [
              6.440122,
              51.1609286
            ],
            [
              6.4400874,
              51.1609295
            ],
            [
              6.4401054,
              51.161117
            ],
            [
              6.4401387,
              51.1613279
            ],
            [
              6.440175,
              51.16142
            ],
            [
              6.4400556,
              51.1614305
            ],
            [
              6.4400375,
              51.1614045
            ],
            [
              6.4397451,
              51.1611673
            ],
            [
              6.4392891,
              51.1605188
            ],
            [
              6.4391872,
              51.1601151
            ],
            [
              6.439155,
              51.1597669
            ]
          ]
        ]
      }
    },
    {
      "type": "Feature",
      "properties": {
        "name": "Geistenbeck",
        "city": "Mönchengladbach",
        "osm_id": 13154451,
        "osm_type": "relation",
        "display": "Geistenbeck, Süd, Mönchengladbach, Nordrhein-Westfalen, Deutschland"
      },
      "geometry": {
        "type": "Polygon",
        "coordinates": [
          [
            [
              6.4297888,
              51.1504889
            ],
            [
              6.4303574,
              51.1502584
            ],
            [
              6.4311004,
              51.1501019
            ],
            [
              6.4316583,
              51.1499808
            ],
            [
              6.4322028,
              51.1498731
            ],
            [
              6.4325193,
              51.1498025
            ],
            [
              6.4317521,
              51.1490184
            ],
            [
              6.435976,
              51.1475215
            ],
            [
              6.4374699,
              51.1473278
            ],
            [
              6.4384134,
              51.1472692
            ],
            [
              6.4384131,
              51.1473424
            ],
            [
              6.4384325,
              51.147389
            ],
            [
              6.4384493,
              51.1474231
            ],
            [
              6.4384725,
              51.1475425
            ],
            [
              6.4385009,
              51.1476
            ],
            [
              6.4385106,
              51.1476229
            ],
            [
              6.4385073,
              51.1477397
            ],
            [
              6.4384966,
              51.1477666
            ],
            [
              6.4385663,
              51.1480392
            ],
            [
              6.4390252,
              51.1479242
            ],
            [
              6.4392095,
              51.1478717
            ],
            [
              6.4392099,
              51.1479012
            ],
            [
              6.4392087,
              51.1480106
            ],
            [
              6.4392301,
              51.1480097
            ],
            [
              6.4392254,
              51.148186
            ],
            [
              6.4392234,
              51.1483072
            ],
            [
              6.4392143,
              51.1484186
            ],
            [
              6.439211,
              51.1484596
            ],
            [
              6.4392085,
              51.148488
            ],
            [
              6.4392013,
              51.148579
            ],
            [
              6.4391996,
              51.1485988
            ],
            [
              6.4391975,
              51.1486241
            ],
            [
              6.4391966,
              51.1486371
            ],
            [
              6.4391949,
              51.1486576
            ],
            [
              6.4391955,
              51.1486614
            ],
            [
              6.4395386,
              51.1486785
            ],
            [
              6.4397237,
              51.1486853
            ],
            [
              6.4399275,
              51.1472618
            ],
            [
              6.4458552,
              51.1471205
            ],
            [
              6.4484744,
              51.1469968
            ],
            [
              6.4493662,
              51.1494172
            ],
            [
              6.4489384,
              51.1493776
            ],
            [
              6.4484744,
              51.1493406
            ],
            [
              6.4480466,
              51.149291
            ],
            [
              6.4480201,
              51.1494281
            ],
            [
              6.4478595,
              51.1497657
            ],
            [
              6.4476613,
              51.15014
            ],
            [
              6.4441684,
              51.1536189
            ],
            [
              6.4436799,
              51.1541263
            ],
            [
              6.441561,
              51.1563217
            ],
            [
              6.4396472,
              51.1582
            ],
            [
              6.43937,
              51.158668
            ],
            [
              6.4392811,
              51.1589149
            ],
            [
              6.439214,
              51.1591613
            ],
            [
              6.4391832,
              51.1594177
            ],
            [
              6.4391711,
              51.1596239
            ],
            [
              6.439155,
              51.1597669
            ],
            [
              6.4387608,
              51.1589527
            ],
            [
              6.4385086,
              51.1586331
            ],
            [
              6.4384845,
              51.1585961
            ],
            [
              6.4382672,
              51.1583404
            ],
            [
              6.4378917,
              51.1579165
            ],
            [
              6.4373124,
              51.157358
            ],
            [
              6.4369368,
              51.1570485
            ],
            [
              6.4332998,
              51.1536973
            ],
            [
              6.4297888,
              51.1504889
            ]
          ]
        ]
      }
    },
    {
      "type": "Feature",
      "properties": {
        "name": "Pongs",
        "city": "Mönchengladbach",
        "osm_id": 13154599,
        "osm_type": "relation",
        "display": "Pongs, Süd, Mönchengladbach, Nordrhein-Westfalen, Deutschland"
      },
      "geometry": {
        "type": "Polygon",
        "coordinates": [
          [
            [
              6.3996503,
              51.1665138
            ],
            [
              6.3997139,
              51.1663787
            ],
            [
              6.400332,
              51.1660653
            ],
            [
              6.4003511,
              51.1660556
            ],
            [
              6.3997072,
              51.1653867
            ],
            [
              6.3996898,
              51.1651987
            ],
            [
              6.4010813,
              51.1643949
            ],
            [
              6.4010465,
              51.1627886
            ],
            [
              6.4010177,
              51.1614598
            ],
            [
              6.4026768,
              51.157543
            ],
            [
              6.4055525,
              51.1538753
            ],
            [
              6.4181922,
              51.1609663
            ],
            [
              6.4175851,
              51.1614084
            ],
            [
              6.417526,
              51.1614337
            ],
            [
              6.4170578,
              51.1618206
            ],
            [
              6.4166427,
              51.1622205
            ],
            [
              6.4163737,
              51.1625121
            ],
            [
              6.4159965,
              51.163002
            ],
            [
              6.415737,
              51.1634177
            ],
            [
              6.4154879,
              51.1639019
            ],
            [
              6.4152534,
              51.1644746
            ],
            [
              6.4147912,
              51.165665
            ],
            [
              6.4144935,
              51.1664715
            ],
            [
              6.4143379,
              51.1668238
            ],
            [
              6.4142132,
              51.1671207
            ],
            [
              6.4138377,
              51.1680222
            ],
            [
              6.4132503,
              51.1696182
            ],
            [
              6.412805,
              51.1709367
            ],
            [
              6.412683,
              51.1719811
            ],
            [
              6.4126387,
              51.1728358
            ],
            [
              6.4126592,
              51.1735523
            ],
            [
              6.4116152,
              51.1735945
            ],
            [
              6.4093982,
              51.173435
            ],
            [
              6.4053666,
              51.1724255
            ],
            [
              6.4049947,
              51.170821
            ],
            [
              6.4013912,
              51.1658327
            ],
            [
              6.4011862,
              51.1658578
            ],
            [
              6.4007746,
              51.1663498
            ],
            [
              6.400541,
              51.1665914
            ],
            [
              6.4001446,
              51.1671301
            ],
            [
              6.3996897,
              51.1666359
            ],
            [
              6.3996503,
              51.1665138
            ]
          ]
        ]
      }
    },
    {
      "type": "Feature",
      "properties": {
        "name": "Schrievers",
        "city": "Mönchengladbach",
        "osm_id": 13154560,
        "osm_type": "relation",
        "display": "Schrievers, Süd, Mönchengladbach, Nordrhein-Westfalen, Deutschland"
      },
      "geometry": {
        "type": "Polygon",
        "coordinates": [
          [
            [
              6.4126387,
              51.1728358
            ],
            [
              6.412683,
              51.1719811
            ],
            [
              6.412805,
              51.1709367
            ],
            [
              6.4132503,
              51.1696182
            ],
            [
              6.4138377,
              51.1680222
            ],
            [
              6.4142132,
              51.1671207
            ],
            [
              6.4143379,
              51.1668238
            ],
            [
              6.4144935,
              51.1664715
            ],
            [
              6.4147912,
              51.165665
            ],
            [
              6.4152534,
              51.1644746
            ],
            [
              6.4154879,
              51.1639019
            ],
            [
              6.415737,
              51.1634177
            ],
            [
              6.4159965,
              51.163002
            ],
            [
              6.4163737,
              51.1625121
            ],
            [
              6.4166427,
              51.1622205
            ],
            [
              6.4170578,
              51.1618206
            ],
            [
              6.417526,
              51.1614337
            ],
            [
              6.4175851,
              51.1614084
            ],
            [
              6.4181922,
              51.1609663
            ],
            [
              6.4185986,
              51.1612169
            ],
            [
              6.4198753,
              51.1618468
            ],
            [
              6.4207497,
              51.162227
            ],
            [
              6.4224771,
              51.1630054
            ],
            [
              6.4240864,
              51.1640982
            ],
            [
              6.4254034,
              51.1651898
            ],
            [
              6.4265701,
              51.1659989
            ],
            [
              6.4270844,
              51.1663092
            ],
            [
              6.4275679,
              51.1665396
            ],
            [
              6.4285429,
              51.166654
            ],
            [
              6.4292912,
              51.1669256
            ],
            [
              6.4300127,
              51.1671838
            ],
            [
              6.4304888,
              51.1672123
            ],
            [
              6.4309676,
              51.1671283
            ],
            [
              6.4317894,
              51.1669354
            ],
            [
              6.4325787,
              51.1667614
            ],
            [
              6.4331362,
              51.1666889
            ],
            [
              6.4335532,
              51.1666573
            ],
            [
              6.4344243,
              51.1666237
            ],
            [
              6.4348746,
              51.1666117
            ],
            [
              6.4352612,
              51.1666206
            ],
            [
              6.4351515,
              51.1670531
            ],
            [
              6.4356628,
              51.1669769
            ],
            [
              6.4361478,
              51.1669045
            ],
            [
              6.4362128,
              51.1668826
            ],
            [
              6.4363186,
              51.166871
            ],
            [
              6.436394,
              51.1668684
            ],
            [
              6.4364807,
              51.1668466
            ],
            [
              6.4366318,
              51.1668286
            ],
            [
              6.4367179,
              51.1668254
            ],
            [
              6.4370938,
              51.1667763
            ],
            [
              6.4373588,
              51.1667375
            ],
            [
              6.4378481,
              51.1666489
            ],
            [
              6.4380226,
              51.1666218
            ],
            [
              6.4381717,
              51.1666175
            ],
            [
              6.4383138,
              51.1666142
            ],
            [
              6.4388426,
              51.1666439
            ],
            [
              6.4391309,
              51.1666464
            ],
            [
              6.4386964,
              51.1688496
            ],
            [
              6.4379827,
              51.1741172
            ],
            [
              6.4379715,
              51.1741805
            ],
            [
              6.4379373,
              51.17457
            ],
            [
              6.4379239,
              51.1749139
            ],
            [
              6.4379507,
              51.1754856
            ],
            [
              6.4380044,
              51.1759195
            ],
            [
              6.4380645,
              51.1761337
            ],
            [
              6.4377334,
              51.1763191
            ],
            [
              6.436513,
              51.1761818
            ],
            [
              6.4347628,
              51.1761012
            ],
            [
              6.4341044,
              51.1775119
            ],
            [
              6.4293189,
              51.1755499
            ],
            [
              6.4287843,
              51.1753292
            ],
            [
              6.4271589,
              51.1745696
            ],
            [
              6.4267843,
              51.1745946
            ],
            [
              6.4261215,
              51.1745766
            ],
            [
              6.4257601,
              51.1744695
            ],
            [
              6.4250086,
              51.1741082
            ],
            [
              6.4177705,
              51.1729546
            ],
            [
              6.4154738,
              51.1730769
            ],
            [
              6.4126592,
              51.1735523
            ],
            [
              6.4126387,
              51.1728358
            ]
          ]
        ]
      }
    },
    {
      "type": "Feature",
      "properties": {
        "name": "Grenzlandstadion",
        "city": "Mönchengladbach",
        "osm_id": 13154352,
        "osm_type": "relation",
        "display": "Grenzland-Stadion, Süd, Mönchengladbach, Nordrhein-Westfalen, Deutschland"
      },
      "geometry": {
        "type": "Polygon",
        "coordinates": [
          [
            [
              6.4379239,
              51.1749139
            ],
            [
              6.4379373,
              51.17457
            ],
            [
              6.4379715,
              51.1741805
            ],
            [
              6.4379827,
              51.1741172
            ],
            [
              6.438339,
              51.1741744
            ],
            [
              6.4392402,
              51.1743018
            ],
            [
              6.4393146,
              51.173952
            ],
            [
              6.4394105,
              51.1733436
            ],
            [
              6.4394622,
              51.172948
            ],
            [
              6.4395922,
              51.1723485
            ],
            [
              6.4398618,
              51.172351
            ],
            [
              6.4541962,
              51.1744056
            ],
            [
              6.4549191,
              51.1745527
            ],
            [
              6.4551343,
              51.1746103
            ],
            [
              6.4549506,
              51.1748399
            ],
            [
              6.454787,
              51.1750064
            ],
            [
              6.4545751,
              51.1752872
            ],
            [
              6.4543685,
              51.1755815
            ],
            [
              6.4538428,
              51.1761196
            ],
            [
              6.4534485,
              51.1763953
            ],
            [
              6.4506684,
              51.1788007
            ],
            [
              6.4503372,
              51.1790639
            ],
            [
              6.449393,
              51.179881
            ],
            [
              6.4487982,
              51.1802678
            ],
            [
              6.447348,
              51.1797758
            ],
            [
              6.4459247,
              51.1793463
            ],
            [
              6.4460045,
              51.1791865
            ],
            [
              6.4447764,
              51.1788558
            ],
            [
              6.442135,
              51.1780192
            ],
            [
              6.442196,
              51.1776147
            ],
            [
              6.4397286,
              51.1773798
            ],
            [
              6.4397962,
              51.1759477
            ],
            [
              6.4390289,
              51.1758519
            ],
            [
              6.4389785,
              51.1760481
            ],
            [
              6.4382998,
              51.1760019
            ],
            [
              6.4380645,
              51.1761337
            ],
            [
              6.4380044,
              51.1759195
            ],
            [
              6.4379507,
              51.1754856
            ],
            [
              6.4379239,
              51.1749139
            ]
          ]
        ]
      }
    },
    {
      "type": "Feature",
      "properties": {
        "name": "Schmölderpark",
        "city": "Mönchengladbach",
        "osm_id": 13154612,
        "osm_type": "relation",
        "display": "Schmölderpark, Süd, Mönchengladbach, Nordrhein-Westfalen, 41239, Deutschland"
      },
      "geometry": {
        "type": "Polygon",
        "coordinates": [
          [
            [
              6.4181922,
              51.1609663
            ],
            [
              6.4184591,
              51.1607526
            ],
            [
              6.4196366,
              51.1599082
            ],
            [
              6.4211829,
              51.1586365
            ],
            [
              6.4214793,
              51.1583959
            ],
            [
              6.4253589,
              51.1542651
            ],
            [
              6.425506,
              51.1542807
            ],
            [
              6.4260498,
              51.1536754
            ],
            [
              6.4267418,
              51.1529133
            ],
            [
              6.4275334,
              51.1520635
            ],
            [
              6.4281566,
              51.1514521
            ],
            [
              6.4285751,
              51.1511249
            ],
            [
              6.4290927,
              51.1507615
            ],
            [
              6.4297888,
              51.1504889
            ],
            [
              6.4332998,
              51.1536973
            ],
            [
              6.4369368,
              51.1570485
            ],
            [
              6.4373124,
              51.157358
            ],
            [
              6.4378917,
              51.1579165
            ],
            [
              6.4382672,
              51.1583404
            ],
            [
              6.4384845,
              51.1585961
            ],
            [
              6.4385086,
              51.1586331
            ],
            [
              6.4387608,
              51.1589527
            ],
            [
              6.439155,
              51.1597669
            ],
            [
              6.4391872,
              51.1601151
            ],
            [
              6.4392891,
              51.1605188
            ],
            [
              6.4397451,
              51.1611673
            ],
            [
              6.4400375,
              51.1614045
            ],
            [
              6.4400556,
              51.1614305
            ],
            [
              6.4400844,
              51.1624154
            ],
            [
              6.4401126,
              51.1633291
            ],
            [
              6.4400328,
              51.1635743
            ],
            [
              6.4394259,
              51.1656423
            ],
            [
              6.4391309,
              51.1666464
            ],
            [
              6.4388426,
              51.1666439
            ],
            [
              6.4383138,
              51.1666142
            ],
            [
              6.4381717,
              51.1666175
            ],
            [
              6.4380226,
              51.1666218
            ],
            [
              6.4378481,
              51.1666489
            ],
            [
              6.4373588,
              51.1667375
            ],
            [
              6.4370938,
              51.1667763
            ],
            [
              6.4367179,
              51.1668254
            ],
            [
              6.4366318,
              51.1668286
            ],
            [
              6.4364807,
              51.1668466
            ],
            [
              6.436394,
              51.1668684
            ],
            [
              6.4363186,
              51.166871
            ],
            [
              6.4362128,
              51.1668826
            ],
            [
              6.4361478,
              51.1669045
            ],
            [
              6.4356628,
              51.1669769
            ],
            [
              6.4351515,
              51.1670531
            ],
            [
              6.4352612,
              51.1666206
            ],
            [
              6.4348746,
              51.1666117
            ],
            [
              6.4344243,
              51.1666237
            ],
            [
              6.4335532,
              51.1666573
            ],
            [
              6.4331362,
              51.1666889
            ],
            [
              6.4325787,
              51.1667614
            ],
            [
              6.4317894,
              51.1669354
            ],
            [
              6.4309676,
              51.1671283
            ],
            [
              6.4304888,
              51.1672123
            ],
            [
              6.4300127,
              51.1671838
            ],
            [
              6.4292912,
              51.1669256
            ],
            [
              6.4285429,
              51.166654
            ],
            [
              6.4275679,
              51.1665396
            ],
            [
              6.4270844,
              51.1663092
            ],
            [
              6.4265701,
              51.1659989
            ],
            [
              6.4254034,
              51.1651898
            ],
            [
              6.4240864,
              51.1640982
            ],
            [
              6.4224771,
              51.1630054
            ],
            [
              6.4207497,
              51.162227
            ],
            [
              6.4198753,
              51.1618468
            ],
            [
              6.4185986,
              51.1612169
            ],
            [
              6.4181922,
              51.1609663
            ]
          ]
        ]
      }
    },
    {
      "type": "Feature",
      "properties": {
        "name": "Hockstein",
        "city": "Mönchengladbach",
        "osm_id": 13154623,
        "osm_type": "relation",
        "display": "Hockstein, Süd, Mönchengladbach, Nordrhein-Westfalen, Deutschland"
      },
      "geometry": {
        "type": "Polygon",
        "coordinates": [
          [
            [
              6.4055525,
              51.1538753
            ],
            [
              6.4072041,
              51.1517686
            ],
            [
              6.4083082,
              51.1507942
            ],
            [
              6.4102787,
              51.1490552
            ],
            [
              6.4149746,
              51.1457832
            ],
            [
              6.4208886,
              51.1416713
            ],
            [
              6.4280668,
              51.1484127
            ],
            [
              6.4297888,
              51.1504889
            ],
            [
              6.4290927,
              51.1507615
            ],
            [
              6.4285751,
              51.1511249
            ],
            [
              6.4281566,
              51.1514521
            ],
            [
              6.4275334,
              51.1520635
            ],
            [
              6.4267418,
              51.1529133
            ],
            [
              6.4260498,
              51.1536754
            ],
            [
              6.425506,
              51.1542807
            ],
            [
              6.4253589,
              51.1542651
            ],
            [
              6.4214793,
              51.1583959
            ],
            [
              6.4211829,
              51.1586365
            ],
            [
              6.4196366,
              51.1599082
            ],
            [
              6.4184591,
              51.1607526
            ],
            [
              6.4181922,
              51.1609663
            ],
            [
              6.4055525,
              51.1538753
            ]
          ]
        ]
      }
    },
    {
      "type": "Feature",
      "properties": {
        "name": "Odenkirchen-West",
        "city": "Mönchengladbach",
        "osm_id": 13154661,
        "osm_type": "relation",
        "display": "Odenkirchen-West, Süd, Mönchengladbach, Nordrhein-Westfalen, Deutschland"
      },
      "geometry": {
        "type": "Polygon",
        "coordinates": [
          [
            [
              6.4208886,
              51.1416713
            ],
            [
              6.4232529,
              51.1400274
            ],
            [
              6.4239345,
              51.1405001
            ],
            [
              6.425369,
              51.1402313
            ],
            [
              6.4240947,
              51.138142
            ],
            [
              6.424508,
              51.1371848
            ],
            [
              6.4245157,
              51.1346402
            ],
            [
              6.4250023,
              51.134601
            ],
            [
              6.4249084,
              51.1342362
            ],
            [
              6.4252301,
              51.1340021
            ],
            [
              6.4255573,
              51.1336768
            ],
            [
              6.4261907,
              51.1329207
            ],
            [
              6.4262977,
              51.1327367
            ],
            [
              6.4264341,
              51.1322208
            ],
            [
              6.4260051,
              51.1320712
            ],
            [
              6.4255382,
              51.1315126
            ],
            [
              6.42619,
              51.1312944
            ],
            [
              6.4259962,
              51.1310402
            ],
            [
              6.4259606,
              51.130972
            ],
            [
              6.425202,
              51.1286899
            ],
            [
              6.4234046,
              51.1289286
            ],
            [
              6.4238002,
              51.1278942
            ],
            [
              6.4241402,
              51.1270051
            ],
            [
              6.4266767,
              51.1238603
            ],
            [
              6.428171,
              51.1212847
            ],
            [
              6.4287544,
              51.1185016
            ],
            [
              6.4309555,
              51.1183607
            ],
            [
              6.4315402,
              51.1183001
            ],
            [
              6.4335546,
              51.1179381
            ],
            [
              6.4342466,
              51.1177428
            ],
            [
              6.4350244,
              51.1174903
            ],
            [
              6.4362851,
              51.1169734
            ],
            [
              6.4393723,
              51.115559
            ],
            [
              6.4422476,
              51.114239
            ],
            [
              6.4432508,
              51.1138786
            ],
            [
              6.4441681,
              51.1136193
            ],
            [
              6.4454502,
              51.1133533
            ],
            [
              6.4462119,
              51.1132388
            ],
            [
              6.4472312,
              51.1131647
            ],
            [
              6.4470434,
              51.1140739
            ],
            [
              6.4471668,
              51.115064
            ],
            [
              6.4475262,
              51.1161585
            ],
            [
              6.4415181,
              51.1201993
            ],
            [
              6.4394045,
              51.1215528
            ],
            [
              6.4378273,
              51.1226808
            ],
            [
              6.4369261,
              51.1232532
            ],
            [
              6.4362395,
              51.123866
            ],
            [
              6.4358801,
              51.1242128
            ],
            [
              6.4352953,
              51.1251285
            ],
            [
              6.4348823,
              51.1258322
            ],
            [
              6.434598,
              51.1273573
            ],
            [
              6.4348608,
              51.1284851
            ],
            [
              6.4354268,
              51.1295574
            ],
            [
              6.4362314,
              51.1304987
            ],
            [
              6.4370824,
              51.1312314
            ],
            [
              6.4378609,
              51.1318003
            ],
            [
              6.4391336,
              51.1326856
            ],
            [
              6.4406269,
              51.1337291
            ],
            [
              6.4455374,
              51.1373931
            ],
            [
              6.4463422,
              51.1379416
            ],
            [
              6.4474563,
              51.1391757
            ],
            [
              6.4475668,
              51.1393685
            ],
            [
              6.447573,
              51.1393794
            ],
            [
              6.4479558,
              51.1403145
            ],
            [
              6.4481539,
              51.1414186
            ],
            [
              6.4483108,
              51.1463624
            ],
            [
              6.4484744,
              51.1469968
            ],
            [
              6.4458552,
              51.1471205
            ],
            [
              6.4399275,
              51.1472618
            ],
            [
              6.4397237,
              51.1486853
            ],
            [
              6.4395386,
              51.1486785
            ],
            [
              6.4391955,
              51.1486614
            ],
            [
              6.4391949,
              51.1486576
            ],
            [
              6.4391966,
              51.1486371
            ],
            [
              6.4391975,
              51.1486241
            ],
            [
              6.4391996,
              51.1485988
            ],
            [
              6.4392013,
              51.148579
            ],
            [
              6.4392085,
              51.148488
            ],
            [
              6.439211,
              51.1484596
            ],
            [
              6.4392143,
              51.1484186
            ],
            [
              6.4392234,
              51.1483072
            ],
            [
              6.4392254,
              51.148186
            ],
            [
              6.4392301,
              51.1480097
            ],
            [
              6.4392087,
              51.1480106
            ],
            [
              6.4392099,
              51.1479012
            ],
            [
              6.4392095,
              51.1478717
            ],
            [
              6.4390252,
              51.1479242
            ],
            [
              6.4385663,
              51.1480392
            ],
            [
              6.4384966,
              51.1477666
            ],
            [
              6.4385073,
              51.1477397
            ],
            [
              6.4385106,
              51.1476229
            ],
            [
              6.4385009,
              51.1476
            ],
            [
              6.4384725,
              51.1475425
            ],
            [
              6.4384493,
              51.1474231
            ],
            [
              6.4384325,
              51.147389
            ],
            [
              6.4384131,
              51.1473424
            ],
            [
              6.4384134,
              51.1472692
            ],
            [
              6.4374699,
              51.1473278
            ],
            [
              6.435976,
              51.1475215
            ],
            [
              6.4317521,
              51.1490184
            ],
            [
              6.4325193,
              51.1498025
            ],
            [
              6.4322028,
              51.1498731
            ],
            [
              6.4316583,
              51.1499808
            ],
            [
              6.4311004,
              51.1501019
            ],
            [
              6.4303574,
              51.1502584
            ],
            [
              6.4297888,
              51.1504889
            ],
            [
              6.4280668,
              51.1484127
            ],
            [
              6.4208886,
              51.1416713
            ]
          ]
        ]
      }
    },
    {
      "type": "Feature",
      "properties": {
        "name": "Odenkirchen-Mitte",
        "city": "Mönchengladbach",
        "osm_id": 13154677,
        "osm_type": "relation",
        "display": "Odenkirchen-Mitte, Süd, Mönchengladbach, Nordrhein-Westfalen, 41199, Deutschland"
      },
      "geometry": {
        "type": "Polygon",
        "coordinates": [
          [
            [
              6.434598,
              51.1273573
            ],
            [
              6.4348823,
              51.1258322
            ],
            [
              6.4352953,
              51.1251285
            ],
            [
              6.4358801,
              51.1242128
            ],
            [
              6.4362395,
              51.123866
            ],
            [
              6.4369261,
              51.1232532
            ],
            [
              6.4378273,
              51.1226808
            ],
            [
              6.4394045,
              51.1215528
            ],
            [
              6.4415181,
              51.1201993
            ],
            [
              6.4475262,
              51.1161585
            ],
            [
              6.4489317,
              51.1178624
            ],
            [
              6.4503157,
              51.1188726
            ],
            [
              6.4546394,
              51.1212229
            ],
            [
              6.4575979,
              51.1236497
            ],
            [
              6.4569327,
              51.1239535
            ],
            [
              6.4581236,
              51.1244787
            ],
            [
              6.4621791,
              51.1273792
            ],
            [
              6.4633083,
              51.1255797
            ],
            [
              6.4636262,
              51.1245503
            ],
            [
              6.4661361,
              51.1257072
            ],
            [
              6.4696679,
              51.1269458
            ],
            [
              6.4698111,
              51.1269693
            ],
            [
              6.4666642,
              51.1303673
            ],
            [
              6.4690041,
              51.1313609
            ],
            [
              6.4689168,
              51.1315311
            ],
            [
              6.467662,
              51.132538
            ],
            [
              6.4687828,
              51.132603
            ],
            [
              6.4695497,
              51.132645
            ],
            [
              6.4701776,
              51.13266
            ],
            [
              6.4723673,
              51.132794
            ],
            [
              6.4723723,
              51.132866
            ],
            [
              6.4723743,
              51.1334839
            ],
            [
              6.4723213,
              51.1358266
            ],
            [
              6.4723133,
              51.1376534
            ],
            [
              6.4722332,
              51.1377714
            ],
            [
              6.4722223,
              51.1377874
            ],
            [
              6.4718894,
              51.1380084
            ],
            [
              6.4695387,
              51.1396682
            ],
            [
              6.4699937,
              51.1399772
            ],
            [
              6.4700806,
              51.1400152
            ],
            [
              6.4711295,
              51.1404651
            ],
            [
              6.4711496,
              51.1404774
            ],
            [
              6.4714914,
              51.1406861
            ],
            [
              6.4719374,
              51.1411211
            ],
            [
              6.474195,
              51.1424299
            ],
            [
              6.474734,
              51.1426589
            ],
            [
              6.4753083,
              51.1430869
            ],
            [
              6.4760488,
              51.1436388
            ],
            [
              6.4761863,
              51.1437061
            ],
            [
              6.4762044,
              51.1438157
            ],
            [
              6.475094,
              51.1451703
            ],
            [
              6.473887,
              51.1473173
            ],
            [
              6.4736547,
              51.1478767
            ],
            [
              6.4723688,
              51.1476841
            ],
            [
              6.4718431,
              51.1476034
            ],
            [
              6.4698154,
              51.1479138
            ],
            [
              6.4697389,
              51.1479239
            ],
            [
              6.4695214,
              51.1479232
            ],
            [
              6.4689317,
              51.1479314
            ],
            [
              6.4675167,
              51.147939
            ],
            [
              6.4646159,
              51.1478768
            ],
            [
              6.461923,
              51.1478625
            ],
            [
              6.4617231,
              51.1478515
            ],
            [
              6.4615005,
              51.1478213
            ],
            [
              6.4613959,
              51.1478011
            ],
            [
              6.4580827,
              51.1477893
            ],
            [
              6.4565062,
              51.1477262
            ],
            [
              6.450085,
              51.1476841
            ],
            [
              6.4501011,
              51.1469741
            ],
            [
              6.4484744,
              51.1469968
            ],
            [
              6.4483108,
              51.1463624
            ],
            [
              6.4481539,
              51.1414186
            ],
            [
              6.4479558,
              51.1403145
            ],
            [
              6.447573,
              51.1393794
            ],
            [
              6.4475668,
              51.1393685
            ],
            [
              6.4474563,
              51.1391757
            ],
            [
              6.4463422,
              51.1379416
            ],
            [
              6.4455374,
              51.1373931
            ],
            [
              6.4406269,
              51.1337291
            ],
            [
              6.4391336,
              51.1326856
            ],
            [
              6.4378609,
              51.1318003
            ],
            [
              6.4370824,
              51.1312314
            ],
            [
              6.4362314,
              51.1304987
            ],
            [
              6.4354268,
              51.1295574
            ],
            [
              6.4348608,
              51.1284851
            ],
            [
              6.434598,
              51.1273573
            ]
          ]
        ]
      }
    },
    {
      "type": "Feature",
      "properties": {
        "name": "Sasserath",
        "city": "Mönchengladbach",
        "osm_id": 13154683,
        "osm_type": "relation",
        "display": "Sasserath, Süd, Mönchengladbach, Nordrhein-Westfalen, Deutschland"
      },
      "geometry": {
        "type": "Polygon",
        "coordinates": [
          [
            [
              6.4257316,
              51.10296
            ],
            [
              6.4396552,
              51.097031
            ],
            [
              6.4397791,
              51.097096
            ],
            [
              6.4393782,
              51.097279
            ],
            [
              6.4371905,
              51.0982399
            ],
            [
              6.4372005,
              51.0983209
            ],
            [
              6.4373805,
              51.0998427
            ],
            [
              6.4355028,
              51.1003996
            ],
            [
              6.4356737,
              51.1006326
            ],
            [
              6.4358407,
              51.1005906
            ],
            [
              6.4401461,
              51.1047441
            ],
            [
              6.4379694,
              51.105641
            ],
            [
              6.4382114,
              51.105877
            ],
            [
              6.4395962,
              51.1072319
            ],
            [
              6.4402321,
              51.1069339
            ],
            [
              6.4403101,
              51.1070069
            ],
            [
              6.440379,
              51.1070709
            ],
            [
              6.440478,
              51.1071669
            ],
            [
              6.4429097,
              51.1094786
            ],
            [
              6.4427247,
              51.1097916
            ],
            [
              6.4460182,
              51.1119123
            ],
            [
              6.4461002,
              51.1119653
            ],
            [
              6.4468581,
              51.1115914
            ],
            [
              6.447306,
              51.1113404
            ],
            [
              6.44747,
              51.1112104
            ],
            [
              6.447602,
              51.1110534
            ],
            [
              6.4479069,
              51.1107225
            ],
            [
              6.4480569,
              51.1104935
            ],
            [
              6.4482299,
              51.1090057
            ],
            [
              6.4485848,
              51.1090707
            ],
            [
              6.4488268,
              51.1090817
            ],
            [
              6.4489748,
              51.1083337
            ],
            [
              6.4525083,
              51.1086047
            ],
            [
              6.4534871,
              51.1087007
            ],
            [
              6.4524323,
              51.1096766
            ],
            [
              6.4521983,
              51.1098906
            ],
            [
              6.4546094,
              51.1110872
            ],
            [
              6.4546932,
              51.1110872
            ],
            [
              6.4550807,
              51.1113177
            ],
            [
              6.4537096,
              51.1123944
            ],
            [
              6.4553698,
              51.1134048
            ],
            [
              6.4558123,
              51.1130859
            ],
            [
              6.458222,
              51.1147862
            ],
            [
              6.4583665,
              51.1146833
            ],
            [
              6.4584163,
              51.1147109
            ],
            [
              6.4585554,
              51.1146748
            ],
            [
              6.4587032,
              51.1146988
            ],
            [
              6.4618902,
              51.1164193
            ],
            [
              6.4652372,
              51.1182219
            ],
            [
              6.46577,
              51.1177217
            ],
            [
              6.4672553,
              51.1164082
            ],
            [
              6.4673572,
              51.1163231
            ],
            [
              6.4673717,
              51.1163286
            ],
            [
              6.4680008,
              51.1159938
            ],
            [
              6.4684976,
              51.1157388
            ],
            [
              6.468607,
              51.1156963
            ],
            [
              6.4692705,
              51.1154091
            ],
            [
              6.4698909,
              51.1151846
            ],
            [
              6.4710044,
              51.1148079
            ],
            [
              6.472337,
              51.1143225
            ],
            [
              6.4727032,
              51.1141607
            ],
            [
              6.4730458,
              51.1139694
            ],
            [
              6.4731689,
              51.1138573
            ],
            [
              6.4732698,
              51.1136824
            ],
            [
              6.4732719,
              51.1135507
            ],
            [
              6.4732382,
              51.1132402
            ],
            [
              6.4732362,
              51.1129152
            ],
            [
              6.4733342,
              51.1126023
            ],
            [
              6.4737481,
              51.1123203
            ],
            [
              6.4742294,
              51.1122194
            ],
            [
              6.4746956,
              51.112063
            ],
            [
              6.4749042,
              51.1119579
            ],
            [
              6.4750346,
              51.1118632
            ],
            [
              6.4751489,
              51.1117251
            ],
            [
              6.4752879,
              51.1115021
            ],
            [
              6.4753115,
              51.1114686
            ],
            [
              6.475889,
              51.1116955
            ],
            [
              6.4771778,
              51.1121745
            ],
            [
              6.4772723,
              51.1123034
            ],
            [
              6.4774066,
              51.1122238
            ],
            [
              6.4774965,
              51.1122445
            ],
            [
              6.4773415,
              51.112335
            ],
            [
              6.477502,
              51.1124697
            ],
            [
              6.4783587,
              51.1136403
            ],
            [
              6.4775655,
              51.114911
            ],
            [
              6.4766647,
              51.1175317
            ],
            [
              6.4757328,
              51.1202584
            ],
            [
              6.4754129,
              51.1210293
            ],
            [
              6.4751549,
              51.1213763
            ],
            [
              6.474458,
              51.1221852
            ],
            [
              6.4740941,
              51.1225821
            ],
            [
              6.4739401,
              51.1227461
            ],
            [
              6.4738241,
              51.1228681
            ],
            [
              6.4732892,
              51.123436
            ],
            [
              6.4731082,
              51.123631
            ],
            [
              6.4700422,
              51.1267471
            ],
            [
              6.4698111,
              51.1269693
            ],
            [
              6.4696679,
              51.1269458
            ],
            [
              6.4661361,
              51.1257072
            ],
            [
              6.4636262,
              51.1245503
            ],
            [
              6.4633083,
              51.1255797
            ],
            [
              6.4621791,
              51.1273792
            ],
            [
              6.4581236,
              51.1244787
            ],
            [
              6.4569327,
              51.1239535
            ],
            [
              6.4575979,
              51.1236497
            ],
            [
              6.4546394,
              51.1212229
            ],
            [
              6.4503157,
              51.1188726
            ],
            [
              6.4489317,
              51.1178624
            ],
            [
              6.4475262,
              51.1161585
            ],
            [
              6.4471668,
              51.115064
            ],
            [
              6.4470434,
              51.1140739
            ],
            [
              6.4472312,
              51.1131647
            ],
            [
              6.4462119,
              51.1132388
            ],
            [
              6.4454502,
              51.1133533
            ],
            [
              6.4441681,
              51.1136193
            ],
            [
              6.4432508,
              51.1138786
            ],
            [
              6.4422476,
              51.114239
            ],
            [
              6.4393723,
              51.115559
            ],
            [
              6.4362851,
              51.1169734
            ],
            [
              6.4350244,
              51.1174903
            ],
            [
              6.4342466,
              51.1177428
            ],
            [
              6.4335546,
              51.1179381
            ],
            [
              6.4315402,
              51.1183001
            ],
            [
              6.4309555,
              51.1183607
            ],
            [
              6.4287544,
              51.1185016
            ],
            [
              6.4288928,
              51.1178416
            ],
            [
              6.429466,
              51.1119746
            ],
            [
              6.428182,
              51.1063057
            ],
            [
              6.4257316,
              51.10296
            ]
          ]
        ]
      }
    },
    {
      "type": "Feature",
      "properties": {
        "name": "Holt",
        "city": "Mönchengladbach",
        "osm_id": 13154768,
        "osm_type": "relation",
        "display": "Holt, West, Mönchengladbach, Nordrhein-Westfalen, 41069, Deutschland"
      },
      "geometry": {
        "type": "Polygon",
        "coordinates": [
          [
            [
              6.3834257,
              51.1776453
            ],
            [
              6.3838031,
              51.1772433
            ],
            [
              6.3839322,
              51.1772186
            ],
            [
              6.3838413,
              51.1770241
            ],
            [
              6.384768,
              51.1766905
            ],
            [
              6.3845973,
              51.1765043
            ],
            [
              6.3895897,
              51.1747058
            ],
            [
              6.3918553,
              51.1739094
            ],
            [
              6.3922721,
              51.1737496
            ],
            [
              6.392762,
              51.1735147
            ],
            [
              6.393764,
              51.1731658
            ],
            [
              6.394515,
              51.1728517
            ],
            [
              6.3939918,
              51.1725685
            ],
            [
              6.3940949,
              51.1725008
            ],
            [
              6.3942096,
              51.1724622
            ],
            [
              6.3953738,
              51.1720577
            ],
            [
              6.3954487,
              51.1720319
            ],
            [
              6.3955018,
              51.1720129
            ],
            [
              6.3956301,
              51.1719688
            ],
            [
              6.3958787,
              51.1718822
            ],
            [
              6.3960161,
              51.1718345
            ],
            [
              6.3960222,
              51.1718325
            ],
            [
              6.3959842,
              51.1717849
            ],
            [
              6.3958989,
              51.1716869
            ],
            [
              6.3958357,
              51.1716105
            ],
            [
              6.3957481,
              51.171509
            ],
            [
              6.3956861,
              51.1714333
            ],
            [
              6.3956229,
              51.1713617
            ],
            [
              6.3954666,
              51.1711789
            ],
            [
              6.3953341,
              51.1710219
            ],
            [
              6.3953856,
              51.1709914
            ],
            [
              6.3954796,
              51.1709305
            ],
            [
              6.3955749,
              51.1708689
            ],
            [
              6.3956695,
              51.1708078
            ],
            [
              6.3957644,
              51.1707465
            ],
            [
              6.3959406,
              51.1706324
            ],
            [
              6.3959841,
              51.1706045
            ],
            [
              6.3961089,
              51.1705235
            ],
            [
              6.3962281,
              51.1704467
            ],
            [
              6.3963511,
              51.1703661
            ],
            [
              6.3964614,
              51.1702963
            ],
            [
              6.3966295,
              51.1701874
            ],
            [
              6.3966356,
              51.1701845
            ],
            [
              6.3972215,
              51.1705329
            ],
            [
              6.397358,
              51.1706145
            ],
            [
              6.3974817,
              51.1706877
            ],
            [
              6.3977464,
              51.1708453
            ],
            [
              6.3979018,
              51.1709369
            ],
            [
              6.3980996,
              51.1710553
            ],
            [
              6.3982899,
              51.171138
            ],
            [
              6.3984174,
              51.1711933
            ],
            [
              6.3986876,
              51.1713108
            ],
            [
              6.3987305,
              51.1713616
            ],
            [
              6.3988075,
              51.1714536
            ],
            [
              6.3988559,
              51.1715171
            ],
            [
              6.3991045,
              51.1714612
            ],
            [
              6.3992525,
              51.1714527
            ],
            [
              6.3993924,
              51.1714527
            ],
            [
              6.3994883,
              51.171463
            ],
            [
              6.3996878,
              51.1714856
            ],
            [
              6.3999923,
              51.1715212
            ],
            [
              6.4002368,
              51.1715511
            ],
            [
              6.4004972,
              51.1715848
            ],
            [
              6.4007389,
              51.1716122
            ],
            [
              6.400996,
              51.1716466
            ],
            [
              6.4011969,
              51.1716764
            ],
            [
              6.4013646,
              51.1717003
            ],
            [
              6.4015439,
              51.1717217
            ],
            [
              6.4017359,
              51.1717422
            ],
            [
              6.4019514,
              51.1717669
            ],
            [
              6.4021275,
              51.1717851
            ],
            [
              6.4022653,
              51.1717999
            ],
            [
              6.4026028,
              51.1718349
            ],
            [
              6.4028168,
              51.171858
            ],
            [
              6.4030911,
              51.1718959
            ],
            [
              6.4033314,
              51.1719255
            ],
            [
              6.40349,
              51.1719582
            ],
            [
              6.4036338,
              51.1719907
            ],
            [
              6.4040512,
              51.1720789
            ],
            [
              6.4045037,
              51.1721974
            ],
            [
              6.4047946,
              51.1722719
            ],
            [
              6.4050224,
              51.1723159
            ],
            [
              6.4053666,
              51.1724255
            ],
            [
              6.4093982,
              51.173435
            ],
            [
              6.4116152,
              51.1735945
            ],
            [
              6.4126592,
              51.1735523
            ],
            [
              6.4145028,
              51.1791115
            ],
            [
              6.4146403,
              51.1812655
            ],
            [
              6.4138067,
              51.1828831
            ],
            [
              6.4152784,
              51.1838789
            ],
            [
              6.4117357,
              51.185346
            ],
            [
              6.4112554,
              51.1857236
            ],
            [
              6.4093819,
              51.1871962
            ],
            [
              6.4080252,
              51.1889191
            ],
            [
              6.4070809,
              51.1911143
            ],
            [
              6.3978985,
              51.1896472
            ],
            [
              6.3908215,
              51.1886596
            ],
            [
              6.3886985,
              51.1883634
            ],
            [
              6.3877519,
              51.1877173
            ],
            [
              6.3908223,
              51.18579
            ],
            [
              6.3928884,
              51.1843199
            ],
            [
              6.3946453,
              51.1828914
            ],
            [
              6.3944912,
              51.1826357
            ],
            [
              6.3944384,
              51.182536
            ],
            [
              6.3944355,
              51.1825306
            ],
            [
              6.3938783,
              51.1814566
            ],
            [
              6.3920415,
              51.1812433
            ],
            [
              6.3921346,
              51.1813795
            ],
            [
              6.3916026,
              51.1814628
            ],
            [
              6.3893364,
              51.1817734
            ],
            [
              6.3892333,
              51.1817112
            ],
            [
              6.389061,
              51.1815591
            ],
            [
              6.3883699,
              51.1809431
            ],
            [
              6.3881105,
              51.180711
            ],
            [
              6.3880595,
              51.1806957
            ],
            [
              6.387666,
              51.1808781
            ],
            [
              6.3875446,
              51.1809497
            ],
            [
              6.3868616,
              51.1805429
            ],
            [
              6.3856071,
              51.1798258
            ],
            [
              6.3855661,
              51.179814
            ],
            [
              6.3843845,
              51.1796924
            ],
            [
              6.3836695,
              51.177851
            ],
            [
              6.3835864,
              51.1776654
            ],
            [
              6.3834257,
              51.1776453
            ]
          ]
        ]
      }
    },
    {
      "type": "Feature",
      "properties": {
        "name": "Hehn",
        "city": "Mönchengladbach",
        "osm_id": 13154814,
        "osm_type": "relation",
        "display": "Hehn, West, Mönchengladbach, Nordrhein-Westfalen, Deutschland"
      },
      "geometry": {
        "type": "Polygon",
        "coordinates": [
          [
            [
              6.3563322,
              51.1829532
            ],
            [
              6.3564331,
              51.1828136
            ],
            [
              6.356339,
              51.1824954
            ],
            [
              6.3563943,
              51.182396
            ],
            [
              6.3581168,
              51.1808708
            ],
            [
              6.3589038,
              51.1801121
            ],
            [
              6.3601358,
              51.1794568
            ],
            [
              6.3603237,
              51.179355
            ],
            [
              6.3611029,
              51.1790802
            ],
            [
              6.3621626,
              51.1787797
            ],
            [
              6.363005,
              51.1785479
            ],
            [
              6.3645895,
              51.1782008
            ],
            [
              6.3655677,
              51.1781651
            ],
            [
              6.3657129,
              51.1781553
            ],
            [
              6.3675036,
              51.1781178
            ],
            [
              6.367544,
              51.178107
            ],
            [
              6.368326,
              51.1780931
            ],
            [
              6.3684768,
              51.1780959
            ],
            [
              6.3689396,
              51.1780831
            ],
            [
              6.3690371,
              51.1780872
            ],
            [
              6.3693741,
              51.1781039
            ],
            [
              6.3695159,
              51.1781109
            ],
            [
              6.3711742,
              51.1783457
            ],
            [
              6.3715289,
              51.1784208
            ],
            [
              6.372777,
              51.1785333
            ],
            [
              6.373316,
              51.1785668
            ],
            [
              6.3736947,
              51.1785903
            ],
            [
              6.3739453,
              51.1785584
            ],
            [
              6.3813562,
              51.177277
            ],
            [
              6.3834257,
              51.1776453
            ],
            [
              6.3835864,
              51.1776654
            ],
            [
              6.3836695,
              51.177851
            ],
            [
              6.3843845,
              51.1796924
            ],
            [
              6.3855661,
              51.179814
            ],
            [
              6.3856071,
              51.1798258
            ],
            [
              6.3868616,
              51.1805429
            ],
            [
              6.3875446,
              51.1809497
            ],
            [
              6.387666,
              51.1808781
            ],
            [
              6.3880595,
              51.1806957
            ],
            [
              6.3881105,
              51.180711
            ],
            [
              6.3883699,
              51.1809431
            ],
            [
              6.389061,
              51.1815591
            ],
            [
              6.3892333,
              51.1817112
            ],
            [
              6.3893364,
              51.1817734
            ],
            [
              6.3916026,
              51.1814628
            ],
            [
              6.3921346,
              51.1813795
            ],
            [
              6.3920415,
              51.1812433
            ],
            [
              6.3938783,
              51.1814566
            ],
            [
              6.3944355,
              51.1825306
            ],
            [
              6.3944384,
              51.182536
            ],
            [
              6.3944912,
              51.1826357
            ],
            [
              6.3946453,
              51.1828914
            ],
            [
              6.3928884,
              51.1843199
            ],
            [
              6.3908223,
              51.18579
            ],
            [
              6.3877519,
              51.1877173
            ],
            [
              6.3862378,
              51.1886079
            ],
            [
              6.3676248,
              51.1912034
            ],
            [
              6.3642608,
              51.1875394
            ],
            [
              6.3621542,
              51.1852679
            ],
            [
              6.3603292,
              51.1859318
            ],
            [
              6.3590058,
              51.1858484
            ],
            [
              6.3563322,
              51.1829532
            ]
          ]
        ]
      }
    },
    {
      "type": "Feature",
      "properties": {
        "name": "Hauptquartier",
        "city": "Mönchengladbach",
        "osm_id": 13155290,
        "osm_type": "relation",
        "display": "Hauptquartier, West, Mönchengladbach, Nordrhein-Westfalen, Deutschland"
      },
      "geometry": {
        "type": "MultiPolygon",
        "coordinates": [
          [
            [
              [
                6.2910981,
                51.1757055
              ],
              [
                6.291189,
                51.1754727
              ],
              [
                6.291182,
                51.1754562
              ],
              [
                6.2915361,
                51.1753312
              ],
              [
                6.292082,
                51.1750762
              ],
              [
                6.292307,
                51.1749693
              ],
              [
                6.2930149,
                51.1746223
              ],
              [
                6.2931569,
                51.1744273
              ],
              [
                6.2932679,
                51.1741723
              ],
              [
                6.2932969,
                51.1740114
              ],
              [
                6.2930769,
                51.1733024
              ],
              [
                6.2930919,
                51.1730655
              ],
              [
                6.2931969,
                51.1714636
              ],
              [
                6.2932749,
                51.1712307
              ],
              [
                6.2933898,
                51.1709907
              ],
              [
                6.2935398,
                51.1706817
              ],
              [
                6.2936002,
                51.1705028
              ],
              [
                6.2938797,
                51.1696174
              ],
              [
                6.2940237,
                51.1692469
              ],
              [
                6.2940357,
                51.1690219
              ],
              [
                6.2939548,
                51.1678241
              ],
              [
                6.2940017,
                51.1677141
              ],
              [
                6.2941497,
                51.1675721
              ],
              [
                6.2944547,
                51.1674501
              ],
              [
                6.2947786,
                51.1673931
              ],
              [
                6.2951176,
                51.1674011
              ],
              [
                6.2955235,
                51.1675001
              ],
              [
                6.2957985,
                51.1675111
              ],
              [
                6.2959745,
                51.1674501
              ],
              [
                6.2969063,
                51.1669012
              ],
              [
                6.2974222,
                51.1667372
              ],
              [
                6.2997018,
                51.1662942
              ],
              [
                6.3000437,
                51.1665355
              ],
              [
                6.3003696,
                51.166712
              ],
              [
                6.3007119,
                51.1668848
              ],
              [
                6.3009811,
                51.166999
              ],
              [
                6.301258,
                51.1670992
              ],
              [
                6.3016033,
                51.1671927
              ],
              [
                6.3021603,
                51.167314
              ],
              [
                6.302219,
                51.1673751
              ],
              [
                6.3025095,
                51.1674401
              ],
              [
                6.3026718,
                51.1674683
              ],
              [
                6.3030167,
                51.1674753
              ],
              [
                6.3030465,
                51.1674759
              ],
              [
                6.3037465,
                51.1674266
              ],
              [
                6.3040119,
                51.1674224
              ],
              [
                6.304048,
                51.167422
              ],
              [
                6.3044442,
                51.1674154
              ],
              [
                6.3046171,
                51.1674099
              ],
              [
                6.30596,
                51.1686661
              ],
              [
                6.3055094,
                51.1688934
              ],
              [
                6.3055488,
                51.168925
              ],
              [
                6.3061759,
                51.1694188
              ],
              [
                6.3065306,
                51.1696984
              ],
              [
                6.3075584,
                51.1692209
              ],
              [
                6.3075617,
                51.1692242
              ],
              [
                6.3085593,
                51.1687655
              ],
              [
                6.3091301,
                51.1685021
              ],
              [
                6.3103134,
                51.1679576
              ],
              [
                6.3135378,
                51.1683315
              ],
              [
                6.3141608,
                51.1688687
              ],
              [
                6.3144861,
                51.1691499
              ],
              [
                6.3142356,
                51.1692645
              ],
              [
                6.3119672,
                51.1703046
              ],
              [
                6.3120292,
                51.1703581
              ],
              [
                6.3120525,
                51.1703762
              ],
              [
                6.3136143,
                51.1717286
              ],
              [
                6.3150608,
                51.1710837
              ],
              [
                6.3158955,
                51.1706334
              ],
              [
                6.3167199,
                51.1702652
              ],
              [
                6.3174207,
                51.169953
              ],
              [
                6.3178527,
                51.1697596
              ],
              [
                6.3181877,
                51.1696089
              ],
              [
                6.3177709,
                51.171311
              ],
              [
                6.3178142,
                51.1713082
              ],
              [
                6.3202849,
                51.1710479
              ],
              [
                6.3200341,
                51.171818
              ],
              [
                6.3213387,
                51.1716711
              ],
              [
                6.3213369,
                51.1716757
              ],
              [
                6.3211023,
                51.1722834
              ],
              [
                6.3211408,
                51.1722959
              ],
              [
                6.3215529,
                51.1724351
              ],
              [
                6.3218529,
                51.1722359
              ],
              [
                6.3219769,
                51.1721536
              ],
              [
                6.3220866,
                51.172082
              ],
              [
                6.3221592,
                51.1720372
              ],
              [
                6.3236024,
                51.1710907
              ],
              [
                6.32435,
                51.1705988
              ],
              [
                6.3252464,
                51.1709702
              ],
              [
                6.3255521,
                51.1707918
              ],
              [
                6.3262117,
                51.1710764
              ],
              [
                6.326103,
                51.1711237
              ],
              [
                6.3268749,
                51.1714394
              ],
              [
                6.3266789,
                51.1715146
              ],
              [
                6.3260804,
                51.1717468
              ],
              [
                6.3267348,
                51.1720793
              ],
              [
                6.327467,
                51.1718906
              ],
              [
                6.3275484,
                51.1718628
              ],
              [
                6.3277479,
                51.1717974
              ],
              [
                6.3288071,
                51.1714486
              ],
              [
                6.3288924,
                51.1714194
              ],
              [
                6.3299029,
                51.1710613
              ],
              [
                6.3301765,
                51.1709645
              ],
              [
                6.3307341,
                51.1707668
              ],
              [
                6.3321263,
                51.1723903
              ],
              [
                6.3326738,
                51.1715278
              ],
              [
                6.3330307,
                51.1717113
              ],
              [
                6.3346399,
                51.1720211
              ],
              [
                6.334828,
                51.1720573
              ],
              [
                6.3350927,
                51.1721082
              ],
              [
                6.3352759,
                51.1721435
              ],
              [
                6.3342356,
                51.1737927
              ],
              [
                6.3348353,
                51.173644
              ],
              [
                6.3380143,
                51.172252
              ],
              [
                6.3377604,
                51.1719142
              ],
              [
                6.3381805,
                51.1716647
              ],
              [
                6.3393023,
                51.1720749
              ],
              [
                6.340046,
                51.1723579
              ],
              [
                6.3400865,
                51.1724976
              ],
              [
                6.3393491,
                51.1746306
              ],
              [
                6.3382808,
                51.1746642
              ],
              [
                6.3379389,
                51.1762194
              ],
              [
                6.3397257,
                51.176268
              ],
              [
                6.3395597,
                51.1773003
              ],
              [
                6.3413024,
                51.1768719
              ],
              [
                6.341421,
                51.1768594
              ],
              [
                6.3414061,
                51.1781748
              ],
              [
                6.3414027,
                51.1789996
              ],
              [
                6.3412947,
                51.1789991
              ],
              [
                6.3393743,
                51.1789836
              ],
              [
                6.3395251,
                51.1795194
              ],
              [
                6.3395251,
                51.1797259
              ],
              [
                6.3396788,
                51.1802281
              ],
              [
                6.3398132,
                51.1804727
              ],
              [
                6.339867,
                51.1806898
              ],
              [
                6.3393344,
                51.1806829
              ],
              [
                6.3387896,
                51.1806311
              ],
              [
                6.3387096,
                51.1811065
              ],
              [
                6.3385765,
                51.1818981
              ],
              [
                6.3385535,
                51.1820326
              ],
              [
                6.3381473,
                51.1819878
              ],
              [
                6.3377399,
                51.1819742
              ],
              [
                6.3357841,
                51.1819047
              ],
              [
                6.3291645,
                51.181656
              ],
              [
                6.3288431,
                51.1816713
              ],
              [
                6.3233151,
                51.1814679
              ],
              [
                6.3224214,
                51.1814326
              ],
              [
                6.3223764,
                51.1818804
              ],
              [
                6.322331,
                51.1823325
              ],
              [
                6.3223083,
                51.1825586
              ],
              [
                6.322307,
                51.1825717
              ],
              [
                6.3222568,
                51.182562
              ],
              [
                6.3209488,
                51.182198
              ],
              [
                6.3198811,
                51.1820574
              ],
              [
                6.3191005,
                51.1816461
              ],
              [
                6.3188677,
                51.1815841
              ],
              [
                6.3184232,
                51.181593
              ],
              [
                6.3176011,
                51.1809069
              ],
              [
                6.3175506,
                51.1808652
              ],
              [
                6.3174913,
                51.1808241
              ],
              [
                6.3169636,
                51.1804584
              ],
              [
                6.3169198,
                51.180428
              ],
              [
                6.3168604,
                51.1803849
              ],
              [
                6.3162735,
                51.1799582
              ],
              [
                6.3162557,
                51.1799453
              ],
              [
                6.3159496,
                51.1797034
              ],
              [
                6.315491,
                51.1793411
              ],
              [
                6.3147482,
                51.1788451
              ],
              [
                6.3146701,
                51.1788689
              ],
              [
                6.313849,
                51.1792269
              ],
              [
                6.3133854,
                51.1793159
              ],
              [
                6.3127984,
                51.1793828
              ],
              [
                6.3120823,
                51.1793819
              ],
              [
                6.3117223,
                51.179379
              ],
              [
                6.3114684,
                51.1793629
              ],
              [
                6.3112386,
                51.1793858
              ],
              [
                6.3106935,
                51.1793612
              ],
              [
                6.310117,
                51.179219
              ],
              [
                6.3095466,
                51.1791902
              ],
              [
                6.3088686,
                51.1793052
              ],
              [
                6.3086395,
                51.1794696
              ],
              [
                6.3084285,
                51.1796337
              ],
              [
                6.308264,
                51.1797958
              ],
              [
                6.3082226,
                51.1798659
              ],
              [
                6.3078896,
                51.1801465
              ],
              [
                6.3077397,
                51.1802802
              ],
              [
                6.3075554,
                51.1804061
              ],
              [
                6.3072207,
                51.1806305
              ],
              [
                6.3070581,
                51.1807293
              ],
              [
                6.3069208,
                51.1807897
              ],
              [
                6.3067999,
                51.1808189
              ],
              [
                6.3065511,
                51.1808584
              ],
              [
                6.305637,
                51.180972
              ],
              [
                6.3043615,
                51.1805204
              ],
              [
                6.3033509,
                51.1804639
              ],
              [
                6.3030817,
                51.1804477
              ],
              [
                6.3025582,
                51.1803674
              ],
              [
                6.3015408,
                51.1802112
              ],
              [
                6.3013562,
                51.18017
              ],
              [
                6.300968,
                51.180058
              ],
              [
                6.3008414,
                51.1800143
              ],
              [
                6.3004218,
                51.1798331
              ],
              [
                6.2994736,
                51.1793828
              ],
              [
                6.2983786,
                51.1788357
              ],
              [
                6.2980992,
                51.1787019
              ],
              [
                6.2979587,
                51.1786564
              ],
              [
                6.2977619,
                51.1786275
              ],
              [
                6.2975731,
                51.1785944
              ],
              [
                6.2972823,
                51.1785008
              ],
              [
                6.2970822,
                51.1783985
              ],
              [
                6.2966189,
                51.1779634
              ],
              [
                6.2963947,
                51.1777679
              ],
              [
                6.2963151,
                51.1776699
              ],
              [
                6.2962659,
                51.1776525
              ],
              [
                6.2961893,
                51.1776253
              ],
              [
                6.2961493,
                51.1775988
              ],
              [
                6.2960943,
                51.1775688
              ],
              [
                6.2951654,
                51.1770294
              ],
              [
                6.2951423,
                51.1770195
              ],
              [
                6.2951474,
                51.1770152
              ],
              [
                6.2950332,
                51.1769617
              ],
              [
                6.294955,
                51.1769249
              ],
              [
                6.2944073,
                51.1765905
              ],
              [
                6.2942882,
                51.1765778
              ],
              [
                6.2940863,
                51.1765279
              ],
              [
                6.2938823,
                51.1764246
              ],
              [
                6.2937192,
                51.1763902
              ],
              [
                6.293332,
                51.176308
              ],
              [
                6.2932672,
                51.1762863
              ],
              [
                6.293085,
                51.1762017
              ],
              [
                6.2928987,
                51.1761698
              ],
              [
                6.2925277,
                51.1761263
              ],
              [
                6.292247,
                51.1760556
              ],
              [
                6.2920886,
                51.1760386
              ],
              [
                6.2917215,
                51.1759418
              ],
              [
                6.2917553,
                51.175895
              ],
              [
                6.2910981,
                51.1757055
              ]
            ]
          ],
          [
            [
              [
                6.3018306,
                51.1551405
              ],
              [
                6.3018806,
                51.1548205
              ],
              [
                6.3018526,
                51.1541026
              ],
              [
                6.3020026,
                51.1532107
              ],
              [
                6.3020185,
                51.1529105
              ],
              [
                6.3020216,
                51.1528517
              ],
              [
                6.3020276,
                51.1527178
              ],
              [
                6.3020289,
                51.1526957
              ],
              [
                6.3030299,
                51.1527373
              ],
              [
                6.3048011,
                51.1528173
              ],
              [
                6.3064727,
                51.1528917
              ],
              [
                6.3072286,
                51.1529261
              ],
              [
                6.3072026,
                51.1530898
              ],
              [
                6.3071449,
                51.1536259
              ],
              [
                6.3071466,
                51.1538435
              ],
              [
                6.3072596,
                51.1541104
              ],
              [
                6.3076853,
                51.1549628
              ],
              [
                6.309001,
                51.1566689
              ],
              [
                6.3096971,
                51.1577005
              ],
              [
                6.3100773,
                51.1588587
              ],
              [
                6.3101817,
                51.1589804
              ],
              [
                6.3108598,
                51.1597707
              ],
              [
                6.3111347,
                51.1601308
              ],
              [
                6.3114372,
                51.1605152
              ],
              [
                6.3110194,
                51.1605858
              ],
              [
                6.3103186,
                51.1610681
              ],
              [
                6.3100522,
                51.1613269
              ],
              [
                6.3100086,
                51.1618099
              ],
              [
                6.3100892,
                51.1621848
              ],
              [
                6.3103592,
                51.1623889
              ],
              [
                6.3106144,
                51.1625445
              ],
              [
                6.3110084,
                51.1627881
              ],
              [
                6.3113284,
                51.1629723
              ],
              [
                6.3116208,
                51.1631383
              ],
              [
                6.31173,
                51.163197
              ],
              [
                6.3115854,
                51.1632185
              ],
              [
                6.3111303,
                51.1632683
              ],
              [
                6.308402,
                51.1635183
              ],
              [
                6.3057702,
                51.1633047
              ],
              [
                6.305724,
                51.1625786
              ],
              [
                6.305863,
                51.1615988
              ],
              [
                6.305808,
                51.1614998
              ],
              [
                6.305583,
                51.1612858
              ],
              [
                6.3054101,
                51.1610458
              ],
              [
                6.3049341,
                51.1607329
              ],
              [
                6.3045542,
                51.1605609
              ],
              [
                6.3044172,
                51.1602409
              ],
              [
                6.3043082,
                51.1599509
              ],
              [
                6.3041582,
                51.159375
              ],
              [
                6.3038573,
                51.1588371
              ],
              [
                6.3032324,
                51.1582911
              ],
              [
                6.3028484,
                51.1574292
              ],
              [
                6.3018306,
                51.1551405
              ]
            ]
          ]
        ]
      }
    },
    {
      "type": "Feature",
      "properties": {
        "name": "Rheindahlen-Mitte",
        "city": "Mönchengladbach",
        "osm_id": 13155289,
        "osm_type": "relation",
        "display": "Rheindahlen-Mitte, West, Mönchengladbach, Nordrhein-Westfalen, Deutschland"
      },
      "geometry": {
        "type": "Polygon",
        "coordinates": [
          [
            [
              6.3446796,
              51.1472837
            ],
            [
              6.3448781,
              51.1460116
            ],
            [
              6.3454125,
              51.1436844
            ],
            [
              6.3456311,
              51.142719
            ],
            [
              6.3456884,
              51.1423643
            ],
            [
              6.3457796,
              51.141964
            ],
            [
              6.3458244,
              51.1416397
            ],
            [
              6.3457981,
              51.1413542
            ],
            [
              6.3458075,
              51.1410694
            ],
            [
              6.3457592,
              51.140793
            ],
            [
              6.345721,
              51.1404758
            ],
            [
              6.3459322,
              51.1402671
            ],
            [
              6.3467677,
              51.1403108
            ],
            [
              6.3497838,
              51.1422867
            ],
            [
              6.3503887,
              51.1427282
            ],
            [
              6.3590623,
              51.1436007
            ],
            [
              6.3625398,
              51.143939
            ],
            [
              6.3635146,
              51.1440839
            ],
            [
              6.3639287,
              51.1441902
            ],
            [
              6.3639505,
              51.1441984
            ],
            [
              6.3639821,
              51.1440782
            ],
            [
              6.3653252,
              51.1395472
            ],
            [
              6.3654319,
              51.1391913
            ],
            [
              6.3659307,
              51.1375269
            ],
            [
              6.366038,
              51.1375412
            ],
            [
              6.3736726,
              51.1382695
            ],
            [
              6.3762341,
              51.1393642
            ],
            [
              6.3763712,
              51.1394101
            ],
            [
              6.3764705,
              51.1394782
            ],
            [
              6.3763458,
              51.1395437
            ],
            [
              6.3757637,
              51.139915
            ],
            [
              6.3752675,
              51.1402398
            ],
            [
              6.3749242,
              51.1404249
            ],
            [
              6.3714638,
              51.1423115
            ],
            [
              6.3711364,
              51.1425419
            ],
            [
              6.3705458,
              51.14291
            ],
            [
              6.3706098,
              51.1429447
            ],
            [
              6.3722727,
              51.1437343
            ],
            [
              6.3728126,
              51.1439781
            ],
            [
              6.3733336,
              51.1436121
            ],
            [
              6.3761124,
              51.1446181
            ],
            [
              6.376107,
              51.1446248
            ],
            [
              6.3749349,
              51.1460823
            ],
            [
              6.373575,
              51.1477809
            ],
            [
              6.373312,
              51.1481417
            ],
            [
              6.3742746,
              51.1484069
            ],
            [
              6.3742224,
              51.1484741
            ],
            [
              6.3737541,
              51.1491625
            ],
            [
              6.3738637,
              51.1491904
            ],
            [
              6.3724896,
              51.151212
            ],
            [
              6.3723359,
              51.1513743
            ],
            [
              6.3723311,
              51.1514198
            ],
            [
              6.3724091,
              51.1514755
            ],
            [
              6.3723932,
              51.1515244
            ],
            [
              6.3720609,
              51.1521398
            ],
            [
              6.3721213,
              51.1521327
            ],
            [
              6.3722044,
              51.152441
            ],
            [
              6.3717002,
              51.1534563
            ],
            [
              6.3714816,
              51.1535442
            ],
            [
              6.371562,
              51.1536161
            ],
            [
              6.3720328,
              51.1540733
            ],
            [
              6.3701569,
              51.1548745
            ],
            [
              6.3702974,
              51.1549532
            ],
            [
              6.3691363,
              51.1558644
            ],
            [
              6.3692373,
              51.1559079
            ],
            [
              6.3691749,
              51.1559679
            ],
            [
              6.3688647,
              51.1560969
            ],
            [
              6.3686579,
              51.1559012
            ],
            [
              6.3674576,
              51.1564016
            ],
            [
              6.3673577,
              51.1564609
            ],
            [
              6.3680892,
              51.1574312
            ],
            [
              6.3683154,
              51.1577607
            ],
            [
              6.3684165,
              51.1578538
            ],
            [
              6.3684869,
              51.1578932
            ],
            [
              6.3686476,
              51.1579986
            ],
            [
              6.3689437,
              51.158243
            ],
            [
              6.369018,
              51.1583114
            ],
            [
              6.3678431,
              51.1582193
            ],
            [
              6.3660407,
              51.158041
            ],
            [
              6.3654453,
              51.1580309
            ],
            [
              6.3617814,
              51.1580915
            ],
            [
              6.3578385,
              51.1581318
            ],
            [
              6.3557571,
              51.1579199
            ],
            [
              6.3534611,
              51.1572436
            ],
            [
              6.3524044,
              51.1565707
            ],
            [
              6.3514709,
              51.155992
            ],
            [
              6.3509184,
              51.1556253
            ],
            [
              6.3507146,
              51.1553326
            ],
            [
              6.3504678,
              51.1549355
            ],
            [
              6.3499823,
              51.1537932
            ],
            [
              6.3497275,
              51.153344
            ],
            [
              6.349411,
              51.1527771
            ],
            [
              6.3490704,
              51.1522622
            ],
            [
              6.3485795,
              51.151813
            ],
            [
              6.3480216,
              51.1514378
            ],
            [
              6.3474047,
              51.1509718
            ],
            [
              6.3467422,
              51.1505697
            ],
            [
              6.3460851,
              51.1500969
            ],
            [
              6.3456774,
              51.1496056
            ],
            [
              6.3452375,
              51.1491278
            ],
            [
              6.3447869,
              51.1481889
            ],
            [
              6.3446796,
              51.1472837
            ]
          ]
        ]
      }
    },
    {
      "type": "Feature",
      "properties": {
        "name": "Rheindahlen-Land",
        "city": "Mönchengladbach",
        "osm_id": 13155288,
        "osm_type": "relation",
        "display": "Rheindahlen-Land, West, Mönchengladbach, Nordrhein-Westfalen, 41179, Deutschland"
      },
      "geometry": {
        "type": "Polygon",
        "coordinates": [
          [
            [
              6.2997018,
              51.1662942
            ],
            [
              6.2999949,
              51.1662372
            ],
            [
              6.3001788,
              51.1662032
            ],
            [
              6.3010207,
              51.1661842
            ],
            [
              6.3012227,
              51.1661652
            ],
            [
              6.3015986,
              51.1661302
            ],
            [
              6.3019896,
              51.1661192
            ],
            [
              6.3021275,
              51.1661342
            ],
            [
              6.3032214,
              51.1662562
            ],
            [
              6.3034803,
              51.1662412
            ],
            [
              6.3040283,
              51.1660962
            ],
            [
              6.3040375,
              51.1660695
            ],
            [
              6.3041023,
              51.1658823
            ],
            [
              6.3044292,
              51.1652613
            ],
            [
              6.3057851,
              51.1655285
            ],
            [
              6.30584,
              51.1655393
            ],
            [
              6.305919,
              51.1648644
            ],
            [
              6.305851,
              51.1645744
            ],
            [
              6.3057773,
              51.1642903
            ],
            [
              6.3057842,
              51.1640934
            ],
            [
              6.305797,
              51.1637275
            ],
            [
              6.305774,
              51.1633646
            ],
            [
              6.3057702,
              51.1633047
            ],
            [
              6.308402,
              51.1635183
            ],
            [
              6.3111303,
              51.1632683
            ],
            [
              6.3115854,
              51.1632185
            ],
            [
              6.31173,
              51.163197
            ],
            [
              6.3116208,
              51.1631383
            ],
            [
              6.3113284,
              51.1629723
            ],
            [
              6.3110084,
              51.1627881
            ],
            [
              6.3106144,
              51.1625445
            ],
            [
              6.3103592,
              51.1623889
            ],
            [
              6.3100892,
              51.1621848
            ],
            [
              6.3100086,
              51.1618099
            ],
            [
              6.3100522,
              51.1613269
            ],
            [
              6.3103186,
              51.1610681
            ],
            [
              6.3110194,
              51.1605858
            ],
            [
              6.3114372,
              51.1605152
            ],
            [
              6.3111347,
              51.1601308
            ],
            [
              6.3108598,
              51.1597707
            ],
            [
              6.3101817,
              51.1589804
            ],
            [
              6.3100773,
              51.1588587
            ],
            [
              6.3096971,
              51.1577005
            ],
            [
              6.309001,
              51.1566689
            ],
            [
              6.3076853,
              51.1549628
            ],
            [
              6.3072596,
              51.1541104
            ],
            [
              6.3071466,
              51.1538435
            ],
            [
              6.3071449,
              51.1536259
            ],
            [
              6.3072026,
              51.1530898
            ],
            [
              6.3072286,
              51.1529261
            ],
            [
              6.3064727,
              51.1528917
            ],
            [
              6.3048011,
              51.1528173
            ],
            [
              6.3030299,
              51.1527373
            ],
            [
              6.3020289,
              51.1526957
            ],
            [
              6.3020326,
              51.1526308
            ],
            [
              6.3020491,
              51.1523345
            ],
            [
              6.3020675,
              51.1519818
            ],
            [
              6.3026535,
              51.1518069
            ],
            [
              6.3033704,
              51.1518099
            ],
            [
              6.3038273,
              51.1519588
            ],
            [
              6.3042742,
              51.1520158
            ],
            [
              6.3045592,
              51.1520128
            ],
            [
              6.3047901,
              51.1519588
            ],
            [
              6.3049781,
              51.1520048
            ],
            [
              6.3052181,
              51.1519778
            ],
            [
              6.3053091,
              51.1521188
            ],
            [
              6.305491,
              51.1521038
            ],
            [
              6.305563,
              51.1521838
            ],
            [
              6.305556,
              51.1522638
            ],
            [
              6.305744,
              51.1523748
            ],
            [
              6.305833,
              51.1523408
            ],
            [
              6.305968,
              51.1524248
            ],
            [
              6.305987,
              51.1525348
            ],
            [
              6.306059,
              51.1525728
            ],
            [
              6.3064109,
              51.1523518
            ],
            [
              6.3064379,
              51.1522378
            ],
            [
              6.3065339,
              51.1521958
            ],
            [
              6.3067928,
              51.1523028
            ],
            [
              6.3066269,
              51.1524668
            ],
            [
              6.3067968,
              51.1524738
            ],
            [
              6.3068778,
              51.1525578
            ],
            [
              6.3069968,
              51.1525698
            ],
            [
              6.3070838,
              51.1526188
            ],
            [
              6.3070038,
              51.1526728
            ],
            [
              6.3071198,
              51.1527148
            ],
            [
              6.3072008,
              51.1526918
            ],
            [
              6.3072898,
              51.1526378
            ],
            [
              6.3073318,
              51.1524858
            ],
            [
              6.3073298,
              51.1524128
            ],
            [
              6.3071948,
              51.1523218
            ],
            [
              6.3073018,
              51.1522948
            ],
            [
              6.3075177,
              51.1523598
            ],
            [
              6.3076237,
              51.1523248
            ],
            [
              6.3077217,
              51.1524088
            ],
            [
              6.3077687,
              51.1524928
            ],
            [
              6.3076907,
              51.1527677
            ],
            [
              6.3078427,
              51.1528057
            ],
            [
              6.3079867,
              51.1528057
            ],
            [
              6.3079767,
              51.1527218
            ],
            [
              6.3081187,
              51.1526758
            ],
            [
              6.3082676,
              51.1525578
            ],
            [
              6.3083846,
              51.1525918
            ],
            [
              6.3083586,
              51.1526878
            ],
            [
              6.3085566,
              51.1526988
            ],
            [
              6.3087596,
              51.1527148
            ],
            [
              6.3087496,
              51.1525388
            ],
            [
              6.3088026,
              51.1524778
            ],
            [
              6.3090415,
              51.1524128
            ],
            [
              6.3092885,
              51.1521958
            ],
            [
              6.3095644,
              51.1521388
            ],
            [
              6.3097584,
              51.1519518
            ],
            [
              6.3096084,
              51.1517529
            ],
            [
              6.3099544,
              51.1516389
            ],
            [
              6.3101264,
              51.1517719
            ],
            [
              6.3102583,
              51.1517259
            ],
            [
              6.3104463,
              51.1517149
            ],
            [
              6.3106323,
              51.1516269
            ],
            [
              6.3107573,
              51.1516269
            ],
            [
              6.3109732,
              51.1517679
            ],
            [
              6.3107773,
              51.1518289
            ],
            [
              6.3110742,
              51.1519928
            ],
            [
              6.3112792,
              51.1519898
            ],
            [
              6.3114832,
              51.1519438
            ],
            [
              6.3116261,
              51.1519518
            ],
            [
              6.3118491,
              51.1520158
            ],
            [
              6.3120101,
              51.1519928
            ],
            [
              6.312286,
              51.1520008
            ],
            [
              6.312366,
              51.1519588
            ],
            [
              6.312177,
              51.1518448
            ],
            [
              6.31238,
              51.1516649
            ],
            [
              6.312434,
              51.1517149
            ],
            [
              6.312426,
              51.1518099
            ],
            [
              6.312543,
              51.1518678
            ],
            [
              6.312694,
              51.1518678
            ],
            [
              6.312755,
              51.1517569
            ],
            [
              6.3128619,
              51.1517149
            ],
            [
              6.312843,
              51.1516349
            ],
            [
              6.31278,
              51.1515739
            ],
            [
              6.3130719,
              51.1514209
            ],
            [
              6.3133359,
              51.1512379
            ],
            [
              6.3135488,
              51.1512109
            ],
            [
              6.3137438,
              51.1511159
            ],
            [
              6.3138048,
              51.1512759
            ],
            [
              6.3139498,
              51.1512759
            ],
            [
              6.3141928,
              51.1510929
            ],
            [
              6.3144347,
              51.1511349
            ],
            [
              6.3147747,
              51.1510129
            ],
            [
              6.3149376,
              51.1509979
            ],
            [
              6.3151136,
              51.1509829
            ],
            [
              6.3153886,
              51.1510089
            ],
            [
              6.3154161,
              51.1509633
            ],
            [
              6.3155346,
              51.15091
            ],
            [
              6.3155995,
              51.1510929
            ],
            [
              6.3157935,
              51.1509899
            ],
            [
              6.3158575,
              51.150899
            ],
            [
              6.3161005,
              51.150918
            ],
            [
              6.3161815,
              51.1509599
            ],
            [
              6.3161175,
              51.1510699
            ],
            [
              6.3161655,
              51.1511429
            ],
            [
              6.3162624,
              51.1511499
            ],
            [
              6.3163434,
              51.1511009
            ],
            [
              6.3163434,
              51.1510279
            ],
            [
              6.3164074,
              51.1509789
            ],
            [
              6.3166354,
              51.1509479
            ],
            [
              6.3167644,
              51.1509479
            ],
            [
              6.3168774,
              51.1509979
            ],
            [
              6.3171533,
              51.1510089
            ],
            [
              6.3172663,
              51.1510469
            ],
            [
              6.3173623,
              51.1510589
            ],
            [
              6.3174443,
              51.1510699
            ],
            [
              6.3175732,
              51.1509669
            ],
            [
              6.3176013,
              51.1509244
            ],
            [
              6.3178152,
              51.150692
            ],
            [
              6.3180971,
              51.1506908
            ],
            [
              6.3182511,
              51.150517
            ],
            [
              6.3184472,
              51.1504682
            ],
            [
              6.3186391,
              51.150376
            ],
            [
              6.3188001,
              51.150284
            ],
            [
              6.3188971,
              51.150132
            ],
            [
              6.319284,
              51.1498461
            ],
            [
              6.319478,
              51.1497851
            ],
            [
              6.319493,
              51.1496431
            ],
            [
              6.31959,
              51.1495821
            ],
            [
              6.3198649,
              51.1495401
            ],
            [
              6.3198969,
              51.1494601
            ],
            [
              6.3200579,
              51.1493461
            ],
            [
              6.3199289,
              51.1493191
            ],
            [
              6.3198159,
              51.1493271
            ],
            [
              6.3197359,
              51.1492771
            ],
            [
              6.3196699,
              51.1491741
            ],
            [
              6.3196689,
              51.1490752
            ],
            [
              6.3197819,
              51.1489722
            ],
            [
              6.3201049,
              51.1489832
            ],
            [
              6.3200719,
              51.1488922
            ],
            [
              6.3202329,
              51.1487282
            ],
            [
              6.3201519,
              51.1486782
            ],
            [
              6.3199909,
              51.1486482
            ],
            [
              6.3200389,
              51.1485642
            ],
            [
              6.3200302,
              51.1485469
            ],
            [
              6.3199739,
              51.1484722
            ],
            [
              6.3199899,
              51.1483812
            ],
            [
              6.3197479,
              51.1483542
            ],
            [
              6.3198699,
              51.1481903
            ],
            [
              6.3199729,
              51.1480563
            ],
            [
              6.3199239,
              51.1479953
            ],
            [
              6.3198269,
              51.1479463
            ],
            [
              6.319584,
              51.1479573
            ],
            [
              6.31947,
              51.1479153
            ],
            [
              6.319373,
              51.1478163
            ],
            [
              6.3194276,
              51.1477909
            ],
            [
              6.3195999,
              51.1477823
            ],
            [
              6.3196799,
              51.1476943
            ],
            [
              6.3196959,
              51.1475303
            ],
            [
              6.3197929,
              51.1474693
            ],
            [
              6.3198569,
              51.1473354
            ],
            [
              6.3199369,
              51.1471944
            ],
            [
              6.3201299,
              51.1471644
            ],
            [
              6.3202589,
              51.1470604
            ],
            [
              6.3204287,
              51.1469003
            ],
            [
              6.3204977,
              51.1467823
            ],
            [
              6.3206458,
              51.1465614
            ],
            [
              6.3207638,
              51.1464625
            ],
            [
              6.3210047,
              51.1464845
            ],
            [
              6.3211207,
              51.1463815
            ],
            [
              6.3211117,
              51.1462565
            ],
            [
              6.3212967,
              51.1462145
            ],
            [
              6.3213327,
              51.1461495
            ],
            [
              6.3214747,
              51.1461335
            ],
            [
              6.3216087,
              51.1461755
            ],
            [
              6.3217506,
              51.1461335
            ],
            [
              6.3221256,
              51.1462025
            ],
            [
              6.3222251,
              51.1462027
            ],
            [
              6.3223655,
              51.1461835
            ],
            [
              6.3225165,
              51.1460045
            ],
            [
              6.3226045,
              51.1458135
            ],
            [
              6.3228265,
              51.1456305
            ],
            [
              6.3229515,
              51.1454546
            ],
            [
              6.3228975,
              51.1454056
            ],
            [
              6.3228965,
              51.1452376
            ],
            [
              6.3230024,
              51.1449856
            ],
            [
              6.3231094,
              51.1448526
            ],
            [
              6.3230714,
              51.1446047
            ],
            [
              6.3231884,
              51.1445547
            ],
            [
              6.3233754,
              51.1445507
            ],
            [
              6.3235784,
              51.1444477
            ],
            [
              6.3242653,
              51.1444557
            ],
            [
              6.324524,
              51.144427
            ],
            [
              6.3254272,
              51.1442442
            ],
            [
              6.325829,
              51.1440357
            ],
            [
              6.3268499,
              51.1440737
            ],
            [
              6.3284026,
              51.1440777
            ],
            [
              6.3284836,
              51.1440477
            ],
            [
              6.3284636,
              51.1438297
            ],
            [
              6.3292195,
              51.1436618
            ],
            [
              6.3295235,
              51.1436428
            ],
            [
              6.3301444,
              51.1433678
            ],
            [
              6.3307763,
              51.1430018
            ],
            [
              6.3309173,
              51.1428379
            ],
            [
              6.3311052,
              51.1428229
            ],
            [
              6.3319661,
              51.1424109
            ],
            [
              6.3320111,
              51.1423349
            ],
            [
              6.3319401,
              51.1422579
            ],
            [
              6.3320021,
              51.1422159
            ],
            [
              6.3320631,
              51.141839
            ],
            [
              6.3320941,
              51.141667
            ],
            [
              6.33241,
              51.1396112
            ],
            [
              6.33271,
              51.1390423
            ],
            [
              6.33262,
              51.1388023
            ],
            [
              6.332528,
              51.1380354
            ],
            [
              6.3322571,
              51.1370055
            ],
            [
              6.3321781,
              51.1368485
            ],
            [
              6.3320511,
              51.1366006
            ],
            [
              6.3320471,
              51.1360136
            ],
            [
              6.3323321,
              51.1356627
            ],
            [
              6.33265,
              51.1353347
            ],
            [
              6.3335189,
              51.1344458
            ],
            [
              6.3348487,
              51.1339499
            ],
            [
              6.3366294,
              51.1334831
            ],
            [
              6.3378602,
              51.1331749
            ],
            [
              6.3409018,
              51.132466
            ],
            [
              6.3422486,
              51.1321061
            ],
            [
              6.3430245,
              51.1318781
            ],
            [
              6.3448912,
              51.1315351
            ],
            [
              6.3457151,
              51.1313751
            ],
            [
              6.347099,
              51.1311307
            ],
            [
              6.347201,
              51.1311132
            ],
            [
              6.3465851,
              51.1301266
            ],
            [
              6.346,
              51.1295014
            ],
            [
              6.3450322,
              51.1285325
            ],
            [
              6.3440153,
              51.1274916
            ],
            [
              6.3441843,
              51.1274536
            ],
            [
              6.3444683,
              51.1273926
            ],
            [
              6.3508399,
              51.1270513
            ],
            [
              6.3523591,
              51.1268357
            ],
            [
              6.3548537,
              51.1265263
            ],
            [
              6.3560529,
              51.1264307
            ],
            [
              6.3560662,
              51.126458
            ],
            [
              6.3561593,
              51.1264691
            ],
            [
              6.3561671,
              51.1264858
            ],
            [
              6.3562114,
              51.126467
            ],
            [
              6.3563735,
              51.1263926
            ],
            [
              6.3564783,
              51.1263439
            ],
            [
              6.3566481,
              51.1266159
            ],
            [
              6.3569552,
              51.1271091
            ],
            [
              6.3572098,
              51.1270827
            ],
            [
              6.3572522,
              51.1270784
            ],
            [
              6.3576427,
              51.1269937
            ],
            [
              6.3577413,
              51.1269658
            ],
            [
              6.3577553,
              51.1269621
            ],
            [
              6.3582027,
              51.1268368
            ],
            [
              6.3582872,
              51.1268101
            ],
            [
              6.3584718,
              51.1267507
            ],
            [
              6.3584851,
              51.1267463
            ],
            [
              6.3587511,
              51.1266611
            ],
            [
              6.359169,
              51.126537
            ],
            [
              6.3592133,
              51.126542
            ],
            [
              6.3595245,
              51.1273276
            ],
            [
              6.3599934,
              51.1283738
            ],
            [
              6.3603204,
              51.1288315
            ],
            [
              6.3603503,
              51.1288246
            ],
            [
              6.3603847,
              51.1288162
            ],
            [
              6.3606174,
              51.1287599
            ],
            [
              6.3609877,
              51.1286653
            ],
            [
              6.3611218,
              51.1286437
            ],
            [
              6.3612193,
              51.128627
            ],
            [
              6.3618908,
              51.1285627
            ],
            [
              6.3619681,
              51.1285561
            ],
            [
              6.3621327,
              51.1285409
            ],
            [
              6.3621582,
              51.1285491
            ],
            [
              6.3624591,
              51.1285536
            ],
            [
              6.3630233,
              51.1285557
            ],
            [
              6.3634706,
              51.1285387
            ],
            [
              6.3640414,
              51.1285154
            ],
            [
              6.3643407,
              51.1285122
            ],
            [
              6.3649226,
              51.128538
            ],
            [
              6.3651243,
              51.1285533
            ],
            [
              6.3653948,
              51.1286173
            ],
            [
              6.3655444,
              51.1286966
            ],
            [
              6.3662006,
              51.1291042
            ],
            [
              6.3673634,
              51.129331
            ],
            [
              6.3673567,
              51.1293936
            ],
            [
              6.3702719,
              51.1294158
            ],
            [
              6.3706665,
              51.1294381
            ],
            [
              6.3737191,
              51.1295967
            ],
            [
              6.3744463,
              51.1297136
            ],
            [
              6.3746968,
              51.129772
            ],
            [
              6.37565,
              51.1299876
            ],
            [
              6.3767585,
              51.1302269
            ],
            [
              6.3773703,
              51.1303619
            ],
            [
              6.3776474,
              51.1303939
            ],
            [
              6.3779933,
              51.1304133
            ],
            [
              6.3782105,
              51.130398
            ],
            [
              6.3784499,
              51.1303841
            ],
            [
              6.3791261,
              51.130334
            ],
            [
              6.3798576,
              51.130284
            ],
            [
              6.3808574,
              51.130213
            ],
            [
              6.3812188,
              51.1302074
            ],
            [
              6.3814676,
              51.1302229
            ],
            [
              6.3817553,
              51.1302408
            ],
            [
              6.3822613,
              51.1303132
            ],
            [
              6.3824686,
              51.1303493
            ],
            [
              6.3825356,
              51.1303619
            ],
            [
              6.3832827,
              51.1305497
            ],
            [
              6.3846838,
              51.1309044
            ],
            [
              6.384932,
              51.130942
            ],
            [
              6.3852513,
              51.1309643
            ],
            [
              6.3853483,
              51.1309754
            ],
            [
              6.3854081,
              51.1309997
            ],
            [
              6.3855472,
              51.1310717
            ],
            [
              6.3856869,
              51.1310999
            ],
            [
              6.3858271,
              51.131126
            ],
            [
              6.3859834,
              51.1311618
            ],
            [
              6.3861414,
              51.1312025
            ],
            [
              6.3862378,
              51.1312324
            ],
            [
              6.3862888,
              51.1312494
            ],
            [
              6.3863531,
              51.1312724
            ],
            [
              6.3873152,
              51.13139
            ],
            [
              6.3890399,
              51.1315416
            ],
            [
              6.3890399,
              51.1315694
            ],
            [
              6.389031,
              51.1316111
            ],
            [
              6.3897803,
              51.131632
            ],
            [
              6.3899267,
              51.131632
            ],
            [
              6.3900087,
              51.1316237
            ],
            [
              6.390421,
              51.1315819
            ],
            [
              6.3914081,
              51.1315395
            ],
            [
              6.3904565,
              51.1337354
            ],
            [
              6.3903928,
              51.1339173
            ],
            [
              6.3903878,
              51.1339315
            ],
            [
              6.3912474,
              51.1339298
            ],
            [
              6.3912501,
              51.1339475
            ],
            [
              6.3909298,
              51.1352336
            ],
            [
              6.390901,
              51.1353449
            ],
            [
              6.390462,
              51.135435
            ],
            [
              6.3899557,
              51.1355714
            ],
            [
              6.3888997,
              51.1360053
            ],
            [
              6.3889577,
              51.1361192
            ],
            [
              6.3889195,
              51.136139
            ],
            [
              6.3889713,
              51.1362925
            ],
            [
              6.3890004,
              51.1362884
            ],
            [
              6.3893723,
              51.1378604
            ],
            [
              6.3893974,
              51.1378581
            ],
            [
              6.3897019,
              51.1377899
            ],
            [
              6.389722,
              51.1377846
            ],
            [
              6.3898407,
              51.1382743
            ],
            [
              6.389894,
              51.1383908
            ],
            [
              6.3903057,
              51.1392097
            ],
            [
              6.3902811,
              51.1392149
            ],
            [
              6.3902836,
              51.1392195
            ],
            [
              6.3903256,
              51.1393026
            ],
            [
              6.3904451,
              51.1395394
            ],
            [
              6.3905348,
              51.1397174
            ],
            [
              6.3908242,
              51.1400435
            ],
            [
              6.3910622,
              51.1402955
            ],
            [
              6.391083,
              51.1403185
            ],
            [
              6.3914663,
              51.1407411
            ],
            [
              6.3919989,
              51.1413284
            ],
            [
              6.392311,
              51.1413222
            ],
            [
              6.3923012,
              51.1413955
            ],
            [
              6.3922957,
              51.1414357
            ],
            [
              6.3923317,
              51.141552
            ],
            [
              6.3924015,
              51.1416263
            ],
            [
              6.3924914,
              51.1416722
            ],
            [
              6.3928863,
              51.1418089
            ],
            [
              6.3931083,
              51.1419096
            ],
            [
              6.3932585,
              51.1419579
            ],
            [
              6.3935189,
              51.1417025
            ],
            [
              6.3951374,
              51.1420983
            ],
            [
              6.3950443,
              51.1425576
            ],
            [
              6.3956074,
              51.142874
            ],
            [
              6.3956617,
              51.1429053
            ],
            [
              6.3952821,
              51.1432403
            ],
            [
              6.395264,
              51.1432542
            ],
            [
              6.3955808,
              51.1434164
            ],
            [
              6.3964088,
              51.1438573
            ],
            [
              6.3974335,
              51.144398
            ],
            [
              6.398614,
              51.1450273
            ],
            [
              6.3987243,
              51.1450965
            ],
            [
              6.3987526,
              51.1450829
            ],
            [
              6.3991366,
              51.1449609
            ],
            [
              6.3993439,
              51.1451528
            ],
            [
              6.3995578,
              51.1453086
            ],
            [
              6.3995933,
              51.1453364
            ],
            [
              6.3996421,
              51.1453621
            ],
            [
              6.3999691,
              51.1455492
            ],
            [
              6.4002539,
              51.145698
            ],
            [
              6.4003033,
              51.1457246
            ],
            [
              6.4005909,
              51.145876
            ],
            [
              6.4008791,
              51.1460529
            ],
            [
              6.4010725,
              51.1461725
            ],
            [
              6.4014078,
              51.1463426
            ],
            [
              6.401563,
              51.1464204
            ],
            [
              6.4019144,
              51.1465793
            ],
            [
              6.4019354,
              51.1465901
            ],
            [
              6.4019759,
              51.1466075
            ],
            [
              6.4019975,
              51.1466078
            ],
            [
              6.4025146,
              51.1466124
            ],
            [
              6.4028316,
              51.1467361
            ],
            [
              6.40303,
              51.1468144
            ],
            [
              6.40305,
              51.1468231
            ],
            [
              6.4032783,
              51.1469225
            ],
            [
              6.4033348,
              51.1469468
            ],
            [
              6.40349,
              51.1470122
            ],
            [
              6.4035393,
              51.1470317
            ],
            [
              6.4038785,
              51.1472003
            ],
            [
              6.4040786,
              51.1472726
            ],
            [
              6.4042559,
              51.1473376
            ],
            [
              6.4044588,
              51.1474746
            ],
            [
              6.4045713,
              51.1475521
            ],
            [
              6.4046262,
              51.1475893
            ],
            [
              6.4048057,
              51.1476839
            ],
            [
              6.4048988,
              51.1477319
            ],
            [
              6.4049851,
              51.1477951
            ],
            [
              6.4050213,
              51.1478213
            ],
            [
              6.4051021,
              51.147863
            ],
            [
              6.4052252,
              51.1479266
            ],
            [
              6.4053238,
              51.147978
            ],
            [
              6.4053443,
              51.1479866
            ],
            [
              6.4053846,
              51.1479525
            ],
            [
              6.40544,
              51.1479977
            ],
            [
              6.4055658,
              51.1480519
            ],
            [
              6.4057346,
              51.1481421
            ],
            [
              6.405785,
              51.1481637
            ],
            [
              6.4059186,
              51.1482495
            ],
            [
              6.4060193,
              51.1483405
            ],
            [
              6.4061019,
              51.1484132
            ],
            [
              6.4061559,
              51.1485501
            ],
            [
              6.4061704,
              51.1486392
            ],
            [
              6.4061608,
              51.1487619
            ],
            [
              6.4061691,
              51.1489483
            ],
            [
              6.406199,
              51.1490992
            ],
            [
              6.4059624,
              51.1495863
            ],
            [
              6.4059424,
              51.1496162
            ],
            [
              6.4057507,
              51.1498879
            ],
            [
              6.4057645,
              51.1498849
            ],
            [
              6.4060106,
              51.1498137
            ],
            [
              6.4062251,
              51.1497448
            ],
            [
              6.4062927,
              51.1497208
            ],
            [
              6.4065122,
              51.1496388
            ],
            [
              6.4067455,
              51.1495439
            ],
            [
              6.4069766,
              51.1494393
            ],
            [
              6.4070058,
              51.149424
            ],
            [
              6.4070562,
              51.1494033
            ],
            [
              6.4073318,
              51.1492532
            ],
            [
              6.4075174,
              51.1491457
            ],
            [
              6.4076721,
              51.1490525
            ],
            [
              6.4076936,
              51.1490487
            ],
            [
              6.4077003,
              51.1491122
            ],
            [
              6.4074865,
              51.1507968
            ],
            [
              6.4083082,
              51.1507942
            ],
            [
              6.4072041,
              51.1517686
            ],
            [
              6.4055525,
              51.1538753
            ],
            [
              6.4026768,
              51.157543
            ],
            [
              6.4010177,
              51.1614598
            ],
            [
              6.4010465,
              51.1627886
            ],
            [
              6.4010813,
              51.1643949
            ],
            [
              6.3996898,
              51.1651987
            ],
            [
              6.3997072,
              51.1653867
            ],
            [
              6.4003511,
              51.1660556
            ],
            [
              6.400332,
              51.1660653
            ],
            [
              6.3997139,
              51.1663787
            ],
            [
              6.3996503,
              51.1665138
            ],
            [
              6.3996897,
              51.1666359
            ],
            [
              6.4001446,
              51.1671301
            ],
            [
              6.400541,
              51.1665914
            ],
            [
              6.4007746,
              51.1663498
            ],
            [
              6.4011862,
              51.1658578
            ],
            [
              6.4013912,
              51.1658327
            ],
            [
              6.4049947,
              51.170821
            ],
            [
              6.4053666,
              51.1724255
            ],
            [
              6.4050224,
              51.1723159
            ],
            [
              6.4047946,
              51.1722719
            ],
            [
              6.4045037,
              51.1721974
            ],
            [
              6.4040512,
              51.1720789
            ],
            [
              6.4036338,
              51.1719907
            ],
            [
              6.40349,
              51.1719582
            ],
            [
              6.4033314,
              51.1719255
            ],
            [
              6.4030911,
              51.1718959
            ],
            [
              6.4028168,
              51.171858
            ],
            [
              6.4026028,
              51.1718349
            ],
            [
              6.4022653,
              51.1717999
            ],
            [
              6.4021275,
              51.1717851
            ],
            [
              6.4019514,
              51.1717669
            ],
            [
              6.4017359,
              51.1717422
            ],
            [
              6.4015439,
              51.1717217
            ],
            [
              6.4013646,
              51.1717003
            ],
            [
              6.4011969,
              51.1716764
            ],
            [
              6.400996,
              51.1716466
            ],
            [
              6.4007389,
              51.1716122
            ],
            [
              6.4004972,
              51.1715848
            ],
            [
              6.4002368,
              51.1715511
            ],
            [
              6.3999923,
              51.1715212
            ],
            [
              6.3996878,
              51.1714856
            ],
            [
              6.3994883,
              51.171463
            ],
            [
              6.3993924,
              51.1714527
            ],
            [
              6.3992525,
              51.1714527
            ],
            [
              6.3991045,
              51.1714612
            ],
            [
              6.3988559,
              51.1715171
            ],
            [
              6.3988075,
              51.1714536
            ],
            [
              6.3987305,
              51.1713616
            ],
            [
              6.3986876,
              51.1713108
            ],
            [
              6.3984174,
              51.1711933
            ],
            [
              6.3982899,
              51.171138
            ],
            [
              6.3980996,
              51.1710553
            ],
            [
              6.3979018,
              51.1709369
            ],
            [
              6.3977464,
              51.1708453
            ],
            [
              6.3974817,
              51.1706877
            ],
            [
              6.397358,
              51.1706145
            ],
            [
              6.3972215,
              51.1705329
            ],
            [
              6.3966356,
              51.1701845
            ],
            [
              6.3966295,
              51.1701874
            ],
            [
              6.3964614,
              51.1702963
            ],
            [
              6.3963511,
              51.1703661
            ],
            [
              6.3962281,
              51.1704467
            ],
            [
              6.3961089,
              51.1705235
            ],
            [
              6.3959841,
              51.1706045
            ],
            [
              6.3959406,
              51.1706324
            ],
            [
              6.3957644,
              51.1707465
            ],
            [
              6.3956695,
              51.1708078
            ],
            [
              6.3955749,
              51.1708689
            ],
            [
              6.3954796,
              51.1709305
            ],
            [
              6.3953856,
              51.1709914
            ],
            [
              6.3953341,
              51.1710219
            ],
            [
              6.3954666,
              51.1711789
            ],
            [
              6.3956229,
              51.1713617
            ],
            [
              6.3956861,
              51.1714333
            ],
            [
              6.3957481,
              51.171509
            ],
            [
              6.3958357,
              51.1716105
            ],
            [
              6.3958989,
              51.1716869
            ],
            [
              6.3959842,
              51.1717849
            ],
            [
              6.3960222,
              51.1718325
            ],
            [
              6.3960161,
              51.1718345
            ],
            [
              6.3958787,
              51.1718822
            ],
            [
              6.3956301,
              51.1719688
            ],
            [
              6.3955018,
              51.1720129
            ],
            [
              6.3954487,
              51.1720319
            ],
            [
              6.3953738,
              51.1720577
            ],
            [
              6.3942096,
              51.1724622
            ],
            [
              6.3940949,
              51.1725008
            ],
            [
              6.3939918,
              51.1725685
            ],
            [
              6.394515,
              51.1728517
            ],
            [
              6.393764,
              51.1731658
            ],
            [
              6.392762,
              51.1735147
            ],
            [
              6.3922721,
              51.1737496
            ],
            [
              6.3918553,
              51.1739094
            ],
            [
              6.3895897,
              51.1747058
            ],
            [
              6.3845973,
              51.1765043
            ],
            [
              6.384768,
              51.1766905
            ],
            [
              6.3838413,
              51.1770241
            ],
            [
              6.3839322,
              51.1772186
            ],
            [
              6.3838031,
              51.1772433
            ],
            [
              6.3834257,
              51.1776453
            ],
            [
              6.3813562,
              51.177277
            ],
            [
              6.3739453,
              51.1785584
            ],
            [
              6.3736947,
              51.1785903
            ],
            [
              6.373316,
              51.1785668
            ],
            [
              6.372777,
              51.1785333
            ],
            [
              6.3715289,
              51.1784208
            ],
            [
              6.3711742,
              51.1783457
            ],
            [
              6.3695159,
              51.1781109
            ],
            [
              6.3693741,
              51.1781039
            ],
            [
              6.3690371,
              51.1780872
            ],
            [
              6.3689396,
              51.1780831
            ],
            [
              6.3684768,
              51.1780959
            ],
            [
              6.368326,
              51.1780931
            ],
            [
              6.367544,
              51.178107
            ],
            [
              6.3675036,
              51.1781178
            ],
            [
              6.3657129,
              51.1781553
            ],
            [
              6.3655677,
              51.1781651
            ],
            [
              6.3645895,
              51.1782008
            ],
            [
              6.363005,
              51.1785479
            ],
            [
              6.3621626,
              51.1787797
            ],
            [
              6.3611029,
              51.1790802
            ],
            [
              6.3603237,
              51.179355
            ],
            [
              6.3601358,
              51.1794568
            ],
            [
              6.3589038,
              51.1801121
            ],
            [
              6.3581168,
              51.1808708
            ],
            [
              6.3563943,
              51.182396
            ],
            [
              6.355093,
              51.1819819
            ],
            [
              6.3544967,
              51.1824411
            ],
            [
              6.3540555,
              51.1826871
            ],
            [
              6.3534858,
              51.1828608
            ],
            [
              6.3529415,
              51.1829876
            ],
            [
              6.3517488,
              51.1830213
            ],
            [
              6.351525,
              51.1832367
            ],
            [
              6.3503888,
              51.1836682
            ],
            [
              6.3499199,
              51.1837609
            ],
            [
              6.3483924,
              51.1839349
            ],
            [
              6.3480378,
              51.1840149
            ],
            [
              6.3477671,
              51.184113
            ],
            [
              6.3468693,
              51.1843256
            ],
            [
              6.346462,
              51.184506
            ],
            [
              6.3463186,
              51.1845339
            ],
            [
              6.3461502,
              51.1845123
            ],
            [
              6.3441256,
              51.1837912
            ],
            [
              6.3423371,
              51.1833708
            ],
            [
              6.3410921,
              51.1832098
            ],
            [
              6.332175,
              51.1835514
            ],
            [
              6.3311397,
              51.1834917
            ],
            [
              6.3283709,
              51.1834319
            ],
            [
              6.3248826,
              51.1828539
            ],
            [
              6.3236755,
              51.1828372
            ],
            [
              6.322307,
              51.1825717
            ],
            [
              6.3223083,
              51.1825586
            ],
            [
              6.322331,
              51.1823325
            ],
            [
              6.3223764,
              51.1818804
            ],
            [
              6.3224214,
              51.1814326
            ],
            [
              6.3233151,
              51.1814679
            ],
            [
              6.3288431,
              51.1816713
            ],
            [
              6.3291645,
              51.181656
            ],
            [
              6.3357841,
              51.1819047
            ],
            [
              6.3377399,
              51.1819742
            ],
            [
              6.3381473,
              51.1819878
            ],
            [
              6.3385535,
              51.1820326
            ],
            [
              6.3385765,
              51.1818981
            ],
            [
              6.3387096,
              51.1811065
            ],
            [
              6.3387896,
              51.1806311
            ],
            [
              6.3393344,
              51.1806829
            ],
            [
              6.339867,
              51.1806898
            ],
            [
              6.3398132,
              51.1804727
            ],
            [
              6.3396788,
              51.1802281
            ],
            [
              6.3395251,
              51.1797259
            ],
            [
              6.3395251,
              51.1795194
            ],
            [
              6.3393743,
              51.1789836
            ],
            [
              6.3412947,
              51.1789991
            ],
            [
              6.3414027,
              51.1789996
            ],
            [
              6.3414061,
              51.1781748
            ],
            [
              6.341421,
              51.1768594
            ],
            [
              6.3413024,
              51.1768719
            ],
            [
              6.3395597,
              51.1773003
            ],
            [
              6.3397257,
              51.176268
            ],
            [
              6.3379389,
              51.1762194
            ],
            [
              6.3382808,
              51.1746642
            ],
            [
              6.3393491,
              51.1746306
            ],
            [
              6.3400865,
              51.1724976
            ],
            [
              6.340046,
              51.1723579
            ],
            [
              6.3393023,
              51.1720749
            ],
            [
              6.3381805,
              51.1716647
            ],
            [
              6.3377604,
              51.1719142
            ],
            [
              6.3380143,
              51.172252
            ],
            [
              6.3348353,
              51.173644
            ],
            [
              6.3342356,
              51.1737927
            ],
            [
              6.3352759,
              51.1721435
            ],
            [
              6.3350927,
              51.1721082
            ],
            [
              6.334828,
              51.1720573
            ],
            [
              6.3346399,
              51.1720211
            ],
            [
              6.3330307,
              51.1717113
            ],
            [
              6.3326738,
              51.1715278
            ],
            [
              6.3321263,
              51.1723903
            ],
            [
              6.3307341,
              51.1707668
            ],
            [
              6.3301765,
              51.1709645
            ],
            [
              6.3299029,
              51.1710613
            ],
            [
              6.3288924,
              51.1714194
            ],
            [
              6.3288071,
              51.1714486
            ],
            [
              6.3277479,
              51.1717974
            ],
            [
              6.3275484,
              51.1718628
            ],
            [
              6.327467,
              51.1718906
            ],
            [
              6.3267348,
              51.1720793
            ],
            [
              6.3260804,
              51.1717468
            ],
            [
              6.3266789,
              51.1715146
            ],
            [
              6.3268749,
              51.1714394
            ],
            [
              6.326103,
              51.1711237
            ],
            [
              6.3262117,
              51.1710764
            ],
            [
              6.3255521,
              51.1707918
            ],
            [
              6.3252464,
              51.1709702
            ],
            [
              6.32435,
              51.1705988
            ],
            [
              6.3236024,
              51.1710907
            ],
            [
              6.3221592,
              51.1720372
            ],
            [
              6.3220866,
              51.172082
            ],
            [
              6.3219769,
              51.1721536
            ],
            [
              6.3218529,
              51.1722359
            ],
            [
              6.3215529,
              51.1724351
            ],
            [
              6.3211408,
              51.1722959
            ],
            [
              6.3211023,
              51.1722834
            ],
            [
              6.3213369,
              51.1716757
            ],
            [
              6.3213387,
              51.1716711
            ],
            [
              6.3200341,
              51.171818
            ],
            [
              6.3202849,
              51.1710479
            ],
            [
              6.3178142,
              51.1713082
            ],
            [
              6.3177709,
              51.171311
            ],
            [
              6.3181877,
              51.1696089
            ],
            [
              6.3178527,
              51.1697596
            ],
            [
              6.3174207,
              51.169953
            ],
            [
              6.3167199,
              51.1702652
            ],
            [
              6.3158955,
              51.1706334
            ],
            [
              6.3150608,
              51.1710837
            ],
            [
              6.3136143,
              51.1717286
            ],
            [
              6.3120525,
              51.1703762
            ],
            [
              6.3120292,
              51.1703581
            ],
            [
              6.3119672,
              51.1703046
            ],
            [
              6.3142356,
              51.1692645
            ],
            [
              6.3144861,
              51.1691499
            ],
            [
              6.3141608,
              51.1688687
            ],
            [
              6.3135378,
              51.1683315
            ],
            [
              6.3103134,
              51.1679576
            ],
            [
              6.3091301,
              51.1685021
            ],
            [
              6.3085593,
              51.1687655
            ],
            [
              6.3075617,
              51.1692242
            ],
            [
              6.3075584,
              51.1692209
            ],
            [
              6.3065306,
              51.1696984
            ],
            [
              6.3061759,
              51.1694188
            ],
            [
              6.3055488,
              51.168925
            ],
            [
              6.3055094,
              51.1688934
            ],
            [
              6.30596,
              51.1686661
            ],
            [
              6.3046171,
              51.1674099
            ],
            [
              6.3044442,
              51.1674154
            ],
            [
              6.304048,
              51.167422
            ],
            [
              6.3040119,
              51.1674224
            ],
            [
              6.3037465,
              51.1674266
            ],
            [
              6.3030465,
              51.1674759
            ],
            [
              6.3030167,
              51.1674753
            ],
            [
              6.3026718,
              51.1674683
            ],
            [
              6.3025095,
              51.1674401
            ],
            [
              6.302219,
              51.1673751
            ],
            [
              6.3021603,
              51.167314
            ],
            [
              6.3016033,
              51.1671927
            ],
            [
              6.301258,
              51.1670992
            ],
            [
              6.3009811,
              51.166999
            ],
            [
              6.3007119,
              51.1668848
            ],
            [
              6.3003696,
              51.166712
            ],
            [
              6.3000437,
              51.1665355
            ],
            [
              6.2997018,
              51.1662942
            ]
          ],
          [
            [
              6.3446796,
              51.1472837
            ],
            [
              6.3447869,
              51.1481889
            ],
            [
              6.3452375,
              51.1491278
            ],
            [
              6.3456774,
              51.1496056
            ],
            [
              6.3460851,
              51.1500969
            ],
            [
              6.3467422,
              51.1505697
            ],
            [
              6.3474047,
              51.1509718
            ],
            [
              6.3480216,
              51.1514378
            ],
            [
              6.3485795,
              51.151813
            ],
            [
              6.3490704,
              51.1522622
            ],
            [
              6.349411,
              51.1527771
            ],
            [
              6.3497275,
              51.153344
            ],
            [
              6.3499823,
              51.1537932
            ],
            [
              6.3504678,
              51.1549355
            ],
            [
              6.3507146,
              51.1553326
            ],
            [
              6.3509184,
              51.1556253
            ],
            [
              6.3514709,
              51.155992
            ],
            [
              6.3524044,
              51.1565707
            ],
            [
              6.3534611,
              51.1572436
            ],
            [
              6.3557571,
              51.1579199
            ],
            [
              6.3578385,
              51.1581318
            ],
            [
              6.3617814,
              51.1580915
            ],
            [
              6.3654453,
              51.1580309
            ],
            [
              6.3660407,
              51.158041
            ],
            [
              6.3678431,
              51.1582193
            ],
            [
              6.369018,
              51.1583114
            ],
            [
              6.3689437,
              51.158243
            ],
            [
              6.3686476,
              51.1579986
            ],
            [
              6.3684869,
              51.1578932
            ],
            [
              6.3684165,
              51.1578538
            ],
            [
              6.3683154,
              51.1577607
            ],
            [
              6.3680892,
              51.1574312
            ],
            [
              6.3673577,
              51.1564609
            ],
            [
              6.3674576,
              51.1564016
            ],
            [
              6.3686579,
              51.1559012
            ],
            [
              6.3688647,
              51.1560969
            ],
            [
              6.3691749,
              51.1559679
            ],
            [
              6.3692373,
              51.1559079
            ],
            [
              6.3691363,
              51.1558644
            ],
            [
              6.3702974,
              51.1549532
            ],
            [
              6.3701569,
              51.1548745
            ],
            [
              6.3720328,
              51.1540733
            ],
            [
              6.371562,
              51.1536161
            ],
            [
              6.3714816,
              51.1535442
            ],
            [
              6.3717002,
              51.1534563
            ],
            [
              6.3722044,
              51.152441
            ],
            [
              6.3721213,
              51.1521327
            ],
            [
              6.3720609,
              51.1521398
            ],
            [
              6.3723932,
              51.1515244
            ],
            [
              6.3724091,
              51.1514755
            ],
            [
              6.3723311,
              51.1514198
            ],
            [
              6.3723359,
              51.1513743
            ],
            [
              6.3724896,
              51.151212
            ],
            [
              6.3738637,
              51.1491904
            ],
            [
              6.3737541,
              51.1491625
            ],
            [
              6.3742224,
              51.1484741
            ],
            [
              6.3742746,
              51.1484069
            ],
            [
              6.373312,
              51.1481417
            ],
            [
              6.373575,
              51.1477809
            ],
            [
              6.3749349,
              51.1460823
            ],
            [
              6.376107,
              51.1446248
            ],
            [
              6.3761124,
              51.1446181
            ],
            [
              6.3733336,
              51.1436121
            ],
            [
              6.3728126,
              51.1439781
            ],
            [
              6.3722727,
              51.1437343
            ],
            [
              6.3706098,
              51.1429447
            ],
            [
              6.3705458,
              51.14291
            ],
            [
              6.3711364,
              51.1425419
            ],
            [
              6.3714638,
              51.1423115
            ],
            [
              6.3749242,
              51.1404249
            ],
            [
              6.3752675,
              51.1402398
            ],
            [
              6.3757637,
              51.139915
            ],
            [
              6.3763458,
              51.1395437
            ],
            [
              6.3764705,
              51.1394782
            ],
            [
              6.3763712,
              51.1394101
            ],
            [
              6.3762341,
              51.1393642
            ],
            [
              6.3736726,
              51.1382695
            ],
            [
              6.366038,
              51.1375412
            ],
            [
              6.3659307,
              51.1375269
            ],
            [
              6.3654319,
              51.1391913
            ],
            [
              6.3653252,
              51.1395472
            ],
            [
              6.3639821,
              51.1440782
            ],
            [
              6.3639505,
              51.1441984
            ],
            [
              6.3639287,
              51.1441902
            ],
            [
              6.3635146,
              51.1440839
            ],
            [
              6.3625398,
              51.143939
            ],
            [
              6.3590623,
              51.1436007
            ],
            [
              6.3503887,
              51.1427282
            ],
            [
              6.3497838,
              51.1422867
            ],
            [
              6.3467677,
              51.1403108
            ],
            [
              6.3459322,
              51.1402671
            ],
            [
              6.345721,
              51.1404758
            ],
            [
              6.3457592,
              51.140793
            ],
            [
              6.3458075,
              51.1410694
            ],
            [
              6.3457981,
              51.1413542
            ],
            [
              6.3458244,
              51.1416397
            ],
            [
              6.3457796,
              51.141964
            ],
            [
              6.3456884,
              51.1423643
            ],
            [
              6.3456311,
              51.142719
            ],
            [
              6.3454125,
              51.1436844
            ],
            [
              6.3448781,
              51.1460116
            ],
            [
              6.3446796,
              51.1472837
            ]
          ]
        ]
      }
    },
    {
      "type": "Feature",
      "properties": {
        "name": "Wickrath-Mitte",
        "city": "Mönchengladbach",
        "osm_id": 13154866,
        "osm_type": "relation",
        "display": "Wickrath-Mitte, West, Mönchengladbach, Nordrhein-Westfalen, Deutschland"
      },
      "geometry": {
        "type": "Polygon",
        "coordinates": [
          [
            [
              6.3888997,
              51.1360053
            ],
            [
              6.3899557,
              51.1355714
            ],
            [
              6.390462,
              51.135435
            ],
            [
              6.390901,
              51.1353449
            ],
            [
              6.3909298,
              51.1352336
            ],
            [
              6.3912501,
              51.1339475
            ],
            [
              6.3912474,
              51.1339298
            ],
            [
              6.3903878,
              51.1339315
            ],
            [
              6.3903928,
              51.1339173
            ],
            [
              6.3904565,
              51.1337354
            ],
            [
              6.3914081,
              51.1315395
            ],
            [
              6.3914397,
              51.1315388
            ],
            [
              6.3927454,
              51.1301066
            ],
            [
              6.3934195,
              51.1293533
            ],
            [
              6.3943471,
              51.1283168
            ],
            [
              6.394755,
              51.1280441
            ],
            [
              6.395287,
              51.127674
            ],
            [
              6.3976203,
              51.1260149
            ],
            [
              6.3981346,
              51.1256295
            ],
            [
              6.3989381,
              51.1250422
            ],
            [
              6.3991944,
              51.1246327
            ],
            [
              6.3993087,
              51.1244577
            ],
            [
              6.3993794,
              51.1243612
            ],
            [
              6.3996343,
              51.1240524
            ],
            [
              6.4001184,
              51.1234499
            ],
            [
              6.4002218,
              51.123301
            ],
            [
              6.4003299,
              51.1231457
            ],
            [
              6.4005122,
              51.1228071
            ],
            [
              6.4007051,
              51.1224835
            ],
            [
              6.4009182,
              51.1220896
            ],
            [
              6.4010398,
              51.1218769
            ],
            [
              6.401195,
              51.1217468
            ],
            [
              6.4014347,
              51.1215737
            ],
            [
              6.4016428,
              51.1214273
            ],
            [
              6.4018357,
              51.1212758
            ],
            [
              6.4019188,
              51.1212013
            ],
            [
              6.4022366,
              51.1209876
            ],
            [
              6.4023522,
              51.1209133
            ],
            [
              6.4025639,
              51.1207741
            ],
            [
              6.403117,
              51.1204395
            ],
            [
              6.4036269,
              51.1201967
            ],
            [
              6.4043707,
              51.1198989
            ],
            [
              6.4053641,
              51.1195665
            ],
            [
              6.4061619,
              51.1193061
            ],
            [
              6.4070608,
              51.1190779
            ],
            [
              6.4072182,
              51.1190382
            ],
            [
              6.4078301,
              51.1188914
            ],
            [
              6.4086104,
              51.1187801
            ],
            [
              6.4094262,
              51.1187133
            ],
            [
              6.409812,
              51.1187133
            ],
            [
              6.4100381,
              51.1187133
            ],
            [
              6.411448,
              51.1187217
            ],
            [
              6.4127072,
              51.1187551
            ],
            [
              6.4142501,
              51.1187551
            ],
            [
              6.4209861,
              51.1186361
            ],
            [
              6.4281676,
              51.1185192
            ],
            [
              6.4287544,
              51.1185016
            ],
            [
              6.428171,
              51.1212847
            ],
            [
              6.4266767,
              51.1238603
            ],
            [
              6.4241402,
              51.1270051
            ],
            [
              6.4238002,
              51.1278942
            ],
            [
              6.4234046,
              51.1289286
            ],
            [
              6.425202,
              51.1286899
            ],
            [
              6.4259606,
              51.130972
            ],
            [
              6.4259962,
              51.1310402
            ],
            [
              6.42619,
              51.1312944
            ],
            [
              6.4255382,
              51.1315126
            ],
            [
              6.4260051,
              51.1320712
            ],
            [
              6.4264341,
              51.1322208
            ],
            [
              6.4262977,
              51.1327367
            ],
            [
              6.4261907,
              51.1329207
            ],
            [
              6.4255573,
              51.1336768
            ],
            [
              6.4252301,
              51.1340021
            ],
            [
              6.4249084,
              51.1342362
            ],
            [
              6.4250023,
              51.134601
            ],
            [
              6.4245157,
              51.1346402
            ],
            [
              6.424508,
              51.1371848
            ],
            [
              6.4240947,
              51.138142
            ],
            [
              6.425369,
              51.1402313
            ],
            [
              6.4239345,
              51.1405001
            ],
            [
              6.4232529,
              51.1400274
            ],
            [
              6.4208886,
              51.1416713
            ],
            [
              6.4149746,
              51.1457832
            ],
            [
              6.4102787,
              51.1490552
            ],
            [
              6.4083082,
              51.1507942
            ],
            [
              6.4074865,
              51.1507968
            ],
            [
              6.4077003,
              51.1491122
            ],
            [
              6.4076936,
              51.1490487
            ],
            [
              6.4076721,
              51.1490525
            ],
            [
              6.4075174,
              51.1491457
            ],
            [
              6.4073318,
              51.1492532
            ],
            [
              6.4070562,
              51.1494033
            ],
            [
              6.4070058,
              51.149424
            ],
            [
              6.4069766,
              51.1494393
            ],
            [
              6.4067455,
              51.1495439
            ],
            [
              6.4065122,
              51.1496388
            ],
            [
              6.4062927,
              51.1497208
            ],
            [
              6.4062251,
              51.1497448
            ],
            [
              6.4060106,
              51.1498137
            ],
            [
              6.4057645,
              51.1498849
            ],
            [
              6.4057507,
              51.1498879
            ],
            [
              6.4059424,
              51.1496162
            ],
            [
              6.4059624,
              51.1495863
            ],
            [
              6.406199,
              51.1490992
            ],
            [
              6.4061691,
              51.1489483
            ],
            [
              6.4061608,
              51.1487619
            ],
            [
              6.4061704,
              51.1486392
            ],
            [
              6.4061559,
              51.1485501
            ],
            [
              6.4061019,
              51.1484132
            ],
            [
              6.4060193,
              51.1483405
            ],
            [
              6.4059186,
              51.1482495
            ],
            [
              6.405785,
              51.1481637
            ],
            [
              6.4057346,
              51.1481421
            ],
            [
              6.4055658,
              51.1480519
            ],
            [
              6.40544,
              51.1479977
            ],
            [
              6.4053846,
              51.1479525
            ],
            [
              6.4053443,
              51.1479866
            ],
            [
              6.4053238,
              51.147978
            ],
            [
              6.4052252,
              51.1479266
            ],
            [
              6.4051021,
              51.147863
            ],
            [
              6.4050213,
              51.1478213
            ],
            [
              6.4049851,
              51.1477951
            ],
            [
              6.4048988,
              51.1477319
            ],
            [
              6.4048057,
              51.1476839
            ],
            [
              6.4046262,
              51.1475893
            ],
            [
              6.4045713,
              51.1475521
            ],
            [
              6.4044588,
              51.1474746
            ],
            [
              6.4042559,
              51.1473376
            ],
            [
              6.4040786,
              51.1472726
            ],
            [
              6.4038785,
              51.1472003
            ],
            [
              6.4035393,
              51.1470317
            ],
            [
              6.40349,
              51.1470122
            ],
            [
              6.4033348,
              51.1469468
            ],
            [
              6.4032783,
              51.1469225
            ],
            [
              6.40305,
              51.1468231
            ],
            [
              6.40303,
              51.1468144
            ],
            [
              6.4028316,
              51.1467361
            ],
            [
              6.4025146,
              51.1466124
            ],
            [
              6.4019975,
              51.1466078
            ],
            [
              6.4019759,
              51.1466075
            ],
            [
              6.4019354,
              51.1465901
            ],
            [
              6.4019144,
              51.1465793
            ],
            [
              6.401563,
              51.1464204
            ],
            [
              6.4014078,
              51.1463426
            ],
            [
              6.4010725,
              51.1461725
            ],
            [
              6.4008791,
              51.1460529
            ],
            [
              6.4005909,
              51.145876
            ],
            [
              6.4003033,
              51.1457246
            ],
            [
              6.4002539,
              51.145698
            ],
            [
              6.3999691,
              51.1455492
            ],
            [
              6.3996421,
              51.1453621
            ],
            [
              6.3995933,
              51.1453364
            ],
            [
              6.3995578,
              51.1453086
            ],
            [
              6.3993439,
              51.1451528
            ],
            [
              6.3991366,
              51.1449609
            ],
            [
              6.3987526,
              51.1450829
            ],
            [
              6.3987243,
              51.1450965
            ],
            [
              6.398614,
              51.1450273
            ],
            [
              6.3974335,
              51.144398
            ],
            [
              6.3964088,
              51.1438573
            ],
            [
              6.3955808,
              51.1434164
            ],
            [
              6.395264,
              51.1432542
            ],
            [
              6.3952821,
              51.1432403
            ],
            [
              6.3956617,
              51.1429053
            ],
            [
              6.3956074,
              51.142874
            ],
            [
              6.3950443,
              51.1425576
            ],
            [
              6.3951374,
              51.1420983
            ],
            [
              6.3935189,
              51.1417025
            ],
            [
              6.3932585,
              51.1419579
            ],
            [
              6.3931083,
              51.1419096
            ],
            [
              6.3928863,
              51.1418089
            ],
            [
              6.3924914,
              51.1416722
            ],
            [
              6.3924015,
              51.1416263
            ],
            [
              6.3923317,
              51.141552
            ],
            [
              6.3922957,
              51.1414357
            ],
            [
              6.3923012,
              51.1413955
            ],
            [
              6.392311,
              51.1413222
            ],
            [
              6.3919989,
              51.1413284
            ],
            [
              6.3914663,
              51.1407411
            ],
            [
              6.391083,
              51.1403185
            ],
            [
              6.3910622,
              51.1402955
            ],
            [
              6.3908242,
              51.1400435
            ],
            [
              6.3905348,
              51.1397174
            ],
            [
              6.3904451,
              51.1395394
            ],
            [
              6.3903256,
              51.1393026
            ],
            [
              6.3902836,
              51.1392195
            ],
            [
              6.3902811,
              51.1392149
            ],
            [
              6.3903057,
              51.1392097
            ],
            [
              6.389894,
              51.1383908
            ],
            [
              6.3898407,
              51.1382743
            ],
            [
              6.389722,
              51.1377846
            ],
            [
              6.3897019,
              51.1377899
            ],
            [
              6.3893974,
              51.1378581
            ],
            [
              6.3893723,
              51.1378604
            ],
            [
              6.3890004,
              51.1362884
            ],
            [
              6.3889713,
              51.1362925
            ],
            [
              6.3889195,
              51.136139
            ],
            [
              6.3889577,
              51.1361192
            ],
            [
              6.3888997,
              51.1360053
            ]
          ]
        ]
      }
    },
    {
      "type": "Feature",
      "properties": {
        "name": "Wickrath-West",
        "city": "Mönchengladbach",
        "osm_id": 13155072,
        "osm_type": "relation",
        "display": "Wickrath-West, West, Mönchengladbach, Nordrhein-Westfalen, Deutschland"
      },
      "geometry": {
        "type": "Polygon",
        "coordinates": [
          [
            [
              6.3492425,
              51.1143191
            ],
            [
              6.3493405,
              51.1131332
            ],
            [
              6.3494605,
              51.1124083
            ],
            [
              6.3516852,
              51.1111454
            ],
            [
              6.3543548,
              51.1104935
            ],
            [
              6.3555776,
              51.1101845
            ],
            [
              6.3555226,
              51.1101075
            ],
            [
              6.3517452,
              51.1076318
            ],
            [
              6.3516082,
              51.1075448
            ],
            [
              6.3513472,
              51.1073578
            ],
            [
              6.3517005,
              51.1072017
            ],
            [
              6.3529145,
              51.1066104
            ],
            [
              6.353154,
              51.1064989
            ],
            [
              6.353062,
              51.106366
            ],
            [
              6.3508059,
              51.1049683
            ],
            [
              6.3514452,
              51.1045152
            ],
            [
              6.3546567,
              51.1025734
            ],
            [
              6.3521751,
              51.1014105
            ],
            [
              6.3519691,
              51.1012885
            ],
            [
              6.352876,
              51.1006436
            ],
            [
              6.3537635,
              51.1002048
            ],
            [
              6.3545318,
              51.1005676
            ],
            [
              6.3553026,
              51.0999947
            ],
            [
              6.3571571,
              51.098559
            ],
            [
              6.3580113,
              51.0989719
            ],
            [
              6.3580875,
              51.0989193
            ],
            [
              6.3582116,
              51.0988275
            ],
            [
              6.3581628,
              51.0987991
            ],
            [
              6.3580988,
              51.0987719
            ],
            [
              6.3587706,
              51.0981786
            ],
            [
              6.3587882,
              51.098113
            ],
            [
              6.3588262,
              51.0979652
            ],
            [
              6.3589459,
              51.0980345
            ],
            [
              6.3602827,
              51.098718
            ],
            [
              6.3617813,
              51.0994029
            ],
            [
              6.364927,
              51.1005194
            ],
            [
              6.3676449,
              51.101354
            ],
            [
              6.3698252,
              51.1019052
            ],
            [
              6.3721186,
              51.1024363
            ],
            [
              6.3766593,
              51.1031755
            ],
            [
              6.3804537,
              51.1035577
            ],
            [
              6.3995745,
              51.1047707
            ],
            [
              6.3986567,
              51.1075295
            ],
            [
              6.3984616,
              51.1081558
            ],
            [
              6.398422,
              51.1082689
            ],
            [
              6.3983053,
              51.108453
            ],
            [
              6.398169,
              51.1086444
            ],
            [
              6.3980415,
              51.1088378
            ],
            [
              6.3979074,
              51.1090438
            ],
            [
              6.3977622,
              51.1092178
            ],
            [
              6.3972822,
              51.1097759
            ],
            [
              6.397096,
              51.1099589
            ],
            [
              6.3969408,
              51.1101141
            ],
            [
              6.3965252,
              51.1105275
            ],
            [
              6.3966693,
              51.1105574
            ],
            [
              6.3971093,
              51.110634
            ],
            [
              6.3983264,
              51.1108448
            ],
            [
              6.3987074,
              51.1109113
            ],
            [
              6.3990981,
              51.1109835
            ],
            [
              6.3991078,
              51.1110033
            ],
            [
              6.3990657,
              51.1111413
            ],
            [
              6.3989848,
              51.1114074
            ],
            [
              6.3989177,
              51.1116186
            ],
            [
              6.398901,
              51.1116708
            ],
            [
              6.3988013,
              51.1119926
            ],
            [
              6.3986313,
              51.1120256
            ],
            [
              6.3986159,
              51.1120557
            ],
            [
              6.3985846,
              51.1121116
            ],
            [
              6.3985463,
              51.1121798
            ],
            [
              6.3984963,
              51.1122696
            ],
            [
              6.3983635,
              51.1125094
            ],
            [
              6.3980878,
              51.1130015
            ],
            [
              6.397653,
              51.1137812
            ],
            [
              6.3975973,
              51.1138793
            ],
            [
              6.3975078,
              51.1140409
            ],
            [
              6.3974956,
              51.1140578
            ],
            [
              6.3977397,
              51.1140984
            ],
            [
              6.397704,
              51.1141491
            ],
            [
              6.3968211,
              51.1160679
            ],
            [
              6.3957038,
              51.1168416
            ],
            [
              6.3955907,
              51.1169084
            ],
            [
              6.3981424,
              51.1185686
            ],
            [
              6.3991666,
              51.1192532
            ],
            [
              6.3996942,
              51.1197375
            ],
            [
              6.400306,
              51.1202551
            ],
            [
              6.4009578,
              51.1207839
            ],
            [
              6.4015874,
              51.1211568
            ],
            [
              6.4018357,
              51.1212758
            ],
            [
              6.4016428,
              51.1214273
            ],
            [
              6.4014347,
              51.1215737
            ],
            [
              6.401195,
              51.1217468
            ],
            [
              6.4010398,
              51.1218769
            ],
            [
              6.4009182,
              51.1220896
            ],
            [
              6.4007051,
              51.1224835
            ],
            [
              6.4005122,
              51.1228071
            ],
            [
              6.4003299,
              51.1231457
            ],
            [
              6.4002218,
              51.123301
            ],
            [
              6.4001184,
              51.1234499
            ],
            [
              6.3996343,
              51.1240524
            ],
            [
              6.3993794,
              51.1243612
            ],
            [
              6.3993087,
              51.1244577
            ],
            [
              6.3991944,
              51.1246327
            ],
            [
              6.3989381,
              51.1250422
            ],
            [
              6.3981346,
              51.1256295
            ],
            [
              6.3976203,
              51.1260149
            ],
            [
              6.395287,
              51.127674
            ],
            [
              6.394755,
              51.1280441
            ],
            [
              6.3943471,
              51.1283168
            ],
            [
              6.3934195,
              51.1293533
            ],
            [
              6.3927454,
              51.1301066
            ],
            [
              6.3914397,
              51.1315388
            ],
            [
              6.3914081,
              51.1315395
            ],
            [
              6.390421,
              51.1315819
            ],
            [
              6.3900087,
              51.1316237
            ],
            [
              6.3899267,
              51.131632
            ],
            [
              6.3897803,
              51.131632
            ],
            [
              6.389031,
              51.1316111
            ],
            [
              6.3890399,
              51.1315694
            ],
            [
              6.3890399,
              51.1315416
            ],
            [
              6.3873152,
              51.13139
            ],
            [
              6.3863531,
              51.1312724
            ],
            [
              6.3862888,
              51.1312494
            ],
            [
              6.3862378,
              51.1312324
            ],
            [
              6.3861414,
              51.1312025
            ],
            [
              6.3859834,
              51.1311618
            ],
            [
              6.3858271,
              51.131126
            ],
            [
              6.3856869,
              51.1310999
            ],
            [
              6.3855472,
              51.1310717
            ],
            [
              6.3854081,
              51.1309997
            ],
            [
              6.3853483,
              51.1309754
            ],
            [
              6.3852513,
              51.1309643
            ],
            [
              6.384932,
              51.130942
            ],
            [
              6.3846838,
              51.1309044
            ],
            [
              6.3832827,
              51.1305497
            ],
            [
              6.3825356,
              51.1303619
            ],
            [
              6.3824686,
              51.1303493
            ],
            [
              6.3822613,
              51.1303132
            ],
            [
              6.3817553,
              51.1302408
            ],
            [
              6.3814676,
              51.1302229
            ],
            [
              6.3812188,
              51.1302074
            ],
            [
              6.3808574,
              51.130213
            ],
            [
              6.3798576,
              51.130284
            ],
            [
              6.3791261,
              51.130334
            ],
            [
              6.3784499,
              51.1303841
            ],
            [
              6.3782105,
              51.130398
            ],
            [
              6.3779933,
              51.1304133
            ],
            [
              6.3776474,
              51.1303939
            ],
            [
              6.3773703,
              51.1303619
            ],
            [
              6.3767585,
              51.1302269
            ],
            [
              6.37565,
              51.1299876
            ],
            [
              6.3746968,
              51.129772
            ],
            [
              6.3744463,
              51.1297136
            ],
            [
              6.3737191,
              51.1295967
            ],
            [
              6.3706665,
              51.1294381
            ],
            [
              6.3702719,
              51.1294158
            ],
            [
              6.3673567,
              51.1293936
            ],
            [
              6.3673634,
              51.129331
            ],
            [
              6.3662006,
              51.1291042
            ],
            [
              6.3655444,
              51.1286966
            ],
            [
              6.3653948,
              51.1286173
            ],
            [
              6.3651243,
              51.1285533
            ],
            [
              6.3649226,
              51.128538
            ],
            [
              6.3643407,
              51.1285122
            ],
            [
              6.3640414,
              51.1285154
            ],
            [
              6.3634706,
              51.1285387
            ],
            [
              6.3630233,
              51.1285557
            ],
            [
              6.3624591,
              51.1285536
            ],
            [
              6.3621582,
              51.1285491
            ],
            [
              6.3621327,
              51.1285409
            ],
            [
              6.3619681,
              51.1285561
            ],
            [
              6.3618908,
              51.1285627
            ],
            [
              6.3612193,
              51.128627
            ],
            [
              6.3611218,
              51.1286437
            ],
            [
              6.3609877,
              51.1286653
            ],
            [
              6.3606174,
              51.1287599
            ],
            [
              6.3603847,
              51.1288162
            ],
            [
              6.3603503,
              51.1288246
            ],
            [
              6.3603204,
              51.1288315
            ],
            [
              6.3599934,
              51.1283738
            ],
            [
              6.3595245,
              51.1273276
            ],
            [
              6.3592133,
              51.126542
            ],
            [
              6.359169,
              51.126537
            ],
            [
              6.3587511,
              51.1266611
            ],
            [
              6.3584851,
              51.1267463
            ],
            [
              6.3584718,
              51.1267507
            ],
            [
              6.3582872,
              51.1268101
            ],
            [
              6.3582027,
              51.1268368
            ],
            [
              6.3577553,
              51.1269621
            ],
            [
              6.3577413,
              51.1269658
            ],
            [
              6.3576427,
              51.1269937
            ],
            [
              6.3572522,
              51.1270784
            ],
            [
              6.3572098,
              51.1270827
            ],
            [
              6.3569552,
              51.1271091
            ],
            [
              6.3566481,
              51.1266159
            ],
            [
              6.3564783,
              51.1263439
            ],
            [
              6.3563735,
              51.1263926
            ],
            [
              6.3562114,
              51.126467
            ],
            [
              6.3561671,
              51.1264858
            ],
            [
              6.3561593,
              51.1264691
            ],
            [
              6.3560662,
              51.126458
            ],
            [
              6.3560529,
              51.1264307
            ],
            [
              6.3557834,
              51.1260927
            ],
            [
              6.3554628,
              51.125685
            ],
            [
              6.354732,
              51.1249766
            ],
            [
              6.3540179,
              51.1242971
            ],
            [
              6.353953,
              51.1242321
            ],
            [
              6.353846,
              51.1241252
            ],
            [
              6.3525571,
              51.1227541
            ],
            [
              6.3513832,
              51.1214073
            ],
            [
              6.3504444,
              51.1202094
            ],
            [
              6.3501824,
              51.1199884
            ],
            [
              6.3507063,
              51.1196025
            ],
            [
              6.3516892,
              51.1164898
            ],
            [
              6.3504304,
              51.1153869
            ],
            [
              6.3500684,
              51.115075
            ],
            [
              6.3492425,
              51.1143191
            ]
          ]
        ]
      }
    },
    {
      "type": "Feature",
      "properties": {
        "name": "Wickrathberg",
        "city": "Mönchengladbach",
        "osm_id": 13154925,
        "osm_type": "relation",
        "display": "Wickrathberg, West, Mönchengladbach, Nordrhein-Westfalen, 41189, Deutschland"
      },
      "geometry": {
        "type": "Polygon",
        "coordinates": [
          [
            [
              6.3955907,
              51.1169084
            ],
            [
              6.3957038,
              51.1168416
            ],
            [
              6.3968211,
              51.1160679
            ],
            [
              6.397704,
              51.1141491
            ],
            [
              6.3977397,
              51.1140984
            ],
            [
              6.3974956,
              51.1140578
            ],
            [
              6.3975078,
              51.1140409
            ],
            [
              6.3975973,
              51.1138793
            ],
            [
              6.397653,
              51.1137812
            ],
            [
              6.3980878,
              51.1130015
            ],
            [
              6.3983635,
              51.1125094
            ],
            [
              6.3984963,
              51.1122696
            ],
            [
              6.3985463,
              51.1121798
            ],
            [
              6.3985846,
              51.1121116
            ],
            [
              6.3986159,
              51.1120557
            ],
            [
              6.3986313,
              51.1120256
            ],
            [
              6.3988013,
              51.1119926
            ],
            [
              6.398901,
              51.1116708
            ],
            [
              6.3989177,
              51.1116186
            ],
            [
              6.3989848,
              51.1114074
            ],
            [
              6.3990657,
              51.1111413
            ],
            [
              6.3991078,
              51.1110033
            ],
            [
              6.3990981,
              51.1109835
            ],
            [
              6.3987074,
              51.1109113
            ],
            [
              6.3983264,
              51.1108448
            ],
            [
              6.3971093,
              51.110634
            ],
            [
              6.3966693,
              51.1105574
            ],
            [
              6.3965252,
              51.1105275
            ],
            [
              6.3969408,
              51.1101141
            ],
            [
              6.397096,
              51.1099589
            ],
            [
              6.3972822,
              51.1097759
            ],
            [
              6.3977622,
              51.1092178
            ],
            [
              6.3979074,
              51.1090438
            ],
            [
              6.3980415,
              51.1088378
            ],
            [
              6.398169,
              51.1086444
            ],
            [
              6.3983053,
              51.108453
            ],
            [
              6.398422,
              51.1082689
            ],
            [
              6.3984616,
              51.1081558
            ],
            [
              6.3986567,
              51.1075295
            ],
            [
              6.3995745,
              51.1047707
            ],
            [
              6.4079321,
              51.1049725
            ],
            [
              6.4118869,
              51.1048723
            ],
            [
              6.4139176,
              51.1047206
            ],
            [
              6.4257316,
              51.10296
            ],
            [
              6.428182,
              51.1063057
            ],
            [
              6.429466,
              51.1119746
            ],
            [
              6.4288928,
              51.1178416
            ],
            [
              6.4287544,
              51.1185016
            ],
            [
              6.4281676,
              51.1185192
            ],
            [
              6.4209861,
              51.1186361
            ],
            [
              6.4142501,
              51.1187551
            ],
            [
              6.4127072,
              51.1187551
            ],
            [
              6.411448,
              51.1187217
            ],
            [
              6.4100381,
              51.1187133
            ],
            [
              6.409812,
              51.1187133
            ],
            [
              6.4094262,
              51.1187133
            ],
            [
              6.4086104,
              51.1187801
            ],
            [
              6.4078301,
              51.1188914
            ],
            [
              6.4072182,
              51.1190382
            ],
            [
              6.4070608,
              51.1190779
            ],
            [
              6.4061619,
              51.1193061
            ],
            [
              6.4053641,
              51.1195665
            ],
            [
              6.4043707,
              51.1198989
            ],
            [
              6.4036269,
              51.1201967
            ],
            [
              6.403117,
              51.1204395
            ],
            [
              6.4025639,
              51.1207741
            ],
            [
              6.4023522,
              51.1209133
            ],
            [
              6.4022366,
              51.1209876
            ],
            [
              6.4019188,
              51.1212013
            ],
            [
              6.4018357,
              51.1212758
            ],
            [
              6.4015874,
              51.1211568
            ],
            [
              6.4009578,
              51.1207839
            ],
            [
              6.400306,
              51.1202551
            ],
            [
              6.3996942,
              51.1197375
            ],
            [
              6.3991666,
              51.1192532
            ],
            [
              6.3981424,
              51.1185686
            ],
            [
              6.3955907,
              51.1169084
            ]
          ]
        ]
      }
    },
    {
      "type": "Feature",
      "properties": {
        "name": "Wanlo",
        "city": "Mönchengladbach",
        "osm_id": 13154964,
        "osm_type": "relation",
        "display": "Wanlo, West, Mönchengladbach, Nordrhein-Westfalen, Deutschland"
      },
      "geometry": {
        "type": "Polygon",
        "coordinates": [
          [
            [
              6.3582597,
              51.0974777
            ],
            [
              6.3603572,
              51.0955385
            ],
            [
              6.3603791,
              51.0956127
            ],
            [
              6.3652495,
              51.0977101
            ],
            [
              6.3655177,
              51.0979369
            ],
            [
              6.3667294,
              51.0980613
            ],
            [
              6.3673244,
              51.0973293
            ],
            [
              6.3686523,
              51.0961297
            ],
            [
              6.3686411,
              51.0961124
            ],
            [
              6.3688877,
              51.0958555
            ],
            [
              6.3689574,
              51.0957766
            ],
            [
              6.369141,
              51.0958175
            ],
            [
              6.3692505,
              51.0958278
            ],
            [
              6.3726681,
              51.0988168
            ],
            [
              6.3746806,
              51.0978404
            ],
            [
              6.3748066,
              51.0978254
            ],
            [
              6.3749239,
              51.097851
            ],
            [
              6.3750855,
              51.0978594
            ],
            [
              6.3753495,
              51.0978904
            ],
            [
              6.3781071,
              51.0979664
            ],
            [
              6.378467,
              51.0980924
            ],
            [
              6.379798,
              51.0981409
            ],
            [
              6.3868736,
              51.0976825
            ],
            [
              6.3870649,
              51.0977059
            ],
            [
              6.3924117,
              51.0990329
            ],
            [
              6.3919662,
              51.0960281
            ],
            [
              6.391308,
              51.0944516
            ],
            [
              6.3908521,
              51.0934097
            ],
            [
              6.3865884,
              51.0927661
            ],
            [
              6.3853669,
              51.0903138
            ],
            [
              6.3853069,
              51.0901458
            ],
            [
              6.3880468,
              51.0903938
            ],
            [
              6.3909824,
              51.0908017
            ],
            [
              6.3959168,
              51.0914443
            ],
            [
              6.3976952,
              51.091658
            ],
            [
              6.3977762,
              51.091666
            ],
            [
              6.3977814,
              51.0898438
            ],
            [
              6.3991852,
              51.0894359
            ],
            [
              6.399999,
              51.0892149
            ],
            [
              6.4013398,
              51.0888519
            ],
            [
              6.4029066,
              51.0883633
            ],
            [
              6.4029776,
              51.0883143
            ],
            [
              6.4031536,
              51.0882723
            ],
            [
              6.4024425,
              51.087475
            ],
            [
              6.4041384,
              51.0868801
            ],
            [
              6.4044394,
              51.0867732
            ],
            [
              6.4049283,
              51.0865822
            ],
            [
              6.4052333,
              51.0864182
            ],
            [
              6.4055802,
              51.0862772
            ],
            [
              6.4059242,
              51.0862122
            ],
            [
              6.4066041,
              51.0864762
            ],
            [
              6.406691,
              51.0865102
            ],
            [
              6.4076739,
              51.088299
            ],
            [
              6.4092787,
              51.088532
            ],
            [
              6.4120658,
              51.0888505
            ],
            [
              6.4163136,
              51.0893409
            ],
            [
              6.4164746,
              51.0893409
            ],
            [
              6.4165966,
              51.0891609
            ],
            [
              6.4172225,
              51.088185
            ],
            [
              6.4179154,
              51.0868232
            ],
            [
              6.4181933,
              51.0863382
            ],
            [
              6.4183863,
              51.0861022
            ],
            [
              6.4211199,
              51.0860062
            ],
            [
              6.4212729,
              51.0859992
            ],
            [
              6.4214589,
              51.0859872
            ],
            [
              6.4216888,
              51.0859532
            ],
            [
              6.4234251,
              51.085784
            ],
            [
              6.4235625,
              51.0858648
            ],
            [
              6.4235844,
              51.0858776
            ],
            [
              6.4236802,
              51.0859339
            ],
            [
              6.4239944,
              51.0861214
            ],
            [
              6.4241532,
              51.086212
            ],
            [
              6.4253201,
              51.0866993
            ],
            [
              6.4264975,
              51.087186
            ],
            [
              6.4267711,
              51.0872491
            ],
            [
              6.426965,
              51.0872167
            ],
            [
              6.427557,
              51.0871931
            ],
            [
              6.4300258,
              51.0873536
            ],
            [
              6.430069,
              51.0873564
            ],
            [
              6.4314918,
              51.0874489
            ],
            [
              6.4318167,
              51.0865478
            ],
            [
              6.4321167,
              51.0865778
            ],
            [
              6.434284,
              51.0869528
            ],
            [
              6.4444335,
              51.0886879
            ],
            [
              6.4440495,
              51.0898288
            ],
            [
              6.4436706,
              51.0909007
            ],
            [
              6.4429387,
              51.0922515
            ],
            [
              6.440843,
              51.0960661
            ],
            [
              6.440713,
              51.0962531
            ],
            [
              6.4398201,
              51.096642
            ],
            [
              6.4395032,
              51.096775
            ],
            [
              6.4394332,
              51.096848
            ],
            [
              6.4395622,
              51.096924
            ],
            [
              6.4396552,
              51.097031
            ],
            [
              6.4257316,
              51.10296
            ],
            [
              6.4139176,
              51.1047206
            ],
            [
              6.4118869,
              51.1048723
            ],
            [
              6.4079321,
              51.1049725
            ],
            [
              6.3995745,
              51.1047707
            ],
            [
              6.3804537,
              51.1035577
            ],
            [
              6.3766593,
              51.1031755
            ],
            [
              6.3721186,
              51.1024363
            ],
            [
              6.3698252,
              51.1019052
            ],
            [
              6.3676449,
              51.101354
            ],
            [
              6.364927,
              51.1005194
            ],
            [
              6.3617813,
              51.0994029
            ],
            [
              6.3602827,
              51.098718
            ],
            [
              6.3589459,
              51.0980345
            ],
            [
              6.3588262,
              51.0979652
            ],
            [
              6.3588476,
              51.0978765
            ],
            [
              6.3588706,
              51.0977886
            ],
            [
              6.3582597,
              51.0974777
            ]
          ]
        ]
      }
    }
  ]
}