{
  "type": "FeatureCollection",
  "features": [
    {
      "type": "Feature",
      "properties": {
        "name": "Zentrum",
        "city": "Oldenburg",
        "osm_id": 237213785,
        "osm_type": "way",
        "display": "Reha-Zentrum Oldenburg, Robert-Koch-Straße, Kreyenbrück, Oldenburg, Niedersachsen, 26133, Deutschland"
      },
      "geometry": {
        "type": "Polygon",
        "coordinates": [
          [
            [
              8.2190762,
              53.1141877
            ],
            [
              8.2191214,
              53.1141074
            ],
            [
              8.2216595,
              53.1135351
            ],
            [
              8.2217763,
              53.113591
            ],
            [
              8.2226425,
              53.1144732
            ],
            [
              8.2227496,
              53.1149195
            ],
            [
              8.2227563,
              53.1150825
            ],
            [
              8.2227369,
              53.1151574
            ],
            [
              8.2227167,
              53.1152258
            ],
            [
              8.2226205,
              53.1152898
            ],
            [
              8.2217173,
              53.115872
            ],
            [
              8.2215305,
              53.1156217
            ],
            [
              8.2212357,
              53.115688
            ],
            [
              8.2210997,
              53.1156388
            ],
            [
              8.2202007,
              53.1158201
            ],
            [
              8.2190762,
              53.1141877
            ]
          ]
        ]
      }
    },
    {
      "type": "Feature",
      "properties": {
        "name": "Dobben",
        "city": "Oldenburg",
        "osm_id": 3839133,
        "osm_type": "relation",
        "display": "Dobbenviertel, Oldenburg, Niedersachsen, 26122, Deutschland"
      },
      "geometry": {
        "type": "Polygon",
        "coordinates": [
          [
            [
              8.1903614,
              53.1417539
            ],
            [
              8.1905981,
              53.1417633
            ],
            [
              8.1908517,
              53.1417703
            ],
            [
              8.1911537,
              53.1418063
            ],
            [
              8.1914896,
              53.1418824
            ],
            [
              8.1916564,
              53.1419405
            ],
            [
              8.1917662,
              53.1419943
            ],
            [
              8.1919052,
              53.1419176
            ],
            [
              8.1919396,
              53.1418771
            ],
            [
              8.1919894,
              53.1418143
            ],
            [
              8.1919853,
              53.1417096
            ],
            [
              8.1920483,
              53.1412795
            ],
            [
              8.1920641,
              53.1409876
            ],
            [
              8.1920633,
              53.1408554
            ],
            [
              8.1921004,
              53.1406155
            ],
            [
              8.1921505,
              53.140333
            ],
            [
              8.1921815,
              53.1401211
            ],
            [
              8.1921907,
              53.1400579
            ],
            [
              8.1924054,
              53.1399999
            ],
            [
              8.1931474,
              53.1397995
            ],
            [
              8.1937913,
              53.1396354
            ],
            [
              8.1939543,
              53.1395861
            ],
            [
              8.1941013,
              53.1395344
            ],
            [
              8.1946871,
              53.1393048
            ],
            [
              8.1947218,
              53.1392906
            ],
            [
              8.1955553,
              53.1389213
            ],
            [
              8.1953592,
              53.1387225
            ],
            [
              8.1961979,
              53.1384184
            ],
            [
              8.19623,
              53.1384106
            ],
            [
              8.1964159,
              53.1386137
            ],
            [
              8.1965996,
              53.1385617
            ],
            [
              8.1968964,
              53.1384778
            ],
            [
              8.1970228,
              53.1384364
            ],
            [
              8.1970568,
              53.138471
            ],
            [
              8.1975263,
              53.1383307
            ],
            [
              8.1979305,
              53.1382036
            ],
            [
              8.1987402,
              53.1379545
            ],
            [
              8.2008421,
              53.1372804
            ],
            [
              8.2010456,
              53.1372255
            ],
            [
              8.2019897,
              53.1370655
            ],
            [
              8.2036086,
              53.1368907
            ],
            [
              8.2050406,
              53.1367496
            ],
            [
              8.2049978,
              53.1364879
            ],
            [
              8.2049459,
              53.1362449
            ],
            [
              8.204708,
              53.1356114
            ],
            [
              8.2046683,
              53.1354964
            ],
            [
              8.204644,
              53.1353706
            ],
            [
              8.2045812,
              53.134638
            ],
            [
              8.2045901,
              53.1343914
            ],
            [
              8.2045957,
              53.1342765
            ],
            [
              8.2045886,
              53.1341131
            ],
            [
              8.204587,
              53.1340778
            ],
            [
              8.2045607,
              53.1339784
            ],
            [
              8.204778,
              53.1339756
            ],
            [
              8.2048856,
              53.1339768
            ],
            [
              8.2049954,
              53.13398
            ],
            [
              8.2051681,
              53.1339889
            ],
            [
              8.2052172,
              53.1339942
            ],
            [
              8.2057635,
              53.1340605
            ],
            [
              8.2058994,
              53.1340886
            ],
            [
              8.2060584,
              53.1341343
            ],
            [
              8.2062066,
              53.13421
            ],
            [
              8.2065452,
              53.1344143
            ],
            [
              8.2068143,
              53.1345693
            ],
            [
              8.2069071,
              53.1346089
            ],
            [
              8.2070279,
              53.1346421
            ],
            [
              8.2071563,
              53.1346632
            ],
            [
              8.2078417,
              53.1347624
            ],
            [
              8.2080163,
              53.1347877
            ],
            [
              8.2081692,
              53.1348092
            ],
            [
              8.2086953,
              53.1348841
            ],
            [
              8.2087514,
              53.1348921
            ],
            [
              8.209114,
              53.1349438
            ],
            [
              8.2091906,
              53.1349555
            ],
            [
              8.2096017,
              53.135012
            ],
            [
              8.2098237,
              53.1350461
            ],
            [
              8.209857,
              53.1350512
            ],
            [
              8.2099592,
              53.135081
            ],
            [
              8.21006,
              53.1351229
            ],
            [
              8.2101653,
              53.1351726
            ],
            [
              8.2103962,
              53.1353042
            ],
            [
              8.2107164,
              53.1354802
            ],
            [
              8.2110384,
              53.1356549
            ],
            [
              8.2118137,
              53.1360722
            ],
            [
              8.2120524,
              53.1361957
            ],
            [
              8.2123082,
              53.1363498
            ],
            [
              8.2124283,
              53.136436
            ],
            [
              8.2125137,
              53.1365077
            ],
            [
              8.2126075,
              53.1366143
            ],
            [
              8.2126994,
              53.1367299
            ],
            [
              8.2128901,
              53.136982
            ],
            [
              8.2132203,
              53.1373987
            ],
            [
              8.2132546,
              53.137443
            ],
            [
              8.2132956,
              53.1374934
            ],
            [
              8.213179,
              53.1375564
            ],
            [
              8.2124356,
              53.1377791
            ],
            [
              8.2120283,
              53.1380397
            ],
            [
              8.2095448,
              53.1386898
            ],
            [
              8.2092772,
              53.1387575
            ],
            [
              8.2091769,
              53.1388994
            ],
            [
              8.2091823,
              53.1391891
            ],
            [
              8.2092278,
              53.1397075
            ],
            [
              8.2089814,
              53.1398336
            ],
            [
              8.2086751,
              53.1399705
            ],
            [
              8.2072595,
              53.1404575
            ],
            [
              8.2080915,
              53.1411281
            ],
            [
              8.2071409,
              53.1411803
            ],
            [
              8.1980501,
              53.1416888
            ],
            [
              8.1978268,
              53.1417132
            ],
            [
              8.1976326,
              53.141741
            ],
            [
              8.1972409,
              53.1418067
            ],
            [
              8.1969199,
              53.1418713
            ],
            [
              8.1965941,
              53.141943
            ],
            [
              8.1964001,
              53.1419896
            ],
            [
              8.1962193,
              53.1420347
            ],
            [
              8.1959974,
              53.1420979
            ],
            [
              8.1957683,
              53.1421703
            ],
            [
              8.195621,
              53.1422296
            ],
            [
              8.1954564,
              53.1422937
            ],
            [
              8.1951217,
              53.1424304
            ],
            [
              8.1950194,
              53.1424645
            ],
            [
              8.1949346,
              53.1424852
            ],
            [
              8.1947044,
              53.1424592
            ],
            [
              8.1938792,
              53.1425088
            ],
            [
              8.1930383,
              53.142632
            ],
            [
              8.1928257,
              53.1426869
            ],
            [
              8.1923306,
              53.1428203
            ],
            [
              8.1910663,
              53.1430241
            ],
            [
              8.1908084,
              53.1430844
            ],
            [
              8.1907297,
              53.14295
            ],
            [
              8.1904249,
              53.1420699
            ],
            [
              8.1903614,
              53.1417539
            ]
          ]
        ]
      }
    },
    {
      "type": "Feature",
      "properties": {
        "name": "Haarenesch",
        "city": "Oldenburg",
        "osm_id": 3677218,
        "osm_type": "relation",
        "display": "Haarenesch, Oldenburg, Niedersachsen, Deutschland"
      },
      "geometry": {
        "type": "Polygon",
        "coordinates": [
          [
            [
              8.1908084,
              53.1430844
            ],
            [
              8.1910663,
              53.1430241
            ],
            [
              8.1923306,
              53.1428203
            ],
            [
              8.1928257,
              53.1426869
            ],
            [
              8.1930383,
              53.142632
            ],
            [
              8.1938792,
              53.1425088
            ],
            [
              8.1947044,
              53.1424592
            ],
            [
              8.1949346,
              53.1424852
            ],
            [
              8.1950194,
              53.1424645
            ],
            [
              8.1951217,
              53.1424304
            ],
            [
              8.1954564,
              53.1422937
            ],
            [
              8.195621,
              53.1422296
            ],
            [
              8.1957683,
              53.1421703
            ],
            [
              8.1959974,
              53.1420979
            ],
            [
              8.1962193,
              53.1420347
            ],
            [
              8.1964001,
              53.1419896
            ],
            [
              8.1965941,
              53.141943
            ],
            [
              8.1969199,
              53.1418713
            ],
            [
              8.1972409,
              53.1418067
            ],
            [
              8.1976326,
              53.141741
            ],
            [
              8.1978268,
              53.1417132
            ],
            [
              8.1980501,
              53.1416888
            ],
            [
              8.2071409,
              53.1411803
            ],
            [
              8.2071667,
              53.1412838
            ],
            [
              8.2071978,
              53.1413255
            ],
            [
              8.2073749,
              53.1416061
            ],
            [
              8.2074186,
              53.1416854
            ],
            [
              8.2075059,
              53.1417842
            ],
            [
              8.2076516,
              53.1419436
            ],
            [
              8.2077882,
              53.1420913
            ],
            [
              8.2078735,
              53.1421786
            ],
            [
              8.2080723,
              53.1424027
            ],
            [
              8.2084742,
              53.1428719
            ],
            [
              8.2087391,
              53.1431749
            ],
            [
              8.208808,
              53.1432537
            ],
            [
              8.2088196,
              53.1432676
            ],
            [
              8.208826,
              53.1432753
            ],
            [
              8.2088446,
              53.1432976
            ],
            [
              8.2089049,
              53.1433683
            ],
            [
              8.20893,
              53.1433961
            ],
            [
              8.2091012,
              53.1435978
            ],
            [
              8.2091894,
              53.1437017
            ],
            [
              8.2094749,
              53.144038
            ],
            [
              8.2095955,
              53.1441799
            ],
            [
              8.209745,
              53.1443562
            ],
            [
              8.2098455,
              53.1444729
            ],
            [
              8.2099104,
              53.1445482
            ],
            [
              8.2099685,
              53.1446152
            ],
            [
              8.2100733,
              53.1447388
            ],
            [
              8.2101818,
              53.1448658
            ],
            [
              8.2103348,
              53.1450448
            ],
            [
              8.2106041,
              53.1453558
            ],
            [
              8.2107856,
              53.1455678
            ],
            [
              8.2108197,
              53.1456077
            ],
            [
              8.2110489,
              53.1458822
            ],
            [
              8.2110977,
              53.1459783
            ],
            [
              8.2105171,
              53.1460751
            ],
            [
              8.2104973,
              53.1460457
            ],
            [
              8.2094874,
              53.1462173
            ],
            [
              8.2036093,
              53.1472843
            ],
            [
              8.2032816,
              53.1473406
            ],
            [
              8.1981298,
              53.1482301
            ],
            [
              8.1932738,
              53.1491131
            ],
            [
              8.1927586,
              53.1464313
            ],
            [
              8.1924776,
              53.1458114
            ],
            [
              8.1921431,
              53.1452008
            ],
            [
              8.1916626,
              53.1444291
            ],
            [
              8.191481,
              53.1441374
            ],
            [
              8.190986,
              53.1433809
            ],
            [
              8.1908084,
              53.1430844
            ]
          ]
        ]
      }
    },
    {
      "type": "Feature",
      "properties": {
        "name": "Bahnhofsviertel",
        "city": "Oldenburg",
        "osm_id": 3677205,
        "osm_type": "relation",
        "display": "Bahnhofsviertel, Oldenburg, Niedersachsen, Deutschland"
      },
      "geometry": {
        "type": "Polygon",
        "coordinates": [
          [
            [
              8.2143291,
              53.1443874
            ],
            [
              8.2143457,
              53.1440643
            ],
            [
              8.2143983,
              53.1437535
            ],
            [
              8.2144208,
              53.1436203
            ],
            [
              8.2145447,
              53.1432838
            ],
            [
              8.2150618,
              53.1425076
            ],
            [
              8.216346,
              53.1411319
            ],
            [
              8.2169624,
              53.1404715
            ],
            [
              8.217066,
              53.1403887
            ],
            [
              8.2172005,
              53.1403221
            ],
            [
              8.2172371,
              53.1403077
            ],
            [
              8.2173789,
              53.1402714
            ],
            [
              8.2175604,
              53.1402501
            ],
            [
              8.2180724,
              53.1402474
            ],
            [
              8.218594,
              53.1402792
            ],
            [
              8.2188589,
              53.1402954
            ],
            [
              8.2197824,
              53.1403734
            ],
            [
              8.2198055,
              53.1403754
            ],
            [
              8.2199317,
              53.1403856
            ],
            [
              8.220237,
              53.1403954
            ],
            [
              8.2255937,
              53.1403443
            ],
            [
              8.2267133,
              53.1400881
            ],
            [
              8.2280147,
              53.1397902
            ],
            [
              8.2340418,
              53.1399933
            ],
            [
              8.2341465,
              53.1400196
            ],
            [
              8.2341985,
              53.1400327
            ],
            [
              8.2340639,
              53.1401279
            ],
            [
              8.2336806,
              53.1404037
            ],
            [
              8.2336609,
              53.1404185
            ],
            [
              8.2336024,
              53.1404623
            ],
            [
              8.2332615,
              53.1407176
            ],
            [
              8.2331291,
              53.1408579
            ],
            [
              8.2284899,
              53.1436562
            ],
            [
              8.2277459,
              53.1438553
            ],
            [
              8.2246631,
              53.1444025
            ],
            [
              8.2221293,
              53.1447272
            ],
            [
              8.2215065,
              53.1447713
            ],
            [
              8.2188919,
              53.1448463
            ],
            [
              8.2176527,
              53.1449685
            ],
            [
              8.2172424,
              53.1450232
            ],
            [
              8.2151824,
              53.1453659
            ],
            [
              8.2149663,
              53.1453463
            ],
            [
              8.2146316,
              53.1454052
            ],
            [
              8.2146303,
              53.1453651
            ],
            [
              8.2146351,
              53.1453049
            ],
            [
              8.2146032,
              53.1452162
            ],
            [
              8.214453,
              53.1449363
            ],
            [
              8.2143886,
              53.1447465
            ],
            [
              8.2143403,
              53.144547
            ],
            [
              8.2143291,
              53.1443874
            ]
          ]
        ]
      }
    },
    {
      "type": "Feature",
      "properties": {
        "name": "Gerichtsviertel",
        "city": "Oldenburg",
        "osm_id": 3677217,
        "osm_type": "relation",
        "display": "Gerichtsviertel, Oldenburg, Niedersachsen, Deutschland"
      },
      "geometry": {
        "type": "Polygon",
        "coordinates": [
          [
            [
              8.2087449,
              53.1281968
            ],
            [
              8.2088187,
              53.1281835
            ],
            [
              8.2093923,
              53.1281002
            ],
            [
              8.2107201,
              53.1278521
            ],
            [
              8.2114622,
              53.1276718
            ],
            [
              8.2120296,
              53.1274819
            ],
            [
              8.2127569,
              53.1273161
            ],
            [
              8.2129183,
              53.1272684
            ],
            [
              8.2134414,
              53.1270799
            ],
            [
              8.2134668,
              53.1271057
            ],
            [
              8.2137178,
              53.1275225
            ],
            [
              8.213962,
              53.1278296
            ],
            [
              8.2169802,
              53.1304594
            ],
            [
              8.2180095,
              53.1310746
            ],
            [
              8.2184748,
              53.1318492
            ],
            [
              8.2198333,
              53.1331349
            ],
            [
              8.219977,
              53.1331947
            ],
            [
              8.220129,
              53.133258
            ],
            [
              8.2218973,
              53.1348988
            ],
            [
              8.2249353,
              53.1385769
            ],
            [
              8.2253485,
              53.13905
            ],
            [
              8.2259301,
              53.1395803
            ],
            [
              8.2267133,
              53.1400881
            ],
            [
              8.2255937,
              53.1403443
            ],
            [
              8.220237,
              53.1403954
            ],
            [
              8.2199317,
              53.1403856
            ],
            [
              8.2198055,
              53.1403754
            ],
            [
              8.2197824,
              53.1403734
            ],
            [
              8.2188589,
              53.1402954
            ],
            [
              8.218594,
              53.1402792
            ],
            [
              8.2184416,
              53.1396249
            ],
            [
              8.2184039,
              53.1383385
            ],
            [
              8.2184265,
              53.1375956
            ],
            [
              8.2183888,
              53.1373147
            ],
            [
              8.2182,
              53.1370746
            ],
            [
              8.2178451,
              53.1368255
            ],
            [
              8.2174977,
              53.1367077
            ],
            [
              8.2171502,
              53.1366726
            ],
            [
              8.2166394,
              53.1365309
            ],
            [
              8.2160545,
              53.1363462
            ],
            [
              8.2153593,
              53.1360592
            ],
            [
              8.2145444,
              53.1356827
            ],
            [
              8.2139547,
              53.135359
            ],
            [
              8.2136488,
              53.1344932
            ],
            [
              8.2133951,
              53.1343486
            ],
            [
              8.2126753,
              53.1339425
            ],
            [
              8.212637,
              53.1339195
            ],
            [
              8.2119607,
              53.1334783
            ],
            [
              8.2116344,
              53.1331441
            ],
            [
              8.2117114,
              53.132509
            ],
            [
              8.2117846,
              53.1321235
            ],
            [
              8.2117973,
              53.1320566
            ],
            [
              8.2117861,
              53.1318455
            ],
            [
              8.2117342,
              53.1317867
            ],
            [
              8.2116518,
              53.131718
            ],
            [
              8.2110548,
              53.1313882
            ],
            [
              8.2104484,
              53.1310294
            ],
            [
              8.209921,
              53.1307238
            ],
            [
              8.2097124,
              53.1305712
            ],
            [
              8.2093239,
              53.1290683
            ],
            [
              8.2088632,
              53.1283596
            ],
            [
              8.2087449,
              53.1281968
            ]
          ]
        ]
      }
    },
    {
      "type": "Feature",
      "properties": {
        "name": "Ziegelhof",
        "city": "Oldenburg",
        "osm_id": 3677230,
        "osm_type": "relation",
        "display": "Ziegelhof, Oldenburg, Niedersachsen, 26121, Deutschland"
      },
      "geometry": {
        "type": "Polygon",
        "coordinates": [
          [
            [
              8.1932738,
              53.1491131
            ],
            [
              8.1981298,
              53.1482301
            ],
            [
              8.2032816,
              53.1473406
            ],
            [
              8.2036093,
              53.1472843
            ],
            [
              8.2094874,
              53.1462173
            ],
            [
              8.2104973,
              53.1460457
            ],
            [
              8.2105171,
              53.1460751
            ],
            [
              8.2110977,
              53.1459783
            ],
            [
              8.2111594,
              53.1459682
            ],
            [
              8.2145174,
              53.1454248
            ],
            [
              8.2145259,
              53.1455203
            ],
            [
              8.2144877,
              53.1455801
            ],
            [
              8.2144279,
              53.1456537
            ],
            [
              8.2143841,
              53.1456997
            ],
            [
              8.2143548,
              53.1457296
            ],
            [
              8.214339,
              53.1457461
            ],
            [
              8.2142755,
              53.1458126
            ],
            [
              8.2142333,
              53.1458831
            ],
            [
              8.2141624,
              53.1459581
            ],
            [
              8.2141047,
              53.1460238
            ],
            [
              8.2140806,
              53.1460571
            ],
            [
              8.2140305,
              53.1461287
            ],
            [
              8.213993,
              53.1462113
            ],
            [
              8.2139752,
              53.1462827
            ],
            [
              8.2139568,
              53.1463727
            ],
            [
              8.2139475,
              53.146431
            ],
            [
              8.2139542,
              53.1464902
            ],
            [
              8.2139677,
              53.1465343
            ],
            [
              8.2139725,
              53.1465499
            ],
            [
              8.2139799,
              53.146574
            ],
            [
              8.2139909,
              53.146601
            ],
            [
              8.2140166,
              53.1466646
            ],
            [
              8.2141209,
              53.1469096
            ],
            [
              8.2141993,
              53.1470922
            ],
            [
              8.2142626,
              53.1472332
            ],
            [
              8.2143888,
              53.1475292
            ],
            [
              8.2144155,
              53.1475891
            ],
            [
              8.2144636,
              53.1476868
            ],
            [
              8.2146054,
              53.1478117
            ],
            [
              8.2146086,
              53.1479199
            ],
            [
              8.214601,
              53.1479898
            ],
            [
              8.2146208,
              53.1480718
            ],
            [
              8.2146178,
              53.1482054
            ],
            [
              8.2145975,
              53.1483461
            ],
            [
              8.2145266,
              53.1486347
            ],
            [
              8.2144725,
              53.1487767
            ],
            [
              8.2143886,
              53.1489177
            ],
            [
              8.2142857,
              53.1490601
            ],
            [
              8.2140847,
              53.1493634
            ],
            [
              8.2139491,
              53.149552
            ],
            [
              8.2138803,
              53.1496478
            ],
            [
              8.2138065,
              53.1497396
            ],
            [
              8.2135402,
              53.1500845
            ],
            [
              8.2133682,
              53.1502685
            ],
            [
              8.2132291,
              53.1504295
            ],
            [
              8.2129831,
              53.1507005
            ],
            [
              8.2127386,
              53.1509595
            ],
            [
              8.2125463,
              53.1511928
            ],
            [
              8.2122491,
              53.151521
            ],
            [
              8.211958,
              53.1518259
            ],
            [
              8.2118198,
              53.1519869
            ],
            [
              8.2117191,
              53.1520942
            ],
            [
              8.2113003,
              53.152566
            ],
            [
              8.2111184,
              53.152784
            ],
            [
              8.2107931,
              53.1532476
            ],
            [
              8.2106854,
              53.1534659
            ],
            [
              8.2105911,
              53.1536724
            ],
            [
              8.210545,
              53.1537286
            ],
            [
              8.2104469,
              53.1539318
            ],
            [
              8.2103729,
              53.1540961
            ],
            [
              8.2103005,
              53.1542461
            ],
            [
              8.210285,
              53.1542796
            ],
            [
              8.2101277,
              53.1546051
            ],
            [
              8.2099787,
              53.154941
            ],
            [
              8.2099562,
              53.1549975
            ],
            [
              8.2098876,
              53.1551725
            ],
            [
              8.209775,
              53.1555098
            ],
            [
              8.2097701,
              53.155524
            ],
            [
              8.2097441,
              53.1555991
            ],
            [
              8.2097108,
              53.1556955
            ],
            [
              8.2095772,
              53.1561113
            ],
            [
              8.2095552,
              53.1561719
            ],
            [
              8.2095209,
              53.1562779
            ],
            [
              8.2094905,
              53.156395
            ],
            [
              8.2094749,
              53.1564512
            ],
            [
              8.20943,
              53.1566297
            ],
            [
              8.2094132,
              53.1566869
            ],
            [
              8.2093642,
              53.1568626
            ],
            [
              8.2093417,
              53.1569537
            ],
            [
              8.2092576,
              53.1573367
            ],
            [
              8.2091571,
              53.1577343
            ],
            [
              8.2090918,
              53.1580319
            ],
            [
              8.2090657,
              53.1581539
            ],
            [
              8.2090438,
              53.1582548
            ],
            [
              8.2090401,
              53.1582705
            ],
            [
              8.2089742,
              53.1585616
            ],
            [
              8.2089406,
              53.1587243
            ],
            [
              8.2089115,
              53.1588417
            ],
            [
              8.2088825,
              53.1589448
            ],
            [
              8.2088779,
              53.1589643
            ],
            [
              8.2088702,
              53.1589953
            ],
            [
              8.2088489,
              53.159087
            ],
            [
              8.2088188,
              53.1592166
            ],
            [
              8.2087827,
              53.1593951
            ],
            [
              8.2086854,
              53.1598392
            ],
            [
              8.2086522,
              53.1599721
            ],
            [
              8.2085982,
              53.1600753
            ],
            [
              8.2085139,
              53.1602242
            ],
            [
              8.2084713,
              53.1602832
            ],
            [
              8.2083268,
              53.1604334
            ],
            [
              8.2082651,
              53.1604868
            ],
            [
              8.2081192,
              53.1605908
            ],
            [
              8.2076925,
              53.1608344
            ],
            [
              8.2070999,
              53.1604096
            ],
            [
              8.2064259,
              53.1603783
            ],
            [
              8.2064054,
              53.1605641
            ],
            [
              8.2063815,
              53.1607364
            ],
            [
              8.2059956,
              53.1607264
            ],
            [
              8.2056086,
              53.1607036
            ],
            [
              8.2054364,
              53.1607073
            ],
            [
              8.2052952,
              53.1607022
            ],
            [
              8.2051671,
              53.1605481
            ],
            [
              8.20496,
              53.160356
            ],
            [
              8.2037103,
              53.1596446
            ],
            [
              8.2036299,
              53.1595672
            ],
            [
              8.2032764,
              53.1596008
            ],
            [
              8.2029697,
              53.1597825
            ],
            [
              8.2027081,
              53.1599633
            ],
            [
              8.2026281,
              53.1601579
            ],
            [
              8.2024496,
              53.1602733
            ],
            [
              8.2007754,
              53.1593398
            ],
            [
              8.2007157,
              53.1593165
            ],
            [
              8.2007247,
              53.1596545
            ],
            [
              8.1998551,
              53.1591252
            ],
            [
              8.1974857,
              53.1576899
            ],
            [
              8.196611,
              53.1571478
            ],
            [
              8.1959482,
              53.1566597
            ],
            [
              8.1951253,
              53.1558716
            ],
            [
              8.1946891,
              53.1552541
            ],
            [
              8.1944232,
              53.1547122
            ],
            [
              8.1942124,
              53.1539959
            ],
            [
              8.1940674,
              53.15323
            ],
            [
              8.1940494,
              53.153088
            ],
            [
              8.1936757,
              53.1512094
            ],
            [
              8.1932738,
              53.1491131
            ]
          ]
        ]
      }
    },
    {
      "type": "Feature",
      "properties": {
        "name": "Ehnern",
        "city": "Oldenburg",
        "osm_id": 3677212,
        "osm_type": "relation",
        "display": "Ehnernviertel, Oldenburg, Niedersachsen, Deutschland"
      },
      "geometry": {
        "type": "Polygon",
        "coordinates": [
          [
            [
              8.2066464,
              53.1614012
            ],
            [
              8.2070028,
              53.1612218
            ],
            [
              8.20706,
              53.1611897
            ],
            [
              8.2076925,
              53.1608344
            ],
            [
              8.2081192,
              53.1605908
            ],
            [
              8.2082651,
              53.1604868
            ],
            [
              8.2083268,
              53.1604334
            ],
            [
              8.2084713,
              53.1602832
            ],
            [
              8.2085139,
              53.1602242
            ],
            [
              8.2085982,
              53.1600753
            ],
            [
              8.2086522,
              53.1599721
            ],
            [
              8.2086854,
              53.1598392
            ],
            [
              8.2087827,
              53.1593951
            ],
            [
              8.2088188,
              53.1592166
            ],
            [
              8.2088489,
              53.159087
            ],
            [
              8.2088702,
              53.1589953
            ],
            [
              8.2088779,
              53.1589643
            ],
            [
              8.2088825,
              53.1589448
            ],
            [
              8.2089115,
              53.1588417
            ],
            [
              8.2089406,
              53.1587243
            ],
            [
              8.2089742,
              53.1585616
            ],
            [
              8.2090401,
              53.1582705
            ],
            [
              8.2090438,
              53.1582548
            ],
            [
              8.2090657,
              53.1581539
            ],
            [
              8.2090918,
              53.1580319
            ],
            [
              8.2091571,
              53.1577343
            ],
            [
              8.2092576,
              53.1573367
            ],
            [
              8.2093417,
              53.1569537
            ],
            [
              8.2093642,
              53.1568626
            ],
            [
              8.2094132,
              53.1566869
            ],
            [
              8.20943,
              53.1566297
            ],
            [
              8.2094749,
              53.1564512
            ],
            [
              8.2094905,
              53.156395
            ],
            [
              8.2095209,
              53.1562779
            ],
            [
              8.2095552,
              53.1561719
            ],
            [
              8.2095772,
              53.1561113
            ],
            [
              8.2097108,
              53.1556955
            ],
            [
              8.2097441,
              53.1555991
            ],
            [
              8.2097701,
              53.155524
            ],
            [
              8.209775,
              53.1555098
            ],
            [
              8.2098876,
              53.1551725
            ],
            [
              8.2099562,
              53.1549975
            ],
            [
              8.2099787,
              53.154941
            ],
            [
              8.2101277,
              53.1546051
            ],
            [
              8.210285,
              53.1542796
            ],
            [
              8.2103005,
              53.1542461
            ],
            [
              8.2103729,
              53.1540961
            ],
            [
              8.2104469,
              53.1539318
            ],
            [
              8.210545,
              53.1537286
            ],
            [
              8.2105911,
              53.1536724
            ],
            [
              8.2106854,
              53.1534659
            ],
            [
              8.2107931,
              53.1532476
            ],
            [
              8.2111184,
              53.152784
            ],
            [
              8.2113003,
              53.152566
            ],
            [
              8.2117191,
              53.1520942
            ],
            [
              8.2118198,
              53.1519869
            ],
            [
              8.211958,
              53.1518259
            ],
            [
              8.2122491,
              53.151521
            ],
            [
              8.2125463,
              53.1511928
            ],
            [
              8.2127386,
              53.1509595
            ],
            [
              8.2129831,
              53.1507005
            ],
            [
              8.2132291,
              53.1504295
            ],
            [
              8.2133682,
              53.1502685
            ],
            [
              8.2135402,
              53.1500845
            ],
            [
              8.2138065,
              53.1497396
            ],
            [
              8.2138803,
              53.1496478
            ],
            [
              8.2139491,
              53.149552
            ],
            [
              8.2140847,
              53.1493634
            ],
            [
              8.2142857,
              53.1490601
            ],
            [
              8.2143886,
              53.1489177
            ],
            [
              8.2144725,
              53.1487767
            ],
            [
              8.2145266,
              53.1486347
            ],
            [
              8.2145975,
              53.1483461
            ],
            [
              8.2146178,
              53.1482054
            ],
            [
              8.2146208,
              53.1480718
            ],
            [
              8.214601,
              53.1479898
            ],
            [
              8.2146086,
              53.1479199
            ],
            [
              8.2146054,
              53.1478117
            ],
            [
              8.2148033,
              53.1479914
            ],
            [
              8.2153637,
              53.1487152
            ],
            [
              8.2156062,
              53.1490517
            ],
            [
              8.216407,
              53.1501795
            ],
            [
              8.2166611,
              53.1505465
            ],
            [
              8.2169818,
              53.1510004
            ],
            [
              8.2174663,
              53.1516956
            ],
            [
              8.2179726,
              53.1524521
            ],
            [
              8.2181958,
              53.1527648
            ],
            [
              8.2184509,
              53.1530979
            ],
            [
              8.218898,
              53.1537691
            ],
            [
              8.219382,
              53.1544649
            ],
            [
              8.2199167,
              53.155202
            ],
            [
              8.2204072,
              53.1559324
            ],
            [
              8.2206025,
              53.1563613
            ],
            [
              8.2208405,
              53.157013
            ],
            [
              8.2209335,
              53.1572958
            ],
            [
              8.2211168,
              53.1577568
            ],
            [
              8.2213147,
              53.1582973
            ],
            [
              8.2214437,
              53.1586294
            ],
            [
              8.2215827,
              53.159072
            ],
            [
              8.2216581,
              53.1592624
            ],
            [
              8.2218264,
              53.1595733
            ],
            [
              8.2220678,
              53.1599156
            ],
            [
              8.2223255,
              53.1602286
            ],
            [
              8.2227935,
              53.1607892
            ],
            [
              8.2230959,
              53.1611309
            ],
            [
              8.2233829,
              53.1614756
            ],
            [
              8.2234075,
              53.16148
            ],
            [
              8.2233974,
              53.1614866
            ],
            [
              8.2227597,
              53.1616912
            ],
            [
              8.2223972,
              53.1617931
            ],
            [
              8.2216424,
              53.1620255
            ],
            [
              8.2214283,
              53.1621
            ],
            [
              8.2209107,
              53.162265
            ],
            [
              8.2207309,
              53.1623269
            ],
            [
              8.2196308,
              53.162675
            ],
            [
              8.219318,
              53.1627743
            ],
            [
              8.2186649,
              53.1629815
            ],
            [
              8.2180769,
              53.1631761
            ],
            [
              8.217899,
              53.1632583
            ],
            [
              8.2178256,
              53.1632978
            ],
            [
              8.2177731,
              53.1633333
            ],
            [
              8.2176458,
              53.1634225
            ],
            [
              8.217611,
              53.1634499
            ],
            [
              8.2141954,
              53.1628543
            ],
            [
              8.2109176,
              53.1622252
            ],
            [
              8.2104055,
              53.1621294
            ],
            [
              8.2101993,
              53.1620902
            ],
            [
              8.2100056,
              53.1620533
            ],
            [
              8.2089353,
              53.1618488
            ],
            [
              8.2084613,
              53.1617642
            ],
            [
              8.2084018,
              53.1617536
            ],
            [
              8.2080751,
              53.1616944
            ],
            [
              8.2078212,
              53.1616397
            ],
            [
              8.2077851,
              53.1616319
            ],
            [
              8.2070052,
              53.161484
            ],
            [
              8.2066464,
              53.1614012
            ]
          ]
        ]
      }
    },
    {
      "type": "Feature",
      "properties": {
        "name": "Bürgeresch",
        "city": "Oldenburg",
        "osm_id": 3677209,
        "osm_type": "relation",
        "display": "Bürgeresch, Oldenburg, Niedersachsen, Deutschland"
      },
      "geometry": {
        "type": "Polygon",
        "coordinates": [
          [
            [
              8.2139475,
              53.146431
            ],
            [
              8.2139568,
              53.1463727
            ],
            [
              8.2139752,
              53.1462827
            ],
            [
              8.213993,
              53.1462113
            ],
            [
              8.2140305,
              53.1461287
            ],
            [
              8.2140806,
              53.1460571
            ],
            [
              8.2141047,
              53.1460238
            ],
            [
              8.2141624,
              53.1459581
            ],
            [
              8.2142333,
              53.1458831
            ],
            [
              8.2142755,
              53.1458126
            ],
            [
              8.214339,
              53.1457461
            ],
            [
              8.2143548,
              53.1457296
            ],
            [
              8.2143841,
              53.1456997
            ],
            [
              8.2144279,
              53.1456537
            ],
            [
              8.2144877,
              53.1455801
            ],
            [
              8.2145259,
              53.1455203
            ],
            [
              8.2145174,
              53.1454248
            ],
            [
              8.2146316,
              53.1454052
            ],
            [
              8.2149663,
              53.1453463
            ],
            [
              8.2151824,
              53.1453659
            ],
            [
              8.2172424,
              53.1450232
            ],
            [
              8.2176527,
              53.1449685
            ],
            [
              8.2188919,
              53.1448463
            ],
            [
              8.2215065,
              53.1447713
            ],
            [
              8.2221293,
              53.1447272
            ],
            [
              8.2246631,
              53.1444025
            ],
            [
              8.2248308,
              53.1446814
            ],
            [
              8.2248994,
              53.1447969
            ],
            [
              8.2251689,
              53.1452527
            ],
            [
              8.2252257,
              53.1453442
            ],
            [
              8.2255513,
              53.1458804
            ],
            [
              8.2256139,
              53.1459812
            ],
            [
              8.2256623,
              53.1460609
            ],
            [
              8.2256989,
              53.1461152
            ],
            [
              8.2257413,
              53.1461915
            ],
            [
              8.2258731,
              53.1464163
            ],
            [
              8.2259023,
              53.1464721
            ],
            [
              8.2259234,
              53.1465244
            ],
            [
              8.2259472,
              53.1466137
            ],
            [
              8.2259584,
              53.1466909
            ],
            [
              8.2259606,
              53.1467161
            ],
            [
              8.2259688,
              53.1468096
            ],
            [
              8.2259532,
              53.1469017
            ],
            [
              8.225949,
              53.1469268
            ],
            [
              8.2259045,
              53.1470588
            ],
            [
              8.2258509,
              53.1471745
            ],
            [
              8.225753,
              53.1473143
            ],
            [
              8.2255983,
              53.147458
            ],
            [
              8.2253553,
              53.1476685
            ],
            [
              8.2247903,
              53.1481239
            ],
            [
              8.2245489,
              53.1483181
            ],
            [
              8.2244509,
              53.1483926
            ],
            [
              8.2247667,
              53.1485099
            ],
            [
              8.2255725,
              53.148814
            ],
            [
              8.2257875,
              53.1488923
            ],
            [
              8.2259474,
              53.1489468
            ],
            [
              8.2260553,
              53.1489792
            ],
            [
              8.2260942,
              53.1489896
            ],
            [
              8.2261437,
              53.1490044
            ],
            [
              8.2264095,
              53.1490782
            ],
            [
              8.2263726,
              53.1491583
            ],
            [
              8.2263676,
              53.1492104
            ],
            [
              8.2270756,
              53.1497163
            ],
            [
              8.2279195,
              53.1501745
            ],
            [
              8.228059,
              53.1502511
            ],
            [
              8.2281193,
              53.1502856
            ],
            [
              8.2285831,
              53.1505567
            ],
            [
              8.2290838,
              53.1508385
            ],
            [
              8.2294474,
              53.1510472
            ],
            [
              8.2298143,
              53.1513985
            ],
            [
              8.2312917,
              53.1515459
            ],
            [
              8.2312771,
              53.1516443
            ],
            [
              8.2312261,
              53.1518945
            ],
            [
              8.2312191,
              53.1519315
            ],
            [
              8.2311712,
              53.1521859
            ],
            [
              8.2311597,
              53.152247
            ],
            [
              8.2311441,
              53.1523302
            ],
            [
              8.2311431,
              53.1523355
            ],
            [
              8.2311183,
              53.1524671
            ],
            [
              8.2309785,
              53.1532096
            ],
            [
              8.2315748,
              53.1531912
            ],
            [
              8.2315566,
              53.1532679
            ],
            [
              8.231495,
              53.1539924
            ],
            [
              8.2315949,
              53.1543517
            ],
            [
              8.2316767,
              53.154589
            ],
            [
              8.2317445,
              53.1547207
            ],
            [
              8.2317501,
              53.1548145
            ],
            [
              8.2319341,
              53.1561806
            ],
            [
              8.231832,
              53.1563224
            ],
            [
              8.231588,
              53.1562909
            ],
            [
              8.2312686,
              53.1565043
            ],
            [
              8.2312562,
              53.1565744
            ],
            [
              8.2313578,
              53.1566984
            ],
            [
              8.2313537,
              53.1568858
            ],
            [
              8.2314479,
              53.1570354
            ],
            [
              8.2313924,
              53.1571393
            ],
            [
              8.2314318,
              53.1572476
            ],
            [
              8.2315019,
              53.1573473
            ],
            [
              8.2318522,
              53.1577106
            ],
            [
              8.231886,
              53.1578755
            ],
            [
              8.2318817,
              53.1578895
            ],
            [
              8.2318414,
              53.1580201
            ],
            [
              8.2316677,
              53.1583128
            ],
            [
              8.2321743,
              53.1584145
            ],
            [
              8.2321328,
              53.158837
            ],
            [
              8.2321469,
              53.1591971
            ],
            [
              8.2322378,
              53.1592541
            ],
            [
              8.2326257,
              53.1594255
            ],
            [
              8.2330599,
              53.1596297
            ],
            [
              8.2337733,
              53.1599495
            ],
            [
              8.2340209,
              53.1600222
            ],
            [
              8.2339835,
              53.1600443
            ],
            [
              8.2338512,
              53.1601224
            ],
            [
              8.2336865,
              53.1602257
            ],
            [
              8.2334027,
              53.1603922
            ],
            [
              8.2331837,
              53.1605205
            ],
            [
              8.2329683,
              53.1606358
            ],
            [
              8.23284,
              53.1607091
            ],
            [
              8.2323895,
              53.1609706
            ],
            [
              8.2322412,
              53.1610936
            ],
            [
              8.2320188,
              53.1612833
            ],
            [
              8.2317048,
              53.1615311
            ],
            [
              8.2313503,
              53.1617265
            ],
            [
              8.2311539,
              53.1617946
            ],
            [
              8.2311035,
              53.1618037
            ],
            [
              8.2309251,
              53.1618357
            ],
            [
              8.2306511,
              53.1618768
            ],
            [
              8.2305739,
              53.1618788
            ],
            [
              8.2298239,
              53.1619549
            ],
            [
              8.2296825,
              53.1619668
            ],
            [
              8.2293296,
              53.1619966
            ],
            [
              8.2291115,
              53.162015
            ],
            [
              8.2290171,
              53.162023
            ],
            [
              8.22868,
              53.162051
            ],
            [
              8.2276791,
              53.1621272
            ],
            [
              8.2264407,
              53.162225
            ],
            [
              8.2258646,
              53.1622731
            ],
            [
              8.2252924,
              53.1623209
            ],
            [
              8.2245985,
              53.162426
            ],
            [
              8.2242536,
              53.1624783
            ],
            [
              8.2239667,
              53.1621463
            ],
            [
              8.2238244,
              53.1619649
            ],
            [
              8.2237029,
              53.1618191
            ],
            [
              8.2234223,
              53.1614827
            ],
            [
              8.2234075,
              53.16148
            ],
            [
              8.2233829,
              53.1614756
            ],
            [
              8.2230959,
              53.1611309
            ],
            [
              8.2227935,
              53.1607892
            ],
            [
              8.2223255,
              53.1602286
            ],
            [
              8.2220678,
              53.1599156
            ],
            [
              8.2218264,
              53.1595733
            ],
            [
              8.2216581,
              53.1592624
            ],
            [
              8.2215827,
              53.159072
            ],
            [
              8.2214437,
              53.1586294
            ],
            [
              8.2213147,
              53.1582973
            ],
            [
              8.2211168,
              53.1577568
            ],
            [
              8.2209335,
              53.1572958
            ],
            [
              8.2208405,
              53.157013
            ],
            [
              8.2206025,
              53.1563613
            ],
            [
              8.2204072,
              53.1559324
            ],
            [
              8.2199167,
              53.155202
            ],
            [
              8.219382,
              53.1544649
            ],
            [
              8.218898,
              53.1537691
            ],
            [
              8.2184509,
              53.1530979
            ],
            [
              8.2181958,
              53.1527648
            ],
            [
              8.2179726,
              53.1524521
            ],
            [
              8.2174663,
              53.1516956
            ],
            [
              8.2169818,
              53.1510004
            ],
            [
              8.2166611,
              53.1505465
            ],
            [
              8.216407,
              53.1501795
            ],
            [
              8.2156062,
              53.1490517
            ],
            [
              8.2153637,
              53.1487152
            ],
            [
              8.2148033,
              53.1479914
            ],
            [
              8.2146054,
              53.1478117
            ],
            [
              8.2144636,
              53.1476868
            ],
            [
              8.2144155,
              53.1475891
            ],
            [
              8.2143888,
              53.1475292
            ],
            [
              8.2142626,
              53.1472332
            ],
            [
              8.2141993,
              53.1470922
            ],
            [
              8.2141209,
              53.1469096
            ],
            [
              8.2140166,
              53.1466646
            ],
            [
              8.2139909,
              53.146601
            ],
            [
              8.2139799,
              53.146574
            ],
            [
              8.2139725,
              53.1465499
            ],
            [
              8.2139677,
              53.1465343
            ],
            [
              8.2139542,
              53.1464902
            ],
            [
              8.2139475,
              53.146431
            ]
          ]
        ]
      }
    },
    {
      "type": "Feature",
      "properties": {
        "name": "Donnerschwee",
        "city": "Oldenburg",
        "osm_id": 3839134,
        "osm_type": "relation",
        "display": "Donnerschwee, Oldenburg, Niedersachsen, 26123, Deutschland"
      },
      "geometry": {
        "type": "Polygon",
        "coordinates": [
          [
            [
              8.2244509,
              53.1483926
            ],
            [
              8.2245489,
              53.1483181
            ],
            [
              8.2247903,
              53.1481239
            ],
            [
              8.2253553,
              53.1476685
            ],
            [
              8.2255983,
              53.147458
            ],
            [
              8.225753,
              53.1473143
            ],
            [
              8.2258509,
              53.1471745
            ],
            [
              8.2259045,
              53.1470588
            ],
            [
              8.225949,
              53.1469268
            ],
            [
              8.2259532,
              53.1469017
            ],
            [
              8.2259688,
              53.1468096
            ],
            [
              8.2259606,
              53.1467161
            ],
            [
              8.2259584,
              53.1466909
            ],
            [
              8.2259472,
              53.1466137
            ],
            [
              8.2259234,
              53.1465244
            ],
            [
              8.2259023,
              53.1464721
            ],
            [
              8.2258731,
              53.1464163
            ],
            [
              8.2257413,
              53.1461915
            ],
            [
              8.2256989,
              53.1461152
            ],
            [
              8.2256623,
              53.1460609
            ],
            [
              8.2256139,
              53.1459812
            ],
            [
              8.2255513,
              53.1458804
            ],
            [
              8.2252257,
              53.1453442
            ],
            [
              8.2251689,
              53.1452527
            ],
            [
              8.2248994,
              53.1447969
            ],
            [
              8.2248308,
              53.1446814
            ],
            [
              8.2246631,
              53.1444025
            ],
            [
              8.2277459,
              53.1438553
            ],
            [
              8.2284899,
              53.1436562
            ],
            [
              8.2331291,
              53.1408579
            ],
            [
              8.2332615,
              53.1407176
            ],
            [
              8.2336024,
              53.1404623
            ],
            [
              8.2336609,
              53.1404185
            ],
            [
              8.2336806,
              53.1404037
            ],
            [
              8.2340639,
              53.1401279
            ],
            [
              8.236028,
              53.140444
            ],
            [
              8.2398499,
              53.1410582
            ],
            [
              8.2431093,
              53.1414271
            ],
            [
              8.2477447,
              53.1419574
            ],
            [
              8.2495416,
              53.1424327
            ],
            [
              8.2511349,
              53.1430846
            ],
            [
              8.2528676,
              53.1439711
            ],
            [
              8.2533947,
              53.1446125
            ],
            [
              8.2533965,
              53.1446702
            ],
            [
              8.2533986,
              53.1447393
            ],
            [
              8.2533073,
              53.1447991
            ],
            [
              8.2532583,
              53.1448368
            ],
            [
              8.2531118,
              53.1449391
            ],
            [
              8.2530086,
              53.1450291
            ],
            [
              8.2521288,
              53.1455568
            ],
            [
              8.2510237,
              53.1463418
            ],
            [
              8.2502834,
              53.146921
            ],
            [
              8.2502298,
              53.1469531
            ],
            [
              8.2500367,
              53.146966
            ],
            [
              8.2498757,
              53.1469982
            ],
            [
              8.2497255,
              53.1471655
            ],
            [
              8.2496012,
              53.1472729
            ],
            [
              8.2494681,
              53.1475902
            ],
            [
              8.2493071,
              53.1477382
            ],
            [
              8.2492332,
              53.1479178
            ],
            [
              8.2499025,
              53.1482264
            ],
            [
              8.2499275,
              53.1482703
            ],
            [
              8.2500377,
              53.1483309
            ],
            [
              8.2510878,
              53.1490837
            ],
            [
              8.2517244,
              53.1495831
            ],
            [
              8.2523572,
              53.1500989
            ],
            [
              8.2527975,
              53.150298
            ],
            [
              8.2531889,
              53.1504008
            ],
            [
              8.2532894,
              53.1504311
            ],
            [
              8.2534422,
              53.1504015
            ],
            [
              8.2534685,
              53.1503964
            ],
            [
              8.253663,
              53.1505436
            ],
            [
              8.2536937,
              53.1505564
            ],
            [
              8.2541887,
              53.1507624
            ],
            [
              8.2548432,
              53.1509747
            ],
            [
              8.2557122,
              53.151142
            ],
            [
              8.2558517,
              53.1512127
            ],
            [
              8.2558624,
              53.1512835
            ],
            [
              8.255767,
              53.1513729
            ],
            [
              8.2548537,
              53.1519051
            ],
            [
              8.2538743,
              53.1524658
            ],
            [
              8.2538118,
              53.152633
            ],
            [
              8.2539558,
              53.1528086
            ],
            [
              8.2542366,
              53.1530073
            ],
            [
              8.2543455,
              53.1531614
            ],
            [
              8.2542687,
              53.153379
            ],
            [
              8.2539729,
              53.1537137
            ],
            [
              8.2533904,
              53.1542163
            ],
            [
              8.2526323,
              53.1548273
            ],
            [
              8.2533797,
              53.1550421
            ],
            [
              8.2535927,
              53.1550676
            ],
            [
              8.2537742,
              53.1550071
            ],
            [
              8.2542723,
              53.1546397
            ],
            [
              8.2546823,
              53.1547707
            ],
            [
              8.2549934,
              53.1548543
            ],
            [
              8.2560341,
              53.154938
            ],
            [
              8.2556157,
              53.1552017
            ],
            [
              8.2555319,
              53.1559207
            ],
            [
              8.2558767,
              53.1558727
            ],
            [
              8.2561614,
              53.1558755
            ],
            [
              8.2565173,
              53.1559223
            ],
            [
              8.2568778,
              53.1559329
            ],
            [
              8.2574806,
              53.1558985
            ],
            [
              8.2577283,
              53.1559176
            ],
            [
              8.2580069,
              53.156032
            ],
            [
              8.2581717,
              53.1560438
            ],
            [
              8.2582979,
              53.1562182
            ],
            [
              8.2584266,
              53.1563469
            ],
            [
              8.2586627,
              53.1566621
            ],
            [
              8.2588021,
              53.1569259
            ],
            [
              8.2589094,
              53.1572861
            ],
            [
              8.2589953,
              53.1578008
            ],
            [
              8.2590006,
              53.1579713
            ],
            [
              8.2591455,
              53.157997
            ],
            [
              8.2601003,
              53.1577976
            ],
            [
              8.2606636,
              53.1581836
            ],
            [
              8.2611947,
              53.1585277
            ],
            [
              8.2617232,
              53.1587445
            ],
            [
              8.2618655,
              53.15877
            ],
            [
              8.2618833,
              53.1589238
            ],
            [
              8.2620167,
              53.1590433
            ],
            [
              8.2620863,
              53.159116
            ],
            [
              8.2621272,
              53.1593086
            ],
            [
              8.2621272,
              53.1594921
            ],
            [
              8.2620507,
              53.1596047
            ],
            [
              8.2618211,
              53.1597215
            ],
            [
              8.2615985,
              53.1597883
            ],
            [
              8.2612228,
              53.1598008
            ],
            [
              8.2605897,
              53.1598216
            ],
            [
              8.2603506,
              53.1600127
            ],
            [
              8.2598614,
              53.1604038
            ],
            [
              8.2593723,
              53.1610164
            ],
            [
              8.2592682,
              53.1611031
            ],
            [
              8.2590828,
              53.1613722
            ],
            [
              8.2585512,
              53.1612134
            ],
            [
              8.2577914,
              53.1610173
            ],
            [
              8.2570927,
              53.1608599
            ],
            [
              8.2564658,
              53.1607399
            ],
            [
              8.2556372,
              53.1606075
            ],
            [
              8.2548153,
              53.1605044
            ],
            [
              8.2541332,
              53.1604336
            ],
            [
              8.2536337,
              53.1603863
            ],
            [
              8.2530344,
              53.160331
            ],
            [
              8.252172,
              53.1602419
            ],
            [
              8.2515916,
              53.1601685
            ],
            [
              8.2505129,
              53.1599927
            ],
            [
              8.2495135,
              53.1597867
            ],
            [
              8.2486774,
              53.1595924
            ],
            [
              8.2473241,
              53.1592595
            ],
            [
              8.2456809,
              53.158856
            ],
            [
              8.2451298,
              53.1587322
            ],
            [
              8.2446218,
              53.1586476
            ],
            [
              8.2442321,
              53.1585918
            ],
            [
              8.243605,
              53.1585242
            ],
            [
              8.2431588,
              53.1584973
            ],
            [
              8.2426475,
              53.1584851
            ],
            [
              8.2421567,
              53.1584914
            ],
            [
              8.2417069,
              53.1585127
            ],
            [
              8.2412516,
              53.1585498
            ],
            [
              8.2408389,
              53.1585958
            ],
            [
              8.2404384,
              53.1586539
            ],
            [
              8.2401062,
              53.1587117
            ],
            [
              8.2395748,
              53.1588256
            ],
            [
              8.2390739,
              53.1589547
            ],
            [
              8.2385535,
              53.1591162
            ],
            [
              8.2381256,
              53.1592711
            ],
            [
              8.2379334,
              53.1593467
            ],
            [
              8.2376951,
              53.1590592
            ],
            [
              8.2375611,
              53.1589014
            ],
            [
              8.2375228,
              53.1588563
            ],
            [
              8.2373275,
              53.1586261
            ],
            [
              8.237189,
              53.158547
            ],
            [
              8.2371195,
              53.1586127
            ],
            [
              8.2369825,
              53.1586884
            ],
            [
              8.2368994,
              53.1587211
            ],
            [
              8.2366392,
              53.1588275
            ],
            [
              8.2358541,
              53.1591486
            ],
            [
              8.2356003,
              53.1592486
            ],
            [
              8.2353849,
              53.1593338
            ],
            [
              8.2353095,
              53.1593635
            ],
            [
              8.2348894,
              53.1595407
            ],
            [
              8.2348134,
              53.1595818
            ],
            [
              8.2347006,
              53.1596373
            ],
            [
              8.2344071,
              53.1597934
            ],
            [
              8.2343846,
              53.1598059
            ],
            [
              8.2340209,
              53.1600222
            ],
            [
              8.2337733,
              53.1599495
            ],
            [
              8.2330599,
              53.1596297
            ],
            [
              8.2326257,
              53.1594255
            ],
            [
              8.2322378,
              53.1592541
            ],
            [
              8.2321469,
              53.1591971
            ],
            [
              8.2321328,
              53.158837
            ],
            [
              8.2321743,
              53.1584145
            ],
            [
              8.2316677,
              53.1583128
            ],
            [
              8.2318414,
              53.1580201
            ],
            [
              8.2318817,
              53.1578895
            ],
            [
              8.231886,
              53.1578755
            ],
            [
              8.2318522,
              53.1577106
            ],
            [
              8.2315019,
              53.1573473
            ],
            [
              8.2314318,
              53.1572476
            ],
            [
              8.2313924,
              53.1571393
            ],
            [
              8.2314479,
              53.1570354
            ],
            [
              8.2313537,
              53.1568858
            ],
            [
              8.2313578,
              53.1566984
            ],
            [
              8.2312562,
              53.1565744
            ],
            [
              8.2312686,
              53.1565043
            ],
            [
              8.231588,
              53.1562909
            ],
            [
              8.231832,
              53.1563224
            ],
            [
              8.2319341,
              53.1561806
            ],
            [
              8.2317501,
              53.1548145
            ],
            [
              8.2317445,
              53.1547207
            ],
            [
              8.2316767,
              53.154589
            ],
            [
              8.2315949,
              53.1543517
            ],
            [
              8.231495,
              53.1539924
            ],
            [
              8.2315566,
              53.1532679
            ],
            [
              8.2315748,
              53.1531912
            ],
            [
              8.2309785,
              53.1532096
            ],
            [
              8.2311183,
              53.1524671
            ],
            [
              8.2311431,
              53.1523355
            ],
            [
              8.2311441,
              53.1523302
            ],
            [
              8.2311597,
              53.152247
            ],
            [
              8.2311712,
              53.1521859
            ],
            [
              8.2312191,
              53.1519315
            ],
            [
              8.2312261,
              53.1518945
            ],
            [
              8.2312771,
              53.1516443
            ],
            [
              8.2312917,
              53.1515459
            ],
            [
              8.2298143,
              53.1513985
            ],
            [
              8.2294474,
              53.1510472
            ],
            [
              8.2290838,
              53.1508385
            ],
            [
              8.2285831,
              53.1505567
            ],
            [
              8.2281193,
              53.1502856
            ],
            [
              8.228059,
              53.1502511
            ],
            [
              8.2279195,
              53.1501745
            ],
            [
              8.2270756,
              53.1497163
            ],
            [
              8.2263676,
              53.1492104
            ],
            [
              8.2263726,
              53.1491583
            ],
            [
              8.2264095,
              53.1490782
            ],
            [
              8.2261437,
              53.1490044
            ],
            [
              8.2260942,
              53.1489896
            ],
            [
              8.2260553,
              53.1489792
            ],
            [
              8.2259474,
              53.1489468
            ],
            [
              8.2257875,
              53.1488923
            ],
            [
              8.2255725,
              53.148814
            ],
            [
              8.2247667,
              53.1485099
            ],
            [
              8.2244509,
              53.1483926
            ]
          ]
        ]
      }
    },
    {
      "type": "Feature",
      "properties": {
        "name": "Osternburg",
        "city": "Oldenburg",
        "osm_id": 3677227,
        "osm_type": "relation",
        "display": "Osternburg, Oldenburg, Niedersachsen, Deutschland"
      },
      "geometry": {
        "type": "Polygon",
        "coordinates": [
          [
            [
              8.2083343,
              53.1226544
            ],
            [
              8.2117319,
              53.1214591
            ],
            [
              8.2120076,
              53.1213629
            ],
            [
              8.2120823,
              53.1213361
            ],
            [
              8.2124018,
              53.1212184
            ],
            [
              8.2124775,
              53.1211912
            ],
            [
              8.2126634,
              53.1211354
            ],
            [
              8.2128471,
              53.1210808
            ],
            [
              8.2128691,
              53.1210751
            ],
            [
              8.2129042,
              53.1210659
            ],
            [
              8.2131601,
              53.1209989
            ],
            [
              8.2132154,
              53.1209838
            ],
            [
              8.2134589,
              53.1209376
            ],
            [
              8.2135195,
              53.1209276
            ],
            [
              8.2136016,
              53.1209125
            ],
            [
              8.2138227,
              53.1208552
            ],
            [
              8.2138911,
              53.120838
            ],
            [
              8.2140612,
              53.1207957
            ],
            [
              8.2142268,
              53.120753
            ],
            [
              8.2145075,
              53.1206857
            ],
            [
              8.2146818,
              53.1206428
            ],
            [
              8.2148501,
              53.1206027
            ],
            [
              8.2150719,
              53.1205514
            ],
            [
              8.2152224,
              53.1205263
            ],
            [
              8.2152723,
              53.1205203
            ],
            [
              8.2154679,
              53.1205288
            ],
            [
              8.2155622,
              53.1205451
            ],
            [
              8.2156361,
              53.1204827
            ],
            [
              8.215784,
              53.1203984
            ],
            [
              8.2158553,
              53.1203683
            ],
            [
              8.2159678,
              53.1203372
            ],
            [
              8.2161828,
              53.120279
            ],
            [
              8.2164743,
              53.1202076
            ],
            [
              8.2180349,
              53.119832
            ],
            [
              8.2183977,
              53.1197356
            ],
            [
              8.2185342,
              53.1197326
            ],
            [
              8.2185589,
              53.1197083
            ],
            [
              8.218593,
              53.1196916
            ],
            [
              8.2187078,
              53.1196611
            ],
            [
              8.219117,
              53.1195576
            ],
            [
              8.2191666,
              53.1195425
            ],
            [
              8.2192078,
              53.1195227
            ],
            [
              8.2192475,
              53.1194957
            ],
            [
              8.2192765,
              53.1194647
            ],
            [
              8.2193627,
              53.1194838
            ],
            [
              8.2195757,
              53.1194883
            ],
            [
              8.2198473,
              53.1194933
            ],
            [
              8.2199386,
              53.1194785
            ],
            [
              8.220012,
              53.1194555
            ],
            [
              8.22011,
              53.1194195
            ],
            [
              8.2203804,
              53.1193033
            ],
            [
              8.2205711,
              53.1192141
            ],
            [
              8.2208369,
              53.1190897
            ],
            [
              8.2209455,
              53.1190377
            ],
            [
              8.2210488,
              53.1189843
            ],
            [
              8.2211719,
              53.1189167
            ],
            [
              8.2213441,
              53.1188114
            ],
            [
              8.2214814,
              53.1186653
            ],
            [
              8.2215365,
              53.118636
            ],
            [
              8.2218517,
              53.1184686
            ],
            [
              8.2221313,
              53.1183318
            ],
            [
              8.2222102,
              53.1182924
            ],
            [
              8.2210024,
              53.1174003
            ],
            [
              8.2238275,
              53.1157672
            ],
            [
              8.222994,
              53.115157
            ],
            [
              8.2251384,
              53.113861
            ],
            [
              8.2264909,
              53.113067
            ],
            [
              8.2274699,
              53.1124491
            ],
            [
              8.2275359,
              53.1124095
            ],
            [
              8.2279004,
              53.1121877
            ],
            [
              8.2286457,
              53.1117823
            ],
            [
              8.2289363,
              53.111968
            ],
            [
              8.2290309,
              53.1119174
            ],
            [
              8.2296326,
              53.1115075
            ],
            [
              8.2298283,
              53.1114881
            ],
            [
              8.2299799,
              53.1114651
            ],
            [
              8.2303332,
              53.1113397
            ],
            [
              8.2305169,
              53.111285
            ],
            [
              8.2341379,
              53.1111297
            ],
            [
              8.2356536,
              53.1111416
            ],
            [
              8.2369369,
              53.111291
            ],
            [
              8.2370378,
              53.1112943
            ],
            [
              8.240038,
              53.1113742
            ],
            [
              8.2393583,
              53.1156555
            ],
            [
              8.2375616,
              53.1268538
            ],
            [
              8.237551,
              53.1269721
            ],
            [
              8.2375451,
              53.1270088
            ],
            [
              8.2375351,
              53.1270668
            ],
            [
              8.2375359,
              53.1271158
            ],
            [
              8.2375161,
              53.127159
            ],
            [
              8.237476,
              53.1273734
            ],
            [
              8.2374173,
              53.1276253
            ],
            [
              8.237363,
              53.1278043
            ],
            [
              8.2373075,
              53.1280473
            ],
            [
              8.2369433,
              53.1303384
            ],
            [
              8.2362515,
              53.1347204
            ],
            [
              8.236183,
              53.1351519
            ],
            [
              8.2358978,
              53.1367515
            ],
            [
              8.2358208,
              53.1373653
            ],
            [
              8.2358051,
              53.1374903
            ],
            [
              8.2358,
              53.1375309
            ],
            [
              8.2357899,
              53.1375954
            ],
            [
              8.235779,
              53.137665
            ],
            [
              8.2357305,
              53.137986
            ],
            [
              8.2357019,
              53.1381349
            ],
            [
              8.2356803,
              53.1382294
            ],
            [
              8.2356426,
              53.1383559
            ],
            [
              8.2356014,
              53.138467
            ],
            [
              8.2354083,
              53.1388188
            ],
            [
              8.2353356,
              53.138922
            ],
            [
              8.2352586,
              53.1390201
            ],
            [
              8.2347729,
              53.1395002
            ],
            [
              8.2345946,
              53.1396642
            ],
            [
              8.2344067,
              53.1398328
            ],
            [
              8.2341984,
              53.1399824
            ],
            [
              8.2341872,
              53.1399907
            ],
            [
              8.2341465,
              53.1400196
            ],
            [
              8.2340418,
              53.1399933
            ],
            [
              8.2280147,
              53.1397902
            ],
            [
              8.2267133,
              53.1400881
            ],
            [
              8.2259301,
              53.1395803
            ],
            [
              8.2253485,
              53.13905
            ],
            [
              8.2249353,
              53.1385769
            ],
            [
              8.2218973,
              53.1348988
            ],
            [
              8.220129,
              53.133258
            ],
            [
              8.219977,
              53.1331947
            ],
            [
              8.2198333,
              53.1331349
            ],
            [
              8.2184748,
              53.1318492
            ],
            [
              8.2180095,
              53.1310746
            ],
            [
              8.2169802,
              53.1304594
            ],
            [
              8.213962,
              53.1278296
            ],
            [
              8.2137178,
              53.1275225
            ],
            [
              8.2134668,
              53.1271057
            ],
            [
              8.2134414,
              53.1270799
            ],
            [
              8.2131771,
              53.1268117
            ],
            [
              8.2129914,
              53.1266415
            ],
            [
              8.2128237,
              53.1264891
            ],
            [
              8.2118908,
              53.1256545
            ],
            [
              8.2092825,
              53.1233822
            ],
            [
              8.2083343,
              53.1226544
            ]
          ]
        ]
      }
    },
    {
      "type": "Feature",
      "properties": {
        "name": "Drielake",
        "city": "Oldenburg",
        "osm_id": 3677210,
        "osm_type": "relation",
        "display": "Drielake, Oldenburg, Niedersachsen, Deutschland"
      },
      "geometry": {
        "type": "Polygon",
        "coordinates": [
          [
            [
              8.2340639,
              53.1401279
            ],
            [
              8.2341985,
              53.1400327
            ],
            [
              8.2341465,
              53.1400196
            ],
            [
              8.2341872,
              53.1399907
            ],
            [
              8.2341984,
              53.1399824
            ],
            [
              8.2344067,
              53.1398328
            ],
            [
              8.2345946,
              53.1396642
            ],
            [
              8.2347729,
              53.1395002
            ],
            [
              8.2352586,
              53.1390201
            ],
            [
              8.2353356,
              53.138922
            ],
            [
              8.2354083,
              53.1388188
            ],
            [
              8.2356014,
              53.138467
            ],
            [
              8.2356426,
              53.1383559
            ],
            [
              8.2356803,
              53.1382294
            ],
            [
              8.2357019,
              53.1381349
            ],
            [
              8.2357305,
              53.137986
            ],
            [
              8.235779,
              53.137665
            ],
            [
              8.2357899,
              53.1375954
            ],
            [
              8.2358,
              53.1375309
            ],
            [
              8.2358051,
              53.1374903
            ],
            [
              8.2358208,
              53.1373653
            ],
            [
              8.2358978,
              53.1367515
            ],
            [
              8.236183,
              53.1351519
            ],
            [
              8.2362515,
              53.1347204
            ],
            [
              8.2369433,
              53.1303384
            ],
            [
              8.2373075,
              53.1280473
            ],
            [
              8.237363,
              53.1278043
            ],
            [
              8.2374173,
              53.1276253
            ],
            [
              8.237476,
              53.1273734
            ],
            [
              8.2375161,
              53.127159
            ],
            [
              8.2375359,
              53.1271158
            ],
            [
              8.2375351,
              53.1270668
            ],
            [
              8.2375451,
              53.1270088
            ],
            [
              8.237551,
              53.1269721
            ],
            [
              8.2375616,
              53.1268538
            ],
            [
              8.2393583,
              53.1156555
            ],
            [
              8.239335,
              53.1160187
            ],
            [
              8.2393521,
              53.1162723
            ],
            [
              8.2394392,
              53.1166495
            ],
            [
              8.2396356,
              53.1170724
            ],
            [
              8.2398836,
              53.1175427
            ],
            [
              8.2399741,
              53.1177866
            ],
            [
              8.2400264,
              53.1180216
            ],
            [
              8.2400438,
              53.1184141
            ],
            [
              8.2400016,
              53.118832
            ],
            [
              8.2398411,
              53.1193959
            ],
            [
              8.2393382,
              53.1211224
            ],
            [
              8.2387636,
              53.1232063
            ],
            [
              8.2386285,
              53.1236744
            ],
            [
              8.2385759,
              53.1239447
            ],
            [
              8.2385322,
              53.1240964
            ],
            [
              8.2384813,
              53.1243941
            ],
            [
              8.238474,
              53.1247969
            ],
            [
              8.2385139,
              53.1252262
            ],
            [
              8.2386001,
              53.1256189
            ],
            [
              8.2387466,
              53.1260391
            ],
            [
              8.2388303,
              53.126193
            ],
            [
              8.2390449,
              53.1266023
            ],
            [
              8.2390637,
              53.1266378
            ],
            [
              8.2390979,
              53.1267042
            ],
            [
              8.2391276,
              53.1267562
            ],
            [
              8.240008,
              53.1282996
            ],
            [
              8.2405376,
              53.1292456
            ],
            [
              8.2409735,
              53.1300114
            ],
            [
              8.2412962,
              53.1304187
            ],
            [
              8.2415414,
              53.1306585
            ],
            [
              8.2424525,
              53.1314505
            ],
            [
              8.2428005,
              53.1317531
            ],
            [
              8.2431686,
              53.1320301
            ],
            [
              8.2432663,
              53.1320908
            ],
            [
              8.243281,
              53.1320998
            ],
            [
              8.2437647,
              53.1324
            ],
            [
              8.2442343,
              53.1325833
            ],
            [
              8.2447109,
              53.1327388
            ],
            [
              8.2458569,
              53.1329478
            ],
            [
              8.2468618,
              53.1329717
            ],
            [
              8.2471183,
              53.1329576
            ],
            [
              8.2474438,
              53.1329235
            ],
            [
              8.2478716,
              53.1328671
            ],
            [
              8.2484406,
              53.1327763
            ],
            [
              8.2488975,
              53.132683
            ],
            [
              8.2496823,
              53.1324674
            ],
            [
              8.250052,
              53.1323716
            ],
            [
              8.2508647,
              53.1322015
            ],
            [
              8.2515867,
              53.1320124
            ],
            [
              8.2530523,
              53.1316692
            ],
            [
              8.2530861,
              53.1317081
            ],
            [
              8.2531893,
              53.1318473
            ],
            [
              8.2534359,
              53.1320333
            ],
            [
              8.2538851,
              53.1324013
            ],
            [
              8.2542258,
              53.1326778
            ],
            [
              8.2544182,
              53.1328374
            ],
            [
              8.2551786,
              53.1334639
            ],
            [
              8.2557714,
              53.133923
            ],
            [
              8.2558842,
              53.1340175
            ],
            [
              8.2563692,
              53.1342349
            ],
            [
              8.2559619,
              53.1345753
            ],
            [
              8.2509893,
              53.1377887
            ],
            [
              8.2505876,
              53.1381845
            ],
            [
              8.2504475,
              53.1384113
            ],
            [
              8.2503751,
              53.1388481
            ],
            [
              8.2498744,
              53.1410046
            ],
            [
              8.2500527,
              53.1411581
            ],
            [
              8.2503746,
              53.1413158
            ],
            [
              8.2509432,
              53.1415024
            ],
            [
              8.2513831,
              53.1416762
            ],
            [
              8.2515869,
              53.1418178
            ],
            [
              8.2517586,
              53.142043
            ],
            [
              8.2528676,
              53.1439711
            ],
            [
              8.2511349,
              53.1430846
            ],
            [
              8.2495416,
              53.1424327
            ],
            [
              8.2477447,
              53.1419574
            ],
            [
              8.2431093,
              53.1414271
            ],
            [
              8.2398499,
              53.1410582
            ],
            [
              8.236028,
              53.140444
            ],
            [
              8.2340639,
              53.1401279
            ]
          ]
        ]
      }
    },
    {
      "type": "Feature",
      "properties": {
        "name": "Eversten",
        "city": "Oldenburg",
        "osm_id": 3677214,
        "osm_type": "relation",
        "display": "Eversten, Oldenburg, Niedersachsen, 26131, Deutschland"
      },
      "geometry": {
        "type": "Polygon",
        "coordinates": [
          [
            [
              8.1305254,
              53.118778
            ],
            [
              8.1306301,
              53.1187615
            ],
            [
              8.1324987,
              53.1189367
            ],
            [
              8.136706,
              53.1193579
            ],
            [
              8.1407387,
              53.1197616
            ],
            [
              8.1457275,
              53.1202753
            ],
            [
              8.1466009,
              53.1203664
            ],
            [
              8.1482107,
              53.1204986
            ],
            [
              8.1501051,
              53.120739
            ],
            [
              8.1503202,
              53.1189334
            ],
            [
              8.1506966,
              53.1171038
            ],
            [
              8.1508076,
              53.1156055
            ],
            [
              8.1508511,
              53.1153398
            ],
            [
              8.1511086,
              53.1153398
            ],
            [
              8.151409,
              53.1153398
            ],
            [
              8.1520527,
              53.1154943
            ],
            [
              8.1524013,
              53.1156162
            ],
            [
              8.1542866,
              53.1160415
            ],
            [
              8.157233,
              53.1168708
            ],
            [
              8.1578828,
              53.1170563
            ],
            [
              8.1587517,
              53.1172996
            ],
            [
              8.1604099,
              53.1177678
            ],
            [
              8.1604936,
              53.1177952
            ],
            [
              8.1606785,
              53.1178505
            ],
            [
              8.1614154,
              53.1180196
            ],
            [
              8.1622048,
              53.1181725
            ],
            [
              8.1631044,
              53.1183615
            ],
            [
              8.1652079,
              53.1188545
            ],
            [
              8.1653577,
              53.118882
            ],
            [
              8.1666763,
              53.1192488
            ],
            [
              8.1668338,
              53.1192475
            ],
            [
              8.1671517,
              53.1192334
            ],
            [
              8.1675075,
              53.1192495
            ],
            [
              8.1694648,
              53.1194856
            ],
            [
              8.1696977,
              53.1186541
            ],
            [
              8.1698966,
              53.1176236
            ],
            [
              8.1704017,
              53.1158924
            ],
            [
              8.1707779,
              53.1149042
            ],
            [
              8.1725913,
              53.1135454
            ],
            [
              8.1742871,
              53.1116459
            ],
            [
              8.1739143,
              53.1115134
            ],
            [
              8.1744075,
              53.1105709
            ],
            [
              8.1750706,
              53.1107164
            ],
            [
              8.1757681,
              53.1093631
            ],
            [
              8.1807167,
              53.1105076
            ],
            [
              8.1862786,
              53.1117936
            ],
            [
              8.1880233,
              53.1119987
            ],
            [
              8.1881124,
              53.1123655
            ],
            [
              8.1895899,
              53.1129427
            ],
            [
              8.1940309,
              53.1146787
            ],
            [
              8.1961593,
              53.1154469
            ],
            [
              8.1979009,
              53.1161877
            ],
            [
              8.1986213,
              53.116535
            ],
            [
              8.2011649,
              53.1180971
            ],
            [
              8.2025213,
              53.1188999
            ],
            [
              8.2068138,
              53.1216361
            ],
            [
              8.207506,
              53.1220306
            ],
            [
              8.2083343,
              53.1226544
            ],
            [
              8.2092825,
              53.1233822
            ],
            [
              8.2118908,
              53.1256545
            ],
            [
              8.2128237,
              53.1264891
            ],
            [
              8.2129914,
              53.1266415
            ],
            [
              8.2131771,
              53.1268117
            ],
            [
              8.2134414,
              53.1270799
            ],
            [
              8.2129183,
              53.1272684
            ],
            [
              8.2127569,
              53.1273161
            ],
            [
              8.2120296,
              53.1274819
            ],
            [
              8.2114622,
              53.1276718
            ],
            [
              8.2107201,
              53.1278521
            ],
            [
              8.2093923,
              53.1281002
            ],
            [
              8.2088187,
              53.1281835
            ],
            [
              8.2087449,
              53.1281968
            ],
            [
              8.2088632,
              53.1283596
            ],
            [
              8.2093239,
              53.1290683
            ],
            [
              8.2097124,
              53.1305712
            ],
            [
              8.209921,
              53.1307238
            ],
            [
              8.2104484,
              53.1310294
            ],
            [
              8.2110548,
              53.1313882
            ],
            [
              8.2116518,
              53.131718
            ],
            [
              8.2117342,
              53.1317867
            ],
            [
              8.2117861,
              53.1318455
            ],
            [
              8.2117973,
              53.1320566
            ],
            [
              8.2117846,
              53.1321235
            ],
            [
              8.2117114,
              53.132509
            ],
            [
              8.2116344,
              53.1331441
            ],
            [
              8.2119607,
              53.1334783
            ],
            [
              8.212637,
              53.1339195
            ],
            [
              8.2126753,
              53.1339425
            ],
            [
              8.2133951,
              53.1343486
            ],
            [
              8.2136488,
              53.1344932
            ],
            [
              8.2139547,
              53.135359
            ],
            [
              8.2145444,
              53.1356827
            ],
            [
              8.2153593,
              53.1360592
            ],
            [
              8.2160545,
              53.1363462
            ],
            [
              8.2158922,
              53.1363851
            ],
            [
              8.2157866,
              53.1364186
            ],
            [
              8.2155082,
              53.1364591
            ],
            [
              8.2152762,
              53.1364266
            ],
            [
              8.2149865,
              53.1363591
            ],
            [
              8.2147076,
              53.1363221
            ],
            [
              8.2145144,
              53.1363188
            ],
            [
              8.2142999,
              53.1363929
            ],
            [
              8.214155,
              53.1365377
            ],
            [
              8.2140451,
              53.1368032
            ],
            [
              8.2140209,
              53.136993
            ],
            [
              8.2139351,
              53.1371218
            ],
            [
              8.2138385,
              53.1372167
            ],
            [
              8.2137534,
              53.1372747
            ],
            [
              8.2133958,
              53.1374392
            ],
            [
              8.2132956,
              53.1374934
            ],
            [
              8.2132546,
              53.137443
            ],
            [
              8.2132203,
              53.1373987
            ],
            [
              8.2128901,
              53.136982
            ],
            [
              8.2126994,
              53.1367299
            ],
            [
              8.2126075,
              53.1366143
            ],
            [
              8.2125137,
              53.1365077
            ],
            [
              8.2124283,
              53.136436
            ],
            [
              8.2123082,
              53.1363498
            ],
            [
              8.2120524,
              53.1361957
            ],
            [
              8.2118137,
              53.1360722
            ],
            [
              8.2110384,
              53.1356549
            ],
            [
              8.2107164,
              53.1354802
            ],
            [
              8.2103962,
              53.1353042
            ],
            [
              8.2101653,
              53.1351726
            ],
            [
              8.21006,
              53.1351229
            ],
            [
              8.2099592,
              53.135081
            ],
            [
              8.209857,
              53.1350512
            ],
            [
              8.2098237,
              53.1350461
            ],
            [
              8.2096017,
              53.135012
            ],
            [
              8.2091906,
              53.1349555
            ],
            [
              8.209114,
              53.1349438
            ],
            [
              8.2087514,
              53.1348921
            ],
            [
              8.2086953,
              53.1348841
            ],
            [
              8.2081692,
              53.1348092
            ],
            [
              8.2080163,
              53.1347877
            ],
            [
              8.2078417,
              53.1347624
            ],
            [
              8.2071563,
              53.1346632
            ],
            [
              8.2070279,
              53.1346421
            ],
            [
              8.2069071,
              53.1346089
            ],
            [
              8.2068143,
              53.1345693
            ],
            [
              8.2065452,
              53.1344143
            ],
            [
              8.2062066,
              53.13421
            ],
            [
              8.2060584,
              53.1341343
            ],
            [
              8.2058994,
              53.1340886
            ],
            [
              8.2057635,
              53.1340605
            ],
            [
              8.2052172,
              53.1339942
            ],
            [
              8.2051681,
              53.1339889
            ],
            [
              8.2049954,
              53.13398
            ],
            [
              8.2048856,
              53.1339768
            ],
            [
              8.204778,
              53.1339756
            ],
            [
              8.2045607,
              53.1339784
            ],
            [
              8.204587,
              53.1340778
            ],
            [
              8.2045886,
              53.1341131
            ],
            [
              8.2045957,
              53.1342765
            ],
            [
              8.2045901,
              53.1343914
            ],
            [
              8.2045812,
              53.134638
            ],
            [
              8.204644,
              53.1353706
            ],
            [
              8.2046683,
              53.1354964
            ],
            [
              8.204708,
              53.1356114
            ],
            [
              8.2049459,
              53.1362449
            ],
            [
              8.2049978,
              53.1364879
            ],
            [
              8.2050406,
              53.1367496
            ],
            [
              8.2036086,
              53.1368907
            ],
            [
              8.2019897,
              53.1370655
            ],
            [
              8.2010456,
              53.1372255
            ],
            [
              8.2008421,
              53.1372804
            ],
            [
              8.1987402,
              53.1379545
            ],
            [
              8.1979305,
              53.1382036
            ],
            [
              8.1975263,
              53.1383307
            ],
            [
              8.1970568,
              53.138471
            ],
            [
              8.1970228,
              53.1384364
            ],
            [
              8.1968964,
              53.1384778
            ],
            [
              8.1965996,
              53.1385617
            ],
            [
              8.1964159,
              53.1386137
            ],
            [
              8.19623,
              53.1384106
            ],
            [
              8.1961979,
              53.1384184
            ],
            [
              8.1953592,
              53.1387225
            ],
            [
              8.1955553,
              53.1389213
            ],
            [
              8.1947218,
              53.1392906
            ],
            [
              8.1946871,
              53.1393048
            ],
            [
              8.1941013,
              53.1395344
            ],
            [
              8.1939543,
              53.1395861
            ],
            [
              8.1937913,
              53.1396354
            ],
            [
              8.1931474,
              53.1397995
            ],
            [
              8.1924054,
              53.1399999
            ],
            [
              8.1921907,
              53.1400579
            ],
            [
              8.1921815,
              53.1401211
            ],
            [
              8.1921505,
              53.140333
            ],
            [
              8.1921004,
              53.1406155
            ],
            [
              8.1920633,
              53.1408554
            ],
            [
              8.1920641,
              53.1409876
            ],
            [
              8.1920483,
              53.1412795
            ],
            [
              8.1919853,
              53.1417096
            ],
            [
              8.1919894,
              53.1418143
            ],
            [
              8.1919396,
              53.1418771
            ],
            [
              8.1919052,
              53.1419176
            ],
            [
              8.1917662,
              53.1419943
            ],
            [
              8.1916564,
              53.1419405
            ],
            [
              8.1914896,
              53.1418824
            ],
            [
              8.1911537,
              53.1418063
            ],
            [
              8.1908517,
              53.1417703
            ],
            [
              8.1905981,
              53.1417633
            ],
            [
              8.1903614,
              53.1417539
            ],
            [
              8.1902237,
              53.1417534
            ],
            [
              8.1899439,
              53.1417948
            ],
            [
              8.1896732,
              53.1418416
            ],
            [
              8.1892365,
              53.141917
            ],
            [
              8.1891318,
              53.1419344
            ],
            [
              8.1889002,
              53.1419728
            ],
            [
              8.1887624,
              53.1419957
            ],
            [
              8.1882981,
              53.1420732
            ],
            [
              8.1879532,
              53.1421308
            ],
            [
              8.1875014,
              53.1422048
            ],
            [
              8.1874154,
              53.1422189
            ],
            [
              8.1872966,
              53.1422324
            ],
            [
              8.1871756,
              53.1422337
            ],
            [
              8.187073,
              53.1422262
            ],
            [
              8.186976,
              53.1422124
            ],
            [
              8.1869042,
              53.1421938
            ],
            [
              8.1868264,
              53.1421701
            ],
            [
              8.1866651,
              53.1421042
            ],
            [
              8.1864955,
              53.1420292
            ],
            [
              8.1863796,
              53.1419685
            ],
            [
              8.1862256,
              53.1418735
            ],
            [
              8.1861469,
              53.1418192
            ],
            [
              8.1860174,
              53.14173
            ],
            [
              8.1859469,
              53.1416658
            ],
            [
              8.1858532,
              53.1415841
            ],
            [
              8.1855239,
              53.1412838
            ],
            [
              8.185368,
              53.1411748
            ],
            [
              8.1852382,
              53.1411117
            ],
            [
              8.185016,
              53.1410549
            ],
            [
              8.1847186,
              53.1410075
            ],
            [
              8.184257,
              53.1409405
            ],
            [
              8.1835328,
              53.1408316
            ],
            [
              8.1831382,
              53.1407731
            ],
            [
              8.1827234,
              53.14073
            ],
            [
              8.1822019,
              53.1407464
            ],
            [
              8.1820572,
              53.1407551
            ],
            [
              8.1815509,
              53.1407836
            ],
            [
              8.1810808,
              53.1408101
            ],
            [
              8.1810233,
              53.1408131
            ],
            [
              8.180824,
              53.1408235
            ],
            [
              8.1798028,
              53.1408855
            ],
            [
              8.179403,
              53.1409091
            ],
            [
              8.1787468,
              53.1409636
            ],
            [
              8.1782427,
              53.1409941
            ],
            [
              8.177942,
              53.1410041
            ],
            [
              8.177648,
              53.1410202
            ],
            [
              8.1776215,
              53.1410078
            ],
            [
              8.1774411,
              53.1410142
            ],
            [
              8.1772552,
              53.140996
            ],
            [
              8.1771442,
              53.1409351
            ],
            [
              8.1769815,
              53.1408287
            ],
            [
              8.1769403,
              53.1408017
            ],
            [
              8.1768189,
              53.1407224
            ],
            [
              8.1767577,
              53.1407524
            ],
            [
              8.1766553,
              53.1408007
            ],
            [
              8.1765885,
              53.1408322
            ],
            [
              8.1765605,
              53.1408427
            ],
            [
              8.1765246,
              53.1408562
            ],
            [
              8.1764759,
              53.1408779
            ],
            [
              8.1763535,
              53.1409164
            ],
            [
              8.17618,
              53.1409639
            ],
            [
              8.1761465,
              53.1409725
            ],
            [
              8.1759549,
              53.1410099
            ],
            [
              8.1759175,
              53.141015
            ],
            [
              8.175831,
              53.1410233
            ],
            [
              8.1757687,
              53.1410293
            ],
            [
              8.1755853,
              53.1410476
            ],
            [
              8.1754613,
              53.1410566
            ],
            [
              8.1749856,
              53.1408676
            ],
            [
              8.1747116,
              53.1403165
            ],
            [
              8.1744539,
              53.1401376
            ],
            [
              8.1739404,
              53.1398618
            ],
            [
              8.17364,
              53.1396655
            ],
            [
              8.1733718,
              53.1394467
            ],
            [
              8.1731358,
              53.1392665
            ],
            [
              8.1729534,
              53.1391571
            ],
            [
              8.1727924,
              53.1390863
            ],
            [
              8.172374,
              53.1389768
            ],
            [
              8.1719019,
              53.1389093
            ],
            [
              8.1717035,
              53.1388739
            ],
            [
              8.1712367,
              53.1387966
            ],
            [
              8.1709576,
              53.1387318
            ],
            [
              8.1701478,
              53.1385038
            ],
            [
              8.169724,
              53.1383558
            ],
            [
              8.1694665,
              53.1382335
            ],
            [
              8.1694182,
              53.1382045
            ],
            [
              8.1692895,
              53.1382045
            ],
            [
              8.1691017,
              53.1381949
            ],
            [
              8.16902,
              53.1381888
            ],
            [
              8.1688257,
              53.138118
            ],
            [
              8.1687272,
              53.1380339
            ],
            [
              8.1683581,
              53.1377796
            ],
            [
              8.1683033,
              53.1377525
            ],
            [
              8.1678964,
              53.1375515
            ],
            [
              8.1675606,
              53.1374295
            ],
            [
              8.1665117,
              53.1370484
            ],
            [
              8.1658108,
              53.1368064
            ],
            [
              8.1655484,
              53.1367158
            ],
            [
              8.1646063,
              53.136342
            ],
            [
              8.1626316,
              53.135639
            ],
            [
              8.1615602,
              53.1352745
            ],
            [
              8.1603982,
              53.1349763
            ],
            [
              8.1594829,
              53.1347304
            ],
            [
              8.1583496,
              53.1343984
            ],
            [
              8.1578063,
              53.1342075
            ],
            [
              8.1571982,
              53.133764
            ],
            [
              8.1561582,
              53.133417
            ],
            [
              8.1547872,
              53.1327118
            ],
            [
              8.1543614,
              53.1325687
            ],
            [
              8.1531275,
              53.1321542
            ],
            [
              8.1515884,
              53.1319991
            ],
            [
              8.1514513,
              53.1319461
            ],
            [
              8.1488987,
              53.1315289
            ],
            [
              8.1486739,
              53.1314921
            ],
            [
              8.1484982,
              53.1314634
            ],
            [
              8.1460358,
              53.1316816
            ],
            [
              8.1443334,
              53.1323033
            ],
            [
              8.1440774,
              53.1323261
            ],
            [
              8.144061,
              53.1323168
            ],
            [
              8.1440485,
              53.1323098
            ],
            [
              8.1429588,
              53.1316936
            ],
            [
              8.1422691,
              53.1313037
            ],
            [
              8.1415097,
              53.1308743
            ],
            [
              8.1414993,
              53.1308684
            ],
            [
              8.1411773,
              53.1306621
            ],
            [
              8.1400844,
              53.1300586
            ],
            [
              8.1372189,
              53.1284974
            ],
            [
              8.1354605,
              53.1275712
            ],
            [
              8.1353238,
              53.1274391
            ],
            [
              8.1343843,
              53.1270114
            ],
            [
              8.1339694,
              53.1270407
            ],
            [
              8.1330545,
              53.1270713
            ],
            [
              8.1329546,
              53.1270741
            ],
            [
              8.1316661,
              53.1270677
            ],
            [
              8.1314482,
              53.1249787
            ],
            [
              8.1310081,
              53.1217944
            ],
            [
              8.1305254,
              53.118778
            ]
          ]
        ]
      }
    },
    {
      "type": "Feature",
      "properties": {
        "name": "Bloherfelde",
        "city": "Oldenburg",
        "osm_id": 3677206,
        "osm_type": "relation",
        "display": "Bloherfelde, Oldenburg, Niedersachsen, Deutschland"
      },
      "geometry": {
        "type": "Polygon",
        "coordinates": [
          [
            [
              8.1439775,
              53.132395
            ],
            [
              8.1440774,
              53.1323261
            ],
            [
              8.1443334,
              53.1323033
            ],
            [
              8.1460358,
              53.1316816
            ],
            [
              8.1484982,
              53.1314634
            ],
            [
              8.1486739,
              53.1314921
            ],
            [
              8.1488987,
              53.1315289
            ],
            [
              8.1514513,
              53.1319461
            ],
            [
              8.1515884,
              53.1319991
            ],
            [
              8.1531275,
              53.1321542
            ],
            [
              8.1543614,
              53.1325687
            ],
            [
              8.1547872,
              53.1327118
            ],
            [
              8.1561582,
              53.133417
            ],
            [
              8.1571982,
              53.133764
            ],
            [
              8.1578063,
              53.1342075
            ],
            [
              8.1583496,
              53.1343984
            ],
            [
              8.1594829,
              53.1347304
            ],
            [
              8.1603982,
              53.1349763
            ],
            [
              8.1615602,
              53.1352745
            ],
            [
              8.1626316,
              53.135639
            ],
            [
              8.1646063,
              53.136342
            ],
            [
              8.1655484,
              53.1367158
            ],
            [
              8.1658108,
              53.1368064
            ],
            [
              8.1665117,
              53.1370484
            ],
            [
              8.1675606,
              53.1374295
            ],
            [
              8.1678964,
              53.1375515
            ],
            [
              8.1683033,
              53.1377525
            ],
            [
              8.1683581,
              53.1377796
            ],
            [
              8.1687272,
              53.1380339
            ],
            [
              8.1688257,
              53.138118
            ],
            [
              8.16902,
              53.1381888
            ],
            [
              8.1691017,
              53.1381949
            ],
            [
              8.1692895,
              53.1382045
            ],
            [
              8.1694182,
              53.1382045
            ],
            [
              8.1694665,
              53.1382335
            ],
            [
              8.169724,
              53.1383558
            ],
            [
              8.1701478,
              53.1385038
            ],
            [
              8.1709576,
              53.1387318
            ],
            [
              8.1712367,
              53.1387966
            ],
            [
              8.1717035,
              53.1388739
            ],
            [
              8.1719019,
              53.1389093
            ],
            [
              8.172374,
              53.1389768
            ],
            [
              8.1727924,
              53.1390863
            ],
            [
              8.1729534,
              53.1391571
            ],
            [
              8.1731358,
              53.1392665
            ],
            [
              8.1733718,
              53.1394467
            ],
            [
              8.17364,
              53.1396655
            ],
            [
              8.1739404,
              53.1398618
            ],
            [
              8.1744539,
              53.1401376
            ],
            [
              8.1747116,
              53.1403165
            ],
            [
              8.1749856,
              53.1408676
            ],
            [
              8.1754613,
              53.1410566
            ],
            [
              8.1758266,
              53.1411995
            ],
            [
              8.1783781,
              53.1421061
            ],
            [
              8.1796345,
              53.1428599
            ],
            [
              8.1800187,
              53.1430508
            ],
            [
              8.181784,
              53.1435252
            ],
            [
              8.1820281,
              53.1436587
            ],
            [
              8.1833404,
              53.144258
            ],
            [
              8.1782958,
              53.1453332
            ],
            [
              8.1769391,
              53.1456269
            ],
            [
              8.1765997,
              53.1457014
            ],
            [
              8.1738615,
              53.1462656
            ],
            [
              8.1737408,
              53.1462941
            ],
            [
              8.172832,
              53.1465109
            ],
            [
              8.1726707,
              53.1465487
            ],
            [
              8.1722845,
              53.1466337
            ],
            [
              8.1717428,
              53.1467528
            ],
            [
              8.1701166,
              53.1471106
            ],
            [
              8.1692164,
              53.1472925
            ],
            [
              8.169128,
              53.1473084
            ],
            [
              8.1686917,
              53.1476665
            ],
            [
              8.168333,
              53.1481618
            ],
            [
              8.1681822,
              53.148441
            ],
            [
              8.1680672,
              53.1485537
            ],
            [
              8.1677854,
              53.1488184
            ],
            [
              8.1675036,
              53.1489038
            ],
            [
              8.1673062,
              53.148958
            ],
            [
              8.1671336,
              53.148996
            ],
            [
              8.1669562,
              53.1490329
            ],
            [
              8.1645733,
              53.1488037
            ],
            [
              8.1643326,
              53.1487929
            ],
            [
              8.163706,
              53.1489218
            ],
            [
              8.1634402,
              53.1489765
            ],
            [
              8.1621657,
              53.1490132
            ],
            [
              8.1599717,
              53.1493166
            ],
            [
              8.159831,
              53.1493403
            ],
            [
              8.1585747,
              53.1496831
            ],
            [
              8.1580264,
              53.1497442
            ],
            [
              8.1573527,
              53.1497471
            ],
            [
              8.1567895,
              53.1498229
            ],
            [
              8.156631,
              53.1498338
            ],
            [
              8.1546986,
              53.1500682
            ],
            [
              8.1539517,
              53.1500332
            ],
            [
              8.1539291,
              53.1500682
            ],
            [
              8.1531358,
              53.1499299
            ],
            [
              8.1529189,
              53.1498922
            ],
            [
              8.1527883,
              53.1498701
            ],
            [
              8.1526829,
              53.1498566
            ],
            [
              8.1525667,
              53.1498513
            ],
            [
              8.1524327,
              53.1498578
            ],
            [
              8.1522863,
              53.1498721
            ],
            [
              8.1520361,
              53.1498986
            ],
            [
              8.151948,
              53.1499079
            ],
            [
              8.151787,
              53.1499249
            ],
            [
              8.1516831,
              53.1499325
            ],
            [
              8.1515641,
              53.1499342
            ],
            [
              8.151389,
              53.1499315
            ],
            [
              8.1512795,
              53.1499205
            ],
            [
              8.1511174,
              53.1499043
            ],
            [
              8.1510703,
              53.1498997
            ],
            [
              8.1485103,
              53.1496451
            ],
            [
              8.1480759,
              53.1496056
            ],
            [
              8.1479936,
              53.149601
            ],
            [
              8.1478229,
              53.1495971
            ],
            [
              8.1476724,
              53.1495989
            ],
            [
              8.147365,
              53.1496069
            ],
            [
              8.1472825,
              53.149609
            ],
            [
              8.1458193,
              53.149647
            ],
            [
              8.1454494,
              53.1496566
            ],
            [
              8.1453025,
              53.1496604
            ],
            [
              8.1451233,
              53.1496651
            ],
            [
              8.1451293,
              53.1496415
            ],
            [
              8.145146,
              53.1495751
            ],
            [
              8.1451848,
              53.1495729
            ],
            [
              8.1452151,
              53.149463
            ],
            [
              8.1452863,
              53.1491336
            ],
            [
              8.1453001,
              53.1490652
            ],
            [
              8.1453273,
              53.1489302
            ],
            [
              8.1453593,
              53.1488419
            ],
            [
              8.145414,
              53.1487535
            ],
            [
              8.1455539,
              53.1484207
            ],
            [
              8.1456002,
              53.1483585
            ],
            [
              8.1456367,
              53.1482274
            ],
            [
              8.1456505,
              53.1480534
            ],
            [
              8.1456761,
              53.1479207
            ],
            [
              8.1456796,
              53.1479027
            ],
            [
              8.1457008,
              53.1478348
            ],
            [
              8.145694,
              53.1477228
            ],
            [
              8.1456846,
              53.1475627
            ],
            [
              8.1456629,
              53.1473709
            ],
            [
              8.1456316,
              53.1471901
            ],
            [
              8.1455747,
              53.1469975
            ],
            [
              8.1454857,
              53.1467892
            ],
            [
              8.1452054,
              53.1463117
            ],
            [
              8.1449516,
              53.1458002
            ],
            [
              8.1447205,
              53.1453344
            ],
            [
              8.1447008,
              53.1452947
            ],
            [
              8.1446614,
              53.1451971
            ],
            [
              8.1446521,
              53.1451204
            ],
            [
              8.1446499,
              53.1451029
            ],
            [
              8.144768,
              53.1447369
            ],
            [
              8.1448997,
              53.1443706
            ],
            [
              8.1449479,
              53.1442681
            ],
            [
              8.1449902,
              53.1441599
            ],
            [
              8.1450337,
              53.1440574
            ],
            [
              8.1450475,
              53.1440315
            ],
            [
              8.1450777,
              53.1440152
            ],
            [
              8.1451215,
              53.1439927
            ],
            [
              8.1451434,
              53.1439814
            ],
            [
              8.145146,
              53.1439688
            ],
            [
              8.1451772,
              53.1438164
            ],
            [
              8.1452892,
              53.1433507
            ],
            [
              8.1455771,
              53.142077
            ],
            [
              8.1456442,
              53.1417815
            ],
            [
              8.145796,
              53.1414592
            ],
            [
              8.1458751,
              53.1413166
            ],
            [
              8.1459475,
              53.1411862
            ],
            [
              8.1460295,
              53.1410394
            ],
            [
              8.1460358,
              53.1409384
            ],
            [
              8.1461339,
              53.1405906
            ],
            [
              8.1461397,
              53.14057
            ],
            [
              8.1461474,
              53.1405426
            ],
            [
              8.1461632,
              53.1404865
            ],
            [
              8.146078,
              53.1404576
            ],
            [
              8.1460307,
              53.1404415
            ],
            [
              8.1459767,
              53.1403557
            ],
            [
              8.1459635,
              53.1403347
            ],
            [
              8.1459605,
              53.1402444
            ],
            [
              8.1459575,
              53.1401415
            ],
            [
              8.1459439,
              53.1397588
            ],
            [
              8.1459426,
              53.1397227
            ],
            [
              8.145938,
              53.1395778
            ],
            [
              8.1459318,
              53.1394079
            ],
            [
              8.1459301,
              53.1393769
            ],
            [
              8.1459224,
              53.139159
            ],
            [
              8.1459204,
              53.1390926
            ],
            [
              8.1459612,
              53.1388899
            ],
            [
              8.145999,
              53.1387017
            ],
            [
              8.1460261,
              53.1384933
            ],
            [
              8.1460337,
              53.1384278
            ],
            [
              8.14604,
              53.1382842
            ],
            [
              8.1460482,
              53.138075
            ],
            [
              8.1460653,
              53.1376279
            ],
            [
              8.1460718,
              53.1374391
            ],
            [
              8.1460792,
              53.1372416
            ],
            [
              8.1460859,
              53.1370314
            ],
            [
              8.1460857,
              53.1369827
            ],
            [
              8.1460856,
              53.1369556
            ],
            [
              8.1460845,
              53.1367626
            ],
            [
              8.1460725,
              53.1366859
            ],
            [
              8.1460542,
              53.136461
            ],
            [
              8.1460354,
              53.1362359
            ],
            [
              8.1460277,
              53.1361218
            ],
            [
              8.1460235,
              53.1360469
            ],
            [
              8.1460186,
              53.1359602
            ],
            [
              8.1460115,
              53.1359063
            ],
            [
              8.1459986,
              53.1358015
            ],
            [
              8.1459826,
              53.1356732
            ],
            [
              8.1459643,
              53.1355252
            ],
            [
              8.1459557,
              53.1354883
            ],
            [
              8.1458838,
              53.1351867
            ],
            [
              8.1458776,
              53.13516
            ],
            [
              8.1458398,
              53.1350019
            ],
            [
              8.1458249,
              53.1349625
            ],
            [
              8.1457513,
              53.1347692
            ],
            [
              8.145731,
              53.1347153
            ],
            [
              8.1456521,
              53.1345813
            ],
            [
              8.1455413,
              53.1343942
            ],
            [
              8.145378,
              53.134167
            ],
            [
              8.1453231,
              53.1340903
            ],
            [
              8.1452468,
              53.1339924
            ],
            [
              8.1451753,
              53.1339006
            ],
            [
              8.1451033,
              53.1338184
            ],
            [
              8.1448144,
              53.1334889
            ],
            [
              8.1446716,
              53.133326
            ],
            [
              8.1443624,
              53.1329329
            ],
            [
              8.1443556,
              53.1329222
            ],
            [
              8.1441133,
              53.1325125
            ],
            [
              8.1440959,
              53.1324974
            ],
            [
              8.1439775,
              53.132395
            ]
          ]
        ]
      }
    },
    {
      "type": "Feature",
      "properties": {
        "name": "Haarentor",
        "city": "Oldenburg",
        "osm_id": 3677219,
        "osm_type": "relation",
        "display": "Haarentor, Oldenburg, Niedersachsen, Deutschland"
      },
      "geometry": {
        "type": "Polygon",
        "coordinates": [
          [
            [
              8.1754613,
              53.1410566
            ],
            [
              8.1755853,
              53.1410476
            ],
            [
              8.1757687,
              53.1410293
            ],
            [
              8.175831,
              53.1410233
            ],
            [
              8.1759175,
              53.141015
            ],
            [
              8.1759549,
              53.1410099
            ],
            [
              8.1761465,
              53.1409725
            ],
            [
              8.17618,
              53.1409639
            ],
            [
              8.1763535,
              53.1409164
            ],
            [
              8.1764759,
              53.1408779
            ],
            [
              8.1765246,
              53.1408562
            ],
            [
              8.1765605,
              53.1408427
            ],
            [
              8.1765885,
              53.1408322
            ],
            [
              8.1766553,
              53.1408007
            ],
            [
              8.1767577,
              53.1407524
            ],
            [
              8.1768189,
              53.1407224
            ],
            [
              8.1769403,
              53.1408017
            ],
            [
              8.1769815,
              53.1408287
            ],
            [
              8.1771442,
              53.1409351
            ],
            [
              8.1772552,
              53.140996
            ],
            [
              8.1774411,
              53.1410142
            ],
            [
              8.1776215,
              53.1410078
            ],
            [
              8.177648,
              53.1410202
            ],
            [
              8.177942,
              53.1410041
            ],
            [
              8.1782427,
              53.1409941
            ],
            [
              8.1787468,
              53.1409636
            ],
            [
              8.179403,
              53.1409091
            ],
            [
              8.1798028,
              53.1408855
            ],
            [
              8.180824,
              53.1408235
            ],
            [
              8.1810233,
              53.1408131
            ],
            [
              8.1810808,
              53.1408101
            ],
            [
              8.1815509,
              53.1407836
            ],
            [
              8.1820572,
              53.1407551
            ],
            [
              8.1822019,
              53.1407464
            ],
            [
              8.1827234,
              53.14073
            ],
            [
              8.1831382,
              53.1407731
            ],
            [
              8.1835328,
              53.1408316
            ],
            [
              8.184257,
              53.1409405
            ],
            [
              8.1847186,
              53.1410075
            ],
            [
              8.185016,
              53.1410549
            ],
            [
              8.1852382,
              53.1411117
            ],
            [
              8.185368,
              53.1411748
            ],
            [
              8.1855239,
              53.1412838
            ],
            [
              8.1858532,
              53.1415841
            ],
            [
              8.1859469,
              53.1416658
            ],
            [
              8.1860174,
              53.14173
            ],
            [
              8.1861469,
              53.1418192
            ],
            [
              8.1862256,
              53.1418735
            ],
            [
              8.1863796,
              53.1419685
            ],
            [
              8.1864955,
              53.1420292
            ],
            [
              8.1866651,
              53.1421042
            ],
            [
              8.1868264,
              53.1421701
            ],
            [
              8.1869042,
              53.1421938
            ],
            [
              8.186976,
              53.1422124
            ],
            [
              8.187073,
              53.1422262
            ],
            [
              8.1871756,
              53.1422337
            ],
            [
              8.1872966,
              53.1422324
            ],
            [
              8.1874154,
              53.1422189
            ],
            [
              8.1875014,
              53.1422048
            ],
            [
              8.1879532,
              53.1421308
            ],
            [
              8.1882981,
              53.1420732
            ],
            [
              8.1887624,
              53.1419957
            ],
            [
              8.1889002,
              53.1419728
            ],
            [
              8.1891318,
              53.1419344
            ],
            [
              8.1892365,
              53.141917
            ],
            [
              8.1896732,
              53.1418416
            ],
            [
              8.1899439,
              53.1417948
            ],
            [
              8.1902237,
              53.1417534
            ],
            [
              8.1903614,
              53.1417539
            ],
            [
              8.1904249,
              53.1420699
            ],
            [
              8.1907297,
              53.14295
            ],
            [
              8.1908084,
              53.1430844
            ],
            [
              8.190986,
              53.1433809
            ],
            [
              8.191481,
              53.1441374
            ],
            [
              8.1916626,
              53.1444291
            ],
            [
              8.1921431,
              53.1452008
            ],
            [
              8.1924776,
              53.1458114
            ],
            [
              8.1927586,
              53.1464313
            ],
            [
              8.1932738,
              53.1491131
            ],
            [
              8.1936757,
              53.1512094
            ],
            [
              8.1940494,
              53.153088
            ],
            [
              8.1940674,
              53.15323
            ],
            [
              8.1917255,
              53.1532579
            ],
            [
              8.1909722,
              53.1532865
            ],
            [
              8.1902863,
              53.153332
            ],
            [
              8.1901845,
              53.1533423
            ],
            [
              8.190246,
              53.1535923
            ],
            [
              8.189874,
              53.1540651
            ],
            [
              8.1897956,
              53.1542164
            ],
            [
              8.1892213,
              53.1542946
            ],
            [
              8.1891466,
              53.1543247
            ],
            [
              8.1889064,
              53.1544646
            ],
            [
              8.1880826,
              53.1548695
            ],
            [
              8.1877114,
              53.1550626
            ],
            [
              8.1875617,
              53.1551384
            ],
            [
              8.1873748,
              53.1552331
            ],
            [
              8.1873175,
              53.1552621
            ],
            [
              8.1865239,
              53.155664
            ],
            [
              8.1858184,
              53.1559936
            ],
            [
              8.1851567,
              53.1562872
            ],
            [
              8.1847041,
              53.1564987
            ],
            [
              8.1841159,
              53.1567523
            ],
            [
              8.1840039,
              53.1568107
            ],
            [
              8.1839393,
              53.1568618
            ],
            [
              8.1838774,
              53.15691
            ],
            [
              8.1822981,
              53.1563068
            ],
            [
              8.1823764,
              53.1562228
            ],
            [
              8.1825783,
              53.1560065
            ],
            [
              8.1831193,
              53.1554271
            ],
            [
              8.1833118,
              53.1552209
            ],
            [
              8.1833574,
              53.1551721
            ],
            [
              8.1832967,
              53.1549622
            ],
            [
              8.1832259,
              53.1547344
            ],
            [
              8.1831828,
              53.1546115
            ],
            [
              8.1821154,
              53.1510416
            ],
            [
              8.1820041,
              53.1504814
            ],
            [
              8.1820043,
              53.1503899
            ],
            [
              8.1819687,
              53.1503551
            ],
            [
              8.181535,
              53.1500293
            ],
            [
              8.1806932,
              53.1494192
            ],
            [
              8.1805812,
              53.1493316
            ],
            [
              8.180473,
              53.1492332
            ],
            [
              8.1794319,
              53.1484827
            ],
            [
              8.1791587,
              53.1483027
            ],
            [
              8.1787936,
              53.1482394
            ],
            [
              8.1785845,
              53.1481232
            ],
            [
              8.1778995,
              53.1477939
            ],
            [
              8.1776836,
              53.1477135
            ],
            [
              8.1776471,
              53.1476726
            ],
            [
              8.1776545,
              53.1476283
            ],
            [
              8.1776988,
              53.1475902
            ],
            [
              8.1777608,
              53.1475663
            ],
            [
              8.1777839,
              53.1475301
            ],
            [
              8.1778021,
              53.147383
            ],
            [
              8.1777601,
              53.1473018
            ],
            [
              8.1777224,
              53.1471486
            ],
            [
              8.177679,
              53.1471028
            ],
            [
              8.1776286,
              53.1469656
            ],
            [
              8.1774742,
              53.1467788
            ],
            [
              8.1773651,
              53.1466504
            ],
            [
              8.1771835,
              53.1464496
            ],
            [
              8.1770691,
              53.1463122
            ],
            [
              8.176852,
              53.1460297
            ],
            [
              8.1765997,
              53.1457014
            ],
            [
              8.1769391,
              53.1456269
            ],
            [
              8.1782958,
              53.1453332
            ],
            [
              8.1833404,
              53.144258
            ],
            [
              8.1820281,
              53.1436587
            ],
            [
              8.181784,
              53.1435252
            ],
            [
              8.1800187,
              53.1430508
            ],
            [
              8.1796345,
              53.1428599
            ],
            [
              8.1783781,
              53.1421061
            ],
            [
              8.1758266,
              53.1411995
            ],
            [
              8.1754613,
              53.1410566
            ]
          ]
        ]
      }
    },
    {
      "type": "Feature",
      "properties": {
        "name": "Wechloy",
        "city": "Oldenburg",
        "osm_id": 3677229,
        "osm_type": "relation",
        "display": "Wechloy, Oldenburg, Niedersachsen, 26129, Deutschland"
      },
      "geometry": {
        "type": "Polygon",
        "coordinates": [
          [
            [
              8.1539291,
              53.1500682
            ],
            [
              8.1539517,
              53.1500332
            ],
            [
              8.1546986,
              53.1500682
            ],
            [
              8.156631,
              53.1498338
            ],
            [
              8.1567895,
              53.1498229
            ],
            [
              8.1573527,
              53.1497471
            ],
            [
              8.1580264,
              53.1497442
            ],
            [
              8.1585747,
              53.1496831
            ],
            [
              8.159831,
              53.1493403
            ],
            [
              8.1599717,
              53.1493166
            ],
            [
              8.1621657,
              53.1490132
            ],
            [
              8.1634402,
              53.1489765
            ],
            [
              8.163706,
              53.1489218
            ],
            [
              8.1643326,
              53.1487929
            ],
            [
              8.1645733,
              53.1488037
            ],
            [
              8.1669562,
              53.1490329
            ],
            [
              8.1671336,
              53.148996
            ],
            [
              8.1673062,
              53.148958
            ],
            [
              8.1675036,
              53.1489038
            ],
            [
              8.1677854,
              53.1488184
            ],
            [
              8.1680672,
              53.1485537
            ],
            [
              8.1681822,
              53.148441
            ],
            [
              8.168333,
              53.1481618
            ],
            [
              8.1686917,
              53.1476665
            ],
            [
              8.169128,
              53.1473084
            ],
            [
              8.1692164,
              53.1472925
            ],
            [
              8.1701166,
              53.1471106
            ],
            [
              8.1717428,
              53.1467528
            ],
            [
              8.1722845,
              53.1466337
            ],
            [
              8.1726707,
              53.1465487
            ],
            [
              8.172832,
              53.1465109
            ],
            [
              8.1737408,
              53.1462941
            ],
            [
              8.1738615,
              53.1462656
            ],
            [
              8.1765997,
              53.1457014
            ],
            [
              8.176852,
              53.1460297
            ],
            [
              8.1770691,
              53.1463122
            ],
            [
              8.1771835,
              53.1464496
            ],
            [
              8.1773651,
              53.1466504
            ],
            [
              8.1774742,
              53.1467788
            ],
            [
              8.1776286,
              53.1469656
            ],
            [
              8.177679,
              53.1471028
            ],
            [
              8.1777224,
              53.1471486
            ],
            [
              8.1777601,
              53.1473018
            ],
            [
              8.1778021,
              53.147383
            ],
            [
              8.1777839,
              53.1475301
            ],
            [
              8.1777608,
              53.1475663
            ],
            [
              8.1776988,
              53.1475902
            ],
            [
              8.1776545,
              53.1476283
            ],
            [
              8.1776471,
              53.1476726
            ],
            [
              8.1776836,
              53.1477135
            ],
            [
              8.1778995,
              53.1477939
            ],
            [
              8.1785845,
              53.1481232
            ],
            [
              8.1787936,
              53.1482394
            ],
            [
              8.1791587,
              53.1483027
            ],
            [
              8.1794319,
              53.1484827
            ],
            [
              8.180473,
              53.1492332
            ],
            [
              8.1805812,
              53.1493316
            ],
            [
              8.1806932,
              53.1494192
            ],
            [
              8.181535,
              53.1500293
            ],
            [
              8.1819687,
              53.1503551
            ],
            [
              8.1820043,
              53.1503899
            ],
            [
              8.1820041,
              53.1504814
            ],
            [
              8.1821154,
              53.1510416
            ],
            [
              8.1831828,
              53.1546115
            ],
            [
              8.1832259,
              53.1547344
            ],
            [
              8.1832967,
              53.1549622
            ],
            [
              8.1833574,
              53.1551721
            ],
            [
              8.1833118,
              53.1552209
            ],
            [
              8.1831193,
              53.1554271
            ],
            [
              8.1825783,
              53.1560065
            ],
            [
              8.1823764,
              53.1562228
            ],
            [
              8.1822981,
              53.1563068
            ],
            [
              8.1838774,
              53.15691
            ],
            [
              8.1837748,
              53.1569907
            ],
            [
              8.1836874,
              53.1570793
            ],
            [
              8.1832186,
              53.1575405
            ],
            [
              8.1827052,
              53.158025
            ],
            [
              8.1824741,
              53.1582386
            ],
            [
              8.1824355,
              53.1582734
            ],
            [
              8.1822752,
              53.1584151
            ],
            [
              8.1820412,
              53.1586331
            ],
            [
              8.1818934,
              53.1587849
            ],
            [
              8.1818523,
              53.1588207
            ],
            [
              8.1817801,
              53.1588842
            ],
            [
              8.1815069,
              53.1591307
            ],
            [
              8.181372,
              53.1592539
            ],
            [
              8.1811128,
              53.1594887
            ],
            [
              8.1806821,
              53.1598802
            ],
            [
              8.1796683,
              53.1608303
            ],
            [
              8.1796268,
              53.1608692
            ],
            [
              8.1796195,
              53.160876
            ],
            [
              8.1794582,
              53.1610272
            ],
            [
              8.1794211,
              53.1610614
            ],
            [
              8.1794042,
              53.1610767
            ],
            [
              8.1792934,
              53.1611786
            ],
            [
              8.1784817,
              53.1618999
            ],
            [
              8.1783064,
              53.1619948
            ],
            [
              8.1780874,
              53.1621179
            ],
            [
              8.1779731,
              53.1622364
            ],
            [
              8.1778471,
              53.1623471
            ],
            [
              8.1777432,
              53.1624202
            ],
            [
              8.1791962,
              53.1629678
            ],
            [
              8.1790088,
              53.1632497
            ],
            [
              8.1790021,
              53.1632589
            ],
            [
              8.1789091,
              53.1634087
            ],
            [
              8.1788779,
              53.1634421
            ],
            [
              8.1787925,
              53.1635752
            ],
            [
              8.1787683,
              53.1636208
            ],
            [
              8.1786871,
              53.1637634
            ],
            [
              8.1786227,
              53.1638689
            ],
            [
              8.1785442,
              53.163971
            ],
            [
              8.1784552,
              53.1640747
            ],
            [
              8.1784132,
              53.1641258
            ],
            [
              8.1783,
              53.1641436
            ],
            [
              8.178184,
              53.1641721
            ],
            [
              8.1780251,
              53.1642324
            ],
            [
              8.1778957,
              53.1642795
            ],
            [
              8.1778105,
              53.1643004
            ],
            [
              8.1777106,
              53.1643119
            ],
            [
              8.1776369,
              53.1643169
            ],
            [
              8.1775419,
              53.1643145
            ],
            [
              8.1774341,
              53.1643059
            ],
            [
              8.1773007,
              53.1642814
            ],
            [
              8.1772044,
              53.164264
            ],
            [
              8.1770884,
              53.1642435
            ],
            [
              8.1770551,
              53.164238
            ],
            [
              8.1767886,
              53.1641873
            ],
            [
              8.1767149,
              53.1641711
            ],
            [
              8.1766412,
              53.1641548
            ],
            [
              8.1765779,
              53.164126
            ],
            [
              8.1765126,
              53.1640857
            ],
            [
              8.1764188,
              53.1640009
            ],
            [
              8.1763527,
              53.1639268
            ],
            [
              8.176321,
              53.1638626
            ],
            [
              8.1761125,
              53.1638618
            ],
            [
              8.1760874,
              53.1638577
            ],
            [
              8.1760442,
              53.1638902
            ],
            [
              8.1760662,
              53.1639612
            ],
            [
              8.1762573,
              53.164594
            ],
            [
              8.1762614,
              53.1646076
            ],
            [
              8.1763866,
              53.1647998
            ],
            [
              8.1770387,
              53.1654865
            ],
            [
              8.1769431,
              53.1654982
            ],
            [
              8.1729699,
              53.1660037
            ],
            [
              8.17277,
              53.1660291
            ],
            [
              8.1720676,
              53.1649677
            ],
            [
              8.1711843,
              53.1650875
            ],
            [
              8.1710307,
              53.1651229
            ],
            [
              8.170421,
              53.1652633
            ],
            [
              8.1694125,
              53.1654402
            ],
            [
              8.1686335,
              53.1656044
            ],
            [
              8.1687111,
              53.1658349
            ],
            [
              8.1680391,
              53.1659493
            ],
            [
              8.1660124,
              53.1661668
            ],
            [
              8.1651263,
              53.1661962
            ],
            [
              8.1650649,
              53.1660688
            ],
            [
              8.1649815,
              53.1658957
            ],
            [
              8.1649686,
              53.1658689
            ],
            [
              8.1649554,
              53.1658415
            ],
            [
              8.1649433,
              53.1658189
            ],
            [
              8.1648367,
              53.1656589
            ],
            [
              8.1647032,
              53.1655206
            ],
            [
              8.1645418,
              53.1653523
            ],
            [
              8.1644831,
              53.1653102
            ],
            [
              8.1644638,
              53.165301
            ],
            [
              8.164436,
              53.1652878
            ],
            [
              8.1643001,
              53.1652626
            ],
            [
              8.1638341,
              53.1651762
            ],
            [
              8.1634995,
              53.165152
            ],
            [
              8.1634834,
              53.1651508
            ],
            [
              8.1634119,
              53.1651357
            ],
            [
              8.1626431,
              53.1649567
            ],
            [
              8.1614843,
              53.1643002
            ],
            [
              8.158317,
              53.1655468
            ],
            [
              8.1578848,
              53.1657242
            ],
            [
              8.1578637,
              53.1657056
            ],
            [
              8.1579204,
              53.1655542
            ],
            [
              8.1579302,
              53.1652385
            ],
            [
              8.1579456,
              53.1650159
            ],
            [
              8.1579192,
              53.1649207
            ],
            [
              8.1578835,
              53.1648684
            ],
            [
              8.1578219,
              53.1647937
            ],
            [
              8.1577824,
              53.1647455
            ],
            [
              8.1577254,
              53.1646753
            ],
            [
              8.1576891,
              53.1646281
            ],
            [
              8.1576517,
              53.1645801
            ],
            [
              8.1576269,
              53.1645469
            ],
            [
              8.1574141,
              53.1644016
            ],
            [
              8.1571841,
              53.164242
            ],
            [
              8.1570663,
              53.1641609
            ],
            [
              8.156417,
              53.1637158
            ],
            [
              8.1552985,
              53.1629647
            ],
            [
              8.1551733,
              53.162868
            ],
            [
              8.1550929,
              53.1627809
            ],
            [
              8.1549976,
              53.1626345
            ],
            [
              8.1548433,
              53.1623686
            ],
            [
              8.154782,
              53.1621714
            ],
            [
              8.1546845,
              53.1619795
            ],
            [
              8.1546877,
              53.1619282
            ],
            [
              8.1547125,
              53.1618623
            ],
            [
              8.1548055,
              53.1617647
            ],
            [
              8.154968,
              53.1616257
            ],
            [
              8.155065,
              53.1615313
            ],
            [
              8.1555748,
              53.1608021
            ],
            [
              8.1556425,
              53.1606797
            ],
            [
              8.1556198,
              53.1601359
            ],
            [
              8.1556849,
              53.1598766
            ],
            [
              8.1556602,
              53.1598702
            ],
            [
              8.1556597,
              53.1598504
            ],
            [
              8.155658,
              53.1598098
            ],
            [
              8.1557039,
              53.1595873
            ],
            [
              8.1557454,
              53.1594709
            ],
            [
              8.1557673,
              53.159412
            ],
            [
              8.1558636,
              53.1593658
            ],
            [
              8.1557301,
              53.1593018
            ],
            [
              8.1557012,
              53.1592218
            ],
            [
              8.1556543,
              53.1591327
            ],
            [
              8.1556141,
              53.1590565
            ],
            [
              8.155596,
              53.1589832
            ],
            [
              8.1555925,
              53.1589483
            ],
            [
              8.1555917,
              53.158941
            ],
            [
              8.155591,
              53.1589335
            ],
            [
              8.1556091,
              53.1588354
            ],
            [
              8.1556165,
              53.1587952
            ],
            [
              8.1556372,
              53.1586969
            ],
            [
              8.1556373,
              53.1586816
            ],
            [
              8.1556379,
              53.1585921
            ],
            [
              8.1556279,
              53.1585214
            ],
            [
              8.1555992,
              53.1583193
            ],
            [
              8.1555837,
              53.158221
            ],
            [
              8.1555818,
              53.1581315
            ],
            [
              8.155614,
              53.1578841
            ],
            [
              8.1556265,
              53.1577233
            ],
            [
              8.1556842,
              53.1575897
            ],
            [
              8.1557513,
              53.1574274
            ],
            [
              8.1558297,
              53.157299
            ],
            [
              8.1559321,
              53.1571382
            ],
            [
              8.1559786,
              53.1570248
            ],
            [
              8.1559775,
              53.1569327
            ],
            [
              8.1559634,
              53.1568662
            ],
            [
              8.1558112,
              53.156676
            ],
            [
              8.15566,
              53.1564952
            ],
            [
              8.1556333,
              53.1564832
            ],
            [
              8.1556055,
              53.1564532
            ],
            [
              8.1556045,
              53.1564335
            ],
            [
              8.1555185,
              53.1563372
            ],
            [
              8.1553838,
              53.1561864
            ],
            [
              8.155318,
              53.1561128
            ],
            [
              8.1552197,
              53.1559928
            ],
            [
              8.155192,
              53.1559679
            ],
            [
              8.1551692,
              53.1559476
            ],
            [
              8.1551624,
              53.1559426
            ],
            [
              8.1551542,
              53.1559367
            ],
            [
              8.1551115,
              53.1559055
            ],
            [
              8.1551488,
              53.1558762
            ],
            [
              8.1551464,
              53.1558587
            ],
            [
              8.1551456,
              53.1558529
            ],
            [
              8.1551372,
              53.1557908
            ],
            [
              8.1551364,
              53.155785
            ],
            [
              8.1551317,
              53.1557487
            ],
            [
              8.1551313,
              53.155745
            ],
            [
              8.1551291,
              53.1557285
            ],
            [
              8.155149,
              53.1555926
            ],
            [
              8.1551644,
              53.155488
            ],
            [
              8.1552029,
              53.155422
            ],
            [
              8.1552221,
              53.155389
            ],
            [
              8.1552813,
              53.1553139
            ],
            [
              8.1553649,
              53.1552416
            ],
            [
              8.1554742,
              53.1551471
            ],
            [
              8.1559855,
              53.1547049
            ],
            [
              8.1564415,
              53.154259
            ],
            [
              8.1565717,
              53.1541767
            ],
            [
              8.1567303,
              53.1540129
            ],
            [
              8.1569256,
              53.1538112
            ],
            [
              8.1567676,
              53.1535762
            ],
            [
              8.1565237,
              53.1533346
            ],
            [
              8.1564923,
              53.1532787
            ],
            [
              8.1565123,
              53.1532313
            ],
            [
              8.1565761,
              53.1531054
            ],
            [
              8.1563473,
              53.1530136
            ],
            [
              8.1563121,
              53.1529054
            ],
            [
              8.1561563,
              53.1527997
            ],
            [
              8.1561066,
              53.1527678
            ],
            [
              8.1560572,
              53.1527453
            ],
            [
              8.1558277,
              53.1526212
            ],
            [
              8.1556602,
              53.1525179
            ],
            [
              8.155519,
              53.1524535
            ],
            [
              8.1554247,
              53.1523946
            ],
            [
              8.1553186,
              53.152366
            ],
            [
              8.155243,
              53.1523239
            ],
            [
              8.1551113,
              53.1522947
            ],
            [
              8.1550605,
              53.152261
            ],
            [
              8.1550193,
              53.1522336
            ],
            [
              8.1548808,
              53.1521954
            ],
            [
              8.1549413,
              53.1521436
            ],
            [
              8.1549705,
              53.1521187
            ],
            [
              8.1551429,
              53.1519711
            ],
            [
              8.1553095,
              53.1518286
            ],
            [
              8.1556599,
              53.1515288
            ],
            [
              8.1557474,
              53.1514539
            ],
            [
              8.1556213,
              53.1514021
            ],
            [
              8.1553451,
              53.151309
            ],
            [
              8.1552466,
              53.1512699
            ],
            [
              8.1551696,
              53.15124
            ],
            [
              8.1550454,
              53.1511801
            ],
            [
              8.1550105,
              53.1511221
            ],
            [
              8.1548645,
              53.15115
            ],
            [
              8.1544543,
              53.1511139
            ],
            [
              8.1539341,
              53.1500781
            ],
            [
              8.1539291,
              53.1500682
            ]
          ]
        ]
      }
    },
    {
      "type": "Feature",
      "properties": {
        "name": "Bürgerfelde",
        "city": "Oldenburg",
        "osm_id": 3839131,
        "osm_type": "relation",
        "display": "Bürgerfelde, Oldenburg, Niedersachsen, Deutschland"
      },
      "geometry": {
        "type": "Polygon",
        "coordinates": [
          [
            [
              8.194318,
              53.1721797
            ],
            [
              8.1948205,
              53.1716953
            ],
            [
              8.1948893,
              53.1716272
            ],
            [
              8.1949662,
              53.1715511
            ],
            [
              8.1949974,
              53.1715202
            ],
            [
              8.1950853,
              53.1714353
            ],
            [
              8.1952688,
              53.1712522
            ],
            [
              8.1952899,
              53.1712312
            ],
            [
              8.1953454,
              53.1711759
            ],
            [
              8.1955429,
              53.1709804
            ],
            [
              8.195705,
              53.17082
            ],
            [
              8.1959455,
              53.1705821
            ],
            [
              8.1959622,
              53.1705655
            ],
            [
              8.1959721,
              53.1705556
            ],
            [
              8.1961649,
              53.1703641
            ],
            [
              8.1964667,
              53.1700644
            ],
            [
              8.1967361,
              53.1697968
            ],
            [
              8.1970181,
              53.1695202
            ],
            [
              8.1971401,
              53.1693991
            ],
            [
              8.1972887,
              53.1692593
            ],
            [
              8.1974119,
              53.1691434
            ],
            [
              8.1974527,
              53.1691008
            ],
            [
              8.1974904,
              53.1690615
            ],
            [
              8.1977996,
              53.1687512
            ],
            [
              8.1978731,
              53.1686754
            ],
            [
              8.1979601,
              53.1685946
            ],
            [
              8.1980769,
              53.1686369
            ],
            [
              8.198587,
              53.1688289
            ],
            [
              8.1988973,
              53.1685338
            ],
            [
              8.1994814,
              53.1687618
            ],
            [
              8.1999489,
              53.1689397
            ],
            [
              8.200691,
              53.1692325
            ],
            [
              8.200765,
              53.1692643
            ],
            [
              8.200978,
              53.1693405
            ],
            [
              8.2009689,
              53.1689908
            ],
            [
              8.2009484,
              53.1681477
            ],
            [
              8.2009327,
              53.1674577
            ],
            [
              8.2009029,
              53.1663087
            ],
            [
              8.2008913,
              53.1658801
            ],
            [
              8.2008822,
              53.1655545
            ],
            [
              8.2008352,
              53.1635353
            ],
            [
              8.2007553,
              53.160314
            ],
            [
              8.2007247,
              53.1596545
            ],
            [
              8.2007157,
              53.1593165
            ],
            [
              8.2007754,
              53.1593398
            ],
            [
              8.2024496,
              53.1602733
            ],
            [
              8.2026281,
              53.1601579
            ],
            [
              8.2027081,
              53.1599633
            ],
            [
              8.2029697,
              53.1597825
            ],
            [
              8.2032764,
              53.1596008
            ],
            [
              8.2036299,
              53.1595672
            ],
            [
              8.2037103,
              53.1596446
            ],
            [
              8.20496,
              53.160356
            ],
            [
              8.2051671,
              53.1605481
            ],
            [
              8.2052952,
              53.1607022
            ],
            [
              8.2054364,
              53.1607073
            ],
            [
              8.2056086,
              53.1607036
            ],
            [
              8.2059956,
              53.1607264
            ],
            [
              8.2063815,
              53.1607364
            ],
            [
              8.2064054,
              53.1605641
            ],
            [
              8.2064259,
              53.1603783
            ],
            [
              8.2070999,
              53.1604096
            ],
            [
              8.2076925,
              53.1608344
            ],
            [
              8.20706,
              53.1611897
            ],
            [
              8.2070028,
              53.1612218
            ],
            [
              8.2066464,
              53.1614012
            ],
            [
              8.2070052,
              53.161484
            ],
            [
              8.2077851,
              53.1616319
            ],
            [
              8.2078212,
              53.1616397
            ],
            [
              8.2080751,
              53.1616944
            ],
            [
              8.2084018,
              53.1617536
            ],
            [
              8.2084613,
              53.1617642
            ],
            [
              8.2089353,
              53.1618488
            ],
            [
              8.2100056,
              53.1620533
            ],
            [
              8.2101993,
              53.1620902
            ],
            [
              8.2104055,
              53.1621294
            ],
            [
              8.2109176,
              53.1622252
            ],
            [
              8.2141954,
              53.1628543
            ],
            [
              8.217611,
              53.1634499
            ],
            [
              8.2173879,
              53.163655
            ],
            [
              8.2172586,
              53.163797
            ],
            [
              8.2171243,
              53.1639445
            ],
            [
              8.2170869,
              53.1639857
            ],
            [
              8.2170251,
              53.1640536
            ],
            [
              8.2169378,
              53.1641488
            ],
            [
              8.2168758,
              53.1642164
            ],
            [
              8.2165328,
              53.1645864
            ],
            [
              8.2164709,
              53.1646538
            ],
            [
              8.216109,
              53.1650492
            ],
            [
              8.2159856,
              53.165184
            ],
            [
              8.2159266,
              53.1652484
            ],
            [
              8.2158617,
              53.1653194
            ],
            [
              8.2157229,
              53.165471
            ],
            [
              8.2156869,
              53.1655103
            ],
            [
              8.2155745,
              53.165634
            ],
            [
              8.2154705,
              53.165742
            ],
            [
              8.2152879,
              53.1659457
            ],
            [
              8.2151516,
              53.1660975
            ],
            [
              8.2151038,
              53.1661542
            ],
            [
              8.2149893,
              53.1662892
            ],
            [
              8.2146564,
              53.1666865
            ],
            [
              8.2146196,
              53.1667255
            ],
            [
              8.2145681,
              53.1667874
            ],
            [
              8.2144469,
              53.1669311
            ],
            [
              8.2142283,
              53.1671886
            ],
            [
              8.2140465,
              53.1673471
            ],
            [
              8.2139229,
              53.1674791
            ],
            [
              8.2135845,
              53.1678239
            ],
            [
              8.2132519,
              53.1681704
            ],
            [
              8.2120632,
              53.1694417
            ],
            [
              8.2120308,
              53.1694743
            ],
            [
              8.2114561,
              53.1700997
            ],
            [
              8.2112692,
              53.1702981
            ],
            [
              8.2111853,
              53.1703893
            ],
            [
              8.2107458,
              53.1708666
            ],
            [
              8.2104791,
              53.1711413
            ],
            [
              8.2101909,
              53.171451
            ],
            [
              8.2101409,
              53.1715473
            ],
            [
              8.2098167,
              53.1718788
            ],
            [
              8.2096647,
              53.1720398
            ],
            [
              8.2095111,
              53.1722147
            ],
            [
              8.2092915,
              53.1724595
            ],
            [
              8.2087582,
              53.1730399
            ],
            [
              8.2086552,
              53.1731454
            ],
            [
              8.2079817,
              53.1739293
            ],
            [
              8.2077119,
              53.1742254
            ],
            [
              8.2072607,
              53.1747125
            ],
            [
              8.206957,
              53.1750284
            ],
            [
              8.2068605,
              53.1751332
            ],
            [
              8.2066543,
              53.1753571
            ],
            [
              8.2065341,
              53.1754876
            ],
            [
              8.2064193,
              53.1756122
            ],
            [
              8.206016,
              53.1760507
            ],
            [
              8.2052557,
              53.1758125
            ],
            [
              8.205009,
              53.1757353
            ],
            [
              8.2047314,
              53.1756483
            ],
            [
              8.2044241,
              53.1755521
            ],
            [
              8.2032979,
              53.1751993
            ],
            [
              8.2032643,
              53.1751904
            ],
            [
              8.2032185,
              53.1751744
            ],
            [
              8.2022135,
              53.1748538
            ],
            [
              8.201427,
              53.1745777
            ],
            [
              8.2012968,
              53.1745386
            ],
            [
              8.2011818,
              53.1745054
            ],
            [
              8.201103,
              53.1744815
            ],
            [
              8.2010457,
              53.1744624
            ],
            [
              8.2009695,
              53.1744399
            ],
            [
              8.2005745,
              53.174308
            ],
            [
              8.2001385,
              53.1741771
            ],
            [
              8.1998478,
              53.1740806
            ],
            [
              8.199781,
              53.1740584
            ],
            [
              8.1982075,
              53.1735499
            ],
            [
              8.1979014,
              53.1734483
            ],
            [
              8.1978601,
              53.1734346
            ],
            [
              8.197666,
              53.1733682
            ],
            [
              8.1971314,
              53.1731809
            ],
            [
              8.1970257,
              53.1731421
            ],
            [
              8.1967903,
              53.1730565
            ],
            [
              8.1965513,
              53.1729695
            ],
            [
              8.1965093,
              53.1729539
            ],
            [
              8.1963142,
              53.1728884
            ],
            [
              8.1962001,
              53.1728479
            ],
            [
              8.1960924,
              53.1728122
            ],
            [
              8.1959464,
              53.1727634
            ],
            [
              8.1956618,
              53.1726592
            ],
            [
              8.1954109,
              53.1725691
            ],
            [
              8.1950286,
              53.1724325
            ],
            [
              8.194803,
              53.1723522
            ],
            [
              8.1944152,
              53.1722127
            ],
            [
              8.194318,
              53.1721797
            ]
          ]
        ]
      }
    },
    {
      "type": "Feature",
      "properties": {
        "name": "Dietrichsfeld",
        "city": "Oldenburg",
        "osm_id": 3839132,
        "osm_type": "relation",
        "display": "Dietrichsfeld, Oldenburg, Niedersachsen, Deutschland"
      },
      "geometry": {
        "type": "Polygon",
        "coordinates": [
          [
            [
              8.1729699,
              53.1660037
            ],
            [
              8.1769431,
              53.1654982
            ],
            [
              8.1770387,
              53.1654865
            ],
            [
              8.1763866,
              53.1647998
            ],
            [
              8.1762614,
              53.1646076
            ],
            [
              8.1762573,
              53.164594
            ],
            [
              8.1760662,
              53.1639612
            ],
            [
              8.1760442,
              53.1638902
            ],
            [
              8.1760874,
              53.1638577
            ],
            [
              8.1761125,
              53.1638618
            ],
            [
              8.176321,
              53.1638626
            ],
            [
              8.1763527,
              53.1639268
            ],
            [
              8.1764188,
              53.1640009
            ],
            [
              8.1765126,
              53.1640857
            ],
            [
              8.1765779,
              53.164126
            ],
            [
              8.1766412,
              53.1641548
            ],
            [
              8.1767149,
              53.1641711
            ],
            [
              8.1767886,
              53.1641873
            ],
            [
              8.1770551,
              53.164238
            ],
            [
              8.1770884,
              53.1642435
            ],
            [
              8.1772044,
              53.164264
            ],
            [
              8.1773007,
              53.1642814
            ],
            [
              8.1774341,
              53.1643059
            ],
            [
              8.1775419,
              53.1643145
            ],
            [
              8.1776369,
              53.1643169
            ],
            [
              8.1777106,
              53.1643119
            ],
            [
              8.1778105,
              53.1643004
            ],
            [
              8.1778957,
              53.1642795
            ],
            [
              8.1780251,
              53.1642324
            ],
            [
              8.178184,
              53.1641721
            ],
            [
              8.1783,
              53.1641436
            ],
            [
              8.1784132,
              53.1641258
            ],
            [
              8.1784552,
              53.1640747
            ],
            [
              8.1785442,
              53.163971
            ],
            [
              8.1786227,
              53.1638689
            ],
            [
              8.1786871,
              53.1637634
            ],
            [
              8.1787683,
              53.1636208
            ],
            [
              8.1787925,
              53.1635752
            ],
            [
              8.1788779,
              53.1634421
            ],
            [
              8.1789091,
              53.1634087
            ],
            [
              8.1790021,
              53.1632589
            ],
            [
              8.1790088,
              53.1632497
            ],
            [
              8.1791962,
              53.1629678
            ],
            [
              8.1777432,
              53.1624202
            ],
            [
              8.1778471,
              53.1623471
            ],
            [
              8.1779731,
              53.1622364
            ],
            [
              8.1780874,
              53.1621179
            ],
            [
              8.1783064,
              53.1619948
            ],
            [
              8.1784817,
              53.1618999
            ],
            [
              8.1792934,
              53.1611786
            ],
            [
              8.1794042,
              53.1610767
            ],
            [
              8.1794211,
              53.1610614
            ],
            [
              8.1794582,
              53.1610272
            ],
            [
              8.1796195,
              53.160876
            ],
            [
              8.1796268,
              53.1608692
            ],
            [
              8.1796683,
              53.1608303
            ],
            [
              8.1806821,
              53.1598802
            ],
            [
              8.1811128,
              53.1594887
            ],
            [
              8.181372,
              53.1592539
            ],
            [
              8.1815069,
              53.1591307
            ],
            [
              8.1817801,
              53.1588842
            ],
            [
              8.1818523,
              53.1588207
            ],
            [
              8.1818934,
              53.1587849
            ],
            [
              8.1820412,
              53.1586331
            ],
            [
              8.1822752,
              53.1584151
            ],
            [
              8.1824355,
              53.1582734
            ],
            [
              8.1824741,
              53.1582386
            ],
            [
              8.1827052,
              53.158025
            ],
            [
              8.1832186,
              53.1575405
            ],
            [
              8.1836874,
              53.1570793
            ],
            [
              8.1837748,
              53.1569907
            ],
            [
              8.1838774,
              53.15691
            ],
            [
              8.1839393,
              53.1568618
            ],
            [
              8.1840039,
              53.1568107
            ],
            [
              8.1841159,
              53.1567523
            ],
            [
              8.1847041,
              53.1564987
            ],
            [
              8.1851567,
              53.1562872
            ],
            [
              8.1858184,
              53.1559936
            ],
            [
              8.1865239,
              53.155664
            ],
            [
              8.1873175,
              53.1552621
            ],
            [
              8.1873748,
              53.1552331
            ],
            [
              8.1875617,
              53.1551384
            ],
            [
              8.1877114,
              53.1550626
            ],
            [
              8.1880826,
              53.1548695
            ],
            [
              8.1889064,
              53.1544646
            ],
            [
              8.1891466,
              53.1543247
            ],
            [
              8.1892213,
              53.1542946
            ],
            [
              8.1897956,
              53.1542164
            ],
            [
              8.189874,
              53.1540651
            ],
            [
              8.190246,
              53.1535923
            ],
            [
              8.1901845,
              53.1533423
            ],
            [
              8.1902863,
              53.153332
            ],
            [
              8.1909722,
              53.1532865
            ],
            [
              8.1917255,
              53.1532579
            ],
            [
              8.1940674,
              53.15323
            ],
            [
              8.1942124,
              53.1539959
            ],
            [
              8.1944232,
              53.1547122
            ],
            [
              8.1946891,
              53.1552541
            ],
            [
              8.1951253,
              53.1558716
            ],
            [
              8.1959482,
              53.1566597
            ],
            [
              8.196611,
              53.1571478
            ],
            [
              8.1974857,
              53.1576899
            ],
            [
              8.1998551,
              53.1591252
            ],
            [
              8.2007247,
              53.1596545
            ],
            [
              8.2007553,
              53.160314
            ],
            [
              8.2008352,
              53.1635353
            ],
            [
              8.2008822,
              53.1655545
            ],
            [
              8.2008913,
              53.1658801
            ],
            [
              8.2009029,
              53.1663087
            ],
            [
              8.2009327,
              53.1674577
            ],
            [
              8.2009484,
              53.1681477
            ],
            [
              8.2009689,
              53.1689908
            ],
            [
              8.200978,
              53.1693405
            ],
            [
              8.200765,
              53.1692643
            ],
            [
              8.200691,
              53.1692325
            ],
            [
              8.1999489,
              53.1689397
            ],
            [
              8.1994814,
              53.1687618
            ],
            [
              8.1988973,
              53.1685338
            ],
            [
              8.198587,
              53.1688289
            ],
            [
              8.1980769,
              53.1686369
            ],
            [
              8.1979601,
              53.1685946
            ],
            [
              8.1978731,
              53.1686754
            ],
            [
              8.1977996,
              53.1687512
            ],
            [
              8.1974904,
              53.1690615
            ],
            [
              8.1974527,
              53.1691008
            ],
            [
              8.1974119,
              53.1691434
            ],
            [
              8.1972887,
              53.1692593
            ],
            [
              8.1971401,
              53.1693991
            ],
            [
              8.1970181,
              53.1695202
            ],
            [
              8.1967361,
              53.1697968
            ],
            [
              8.1964667,
              53.1700644
            ],
            [
              8.1961649,
              53.1703641
            ],
            [
              8.1959721,
              53.1705556
            ],
            [
              8.1959622,
              53.1705655
            ],
            [
              8.1959455,
              53.1705821
            ],
            [
              8.195705,
              53.17082
            ],
            [
              8.1955429,
              53.1709804
            ],
            [
              8.1953454,
              53.1711759
            ],
            [
              8.1952899,
              53.1712312
            ],
            [
              8.1952688,
              53.1712522
            ],
            [
              8.1950853,
              53.1714353
            ],
            [
              8.1949974,
              53.1715202
            ],
            [
              8.1949662,
              53.1715511
            ],
            [
              8.1948893,
              53.1716272
            ],
            [
              8.1948205,
              53.1716953
            ],
            [
              8.194318,
              53.1721797
            ],
            [
              8.1940138,
              53.1724768
            ],
            [
              8.1939177,
              53.1725836
            ],
            [
              8.1907174,
              53.1757311
            ],
            [
              8.1888351,
              53.1742854
            ],
            [
              8.1887952,
              53.1742334
            ],
            [
              8.1908767,
              53.1721076
            ],
            [
              8.1884797,
              53.1711905
            ],
            [
              8.1884344,
              53.1712298
            ],
            [
              8.1880693,
              53.1715782
            ],
            [
              8.1874563,
              53.1721542
            ],
            [
              8.1871025,
              53.1724821
            ],
            [
              8.1856611,
              53.1715099
            ],
            [
              8.1850743,
              53.1709858
            ],
            [
              8.1850099,
              53.1709286
            ],
            [
              8.1843934,
              53.1702828
            ],
            [
              8.1830996,
              53.1703097
            ],
            [
              8.1816699,
              53.1699515
            ],
            [
              8.1819994,
              53.169844
            ],
            [
              8.1811291,
              53.1695339
            ],
            [
              8.1818788,
              53.1692705
            ],
            [
              8.1800629,
              53.1680023
            ],
            [
              8.1797697,
              53.1678129
            ],
            [
              8.1795594,
              53.1677027
            ],
            [
              8.17738,
              53.1665551
            ],
            [
              8.1762701,
              53.1667837
            ],
            [
              8.1754989,
              53.1669968
            ],
            [
              8.1754755,
              53.1670033
            ],
            [
              8.1743494,
              53.167186
            ],
            [
              8.1734351,
              53.1672665
            ],
            [
              8.1732801,
              53.1666812
            ],
            [
              8.1729699,
              53.1660037
            ]
          ]
        ]
      }
    },
    {
      "type": "Feature",
      "properties": {
        "name": "Alexandersfeld",
        "city": "Oldenburg",
        "osm_id": 3677204,
        "osm_type": "relation",
        "display": "Alexandersfeld, Oldenburg, Niedersachsen, 26127, Deutschland"
      },
      "geometry": {
        "type": "Polygon",
        "coordinates": [
          [
            [
              8.178675,
              53.1828988
            ],
            [
              8.1789456,
              53.1827864
            ],
            [
              8.1797871,
              53.1823783
            ],
            [
              8.1834359,
              53.1802651
            ],
            [
              8.1838447,
              53.1800313
            ],
            [
              8.1840054,
              53.1799364
            ],
            [
              8.185714,
              53.1789281
            ],
            [
              8.1859615,
              53.1787754
            ],
            [
              8.1862164,
              53.1786363
            ],
            [
              8.1866966,
              53.1783457
            ],
            [
              8.1874758,
              53.1779082
            ],
            [
              8.1881605,
              53.1775058
            ],
            [
              8.1884344,
              53.177344
            ],
            [
              8.188999,
              53.1770226
            ],
            [
              8.189525,
              53.1767169
            ],
            [
              8.1899104,
              53.1764313
            ],
            [
              8.1904084,
              53.1760201
            ],
            [
              8.1906519,
              53.1758093
            ],
            [
              8.1907065,
              53.17575
            ],
            [
              8.1907174,
              53.1757311
            ],
            [
              8.1939177,
              53.1725836
            ],
            [
              8.1940138,
              53.1724768
            ],
            [
              8.194318,
              53.1721797
            ],
            [
              8.1944152,
              53.1722127
            ],
            [
              8.194803,
              53.1723522
            ],
            [
              8.1950286,
              53.1724325
            ],
            [
              8.1954109,
              53.1725691
            ],
            [
              8.1956618,
              53.1726592
            ],
            [
              8.1959464,
              53.1727634
            ],
            [
              8.1960924,
              53.1728122
            ],
            [
              8.1962001,
              53.1728479
            ],
            [
              8.1963142,
              53.1728884
            ],
            [
              8.1965093,
              53.1729539
            ],
            [
              8.1965513,
              53.1729695
            ],
            [
              8.1967903,
              53.1730565
            ],
            [
              8.1970257,
              53.1731421
            ],
            [
              8.1971314,
              53.1731809
            ],
            [
              8.197666,
              53.1733682
            ],
            [
              8.1978601,
              53.1734346
            ],
            [
              8.1979014,
              53.1734483
            ],
            [
              8.1982075,
              53.1735499
            ],
            [
              8.199781,
              53.1740584
            ],
            [
              8.1998478,
              53.1740806
            ],
            [
              8.2001385,
              53.1741771
            ],
            [
              8.2005745,
              53.174308
            ],
            [
              8.2009695,
              53.1744399
            ],
            [
              8.2010457,
              53.1744624
            ],
            [
              8.201103,
              53.1744815
            ],
            [
              8.2011129,
              53.1774437
            ],
            [
              8.2011129,
              53.1774446
            ],
            [
              8.2011232,
              53.1796505
            ],
            [
              8.2012785,
              53.1796997
            ],
            [
              8.2012641,
              53.1801621
            ],
            [
              8.2013985,
              53.1855726
            ],
            [
              8.2013838,
              53.1865021
            ],
            [
              8.2014765,
              53.1894939
            ],
            [
              8.2014914,
              53.1899724
            ],
            [
              8.201523,
              53.190507
            ],
            [
              8.2015327,
              53.1914787
            ],
            [
              8.2015981,
              53.1919668
            ],
            [
              8.2017272,
              53.2006041
            ],
            [
              8.2009095,
              53.2007896
            ],
            [
              8.1999152,
              53.2010709
            ],
            [
              8.1995829,
              53.2006535
            ],
            [
              8.1990858,
              53.200627
            ],
            [
              8.1989469,
              53.2001797
            ],
            [
              8.1981515,
              53.1984565
            ],
            [
              8.1976234,
              53.1973122
            ],
            [
              8.197287,
              53.1965835
            ],
            [
              8.197003,
              53.1962064
            ],
            [
              8.1954492,
              53.194143
            ],
            [
              8.1946172,
              53.1930894
            ],
            [
              8.193863,
              53.1922337
            ],
            [
              8.1932682,
              53.1912195
            ],
            [
              8.1926303,
              53.1900987
            ],
            [
              8.1904037,
              53.1910141
            ],
            [
              8.1899479,
              53.1912045
            ],
            [
              8.1893541,
              53.1907602
            ],
            [
              8.1893305,
              53.1907425
            ],
            [
              8.1887113,
              53.1903162
            ],
            [
              8.1879836,
              53.18971
            ],
            [
              8.1871107,
              53.1890475
            ],
            [
              8.1860567,
              53.1883134
            ],
            [
              8.1852561,
              53.187764
            ],
            [
              8.1847391,
              53.1873797
            ],
            [
              8.1844414,
              53.1871483
            ],
            [
              8.1842358,
              53.1870047
            ],
            [
              8.1842085,
              53.1869856
            ],
            [
              8.1838497,
              53.1867066
            ],
            [
              8.1834026,
              53.1863845
            ],
            [
              8.1829879,
              53.1860708
            ],
            [
              8.1826285,
              53.1858183
            ],
            [
              8.1825698,
              53.1858249
            ],
            [
              8.1825886,
              53.1857875
            ],
            [
              8.1788447,
              53.1830021
            ],
            [
              8.1787581,
              53.182941
            ],
            [
              8.1786864,
              53.1829058
            ],
            [
              8.178675,
              53.1828988
            ]
          ]
        ]
      }
    },
    {
      "type": "Feature",
      "properties": {
        "name": "Ofenerdiek",
        "city": "Oldenburg",
        "osm_id": 3677225,
        "osm_type": "relation",
        "display": "Ofenerdiek, Oldenburg, Niedersachsen, Deutschland"
      },
      "geometry": {
        "type": "Polygon",
        "coordinates": [
          [
            [
              8.201103,
              53.1744815
            ],
            [
              8.2011818,
              53.1745054
            ],
            [
              8.2012968,
              53.1745386
            ],
            [
              8.201427,
              53.1745777
            ],
            [
              8.2022135,
              53.1748538
            ],
            [
              8.2032185,
              53.1751744
            ],
            [
              8.2032643,
              53.1751904
            ],
            [
              8.2032979,
              53.1751993
            ],
            [
              8.2044241,
              53.1755521
            ],
            [
              8.2047314,
              53.1756483
            ],
            [
              8.205009,
              53.1757353
            ],
            [
              8.2052557,
              53.1758125
            ],
            [
              8.206016,
              53.1760507
            ],
            [
              8.2070363,
              53.1761319
            ],
            [
              8.2076433,
              53.1761765
            ],
            [
              8.2078187,
              53.1761894
            ],
            [
              8.2081127,
              53.1762111
            ],
            [
              8.2085347,
              53.1762421
            ],
            [
              8.2089285,
              53.1762711
            ],
            [
              8.2095602,
              53.1763175
            ],
            [
              8.2098411,
              53.1763382
            ],
            [
              8.2105854,
              53.1763932
            ],
            [
              8.2106347,
              53.1763977
            ],
            [
              8.2110572,
              53.1764362
            ],
            [
              8.211954,
              53.176518
            ],
            [
              8.2123129,
              53.1765508
            ],
            [
              8.2123414,
              53.1765534
            ],
            [
              8.2124789,
              53.176566
            ],
            [
              8.2134325,
              53.1749815
            ],
            [
              8.2137971,
              53.1751276
            ],
            [
              8.2146292,
              53.1754801
            ],
            [
              8.2157136,
              53.1759258
            ],
            [
              8.2183542,
              53.1770465
            ],
            [
              8.220762,
              53.178195
            ],
            [
              8.221207,
              53.1780701
            ],
            [
              8.2216922,
              53.1779168
            ],
            [
              8.2232417,
              53.1774322
            ],
            [
              8.2239549,
              53.1772033
            ],
            [
              8.2240114,
              53.1771855
            ],
            [
              8.2248249,
              53.1769194
            ],
            [
              8.2251229,
              53.1768345
            ],
            [
              8.2256409,
              53.1766746
            ],
            [
              8.2256809,
              53.1767783
            ],
            [
              8.2257121,
              53.1768594
            ],
            [
              8.2258153,
              53.1771454
            ],
            [
              8.2261356,
              53.1781109
            ],
            [
              8.2264316,
              53.1790744
            ],
            [
              8.22656,
              53.1796174
            ],
            [
              8.2266132,
              53.179887
            ],
            [
              8.2266652,
              53.1801566
            ],
            [
              8.2267306,
              53.1804934
            ],
            [
              8.2268093,
              53.1810702
            ],
            [
              8.2268743,
              53.1818358
            ],
            [
              8.2268629,
              53.1824415
            ],
            [
              8.2268488,
              53.1829771
            ],
            [
              8.226793,
              53.1836401
            ],
            [
              8.2266818,
              53.1842048
            ],
            [
              8.2265928,
              53.1847521
            ],
            [
              8.2263172,
              53.1858107
            ],
            [
              8.2259849,
              53.186716
            ],
            [
              8.2257285,
              53.1873598
            ],
            [
              8.2251545,
              53.1886898
            ],
            [
              8.2234477,
              53.1927558
            ],
            [
              8.2227659,
              53.1943392
            ],
            [
              8.2224476,
              53.1951429
            ],
            [
              8.2221544,
              53.195947
            ],
            [
              8.2225935,
              53.1960107
            ],
            [
              8.2226518,
              53.1960319
            ],
            [
              8.2227921,
              53.1960087
            ],
            [
              8.2259117,
              53.1956453
            ],
            [
              8.2260323,
              53.1956341
            ],
            [
              8.2261575,
              53.1962691
            ],
            [
              8.2262786,
              53.1966592
            ],
            [
              8.2264526,
              53.1972117
            ],
            [
              8.2269066,
              53.1981153
            ],
            [
              8.2272671,
              53.1990424
            ],
            [
              8.2266828,
              53.1992266
            ],
            [
              8.2262352,
              53.1993879
            ],
            [
              8.2245974,
              53.2002735
            ],
            [
              8.2241945,
              53.2004845
            ],
            [
              8.2234354,
              53.2008741
            ],
            [
              8.2224541,
              53.2013671
            ],
            [
              8.2218164,
              53.2016358
            ],
            [
              8.2209079,
              53.2018753
            ],
            [
              8.2205243,
              53.2019765
            ],
            [
              8.220409,
              53.2020069
            ],
            [
              8.2190335,
              53.2022816
            ],
            [
              8.2173611,
              53.2016735
            ],
            [
              8.2163706,
              53.201858
            ],
            [
              8.2132862,
              53.2025941
            ],
            [
              8.2104816,
              53.2027143
            ],
            [
              8.2100294,
              53.2028127
            ],
            [
              8.2096006,
              53.2028833
            ],
            [
              8.2091088,
              53.2028951
            ],
            [
              8.2087681,
              53.20286
            ],
            [
              8.2082322,
              53.2028002
            ],
            [
              8.2073985,
              53.2026134
            ],
            [
              8.2066044,
              53.2024467
            ],
            [
              8.2054164,
              53.2022438
            ],
            [
              8.20339,
              53.2047617
            ],
            [
              8.2018932,
              53.2037415
            ],
            [
              8.2017794,
              53.2036639
            ],
            [
              8.2017068,
              53.2036144
            ],
            [
              8.2017194,
              53.2024979
            ],
            [
              8.201644,
              53.2015842
            ],
            [
              8.2014912,
              53.2015622
            ],
            [
              8.2014784,
              53.2011829
            ],
            [
              8.2017078,
              53.2010529
            ],
            [
              8.2017272,
              53.2006041
            ],
            [
              8.2015981,
              53.1919668
            ],
            [
              8.2015327,
              53.1914787
            ],
            [
              8.201523,
              53.190507
            ],
            [
              8.2014914,
              53.1899724
            ],
            [
              8.2014765,
              53.1894939
            ],
            [
              8.2013838,
              53.1865021
            ],
            [
              8.2013985,
              53.1855726
            ],
            [
              8.2012641,
              53.1801621
            ],
            [
              8.2012785,
              53.1796997
            ],
            [
              8.2011232,
              53.1796505
            ],
            [
              8.2011129,
              53.1774446
            ],
            [
              8.2011129,
              53.1774437
            ],
            [
              8.201103,
              53.1744815
            ]
          ]
        ]
      }
    },
    {
      "type": "Feature",
      "properties": {
        "name": "Nadorst",
        "city": "Oldenburg",
        "osm_id": 3839135,
        "osm_type": "relation",
        "display": "Nadorst, Oldenburg, Niedersachsen, Deutschland"
      },
      "geometry": {
        "type": "Polygon",
        "coordinates": [
          [
            [
              8.206016,
              53.1760507
            ],
            [
              8.2064193,
              53.1756122
            ],
            [
              8.2065341,
              53.1754876
            ],
            [
              8.2066543,
              53.1753571
            ],
            [
              8.2068605,
              53.1751332
            ],
            [
              8.206957,
              53.1750284
            ],
            [
              8.2072607,
              53.1747125
            ],
            [
              8.2077119,
              53.1742254
            ],
            [
              8.2079817,
              53.1739293
            ],
            [
              8.2086552,
              53.1731454
            ],
            [
              8.2087582,
              53.1730399
            ],
            [
              8.2092915,
              53.1724595
            ],
            [
              8.2095111,
              53.1722147
            ],
            [
              8.2096647,
              53.1720398
            ],
            [
              8.2098167,
              53.1718788
            ],
            [
              8.2101409,
              53.1715473
            ],
            [
              8.2101909,
              53.171451
            ],
            [
              8.2104791,
              53.1711413
            ],
            [
              8.2107458,
              53.1708666
            ],
            [
              8.2111853,
              53.1703893
            ],
            [
              8.2112692,
              53.1702981
            ],
            [
              8.2114561,
              53.1700997
            ],
            [
              8.2120308,
              53.1694743
            ],
            [
              8.2120632,
              53.1694417
            ],
            [
              8.2132519,
              53.1681704
            ],
            [
              8.2135845,
              53.1678239
            ],
            [
              8.2139229,
              53.1674791
            ],
            [
              8.2140465,
              53.1673471
            ],
            [
              8.2142283,
              53.1671886
            ],
            [
              8.2144469,
              53.1669311
            ],
            [
              8.2145681,
              53.1667874
            ],
            [
              8.2146196,
              53.1667255
            ],
            [
              8.2146564,
              53.1666865
            ],
            [
              8.2149893,
              53.1662892
            ],
            [
              8.2151038,
              53.1661542
            ],
            [
              8.2151516,
              53.1660975
            ],
            [
              8.2152879,
              53.1659457
            ],
            [
              8.2154705,
              53.165742
            ],
            [
              8.2155745,
              53.165634
            ],
            [
              8.2156869,
              53.1655103
            ],
            [
              8.2157229,
              53.165471
            ],
            [
              8.2158617,
              53.1653194
            ],
            [
              8.2159266,
              53.1652484
            ],
            [
              8.2159856,
              53.165184
            ],
            [
              8.216109,
              53.1650492
            ],
            [
              8.2164709,
              53.1646538
            ],
            [
              8.2165328,
              53.1645864
            ],
            [
              8.2168758,
              53.1642164
            ],
            [
              8.2169378,
              53.1641488
            ],
            [
              8.2170251,
              53.1640536
            ],
            [
              8.2170869,
              53.1639857
            ],
            [
              8.2171243,
              53.1639445
            ],
            [
              8.2172586,
              53.163797
            ],
            [
              8.2173879,
              53.163655
            ],
            [
              8.217611,
              53.1634499
            ],
            [
              8.2176458,
              53.1634225
            ],
            [
              8.2177731,
              53.1633333
            ],
            [
              8.2178256,
              53.1632978
            ],
            [
              8.217899,
              53.1632583
            ],
            [
              8.2180769,
              53.1631761
            ],
            [
              8.2186649,
              53.1629815
            ],
            [
              8.219318,
              53.1627743
            ],
            [
              8.2196308,
              53.162675
            ],
            [
              8.2207309,
              53.1623269
            ],
            [
              8.2209107,
              53.162265
            ],
            [
              8.2214283,
              53.1621
            ],
            [
              8.2216424,
              53.1620255
            ],
            [
              8.2223972,
              53.1617931
            ],
            [
              8.2227597,
              53.1616912
            ],
            [
              8.2233974,
              53.1614866
            ],
            [
              8.2234075,
              53.16148
            ],
            [
              8.2234223,
              53.1614827
            ],
            [
              8.2237029,
              53.1618191
            ],
            [
              8.2238244,
              53.1619649
            ],
            [
              8.2239667,
              53.1621463
            ],
            [
              8.2242536,
              53.1624783
            ],
            [
              8.2245985,
              53.162426
            ],
            [
              8.2252924,
              53.1623209
            ],
            [
              8.2258646,
              53.1622731
            ],
            [
              8.2264407,
              53.162225
            ],
            [
              8.2276791,
              53.1621272
            ],
            [
              8.22868,
              53.162051
            ],
            [
              8.2290171,
              53.162023
            ],
            [
              8.2291115,
              53.162015
            ],
            [
              8.2293296,
              53.1619966
            ],
            [
              8.2296825,
              53.1619668
            ],
            [
              8.2298239,
              53.1619549
            ],
            [
              8.2305739,
              53.1618788
            ],
            [
              8.2306511,
              53.1618768
            ],
            [
              8.2309251,
              53.1618357
            ],
            [
              8.2311035,
              53.1618037
            ],
            [
              8.2311539,
              53.1617946
            ],
            [
              8.2313503,
              53.1617265
            ],
            [
              8.2315093,
              53.161846
            ],
            [
              8.2315661,
              53.1618887
            ],
            [
              8.2316079,
              53.1619201
            ],
            [
              8.2316989,
              53.1619885
            ],
            [
              8.2317558,
              53.1620247
            ],
            [
              8.2317857,
              53.1620449
            ],
            [
              8.2321341,
              53.1622673
            ],
            [
              8.2323409,
              53.1623983
            ],
            [
              8.2328841,
              53.1627832
            ],
            [
              8.2333273,
              53.1630585
            ],
            [
              8.234377,
              53.163629
            ],
            [
              8.2357786,
              53.1643516
            ],
            [
              8.2369628,
              53.16499
            ],
            [
              8.2373764,
              53.1652258
            ],
            [
              8.2379467,
              53.1655275
            ],
            [
              8.2378516,
              53.1656305
            ],
            [
              8.2373489,
              53.1661749
            ],
            [
              8.2370163,
              53.1665352
            ],
            [
              8.2369613,
              53.1665948
            ],
            [
              8.236854,
              53.166711
            ],
            [
              8.2365762,
              53.167012
            ],
            [
              8.2365355,
              53.1670561
            ],
            [
              8.2363967,
              53.1672068
            ],
            [
              8.2360905,
              53.1675394
            ],
            [
              8.236027,
              53.1676084
            ],
            [
              8.235877,
              53.1677714
            ],
            [
              8.2350752,
              53.1686574
            ],
            [
              8.2342381,
              53.1695252
            ],
            [
              8.2345797,
              53.1695576
            ],
            [
              8.2346593,
              53.1695652
            ],
            [
              8.2353741,
              53.1696352
            ],
            [
              8.23573,
              53.1696678
            ],
            [
              8.2358265,
              53.1696571
            ],
            [
              8.2359055,
              53.1696249
            ],
            [
              8.2359652,
              53.1696736
            ],
            [
              8.2360602,
              53.1697117
            ],
            [
              8.2361684,
              53.1697418
            ],
            [
              8.2366838,
              53.1698623
            ],
            [
              8.2367612,
              53.1698804
            ],
            [
              8.2365712,
              53.1701388
            ],
            [
              8.2367441,
              53.1704346
            ],
            [
              8.2372954,
              53.1708144
            ],
            [
              8.2366863,
              53.1709779
            ],
            [
              8.2362465,
              53.1711199
            ],
            [
              8.2352258,
              53.1714497
            ],
            [
              8.2358689,
              53.1725537
            ],
            [
              8.235887,
              53.1725962
            ],
            [
              8.2360002,
              53.1727742
            ],
            [
              8.2365407,
              53.1737579
            ],
            [
              8.2363305,
              53.1738081
            ],
            [
              8.2357207,
              53.1739539
            ],
            [
              8.234456,
              53.1742529
            ],
            [
              8.2343622,
              53.1742777
            ],
            [
              8.2327656,
              53.1746427
            ],
            [
              8.2311075,
              53.17505
            ],
            [
              8.2303148,
              53.175253
            ],
            [
              8.2301724,
              53.1752906
            ],
            [
              8.2300348,
              53.1753259
            ],
            [
              8.2299312,
              53.1753714
            ],
            [
              8.2299346,
              53.1755234
            ],
            [
              8.2300259,
              53.1759568
            ],
            [
              8.2303096,
              53.1771969
            ],
            [
              8.2304637,
              53.1779605
            ],
            [
              8.2304975,
              53.178128
            ],
            [
              8.2308964,
              53.179974
            ],
            [
              8.2309382,
              53.1802609
            ],
            [
              8.2306608,
              53.180268
            ],
            [
              8.2294564,
              53.1802462
            ],
            [
              8.2285848,
              53.1802452
            ],
            [
              8.2280221,
              53.180418
            ],
            [
              8.2268917,
              53.180482
            ],
            [
              8.2268314,
              53.1804863
            ],
            [
              8.2267306,
              53.1804934
            ],
            [
              8.2266652,
              53.1801566
            ],
            [
              8.2266132,
              53.179887
            ],
            [
              8.22656,
              53.1796174
            ],
            [
              8.2264316,
              53.1790744
            ],
            [
              8.2261356,
              53.1781109
            ],
            [
              8.2258153,
              53.1771454
            ],
            [
              8.2257121,
              53.1768594
            ],
            [
              8.2256809,
              53.1767783
            ],
            [
              8.2256409,
              53.1766746
            ],
            [
              8.2251229,
              53.1768345
            ],
            [
              8.2248249,
              53.1769194
            ],
            [
              8.2240114,
              53.1771855
            ],
            [
              8.2239549,
              53.1772033
            ],
            [
              8.2232417,
              53.1774322
            ],
            [
              8.2216922,
              53.1779168
            ],
            [
              8.221207,
              53.1780701
            ],
            [
              8.220762,
              53.178195
            ],
            [
              8.2183542,
              53.1770465
            ],
            [
              8.2157136,
              53.1759258
            ],
            [
              8.2146292,
              53.1754801
            ],
            [
              8.2137971,
              53.1751276
            ],
            [
              8.2134325,
              53.1749815
            ],
            [
              8.2124789,
              53.176566
            ],
            [
              8.2123414,
              53.1765534
            ],
            [
              8.2123129,
              53.1765508
            ],
            [
              8.211954,
              53.176518
            ],
            [
              8.2110572,
              53.1764362
            ],
            [
              8.2106347,
              53.1763977
            ],
            [
              8.2105854,
              53.1763932
            ],
            [
              8.2098411,
              53.1763382
            ],
            [
              8.2095602,
              53.1763175
            ],
            [
              8.2089285,
              53.1762711
            ],
            [
              8.2085347,
              53.1762421
            ],
            [
              8.2081127,
              53.1762111
            ],
            [
              8.2078187,
              53.1761894
            ],
            [
              8.2076433,
              53.1761765
            ],
            [
              8.2070363,
              53.1761319
            ],
            [
              8.206016,
              53.1760507
            ]
          ]
        ]
      }
    },
    {
      "type": "Feature",
      "properties": {
        "name": "Etzhorn",
        "city": "Oldenburg",
        "osm_id": 3677213,
        "osm_type": "relation",
        "display": "Etzhorn, Oldenburg, Niedersachsen, Deutschland"
      },
      "geometry": {
        "type": "Polygon",
        "coordinates": [
          [
            [
              8.2221544,
              53.195947
            ],
            [
              8.2224476,
              53.1951429
            ],
            [
              8.2227659,
              53.1943392
            ],
            [
              8.2234477,
              53.1927558
            ],
            [
              8.2251545,
              53.1886898
            ],
            [
              8.2257285,
              53.1873598
            ],
            [
              8.2259849,
              53.186716
            ],
            [
              8.2263172,
              53.1858107
            ],
            [
              8.2265928,
              53.1847521
            ],
            [
              8.2266818,
              53.1842048
            ],
            [
              8.226793,
              53.1836401
            ],
            [
              8.2268488,
              53.1829771
            ],
            [
              8.2268629,
              53.1824415
            ],
            [
              8.2268743,
              53.1818358
            ],
            [
              8.2268093,
              53.1810702
            ],
            [
              8.2267306,
              53.1804934
            ],
            [
              8.2268314,
              53.1804863
            ],
            [
              8.2268917,
              53.180482
            ],
            [
              8.2280221,
              53.180418
            ],
            [
              8.2285848,
              53.1802452
            ],
            [
              8.2294564,
              53.1802462
            ],
            [
              8.2306608,
              53.180268
            ],
            [
              8.2309382,
              53.1802609
            ],
            [
              8.2308964,
              53.179974
            ],
            [
              8.2304975,
              53.178128
            ],
            [
              8.2304637,
              53.1779605
            ],
            [
              8.2303096,
              53.1771969
            ],
            [
              8.2300259,
              53.1759568
            ],
            [
              8.2299346,
              53.1755234
            ],
            [
              8.2299312,
              53.1753714
            ],
            [
              8.2300348,
              53.1753259
            ],
            [
              8.2301724,
              53.1752906
            ],
            [
              8.2303148,
              53.175253
            ],
            [
              8.2311075,
              53.17505
            ],
            [
              8.2327656,
              53.1746427
            ],
            [
              8.2343622,
              53.1742777
            ],
            [
              8.234456,
              53.1742529
            ],
            [
              8.234824,
              53.1747854
            ],
            [
              8.2349291,
              53.1749323
            ],
            [
              8.2350158,
              53.1750534
            ],
            [
              8.235127,
              53.1752087
            ],
            [
              8.2352681,
              53.1754059
            ],
            [
              8.2353491,
              53.1755191
            ],
            [
              8.2354779,
              53.175699
            ],
            [
              8.2355819,
              53.1758443
            ],
            [
              8.2358255,
              53.1761847
            ],
            [
              8.2360726,
              53.1765198
            ],
            [
              8.2362647,
              53.1767803
            ],
            [
              8.2363716,
              53.1769253
            ],
            [
              8.236397,
              53.1769598
            ],
            [
              8.2365449,
              53.1771604
            ],
            [
              8.236689,
              53.1773558
            ],
            [
              8.2369127,
              53.1776592
            ],
            [
              8.2370009,
              53.1777843
            ],
            [
              8.2371734,
              53.1780309
            ],
            [
              8.2417137,
              53.1773422
            ],
            [
              8.2422099,
              53.1772121
            ],
            [
              8.2426482,
              53.1770132
            ],
            [
              8.2442922,
              53.1763895
            ],
            [
              8.245248,
              53.1761441
            ],
            [
              8.2452229,
              53.1763889
            ],
            [
              8.2451646,
              53.1773112
            ],
            [
              8.2461204,
              53.1774219
            ],
            [
              8.2461815,
              53.1772185
            ],
            [
              8.2471031,
              53.1773213
            ],
            [
              8.2476986,
              53.1773759
            ],
            [
              8.24784,
              53.1773797
            ],
            [
              8.2477499,
              53.1776157
            ],
            [
              8.2478631,
              53.1776378
            ],
            [
              8.2488817,
              53.1778204
            ],
            [
              8.2485239,
              53.1790094
            ],
            [
              8.2495643,
              53.1792267
            ],
            [
              8.2504054,
              53.1795517
            ],
            [
              8.2505436,
              53.179632
            ],
            [
              8.2506625,
              53.1797212
            ],
            [
              8.2541101,
              53.1834018
            ],
            [
              8.2544883,
              53.1838067
            ],
            [
              8.2547576,
              53.1840883
            ],
            [
              8.2551342,
              53.1844844
            ],
            [
              8.2552948,
              53.1846533
            ],
            [
              8.2555973,
              53.1848933
            ],
            [
              8.2561803,
              53.1851577
            ],
            [
              8.2566463,
              53.1853363
            ],
            [
              8.2575049,
              53.1856543
            ],
            [
              8.2589026,
              53.1861594
            ],
            [
              8.2593863,
              53.1863265
            ],
            [
              8.2596373,
              53.1864547
            ],
            [
              8.2631352,
              53.187662
            ],
            [
              8.2637659,
              53.1875355
            ],
            [
              8.2643632,
              53.1875087
            ],
            [
              8.2646195,
              53.1875116
            ],
            [
              8.2649035,
              53.1875275
            ],
            [
              8.2677356,
              53.1882325
            ],
            [
              8.2679182,
              53.1883158
            ],
            [
              8.2680861,
              53.1884319
            ],
            [
              8.2683081,
              53.1885499
            ],
            [
              8.2685939,
              53.1886026
            ],
            [
              8.2689842,
              53.1886481
            ],
            [
              8.2691996,
              53.1886555
            ],
            [
              8.2713062,
              53.1886885
            ],
            [
              8.2714378,
              53.1886916
            ],
            [
              8.2745579,
              53.1887656
            ],
            [
              8.2758763,
              53.1888027
            ],
            [
              8.2770853,
              53.1888883
            ],
            [
              8.2773343,
              53.1889861
            ],
            [
              8.276589,
              53.1897518
            ],
            [
              8.2759843,
              53.1905813
            ],
            [
              8.2759301,
              53.1906557
            ],
            [
              8.2756891,
              53.1910906
            ],
            [
              8.2754221,
              53.1913006
            ],
            [
              8.2754108,
              53.1914337
            ],
            [
              8.2742833,
              53.1913236
            ],
            [
              8.2735414,
              53.1911446
            ],
            [
              8.2690441,
              53.1915146
            ],
            [
              8.2679849,
              53.1918245
            ],
            [
              8.2676773,
              53.1919145
            ],
            [
              8.2672094,
              53.1921585
            ],
            [
              8.2660436,
              53.1924714
            ],
            [
              8.262855,
              53.1926815
            ],
            [
              8.2618102,
              53.1927504
            ],
            [
              8.2606974,
              53.1927994
            ],
            [
              8.2588007,
              53.1931243
            ],
            [
              8.2576681,
              53.1931422
            ],
            [
              8.257095,
              53.1931513
            ],
            [
              8.2558982,
              53.1933183
            ],
            [
              8.2553452,
              53.1932843
            ],
            [
              8.2549063,
              53.1933263
            ],
            [
              8.2535615,
              53.1936813
            ],
            [
              8.2526007,
              53.1938792
            ],
            [
              8.2525202,
              53.1939109
            ],
            [
              8.2521747,
              53.1940472
            ],
            [
              8.2515768,
              53.1945352
            ],
            [
              8.2513319,
              53.1945892
            ],
            [
              8.2494711,
              53.1950081
            ],
            [
              8.2483213,
              53.1950621
            ],
            [
              8.2480064,
              53.1949931
            ],
            [
              8.2462035,
              53.1959159
            ],
            [
              8.2465527,
              53.1968712
            ],
            [
              8.2469735,
              53.1973658
            ],
            [
              8.2469955,
              53.1981058
            ],
            [
              8.2469705,
              53.1986177
            ],
            [
              8.2471448,
              53.1987941
            ],
            [
              8.2472585,
              53.1991816
            ],
            [
              8.2447856,
              53.1994307
            ],
            [
              8.2444642,
              53.1996031
            ],
            [
              8.2440136,
              53.1997229
            ],
            [
              8.2439359,
              53.1999014
            ],
            [
              8.2439826,
              53.2004296
            ],
            [
              8.2428173,
              53.2003708
            ],
            [
              8.241539,
              53.2003062
            ],
            [
              8.240303,
              53.200137
            ],
            [
              8.2393804,
              53.1999416
            ],
            [
              8.2387919,
              53.1996804
            ],
            [
              8.2385248,
              53.1994606
            ],
            [
              8.2379016,
              53.1992083
            ],
            [
              8.2377889,
              53.1991626
            ],
            [
              8.237486,
              53.1990786
            ],
            [
              8.236396,
              53.1988045
            ],
            [
              8.2357494,
              53.1986706
            ],
            [
              8.2355524,
              53.1986295
            ],
            [
              8.2354375,
              53.198658
            ],
            [
              8.2350448,
              53.1988973
            ],
            [
              8.2326394,
              53.1986144
            ],
            [
              8.2292344,
              53.1982248
            ],
            [
              8.2280854,
              53.1981261
            ],
            [
              8.2271402,
              53.1980952
            ],
            [
              8.2269066,
              53.1981153
            ],
            [
              8.2264526,
              53.1972117
            ],
            [
              8.2262786,
              53.1966592
            ],
            [
              8.2261575,
              53.1962691
            ],
            [
              8.2260323,
              53.1956341
            ],
            [
              8.2259117,
              53.1956453
            ],
            [
              8.2227921,
              53.1960087
            ],
            [
              8.2226518,
              53.1960319
            ],
            [
              8.2225935,
              53.1960107
            ],
            [
              8.2221544,
              53.195947
            ]
          ]
        ]
      }
    },
    {
      "type": "Feature",
      "properties": {
        "name": "Ohmstede",
        "city": "Oldenburg",
        "osm_id": 3677226,
        "osm_type": "relation",
        "display": "Ohmstede, Oldenburg, Niedersachsen, Deutschland"
      },
      "geometry": {
        "type": "Polygon",
        "coordinates": [
          [
            [
              8.2313503,
              53.1617265
            ],
            [
              8.2317048,
              53.1615311
            ],
            [
              8.2320188,
              53.1612833
            ],
            [
              8.2322412,
              53.1610936
            ],
            [
              8.2323895,
              53.1609706
            ],
            [
              8.23284,
              53.1607091
            ],
            [
              8.2329683,
              53.1606358
            ],
            [
              8.2331837,
              53.1605205
            ],
            [
              8.2334027,
              53.1603922
            ],
            [
              8.2336865,
              53.1602257
            ],
            [
              8.2338512,
              53.1601224
            ],
            [
              8.2339835,
              53.1600443
            ],
            [
              8.2340209,
              53.1600222
            ],
            [
              8.2343846,
              53.1598059
            ],
            [
              8.2344071,
              53.1597934
            ],
            [
              8.2347006,
              53.1596373
            ],
            [
              8.2348134,
              53.1595818
            ],
            [
              8.2348894,
              53.1595407
            ],
            [
              8.2353095,
              53.1593635
            ],
            [
              8.2353849,
              53.1593338
            ],
            [
              8.2356003,
              53.1592486
            ],
            [
              8.2358541,
              53.1591486
            ],
            [
              8.2366392,
              53.1588275
            ],
            [
              8.2368994,
              53.1587211
            ],
            [
              8.2369825,
              53.1586884
            ],
            [
              8.2371195,
              53.1586127
            ],
            [
              8.237189,
              53.158547
            ],
            [
              8.2373275,
              53.1586261
            ],
            [
              8.2375228,
              53.1588563
            ],
            [
              8.2375611,
              53.1589014
            ],
            [
              8.2376951,
              53.1590592
            ],
            [
              8.2379334,
              53.1593467
            ],
            [
              8.2381256,
              53.1592711
            ],
            [
              8.2385535,
              53.1591162
            ],
            [
              8.2390739,
              53.1589547
            ],
            [
              8.2395748,
              53.1588256
            ],
            [
              8.2401062,
              53.1587117
            ],
            [
              8.2404384,
              53.1586539
            ],
            [
              8.2408389,
              53.1585958
            ],
            [
              8.2412516,
              53.1585498
            ],
            [
              8.2417069,
              53.1585127
            ],
            [
              8.2421567,
              53.1584914
            ],
            [
              8.2426475,
              53.1584851
            ],
            [
              8.2431588,
              53.1584973
            ],
            [
              8.243605,
              53.1585242
            ],
            [
              8.2442321,
              53.1585918
            ],
            [
              8.2446218,
              53.1586476
            ],
            [
              8.2451298,
              53.1587322
            ],
            [
              8.2456809,
              53.158856
            ],
            [
              8.2473241,
              53.1592595
            ],
            [
              8.2486774,
              53.1595924
            ],
            [
              8.2495135,
              53.1597867
            ],
            [
              8.2505129,
              53.1599927
            ],
            [
              8.2515916,
              53.1601685
            ],
            [
              8.252172,
              53.1602419
            ],
            [
              8.2530344,
              53.160331
            ],
            [
              8.2536337,
              53.1603863
            ],
            [
              8.2541332,
              53.1604336
            ],
            [
              8.2548153,
              53.1605044
            ],
            [
              8.2556372,
              53.1606075
            ],
            [
              8.2564658,
              53.1607399
            ],
            [
              8.2570927,
              53.1608599
            ],
            [
              8.2577914,
              53.1610173
            ],
            [
              8.2585512,
              53.1612134
            ],
            [
              8.2590828,
              53.1613722
            ],
            [
              8.2594328,
              53.1614846
            ],
            [
              8.2599733,
              53.161671
            ],
            [
              8.2607219,
              53.161962
            ],
            [
              8.2613632,
              53.1622346
            ],
            [
              8.2621738,
              53.1625914
            ],
            [
              8.2628378,
              53.162875
            ],
            [
              8.2633253,
              53.1630707
            ],
            [
              8.2637944,
              53.1632465
            ],
            [
              8.2643341,
              53.1634312
            ],
            [
              8.264745,
              53.1635591
            ],
            [
              8.2651387,
              53.1636771
            ],
            [
              8.2649795,
              53.1637579
            ],
            [
              8.2648469,
              53.1638276
            ],
            [
              8.2643551,
              53.1640258
            ],
            [
              8.2641655,
              53.164038
            ],
            [
              8.2635785,
              53.164394
            ],
            [
              8.2632932,
              53.1647496
            ],
            [
              8.2632909,
              53.1648603
            ],
            [
              8.2633478,
              53.1649387
            ],
            [
              8.2634867,
              53.1650347
            ],
            [
              8.2635235,
              53.1650849
            ],
            [
              8.2635127,
              53.1651238
            ],
            [
              8.2634331,
              53.165219
            ],
            [
              8.2631321,
              53.1653437
            ],
            [
              8.2629054,
              53.1654247
            ],
            [
              8.2624708,
              53.165548
            ],
            [
              8.2621921,
              53.16555
            ],
            [
              8.2621889,
              53.1656197
            ],
            [
              8.2618878,
              53.1661546
            ],
            [
              8.2618741,
              53.1661862
            ],
            [
              8.261819,
              53.1664859
            ],
            [
              8.2618063,
              53.1669584
            ],
            [
              8.2618868,
              53.1672328
            ],
            [
              8.261809,
              53.1672487
            ],
            [
              8.2618219,
              53.1672941
            ],
            [
              8.2623516,
              53.168942
            ],
            [
              8.2619225,
              53.1689992
            ],
            [
              8.2618518,
              53.1690153
            ],
            [
              8.2618728,
              53.1690938
            ],
            [
              8.261877,
              53.1691446
            ],
            [
              8.2619914,
              53.1695078
            ],
            [
              8.262021,
              53.169573
            ],
            [
              8.2613834,
              53.1696881
            ],
            [
              8.2608126,
              53.1697894
            ],
            [
              8.2607371,
              53.1698039
            ],
            [
              8.2604727,
              53.1698514
            ],
            [
              8.2602181,
              53.16989
            ],
            [
              8.2600525,
              53.1699077
            ],
            [
              8.2598782,
              53.1699217
            ],
            [
              8.2596953,
              53.1699284
            ],
            [
              8.2594852,
              53.1699277
            ],
            [
              8.2593012,
              53.1699203
            ],
            [
              8.2590773,
              53.169898
            ],
            [
              8.258633,
              53.1705029
            ],
            [
              8.2583451,
              53.1705897
            ],
            [
              8.2582326,
              53.1708114
            ],
            [
              8.2576318,
              53.1715896
            ],
            [
              8.2576063,
              53.1717729
            ],
            [
              8.2576747,
              53.1719883
            ],
            [
              8.2581682,
              53.1726828
            ],
            [
              8.2581586,
              53.1727053
            ],
            [
              8.2581183,
              53.1727995
            ],
            [
              8.2554759,
              53.1724181
            ],
            [
              8.2553923,
              53.17248
            ],
            [
              8.2551893,
              53.1726304
            ],
            [
              8.2549206,
              53.1730777
            ],
            [
              8.2548499,
              53.1731508
            ],
            [
              8.2547475,
              53.1732566
            ],
            [
              8.2546053,
              53.1735047
            ],
            [
              8.2543898,
              53.1738665
            ],
            [
              8.2539475,
              53.1737719
            ],
            [
              8.2532482,
              53.1743986
            ],
            [
              8.2527768,
              53.1742094
            ],
            [
              8.2527201,
              53.1741866
            ],
            [
              8.2523615,
              53.1745349
            ],
            [
              8.2517754,
              53.1748815
            ],
            [
              8.251315,
              53.1746808
            ],
            [
              8.2510757,
              53.1745765
            ],
            [
              8.2506189,
              53.1743201
            ],
            [
              8.250291,
              53.1741521
            ],
            [
              8.2500008,
              53.1750675
            ],
            [
              8.2494474,
              53.1767034
            ],
            [
              8.2490498,
              53.1778689
            ],
            [
              8.2488817,
              53.1778204
            ],
            [
              8.2478631,
              53.1776378
            ],
            [
              8.2477499,
              53.1776157
            ],
            [
              8.24784,
              53.1773797
            ],
            [
              8.2476986,
              53.1773759
            ],
            [
              8.2471031,
              53.1773213
            ],
            [
              8.2461815,
              53.1772185
            ],
            [
              8.2461204,
              53.1774219
            ],
            [
              8.2451646,
              53.1773112
            ],
            [
              8.2452229,
              53.1763889
            ],
            [
              8.245248,
              53.1761441
            ],
            [
              8.2442922,
              53.1763895
            ],
            [
              8.2426482,
              53.1770132
            ],
            [
              8.2422099,
              53.1772121
            ],
            [
              8.2417137,
              53.1773422
            ],
            [
              8.2371734,
              53.1780309
            ],
            [
              8.2370009,
              53.1777843
            ],
            [
              8.2369127,
              53.1776592
            ],
            [
              8.236689,
              53.1773558
            ],
            [
              8.2365449,
              53.1771604
            ],
            [
              8.236397,
              53.1769598
            ],
            [
              8.2363716,
              53.1769253
            ],
            [
              8.2362647,
              53.1767803
            ],
            [
              8.2360726,
              53.1765198
            ],
            [
              8.2358255,
              53.1761847
            ],
            [
              8.2355819,
              53.1758443
            ],
            [
              8.2354779,
              53.175699
            ],
            [
              8.2353491,
              53.1755191
            ],
            [
              8.2352681,
              53.1754059
            ],
            [
              8.235127,
              53.1752087
            ],
            [
              8.2350158,
              53.1750534
            ],
            [
              8.2349291,
              53.1749323
            ],
            [
              8.234824,
              53.1747854
            ],
            [
              8.234456,
              53.1742529
            ],
            [
              8.2357207,
              53.1739539
            ],
            [
              8.2363305,
              53.1738081
            ],
            [
              8.2365407,
              53.1737579
            ],
            [
              8.2360002,
              53.1727742
            ],
            [
              8.235887,
              53.1725962
            ],
            [
              8.2358689,
              53.1725537
            ],
            [
              8.2352258,
              53.1714497
            ],
            [
              8.2362465,
              53.1711199
            ],
            [
              8.2366863,
              53.1709779
            ],
            [
              8.2372954,
              53.1708144
            ],
            [
              8.2367441,
              53.1704346
            ],
            [
              8.2365712,
              53.1701388
            ],
            [
              8.2367612,
              53.1698804
            ],
            [
              8.2366838,
              53.1698623
            ],
            [
              8.2361684,
              53.1697418
            ],
            [
              8.2360602,
              53.1697117
            ],
            [
              8.2359652,
              53.1696736
            ],
            [
              8.2359055,
              53.1696249
            ],
            [
              8.2358265,
              53.1696571
            ],
            [
              8.23573,
              53.1696678
            ],
            [
              8.2353741,
              53.1696352
            ],
            [
              8.2346593,
              53.1695652
            ],
            [
              8.2345797,
              53.1695576
            ],
            [
              8.2342381,
              53.1695252
            ],
            [
              8.2350752,
              53.1686574
            ],
            [
              8.235877,
              53.1677714
            ],
            [
              8.236027,
              53.1676084
            ],
            [
              8.2360905,
              53.1675394
            ],
            [
              8.2363967,
              53.1672068
            ],
            [
              8.2365355,
              53.1670561
            ],
            [
              8.2365762,
              53.167012
            ],
            [
              8.236854,
              53.166711
            ],
            [
              8.2369613,
              53.1665948
            ],
            [
              8.2370163,
              53.1665352
            ],
            [
              8.2373489,
              53.1661749
            ],
            [
              8.2378516,
              53.1656305
            ],
            [
              8.2379467,
              53.1655275
            ],
            [
              8.2373764,
              53.1652258
            ],
            [
              8.2369628,
              53.16499
            ],
            [
              8.2357786,
              53.1643516
            ],
            [
              8.234377,
              53.163629
            ],
            [
              8.2333273,
              53.1630585
            ],
            [
              8.2328841,
              53.1627832
            ],
            [
              8.2323409,
              53.1623983
            ],
            [
              8.2321341,
              53.1622673
            ],
            [
              8.2317857,
              53.1620449
            ],
            [
              8.2317558,
              53.1620247
            ],
            [
              8.2316989,
              53.1619885
            ],
            [
              8.2316079,
              53.1619201
            ],
            [
              8.2315661,
              53.1618887
            ],
            [
              8.2315093,
              53.161846
            ],
            [
              8.2313503,
              53.1617265
            ]
          ]
        ]
      }
    },
    {
      "type": "Feature",
      "properties": {
        "name": "Bornhorst",
        "city": "Oldenburg",
        "osm_id": 3677207,
        "osm_type": "relation",
        "display": "Bornhorst, Oldenburg, Niedersachsen, 26125, Deutschland"
      },
      "geometry": {
        "type": "Polygon",
        "coordinates": [
          [
            [
              8.2485239,
              53.1790094
            ],
            [
              8.2488817,
              53.1778204
            ],
            [
              8.2490498,
              53.1778689
            ],
            [
              8.2494474,
              53.1767034
            ],
            [
              8.2500008,
              53.1750675
            ],
            [
              8.250291,
              53.1741521
            ],
            [
              8.2506189,
              53.1743201
            ],
            [
              8.2510757,
              53.1745765
            ],
            [
              8.251315,
              53.1746808
            ],
            [
              8.2517754,
              53.1748815
            ],
            [
              8.2523615,
              53.1745349
            ],
            [
              8.2527201,
              53.1741866
            ],
            [
              8.2527768,
              53.1742094
            ],
            [
              8.2532482,
              53.1743986
            ],
            [
              8.2539475,
              53.1737719
            ],
            [
              8.2543898,
              53.1738665
            ],
            [
              8.2546053,
              53.1735047
            ],
            [
              8.2547475,
              53.1732566
            ],
            [
              8.2548499,
              53.1731508
            ],
            [
              8.2549206,
              53.1730777
            ],
            [
              8.2551893,
              53.1726304
            ],
            [
              8.2553923,
              53.17248
            ],
            [
              8.2554759,
              53.1724181
            ],
            [
              8.2581183,
              53.1727995
            ],
            [
              8.2581586,
              53.1727053
            ],
            [
              8.2581682,
              53.1726828
            ],
            [
              8.2576747,
              53.1719883
            ],
            [
              8.2576063,
              53.1717729
            ],
            [
              8.2576318,
              53.1715896
            ],
            [
              8.2582326,
              53.1708114
            ],
            [
              8.2583451,
              53.1705897
            ],
            [
              8.258633,
              53.1705029
            ],
            [
              8.2590773,
              53.169898
            ],
            [
              8.2593012,
              53.1699203
            ],
            [
              8.2594852,
              53.1699277
            ],
            [
              8.2596953,
              53.1699284
            ],
            [
              8.2598782,
              53.1699217
            ],
            [
              8.2600525,
              53.1699077
            ],
            [
              8.2602181,
              53.16989
            ],
            [
              8.2604727,
              53.1698514
            ],
            [
              8.2607371,
              53.1698039
            ],
            [
              8.2608126,
              53.1697894
            ],
            [
              8.2613834,
              53.1696881
            ],
            [
              8.262021,
              53.169573
            ],
            [
              8.2619914,
              53.1695078
            ],
            [
              8.261877,
              53.1691446
            ],
            [
              8.2618728,
              53.1690938
            ],
            [
              8.2618518,
              53.1690153
            ],
            [
              8.2619225,
              53.1689992
            ],
            [
              8.2623516,
              53.168942
            ],
            [
              8.2618219,
              53.1672941
            ],
            [
              8.261809,
              53.1672487
            ],
            [
              8.2618868,
              53.1672328
            ],
            [
              8.2618063,
              53.1669584
            ],
            [
              8.261819,
              53.1664859
            ],
            [
              8.2618741,
              53.1661862
            ],
            [
              8.2618878,
              53.1661546
            ],
            [
              8.2621889,
              53.1656197
            ],
            [
              8.2621921,
              53.16555
            ],
            [
              8.2624708,
              53.165548
            ],
            [
              8.2629054,
              53.1654247
            ],
            [
              8.2631321,
              53.1653437
            ],
            [
              8.2634331,
              53.165219
            ],
            [
              8.2635127,
              53.1651238
            ],
            [
              8.2635235,
              53.1650849
            ],
            [
              8.2634867,
              53.1650347
            ],
            [
              8.2633478,
              53.1649387
            ],
            [
              8.2632909,
              53.1648603
            ],
            [
              8.2632932,
              53.1647496
            ],
            [
              8.2635785,
              53.164394
            ],
            [
              8.2641655,
              53.164038
            ],
            [
              8.2643551,
              53.1640258
            ],
            [
              8.2648469,
              53.1638276
            ],
            [
              8.2649795,
              53.1637579
            ],
            [
              8.2651387,
              53.1636771
            ],
            [
              8.264745,
              53.1635591
            ],
            [
              8.2643341,
              53.1634312
            ],
            [
              8.2637944,
              53.1632465
            ],
            [
              8.2633253,
              53.1630707
            ],
            [
              8.2628378,
              53.162875
            ],
            [
              8.2621738,
              53.1625914
            ],
            [
              8.2613632,
              53.1622346
            ],
            [
              8.2607219,
              53.161962
            ],
            [
              8.2599733,
              53.161671
            ],
            [
              8.2594328,
              53.1614846
            ],
            [
              8.2590828,
              53.1613722
            ],
            [
              8.2592682,
              53.1611031
            ],
            [
              8.2593723,
              53.1610164
            ],
            [
              8.2598614,
              53.1604038
            ],
            [
              8.2603506,
              53.1600127
            ],
            [
              8.2605897,
              53.1598216
            ],
            [
              8.2612228,
              53.1598008
            ],
            [
              8.2615985,
              53.1597883
            ],
            [
              8.2618211,
              53.1597215
            ],
            [
              8.2620507,
              53.1596047
            ],
            [
              8.2621272,
              53.1594921
            ],
            [
              8.2621272,
              53.1593086
            ],
            [
              8.2620863,
              53.159116
            ],
            [
              8.2620167,
              53.1590433
            ],
            [
              8.2618833,
              53.1589238
            ],
            [
              8.2618655,
              53.15877
            ],
            [
              8.2617232,
              53.1587445
            ],
            [
              8.2611947,
              53.1585277
            ],
            [
              8.2606636,
              53.1581836
            ],
            [
              8.2601003,
              53.1577976
            ],
            [
              8.2591455,
              53.157997
            ],
            [
              8.2590006,
              53.1579713
            ],
            [
              8.2589953,
              53.1578008
            ],
            [
              8.2589094,
              53.1572861
            ],
            [
              8.2588021,
              53.1569259
            ],
            [
              8.2586627,
              53.1566621
            ],
            [
              8.2584266,
              53.1563469
            ],
            [
              8.2582979,
              53.1562182
            ],
            [
              8.2581717,
              53.1560438
            ],
            [
              8.2580069,
              53.156032
            ],
            [
              8.2577283,
              53.1559176
            ],
            [
              8.2574806,
              53.1558985
            ],
            [
              8.2568778,
              53.1559329
            ],
            [
              8.2565173,
              53.1559223
            ],
            [
              8.2561614,
              53.1558755
            ],
            [
              8.2558767,
              53.1558727
            ],
            [
              8.2555319,
              53.1559207
            ],
            [
              8.2556157,
              53.1552017
            ],
            [
              8.2560341,
              53.154938
            ],
            [
              8.2549934,
              53.1548543
            ],
            [
              8.2546823,
              53.1547707
            ],
            [
              8.2542723,
              53.1546397
            ],
            [
              8.2537742,
              53.1550071
            ],
            [
              8.2535927,
              53.1550676
            ],
            [
              8.2533797,
              53.1550421
            ],
            [
              8.2526323,
              53.1548273
            ],
            [
              8.2533904,
              53.1542163
            ],
            [
              8.2539729,
              53.1537137
            ],
            [
              8.2542687,
              53.153379
            ],
            [
              8.2543455,
              53.1531614
            ],
            [
              8.2542366,
              53.1530073
            ],
            [
              8.2539558,
              53.1528086
            ],
            [
              8.2538118,
              53.152633
            ],
            [
              8.2538743,
              53.1524658
            ],
            [
              8.2548537,
              53.1519051
            ],
            [
              8.255767,
              53.1513729
            ],
            [
              8.2558624,
              53.1512835
            ],
            [
              8.2558517,
              53.1512127
            ],
            [
              8.2557122,
              53.151142
            ],
            [
              8.2548432,
              53.1509747
            ],
            [
              8.2541887,
              53.1507624
            ],
            [
              8.2536937,
              53.1505564
            ],
            [
              8.253663,
              53.1505436
            ],
            [
              8.2534685,
              53.1503964
            ],
            [
              8.2534422,
              53.1504015
            ],
            [
              8.2532894,
              53.1504311
            ],
            [
              8.2531889,
              53.1504008
            ],
            [
              8.2527975,
              53.150298
            ],
            [
              8.2523572,
              53.1500989
            ],
            [
              8.2517244,
              53.1495831
            ],
            [
              8.2510878,
              53.1490837
            ],
            [
              8.2500377,
              53.1483309
            ],
            [
              8.2499275,
              53.1482703
            ],
            [
              8.2499025,
              53.1482264
            ],
            [
              8.2492332,
              53.1479178
            ],
            [
              8.2493071,
              53.1477382
            ],
            [
              8.2494681,
              53.1475902
            ],
            [
              8.2496012,
              53.1472729
            ],
            [
              8.2497255,
              53.1471655
            ],
            [
              8.2498757,
              53.1469982
            ],
            [
              8.2500367,
              53.146966
            ],
            [
              8.2502298,
              53.1469531
            ],
            [
              8.2502834,
              53.146921
            ],
            [
              8.2510237,
              53.1463418
            ],
            [
              8.2521288,
              53.1455568
            ],
            [
              8.2530086,
              53.1450291
            ],
            [
              8.2531118,
              53.1449391
            ],
            [
              8.2532583,
              53.1448368
            ],
            [
              8.2533073,
              53.1447991
            ],
            [
              8.2533986,
              53.1447393
            ],
            [
              8.2533965,
              53.1446702
            ],
            [
              8.2533947,
              53.1446125
            ],
            [
              8.2528676,
              53.1439711
            ],
            [
              8.2539807,
              53.1445599
            ],
            [
              8.2603547,
              53.1477857
            ],
            [
              8.2635985,
              53.1494217
            ],
            [
              8.2650655,
              53.1503427
            ],
            [
              8.2673612,
              53.1511649
            ],
            [
              8.2710811,
              53.1523727
            ],
            [
              8.2723565,
              53.1526946
            ],
            [
              8.2745266,
              53.1529445
            ],
            [
              8.2768956,
              53.1532176
            ],
            [
              8.2816297,
              53.1537207
            ],
            [
              8.2843505,
              53.1539884
            ],
            [
              8.2848078,
              53.1539809
            ],
            [
              8.2870607,
              53.1539438
            ],
            [
              8.289484,
              53.1536666
            ],
            [
              8.2915618,
              53.1531886
            ],
            [
              8.2951063,
              53.1520062
            ],
            [
              8.2987306,
              53.1507729
            ],
            [
              8.3016852,
              53.1502152
            ],
            [
              8.3041928,
              53.1501097
            ],
            [
              8.3063104,
              53.1500367
            ],
            [
              8.3065954,
              53.1501229
            ],
            [
              8.3066953,
              53.1501532
            ],
            [
              8.3069819,
              53.1502399
            ],
            [
              8.3077768,
              53.1504805
            ],
            [
              8.3078904,
              53.1505149
            ],
            [
              8.3084411,
              53.1506815
            ],
            [
              8.3094019,
              53.1512992
            ],
            [
              8.310475,
              53.1519261
            ],
            [
              8.3113464,
              53.1522658
            ],
            [
              8.3122382,
              53.1527778
            ],
            [
              8.3106429,
              53.1538479
            ],
            [
              8.3096021,
              53.1534589
            ],
            [
              8.3093451,
              53.1534669
            ],
            [
              8.3085263,
              53.1548098
            ],
            [
              8.3083523,
              53.1547708
            ],
            [
              8.3081953,
              53.1550987
            ],
            [
              8.3079643,
              53.1557517
            ],
            [
              8.3070565,
              53.1557367
            ],
            [
              8.3069465,
              53.1559347
            ],
            [
              8.3069565,
              53.1561256
            ],
            [
              8.3068935,
              53.1562206
            ],
            [
              8.3065865,
              53.1563926
            ],
            [
              8.3065605,
              53.1565486
            ],
            [
              8.3064966,
              53.1566286
            ],
            [
              8.3063236,
              53.1567206
            ],
            [
              8.3062396,
              53.1568155
            ],
            [
              8.3061536,
              53.1569565
            ],
            [
              8.3059126,
              53.1570375
            ],
            [
              8.3058636,
              53.1572235
            ],
            [
              8.3057957,
              53.1573765
            ],
            [
              8.3054747,
              53.1578614
            ],
            [
              8.3050988,
              53.1578534
            ],
            [
              8.3050668,
              53.1581394
            ],
            [
              8.3049388,
              53.1587193
            ],
            [
              8.3045778,
              53.1605691
            ],
            [
              8.3019952,
              53.1607721
            ],
            [
              8.3017393,
              53.161733
            ],
            [
              8.3018272,
              53.161935
            ],
            [
              8.3018132,
              53.1622209
            ],
            [
              8.3019322,
              53.1626409
            ],
            [
              8.3021002,
              53.1627969
            ],
            [
              8.3021532,
              53.1629538
            ],
            [
              8.3020802,
              53.1632478
            ],
            [
              8.3011653,
              53.1643267
            ],
            [
              8.3007154,
              53.1650216
            ],
            [
              8.3003075,
              53.1652386
            ],
            [
              8.3000365,
              53.1655096
            ],
            [
              8.2997935,
              53.1656235
            ],
            [
              8.2997005,
              53.1658945
            ],
            [
              8.2996935,
              53.1660355
            ],
            [
              8.2995846,
              53.1662265
            ],
            [
              8.2992766,
              53.1662575
            ],
            [
              8.2986347,
              53.1664214
            ],
            [
              8.2978028,
              53.1664444
            ],
            [
              8.2972859,
              53.1665054
            ],
            [
              8.296923,
              53.1665924
            ],
            [
              8.296604,
              53.1666464
            ],
            [
              8.296663,
              53.1674473
            ],
            [
              8.296827,
              53.1677333
            ],
            [
              8.2975449,
              53.1676533
            ],
            [
              8.2981224,
              53.1675706
            ],
            [
              8.3001365,
              53.1672834
            ],
            [
              8.3017632,
              53.1672034
            ],
            [
              8.3020222,
              53.1671494
            ],
            [
              8.3024931,
              53.1672644
            ],
            [
              8.3025131,
              53.1676343
            ],
            [
              8.3022614,
              53.1676527
            ],
            [
              8.3006825,
              53.1677966
            ],
            [
              8.3005453,
              53.1678111
            ],
            [
              8.2991496,
              53.1679575
            ],
            [
              8.2985989,
              53.1680153
            ],
            [
              8.2959621,
              53.1683862
            ],
            [
              8.296601,
              53.1698851
            ],
            [
              8.296806,
              53.1697551
            ],
            [
              8.2972279,
              53.1696221
            ],
            [
              8.2983097,
              53.1693661
            ],
            [
              8.2988267,
              53.1689352
            ],
            [
              8.2997605,
              53.1692631
            ],
            [
              8.2996355,
              53.1693811
            ],
            [
              8.2989586,
              53.170449
            ],
            [
              8.2988536,
              53.170579
            ],
            [
              8.2984887,
              53.170728
            ],
            [
              8.2977088,
              53.1709039
            ],
            [
              8.2969389,
              53.1712469
            ],
            [
              8.296478,
              53.1717476
            ],
            [
              8.2961841,
              53.1720668
            ],
            [
              8.2945633,
              53.1754084
            ],
            [
              8.2929425,
              53.179109
            ],
            [
              8.2935725,
              53.1805936
            ],
            [
              8.2975199,
              53.1824284
            ],
            [
              8.302279,
              53.1849184
            ],
            [
              8.3038787,
              53.1889929
            ],
            [
              8.3017271,
              53.1892519
            ],
            [
              8.3002983,
              53.1900688
            ],
            [
              8.3002033,
              53.1907817
            ],
            [
              8.3002663,
              53.1915216
            ],
            [
              8.2979306,
              53.1918846
            ],
            [
              8.2964069,
              53.1918306
            ],
            [
              8.2963765,
              53.1917621
            ],
            [
              8.2962649,
              53.1915106
            ],
            [
              8.2967158,
              53.1911827
            ],
            [
              8.2964509,
              53.1909417
            ],
            [
              8.295591,
              53.1909117
            ],
            [
              8.294283,
              53.1911642
            ],
            [
              8.2932424,
              53.1907987
            ],
            [
              8.2905014,
              53.1898359
            ],
            [
              8.2894446,
              53.1894199
            ],
            [
              8.2774481,
              53.1889025
            ],
            [
              8.2773343,
              53.1889861
            ],
            [
              8.2770853,
              53.1888883
            ],
            [
              8.2758763,
              53.1888027
            ],
            [
              8.2745579,
              53.1887656
            ],
            [
              8.2714378,
              53.1886916
            ],
            [
              8.2713062,
              53.1886885
            ],
            [
              8.2691996,
              53.1886555
            ],
            [
              8.2689842,
              53.1886481
            ],
            [
              8.2685939,
              53.1886026
            ],
            [
              8.2683081,
              53.1885499
            ],
            [
              8.2680861,
              53.1884319
            ],
            [
              8.2679182,
              53.1883158
            ],
            [
              8.2677356,
              53.1882325
            ],
            [
              8.2649035,
              53.1875275
            ],
            [
              8.2646195,
              53.1875116
            ],
            [
              8.2643632,
              53.1875087
            ],
            [
              8.2637659,
              53.1875355
            ],
            [
              8.2631352,
              53.187662
            ],
            [
              8.2596373,
              53.1864547
            ],
            [
              8.2593863,
              53.1863265
            ],
            [
              8.2589026,
              53.1861594
            ],
            [
              8.2575049,
              53.1856543
            ],
            [
              8.2566463,
              53.1853363
            ],
            [
              8.2561803,
              53.1851577
            ],
            [
              8.2555973,
              53.1848933
            ],
            [
              8.2552948,
              53.1846533
            ],
            [
              8.2551342,
              53.1844844
            ],
            [
              8.2547576,
              53.1840883
            ],
            [
              8.2544883,
              53.1838067
            ],
            [
              8.2541101,
              53.1834018
            ],
            [
              8.2506625,
              53.1797212
            ],
            [
              8.2505436,
              53.179632
            ],
            [
              8.2504054,
              53.1795517
            ],
            [
              8.2495643,
              53.1792267
            ],
            [
              8.2485239,
              53.1790094
            ]
          ]
        ]
      }
    },
    {
      "type": "Feature",
      "properties": {
        "name": "Neuenwege",
        "city": "Oldenburg",
        "osm_id": 3677223,
        "osm_type": "relation",
        "display": "Neuenwege, Oldenburg, Niedersachsen, Deutschland"
      },
      "geometry": {
        "type": "Polygon",
        "coordinates": [
          [
            [
              8.2498744,
              53.1410046
            ],
            [
              8.2503751,
              53.1388481
            ],
            [
              8.2504475,
              53.1384113
            ],
            [
              8.2505876,
              53.1381845
            ],
            [
              8.2509893,
              53.1377887
            ],
            [
              8.2559619,
              53.1345753
            ],
            [
              8.2563692,
              53.1342349
            ],
            [
              8.2599462,
              53.1320293
            ],
            [
              8.2632595,
              53.1302475
            ],
            [
              8.2640048,
              53.1299092
            ],
            [
              8.2642459,
              53.129799
            ],
            [
              8.264211,
              53.1295677
            ],
            [
              8.2643607,
              53.129436
            ],
            [
              8.2647597,
              53.1293244
            ],
            [
              8.2704966,
              53.1261112
            ],
            [
              8.2841496,
              53.11837
            ],
            [
              8.2842395,
              53.118319
            ],
            [
              8.2846288,
              53.1181321
            ],
            [
              8.2853678,
              53.1177557
            ],
            [
              8.2854288,
              53.1177809
            ],
            [
              8.2854926,
              53.1178073
            ],
            [
              8.2855439,
              53.1178285
            ],
            [
              8.2855119,
              53.1178462
            ],
            [
              8.2856229,
              53.117892
            ],
            [
              8.2860731,
              53.1176935
            ],
            [
              8.2863208,
              53.1191701
            ],
            [
              8.2863195,
              53.119263
            ],
            [
              8.2863171,
              53.11943
            ],
            [
              8.2863107,
              53.1198902
            ],
            [
              8.286293,
              53.1211465
            ],
            [
              8.2862604,
              53.1212759
            ],
            [
              8.2856983,
              53.1213864
            ],
            [
              8.2856505,
              53.1213924
            ],
            [
              8.2859562,
              53.1225134
            ],
            [
              8.2861975,
              53.1233997
            ],
            [
              8.2862301,
              53.1233938
            ],
            [
              8.2862465,
              53.1234183
            ],
            [
              8.2862573,
              53.1234345
            ],
            [
              8.2862718,
              53.1234563
            ],
            [
              8.2863381,
              53.1237136
            ],
            [
              8.2867512,
              53.1246932
            ],
            [
              8.2871342,
              53.1256178
            ],
            [
              8.2871805,
              53.1257123
            ],
            [
              8.2872325,
              53.1258186
            ],
            [
              8.2872525,
              53.1258594
            ],
            [
              8.2871874,
              53.1259848
            ],
            [
              8.2871636,
              53.126044
            ],
            [
              8.2873096,
              53.1264609
            ],
            [
              8.2873597,
              53.1266039
            ],
            [
              8.287461,
              53.1268933
            ],
            [
              8.2876115,
              53.1273426
            ],
            [
              8.287852,
              53.1278223
            ],
            [
              8.2879199,
              53.1280078
            ],
            [
              8.2879675,
              53.1283632
            ],
            [
              8.2879949,
              53.1286955
            ],
            [
              8.2879938,
              53.1288647
            ],
            [
              8.2879931,
              53.1289695
            ],
            [
              8.2880072,
              53.1293007
            ],
            [
              8.2880144,
              53.1293665
            ],
            [
              8.2880273,
              53.1294843
            ],
            [
              8.2880732,
              53.1297471
            ],
            [
              8.2881359,
              53.1299165
            ],
            [
              8.2881758,
              53.1300013
            ],
            [
              8.2884638,
              53.1305031
            ],
            [
              8.288739,
              53.1309652
            ],
            [
              8.2889645,
              53.1313241
            ],
            [
              8.2892443,
              53.1317442
            ],
            [
              8.2893429,
              53.1318771
            ],
            [
              8.2894277,
              53.1319828
            ],
            [
              8.2895116,
              53.1320658
            ],
            [
              8.2898899,
              53.1323914
            ],
            [
              8.2899304,
              53.1324171
            ],
            [
              8.2899531,
              53.1324315
            ],
            [
              8.2900224,
              53.1324758
            ],
            [
              8.2901057,
              53.132529
            ],
            [
              8.290641,
              53.1330375
            ],
            [
              8.2909969,
              53.1333081
            ],
            [
              8.2913544,
              53.1335599
            ],
            [
              8.2914713,
              53.1336284
            ],
            [
              8.2917492,
              53.1337914
            ],
            [
              8.2922455,
              53.1340603
            ],
            [
              8.2927299,
              53.1343227
            ],
            [
              8.2931038,
              53.1345746
            ],
            [
              8.2931539,
              53.1346083
            ],
            [
              8.2934655,
              53.1348214
            ],
            [
              8.2936869,
              53.1349727
            ],
            [
              8.2940907,
              53.1353139
            ],
            [
              8.2944459,
              53.1356089
            ],
            [
              8.2946061,
              53.1357419
            ],
            [
              8.29501,
              53.1361862
            ],
            [
              8.2951445,
              53.1363341
            ],
            [
              8.295389,
              53.1367042
            ],
            [
              8.2960635,
              53.1377199
            ],
            [
              8.2960849,
              53.1377458
            ],
            [
              8.2961212,
              53.1377897
            ],
            [
              8.2961509,
              53.1378256
            ],
            [
              8.2964477,
              53.1381869
            ],
            [
              8.2969742,
              53.1385947
            ],
            [
              8.2976282,
              53.1389313
            ],
            [
              8.2983839,
              53.1391877
            ],
            [
              8.3003142,
              53.1397157
            ],
            [
              8.300583,
              53.1397892
            ],
            [
              8.3006325,
              53.1398034
            ],
            [
              8.3006367,
              53.1398437
            ],
            [
              8.3006466,
              53.139939
            ],
            [
              8.3006491,
              53.1399628
            ],
            [
              8.300596,
              53.1400083
            ],
            [
              8.3004546,
              53.1401601
            ],
            [
              8.2999741,
              53.1407376
            ],
            [
              8.2993147,
              53.1415294
            ],
            [
              8.299198,
              53.1416212
            ],
            [
              8.2991238,
              53.1416619
            ],
            [
              8.2991624,
              53.141948
            ],
            [
              8.2992716,
              53.142141
            ],
            [
              8.2993379,
              53.1423162
            ],
            [
              8.2995118,
              53.1427751
            ],
            [
              8.2995697,
              53.1429905
            ],
            [
              8.299578,
              53.1431131
            ],
            [
              8.299584,
              53.1432011
            ],
            [
              8.2995412,
              53.1434351
            ],
            [
              8.2995357,
              53.1434653
            ],
            [
              8.2994771,
              53.1436114
            ],
            [
              8.2992895,
              53.1439019
            ],
            [
              8.2992164,
              53.144059
            ],
            [
              8.2991697,
              53.1442145
            ],
            [
              8.2991406,
              53.1444328
            ],
            [
              8.299152,
              53.1446561
            ],
            [
              8.2992176,
              53.1448773
            ],
            [
              8.2993176,
              53.1450847
            ],
            [
              8.2994734,
              53.1452996
            ],
            [
              8.2996211,
              53.1454457
            ],
            [
              8.2996576,
              53.1454819
            ],
            [
              8.2998434,
              53.145624
            ],
            [
              8.3000415,
              53.1457494
            ],
            [
              8.3002769,
              53.14586
            ],
            [
              8.3005315,
              53.1459571
            ],
            [
              8.3009393,
              53.1460712
            ],
            [
              8.3013666,
              53.1461547
            ],
            [
              8.3017412,
              53.1461918
            ],
            [
              8.302118,
              53.1462071
            ],
            [
              8.3026351,
              53.1461984
            ],
            [
              8.3030224,
              53.1462288
            ],
            [
              8.3031306,
              53.1462779
            ],
            [
              8.3034118,
              53.1464975
            ],
            [
              8.3035648,
              53.1465598
            ],
            [
              8.30366,
              53.1465829
            ],
            [
              8.304447,
              53.1467767
            ],
            [
              8.3045289,
              53.1467908
            ],
            [
              8.3046125,
              53.1468051
            ],
            [
              8.3046059,
              53.1468246
            ],
            [
              8.3045983,
              53.146847
            ],
            [
              8.3045913,
              53.1468675
            ],
            [
              8.3046135,
              53.1468692
            ],
            [
              8.3052663,
              53.1479314
            ],
            [
              8.3056582,
              53.1485691
            ],
            [
              8.3058846,
              53.1489374
            ],
            [
              8.3059044,
              53.1489696
            ],
            [
              8.3058661,
              53.1491446
            ],
            [
              8.3058593,
              53.1491753
            ],
            [
              8.3058495,
              53.1492202
            ],
            [
              8.3060191,
              53.1495044
            ],
            [
              8.3065324,
              53.1500749
            ],
            [
              8.3063827,
              53.1500481
            ],
            [
              8.3063104,
              53.1500367
            ],
            [
              8.3041928,
              53.1501097
            ],
            [
              8.3016852,
              53.1502152
            ],
            [
              8.2987306,
              53.1507729
            ],
            [
              8.2951063,
              53.1520062
            ],
            [
              8.2915618,
              53.1531886
            ],
            [
              8.289484,
              53.1536666
            ],
            [
              8.2870607,
              53.1539438
            ],
            [
              8.2848078,
              53.1539809
            ],
            [
              8.2843505,
              53.1539884
            ],
            [
              8.2816297,
              53.1537207
            ],
            [
              8.2768956,
              53.1532176
            ],
            [
              8.2745266,
              53.1529445
            ],
            [
              8.2723565,
              53.1526946
            ],
            [
              8.2710811,
              53.1523727
            ],
            [
              8.2673612,
              53.1511649
            ],
            [
              8.2650655,
              53.1503427
            ],
            [
              8.2635985,
              53.1494217
            ],
            [
              8.2603547,
              53.1477857
            ],
            [
              8.2539807,
              53.1445599
            ],
            [
              8.2528676,
              53.1439711
            ],
            [
              8.2517586,
              53.142043
            ],
            [
              8.2515869,
              53.1418178
            ],
            [
              8.2513831,
              53.1416762
            ],
            [
              8.2509432,
              53.1415024
            ],
            [
              8.2503746,
              53.1413158
            ],
            [
              8.2500527,
              53.1411581
            ],
            [
              8.2498744,
              53.1410046
            ]
          ]
        ]
      }
    },
    {
      "type": "Feature",
      "properties": {
        "name": "Kreyenbrück",
        "city": "Oldenburg",
        "osm_id": 3677221,
        "osm_type": "relation",
        "display": "Kreyenbrück, Oldenburg, Niedersachsen, 26133, Deutschland"
      },
      "geometry": {
        "type": "Polygon",
        "coordinates": [
          [
            [
              8.1880233,
              53.1119987
            ],
            [
              8.188644,
              53.1120716
            ],
            [
              8.1888068,
              53.1120913
            ],
            [
              8.1895299,
              53.1121791
            ],
            [
              8.1904131,
              53.1121895
            ],
            [
              8.1904964,
              53.1121899
            ],
            [
              8.1906088,
              53.1121921
            ],
            [
              8.190633,
              53.1121926
            ],
            [
              8.1906663,
              53.1121933
            ],
            [
              8.1907154,
              53.1121937
            ],
            [
              8.1918647,
              53.1122074
            ],
            [
              8.1919186,
              53.1122129
            ],
            [
              8.1921729,
              53.1122569
            ],
            [
              8.1952792,
              53.113027
            ],
            [
              8.1956871,
              53.1130741
            ],
            [
              8.1960018,
              53.1130912
            ],
            [
              8.1979503,
              53.1129836
            ],
            [
              8.1980786,
              53.1129764
            ],
            [
              8.1982667,
              53.1129657
            ],
            [
              8.1983472,
              53.1129612
            ],
            [
              8.1983731,
              53.1129597
            ],
            [
              8.1984145,
              53.112957
            ],
            [
              8.1986354,
              53.1129429
            ],
            [
              8.1988821,
              53.1129291
            ],
            [
              8.199117,
              53.1130127
            ],
            [
              8.1994126,
              53.1131561
            ],
            [
              8.1999518,
              53.1134961
            ],
            [
              8.2002829,
              53.1136942
            ],
            [
              8.2005774,
              53.1139089
            ],
            [
              8.2007786,
              53.114136
            ],
            [
              8.2009674,
              53.1140897
            ],
            [
              8.201045,
              53.1139266
            ],
            [
              8.201061,
              53.113893
            ],
            [
              8.2010787,
              53.113856
            ],
            [
              8.2010922,
              53.1138276
            ],
            [
              8.2011203,
              53.1137686
            ],
            [
              8.2013866,
              53.1134233
            ],
            [
              8.2014668,
              53.1133553
            ],
            [
              8.2014838,
              53.1133395
            ],
            [
              8.2016142,
              53.1132181
            ],
            [
              8.2017391,
              53.1131103
            ],
            [
              8.2018034,
              53.1130667
            ],
            [
              8.2018681,
              53.1130354
            ],
            [
              8.2019115,
              53.1130144
            ],
            [
              8.2019843,
              53.1129978
            ],
            [
              8.2022852,
              53.112929
            ],
            [
              8.2024617,
              53.1128906
            ],
            [
              8.2024952,
              53.1129308
            ],
            [
              8.2025167,
              53.1129595
            ],
            [
              8.2025519,
              53.1129544
            ],
            [
              8.2027566,
              53.1129226
            ],
            [
              8.2027948,
              53.1129173
            ],
            [
              8.2030008,
              53.1128911
            ],
            [
              8.203554,
              53.1127569
            ],
            [
              8.203716,
              53.112744
            ],
            [
              8.2037445,
              53.1127356
            ],
            [
              8.203836,
              53.112696
            ],
            [
              8.2039173,
              53.1126809
            ],
            [
              8.2040084,
              53.1126693
            ],
            [
              8.2041,
              53.1126688
            ],
            [
              8.2041424,
              53.1126597
            ],
            [
              8.2042454,
              53.1125997
            ],
            [
              8.2043848,
              53.1124983
            ],
            [
              8.2043939,
              53.112485
            ],
            [
              8.2044113,
              53.1124614
            ],
            [
              8.2044288,
              53.1124419
            ],
            [
              8.2045177,
              53.1123757
            ],
            [
              8.2045606,
              53.112297
            ],
            [
              8.20462,
              53.1122573
            ],
            [
              8.2047261,
              53.1122148
            ],
            [
              8.2047536,
              53.1122038
            ],
            [
              8.2047641,
              53.1121933
            ],
            [
              8.2048249,
              53.1121203
            ],
            [
              8.203579,
              53.1104489
            ],
            [
              8.2033587,
              53.1100589
            ],
            [
              8.2032497,
              53.1098048
            ],
            [
              8.2031469,
              53.1095133
            ],
            [
              8.2031021,
              53.109308
            ],
            [
              8.2030575,
              53.1088815
            ],
            [
              8.2031283,
              53.1075046
            ],
            [
              8.2031316,
              53.1072705
            ],
            [
              8.2031172,
              53.106937
            ],
            [
              8.2030428,
              53.106361
            ],
            [
              8.2029441,
              53.1056347
            ],
            [
              8.202856,
              53.1050039
            ],
            [
              8.2027468,
              53.1042169
            ],
            [
              8.2026841,
              53.103798
            ],
            [
              8.2026937,
              53.1035512
            ],
            [
              8.202723,
              53.1034169
            ],
            [
              8.2027651,
              53.1032447
            ],
            [
              8.2028083,
              53.1031287
            ],
            [
              8.2029703,
              53.1027873
            ],
            [
              8.2029796,
              53.1027687
            ],
            [
              8.2030004,
              53.1027397
            ],
            [
              8.2030496,
              53.1026712
            ],
            [
              8.2030777,
              53.1026289
            ],
            [
              8.2031591,
              53.1024259
            ],
            [
              8.2031724,
              53.1022678
            ],
            [
              8.2031655,
              53.1021909
            ],
            [
              8.203082,
              53.1019023
            ],
            [
              8.2025285,
              53.1015012
            ],
            [
              8.2021958,
              53.1012848
            ],
            [
              8.200334,
              53.1000301
            ],
            [
              8.1997445,
              53.0996734
            ],
            [
              8.199333,
              53.0994312
            ],
            [
              8.1983831,
              53.0988963
            ],
            [
              8.1981597,
              53.09877
            ],
            [
              8.1979007,
              53.098607
            ],
            [
              8.197643,
              53.0984353
            ],
            [
              8.1975119,
              53.098335
            ],
            [
              8.1971875,
              53.0980594
            ],
            [
              8.196997,
              53.0978599
            ],
            [
              8.1967575,
              53.0975816
            ],
            [
              8.1966541,
              53.097457
            ],
            [
              8.1963373,
              53.0970929
            ],
            [
              8.1960064,
              53.0967575
            ],
            [
              8.1957866,
              53.0965524
            ],
            [
              8.1953868,
              53.0962285
            ],
            [
              8.1952717,
              53.0961442
            ],
            [
              8.1952007,
              53.0960914
            ],
            [
              8.195042,
              53.0959733
            ],
            [
              8.195013,
              53.0959516
            ],
            [
              8.1950595,
              53.0959294
            ],
            [
              8.1950878,
              53.0959174
            ],
            [
              8.1950979,
              53.0959131
            ],
            [
              8.1951889,
              53.0958746
            ],
            [
              8.1950925,
              53.0957695
            ],
            [
              8.1950498,
              53.095723
            ],
            [
              8.1949813,
              53.095653
            ],
            [
              8.1951342,
              53.0955837
            ],
            [
              8.1958768,
              53.0952269
            ],
            [
              8.1960313,
              53.095143
            ],
            [
              8.1960828,
              53.0950909
            ],
            [
              8.196149,
              53.0950035
            ],
            [
              8.196184,
              53.094821
            ],
            [
              8.1961164,
              53.0946017
            ],
            [
              8.1960697,
              53.0943511
            ],
            [
              8.1960048,
              53.0942838
            ],
            [
              8.1958396,
              53.0942126
            ],
            [
              8.1957797,
              53.0941868
            ],
            [
              8.1957387,
              53.0941822
            ],
            [
              8.195618,
              53.0941844
            ],
            [
              8.195574,
              53.0941908
            ],
            [
              8.1955315,
              53.0941905
            ],
            [
              8.1954899,
              53.0941935
            ],
            [
              8.1954536,
              53.0941961
            ],
            [
              8.1953437,
              53.0942041
            ],
            [
              8.1952765,
              53.0942029
            ],
            [
              8.1952458,
              53.0942076
            ],
            [
              8.195143,
              53.0942228
            ],
            [
              8.1951186,
              53.0942269
            ],
            [
              8.1948896,
              53.0942143
            ],
            [
              8.194797,
              53.0941997
            ],
            [
              8.1946854,
              53.0941554
            ],
            [
              8.1946071,
              53.0941056
            ],
            [
              8.1945721,
              53.094067
            ],
            [
              8.1945341,
              53.0940136
            ],
            [
              8.1945204,
              53.0939826
            ],
            [
              8.1945098,
              53.093934
            ],
            [
              8.1945096,
              53.093875
            ],
            [
              8.1945308,
              53.0937363
            ],
            [
              8.1945941,
              53.0935685
            ],
            [
              8.1946253,
              53.0934639
            ],
            [
              8.1946592,
              53.0933128
            ],
            [
              8.1946712,
              53.0932596
            ],
            [
              8.1946699,
              53.0932276
            ],
            [
              8.1946652,
              53.0932015
            ],
            [
              8.1946469,
              53.093099
            ],
            [
              8.1946242,
              53.0929938
            ],
            [
              8.194618,
              53.0929759
            ],
            [
              8.1945637,
              53.092821
            ],
            [
              8.1945461,
              53.0927709
            ],
            [
              8.1945131,
              53.0926673
            ],
            [
              8.1944129,
              53.0923526
            ],
            [
              8.1943117,
              53.0921904
            ],
            [
              8.1941096,
              53.0919906
            ],
            [
              8.1942745,
              53.0919263
            ],
            [
              8.1943079,
              53.0919524
            ],
            [
              8.1945092,
              53.0920147
            ],
            [
              8.1945417,
              53.0920248
            ],
            [
              8.194576,
              53.0920335
            ],
            [
              8.1947389,
              53.0920751
            ],
            [
              8.1949004,
              53.0921141
            ],
            [
              8.1950229,
              53.0921054
            ],
            [
              8.1950511,
              53.0921039
            ],
            [
              8.1951075,
              53.0920891
            ],
            [
              8.195246,
              53.0920526
            ],
            [
              8.1958288,
              53.0918698
            ],
            [
              8.1957858,
              53.0916987
            ],
            [
              8.1957848,
              53.0916947
            ],
            [
              8.1961031,
              53.0917178
            ],
            [
              8.1963018,
              53.0917275
            ],
            [
              8.1964601,
              53.0917334
            ],
            [
              8.196929,
              53.0917508
            ],
            [
              8.1975285,
              53.0917866
            ],
            [
              8.198212,
              53.0917943
            ],
            [
              8.1990367,
              53.0918036
            ],
            [
              8.1990429,
              53.0917924
            ],
            [
              8.1990543,
              53.0917719
            ],
            [
              8.1991573,
              53.0915855
            ],
            [
              8.1992601,
              53.0914949
            ],
            [
              8.1993163,
              53.0914755
            ],
            [
              8.1994217,
              53.0914655
            ],
            [
              8.1993461,
              53.0913656
            ],
            [
              8.1993259,
              53.0913388
            ],
            [
              8.1989812,
              53.0908863
            ],
            [
              8.1990717,
              53.0908569
            ],
            [
              8.1997143,
              53.0908432
            ],
            [
              8.1998306,
              53.090861
            ],
            [
              8.2000764,
              53.0908995
            ],
            [
              8.2001329,
              53.0909046
            ],
            [
              8.2001658,
              53.0909042
            ],
            [
              8.2002012,
              53.0909038
            ],
            [
              8.2002453,
              53.0909033
            ],
            [
              8.2002716,
              53.0908993
            ],
            [
              8.2003377,
              53.0909064
            ],
            [
              8.2004468,
              53.0909334
            ],
            [
              8.2007336,
              53.090957
            ],
            [
              8.2012229,
              53.0909431
            ],
            [
              8.2013124,
              53.0909321
            ],
            [
              8.2016709,
              53.0908881
            ],
            [
              8.2018201,
              53.090824
            ],
            [
              8.2020837,
              53.0906982
            ],
            [
              8.2024577,
              53.0905062
            ],
            [
              8.2029142,
              53.0902611
            ],
            [
              8.2030516,
              53.0902024
            ],
            [
              8.2031396,
              53.0901723
            ],
            [
              8.2033515,
              53.0901
            ],
            [
              8.2036838,
              53.0899449
            ],
            [
              8.2038297,
              53.0899228
            ],
            [
              8.203962,
              53.0899122
            ],
            [
              8.2040484,
              53.0899351
            ],
            [
              8.2043042,
              53.0900919
            ],
            [
              8.2045484,
              53.0901778
            ],
            [
              8.2051155,
              53.0903289
            ],
            [
              8.2053961,
              53.0904025
            ],
            [
              8.2063654,
              53.0906796
            ],
            [
              8.2060757,
              53.0913828
            ],
            [
              8.2056217,
              53.0924463
            ],
            [
              8.2060591,
              53.0928418
            ],
            [
              8.2062758,
              53.093143
            ],
            [
              8.2065927,
              53.0935199
            ],
            [
              8.2067581,
              53.0937166
            ],
            [
              8.207476,
              53.0945704
            ],
            [
              8.2080869,
              53.0945767
            ],
            [
              8.2086058,
              53.0945821
            ],
            [
              8.2086389,
              53.0945875
            ],
            [
              8.2094512,
              53.0947197
            ],
            [
              8.2089176,
              53.0951154
            ],
            [
              8.2087763,
              53.0952226
            ],
            [
              8.2090769,
              53.09535
            ],
            [
              8.2094958,
              53.0955437
            ],
            [
              8.2095003,
              53.0956158
            ],
            [
              8.2094778,
              53.0956779
            ],
            [
              8.2094963,
              53.0957923
            ],
            [
              8.2100287,
              53.0960161
            ],
            [
              8.2102584,
              53.096025
            ],
            [
              8.2106084,
              53.0961688
            ],
            [
              8.2107563,
              53.0961368
            ],
            [
              8.2109753,
              53.0961087
            ],
            [
              8.2115844,
              53.0963679
            ],
            [
              8.2142095,
              53.097483
            ],
            [
              8.2148078,
              53.0975827
            ],
            [
              8.2153219,
              53.0976421
            ],
            [
              8.2156107,
              53.0976909
            ],
            [
              8.2156795,
              53.097714
            ],
            [
              8.2160286,
              53.0978058
            ],
            [
              8.2162114,
              53.0978959
            ],
            [
              8.2162249,
              53.097967
            ],
            [
              8.216788,
              53.0980175
            ],
            [
              8.2172979,
              53.0979735
            ],
            [
              8.2176495,
              53.0979818
            ],
            [
              8.2179733,
              53.0981017
            ],
            [
              8.2181966,
              53.0982548
            ],
            [
              8.21831,
              53.0983737
            ],
            [
              8.2185473,
              53.0984502
            ],
            [
              8.2185008,
              53.0985119
            ],
            [
              8.2187317,
              53.0985275
            ],
            [
              8.2194725,
              53.0983987
            ],
            [
              8.2198618,
              53.0985268
            ],
            [
              8.2209239,
              53.0988762
            ],
            [
              8.2211207,
              53.099152
            ],
            [
              8.2213175,
              53.0992061
            ],
            [
              8.2216002,
              53.0995584
            ],
            [
              8.2219266,
              53.0995715
            ],
            [
              8.2222186,
              53.0997557
            ],
            [
              8.2231513,
              53.0998601
            ],
            [
              8.2232164,
              53.0998622
            ],
            [
              8.2234148,
              53.1002693
            ],
            [
              8.2235539,
              53.1005123
            ],
            [
              8.2242631,
              53.100711
            ],
            [
              8.2250082,
              53.1010106
            ],
            [
              8.2256355,
              53.1014461
            ],
            [
              8.2261183,
              53.101723
            ],
            [
              8.2264728,
              53.1019247
            ],
            [
              8.2273092,
              53.1022899
            ],
            [
              8.2278905,
              53.1024975
            ],
            [
              8.2281248,
              53.1024072
            ],
            [
              8.2284913,
              53.1023942
            ],
            [
              8.2290205,
              53.1024673
            ],
            [
              8.2292872,
              53.1024243
            ],
            [
              8.229364,
              53.1025191
            ],
            [
              8.2298117,
              53.1025625
            ],
            [
              8.2303198,
              53.1028587
            ],
            [
              8.2304323,
              53.1029051
            ],
            [
              8.2301866,
              53.1031736
            ],
            [
              8.2313906,
              53.1034612
            ],
            [
              8.2345867,
              53.1039808
            ],
            [
              8.2357386,
              53.1042443
            ],
            [
              8.2370495,
              53.1042213
            ],
            [
              8.237148,
              53.1042219
            ],
            [
              8.2411658,
              53.1043108
            ],
            [
              8.2409933,
              53.1054284
            ],
            [
              8.2408851,
              53.1060815
            ],
            [
              8.2408616,
              53.1061909
            ],
            [
              8.2408068,
              53.1065358
            ],
            [
              8.240038,
              53.1113742
            ],
            [
              8.2370378,
              53.1112943
            ],
            [
              8.2369369,
              53.111291
            ],
            [
              8.2356536,
              53.1111416
            ],
            [
              8.2341379,
              53.1111297
            ],
            [
              8.2305169,
              53.111285
            ],
            [
              8.2303332,
              53.1113397
            ],
            [
              8.2299799,
              53.1114651
            ],
            [
              8.2298283,
              53.1114881
            ],
            [
              8.2296326,
              53.1115075
            ],
            [
              8.2290309,
              53.1119174
            ],
            [
              8.2289363,
              53.111968
            ],
            [
              8.2286457,
              53.1117823
            ],
            [
              8.2279004,
              53.1121877
            ],
            [
              8.2275359,
              53.1124095
            ],
            [
              8.2274699,
              53.1124491
            ],
            [
              8.2264909,
              53.113067
            ],
            [
              8.2251384,
              53.113861
            ],
            [
              8.222994,
              53.115157
            ],
            [
              8.2238275,
              53.1157672
            ],
            [
              8.2210024,
              53.1174003
            ],
            [
              8.2222102,
              53.1182924
            ],
            [
              8.2221313,
              53.1183318
            ],
            [
              8.2218517,
              53.1184686
            ],
            [
              8.2215365,
              53.118636
            ],
            [
              8.2214814,
              53.1186653
            ],
            [
              8.2213441,
              53.1188114
            ],
            [
              8.2211719,
              53.1189167
            ],
            [
              8.2210488,
              53.1189843
            ],
            [
              8.2209455,
              53.1190377
            ],
            [
              8.2208369,
              53.1190897
            ],
            [
              8.2205711,
              53.1192141
            ],
            [
              8.2203804,
              53.1193033
            ],
            [
              8.22011,
              53.1194195
            ],
            [
              8.220012,
              53.1194555
            ],
            [
              8.2199386,
              53.1194785
            ],
            [
              8.2198473,
              53.1194933
            ],
            [
              8.2195757,
              53.1194883
            ],
            [
              8.2193627,
              53.1194838
            ],
            [
              8.2192765,
              53.1194647
            ],
            [
              8.2192475,
              53.1194957
            ],
            [
              8.2192078,
              53.1195227
            ],
            [
              8.2191666,
              53.1195425
            ],
            [
              8.219117,
              53.1195576
            ],
            [
              8.2187078,
              53.1196611
            ],
            [
              8.218593,
              53.1196916
            ],
            [
              8.2185589,
              53.1197083
            ],
            [
              8.2185342,
              53.1197326
            ],
            [
              8.2183977,
              53.1197356
            ],
            [
              8.2180349,
              53.119832
            ],
            [
              8.2164743,
              53.1202076
            ],
            [
              8.2161828,
              53.120279
            ],
            [
              8.2159678,
              53.1203372
            ],
            [
              8.2158553,
              53.1203683
            ],
            [
              8.215784,
              53.1203984
            ],
            [
              8.2156361,
              53.1204827
            ],
            [
              8.2155622,
              53.1205451
            ],
            [
              8.2154679,
              53.1205288
            ],
            [
              8.2152723,
              53.1205203
            ],
            [
              8.2152224,
              53.1205263
            ],
            [
              8.2150719,
              53.1205514
            ],
            [
              8.2148501,
              53.1206027
            ],
            [
              8.2146818,
              53.1206428
            ],
            [
              8.2145075,
              53.1206857
            ],
            [
              8.2142268,
              53.120753
            ],
            [
              8.2140612,
              53.1207957
            ],
            [
              8.2138911,
              53.120838
            ],
            [
              8.2138227,
              53.1208552
            ],
            [
              8.2136016,
              53.1209125
            ],
            [
              8.2135195,
              53.1209276
            ],
            [
              8.2134589,
              53.1209376
            ],
            [
              8.2132154,
              53.1209838
            ],
            [
              8.2131601,
              53.1209989
            ],
            [
              8.2129042,
              53.1210659
            ],
            [
              8.2128691,
              53.1210751
            ],
            [
              8.2128471,
              53.1210808
            ],
            [
              8.2126634,
              53.1211354
            ],
            [
              8.2124775,
              53.1211912
            ],
            [
              8.2124018,
              53.1212184
            ],
            [
              8.2120823,
              53.1213361
            ],
            [
              8.2120076,
              53.1213629
            ],
            [
              8.2117319,
              53.1214591
            ],
            [
              8.2083343,
              53.1226544
            ],
            [
              8.207506,
              53.1220306
            ],
            [
              8.2068138,
              53.1216361
            ],
            [
              8.2025213,
              53.1188999
            ],
            [
              8.2011649,
              53.1180971
            ],
            [
              8.1986213,
              53.116535
            ],
            [
              8.1979009,
              53.1161877
            ],
            [
              8.1961593,
              53.1154469
            ],
            [
              8.1940309,
              53.1146787
            ],
            [
              8.1895899,
              53.1129427
            ],
            [
              8.1881124,
              53.1123655
            ],
            [
              8.1880233,
              53.1119987
            ]
          ]
        ]
      }
    },
    {
      "type": "Feature",
      "properties": {
        "name": "Bümmerstede",
        "city": "Oldenburg",
        "osm_id": 3677208,
        "osm_type": "relation",
        "display": "Bümmerstede, Oldenburg, Niedersachsen, Deutschland"
      },
      "geometry": {
        "type": "Polygon",
        "coordinates": [
          [
            [
              8.2043042,
              53.0900919
            ],
            [
              8.2043483,
              53.0900562
            ],
            [
              8.2043975,
              53.0900163
            ],
            [
              8.2044213,
              53.089997
            ],
            [
              8.2044402,
              53.0899792
            ],
            [
              8.2044757,
              53.0899456
            ],
            [
              8.2045427,
              53.0898692
            ],
            [
              8.2045575,
              53.0898133
            ],
            [
              8.2045237,
              53.0897481
            ],
            [
              8.204574,
              53.0897045
            ],
            [
              8.2045856,
              53.0895762
            ],
            [
              8.2045909,
              53.0895619
            ],
            [
              8.2046199,
              53.0894848
            ],
            [
              8.2046776,
              53.0894161
            ],
            [
              8.2047262,
              53.0893775
            ],
            [
              8.204778,
              53.0893435
            ],
            [
              8.2050449,
              53.0892045
            ],
            [
              8.2051878,
              53.0891319
            ],
            [
              8.2053882,
              53.0890243
            ],
            [
              8.2055908,
              53.0889203
            ],
            [
              8.2056906,
              53.0888854
            ],
            [
              8.2059065,
              53.088827
            ],
            [
              8.2060988,
              53.0887674
            ],
            [
              8.2061252,
              53.0887543
            ],
            [
              8.2061121,
              53.0887382
            ],
            [
              8.2061416,
              53.0887155
            ],
            [
              8.2061535,
              53.0887238
            ],
            [
              8.206159,
              53.0887187
            ],
            [
              8.2061527,
              53.0884835
            ],
            [
              8.2061658,
              53.0881011
            ],
            [
              8.2061737,
              53.0878221
            ],
            [
              8.2061927,
              53.0877622
            ],
            [
              8.2062306,
              53.0876766
            ],
            [
              8.206262,
              53.0876198
            ],
            [
              8.2063189,
              53.0875454
            ],
            [
              8.206452,
              53.087416
            ],
            [
              8.206502,
              53.0873848
            ],
            [
              8.2066862,
              53.0872773
            ],
            [
              8.2068612,
              53.0871904
            ],
            [
              8.2072675,
              53.087005
            ],
            [
              8.207329,
              53.086965
            ],
            [
              8.2075717,
              53.0868019
            ],
            [
              8.2076293,
              53.0868051
            ],
            [
              8.2077406,
              53.0868112
            ],
            [
              8.2077973,
              53.0868143
            ],
            [
              8.2078838,
              53.086819
            ],
            [
              8.20792,
              53.086821
            ],
            [
              8.2084784,
              53.0868516
            ],
            [
              8.208523,
              53.0867213
            ],
            [
              8.2086932,
              53.086735
            ],
            [
              8.2087664,
              53.0867409
            ],
            [
              8.2105873,
              53.086887
            ],
            [
              8.2113447,
              53.0869476
            ],
            [
              8.2135013,
              53.0871202
            ],
            [
              8.2137246,
              53.0871381
            ],
            [
              8.2142782,
              53.0871823
            ],
            [
              8.2143873,
              53.08715
            ],
            [
              8.2145344,
              53.0869886
            ],
            [
              8.2146695,
              53.0868403
            ],
            [
              8.2146789,
              53.0868299
            ],
            [
              8.2147664,
              53.0866148
            ],
            [
              8.2147831,
              53.0865736
            ],
            [
              8.2149486,
              53.0861671
            ],
            [
              8.2151477,
              53.0859121
            ],
            [
              8.2153232,
              53.0856873
            ],
            [
              8.2154822,
              53.0854836
            ],
            [
              8.2155501,
              53.0853966
            ],
            [
              8.216151,
              53.0854931
            ],
            [
              8.2165359,
              53.0855549
            ],
            [
              8.2169367,
              53.0856193
            ],
            [
              8.2173379,
              53.0856846
            ],
            [
              8.2174243,
              53.0856984
            ],
            [
              8.2178252,
              53.0857627
            ],
            [
              8.2182684,
              53.0858338
            ],
            [
              8.2183683,
              53.0858492
            ],
            [
              8.2187765,
              53.0859189
            ],
            [
              8.2192658,
              53.0860022
            ],
            [
              8.2193958,
              53.086025
            ],
            [
              8.2200684,
              53.0861396
            ],
            [
              8.2203125,
              53.0861812
            ],
            [
              8.2206104,
              53.0859523
            ],
            [
              8.221099,
              53.0855754
            ],
            [
              8.2213776,
              53.08536
            ],
            [
              8.222487,
              53.0845041
            ],
            [
              8.2225279,
              53.084473
            ],
            [
              8.2226199,
              53.0844031
            ],
            [
              8.2231914,
              53.0839688
            ],
            [
              8.224115,
              53.0832669
            ],
            [
              8.224165,
              53.0832823
            ],
            [
              8.2242804,
              53.0833178
            ],
            [
              8.2243247,
              53.0833347
            ],
            [
              8.2243532,
              53.0833457
            ],
            [
              8.2245159,
              53.0834079
            ],
            [
              8.2245406,
              53.0833798
            ],
            [
              8.2248776,
              53.083445
            ],
            [
              8.22501,
              53.0834706
            ],
            [
              8.2249915,
              53.0835008
            ],
            [
              8.2250715,
              53.0835172
            ],
            [
              8.226103,
              53.0837291
            ],
            [
              8.2263931,
              53.0837887
            ],
            [
              8.2264342,
              53.0838062
            ],
            [
              8.226459,
              53.0837724
            ],
            [
              8.2266974,
              53.0838669
            ],
            [
              8.2273285,
              53.0841171
            ],
            [
              8.2277846,
              53.0844114
            ],
            [
              8.2279466,
              53.0845329
            ],
            [
              8.2327022,
              53.0868155
            ],
            [
              8.2326935,
              53.0868163
            ],
            [
              8.2327858,
              53.0868632
            ],
            [
              8.2364491,
              53.0865066
            ],
            [
              8.2364895,
              53.0864912
            ],
            [
              8.2365949,
              53.0865339
            ],
            [
              8.2367436,
              53.0865941
            ],
            [
              8.2391203,
              53.0872535
            ],
            [
              8.2391269,
              53.0872454
            ],
            [
              8.2391763,
              53.087185
            ],
            [
              8.2399529,
              53.0873958
            ],
            [
              8.2400352,
              53.0874188
            ],
            [
              8.2422024,
              53.0880239
            ],
            [
              8.2427783,
              53.0881847
            ],
            [
              8.2432133,
              53.0883086
            ],
            [
              8.2432008,
              53.0883873
            ],
            [
              8.2433468,
              53.0884291
            ],
            [
              8.2436295,
              53.0885105
            ],
            [
              8.2437154,
              53.0885352
            ],
            [
              8.2437399,
              53.0885423
            ],
            [
              8.2436481,
              53.0886524
            ],
            [
              8.2411658,
              53.1043108
            ],
            [
              8.237148,
              53.1042219
            ],
            [
              8.2370495,
              53.1042213
            ],
            [
              8.2357386,
              53.1042443
            ],
            [
              8.2345867,
              53.1039808
            ],
            [
              8.2313906,
              53.1034612
            ],
            [
              8.2301866,
              53.1031736
            ],
            [
              8.2304323,
              53.1029051
            ],
            [
              8.2303198,
              53.1028587
            ],
            [
              8.2298117,
              53.1025625
            ],
            [
              8.229364,
              53.1025191
            ],
            [
              8.2292872,
              53.1024243
            ],
            [
              8.2290205,
              53.1024673
            ],
            [
              8.2284913,
              53.1023942
            ],
            [
              8.2281248,
              53.1024072
            ],
            [
              8.2278905,
              53.1024975
            ],
            [
              8.2273092,
              53.1022899
            ],
            [
              8.2264728,
              53.1019247
            ],
            [
              8.2261183,
              53.101723
            ],
            [
              8.2256355,
              53.1014461
            ],
            [
              8.2250082,
              53.1010106
            ],
            [
              8.2242631,
              53.100711
            ],
            [
              8.2235539,
              53.1005123
            ],
            [
              8.2234148,
              53.1002693
            ],
            [
              8.2232164,
              53.0998622
            ],
            [
              8.2231513,
              53.0998601
            ],
            [
              8.2222186,
              53.0997557
            ],
            [
              8.2219266,
              53.0995715
            ],
            [
              8.2216002,
              53.0995584
            ],
            [
              8.2213175,
              53.0992061
            ],
            [
              8.2211207,
              53.099152
            ],
            [
              8.2209239,
              53.0988762
            ],
            [
              8.2198618,
              53.0985268
            ],
            [
              8.2194725,
              53.0983987
            ],
            [
              8.2187317,
              53.0985275
            ],
            [
              8.2185008,
              53.0985119
            ],
            [
              8.2185473,
              53.0984502
            ],
            [
              8.21831,
              53.0983737
            ],
            [
              8.2181966,
              53.0982548
            ],
            [
              8.2179733,
              53.0981017
            ],
            [
              8.2176495,
              53.0979818
            ],
            [
              8.2172979,
              53.0979735
            ],
            [
              8.216788,
              53.0980175
            ],
            [
              8.2162249,
              53.097967
            ],
            [
              8.2162114,
              53.0978959
            ],
            [
              8.2160286,
              53.0978058
            ],
            [
              8.2156795,
              53.097714
            ],
            [
              8.2156107,
              53.0976909
            ],
            [
              8.2153219,
              53.0976421
            ],
            [
              8.2148078,
              53.0975827
            ],
            [
              8.2142095,
              53.097483
            ],
            [
              8.2115844,
              53.0963679
            ],
            [
              8.2109753,
              53.0961087
            ],
            [
              8.2107563,
              53.0961368
            ],
            [
              8.2106084,
              53.0961688
            ],
            [
              8.2102584,
              53.096025
            ],
            [
              8.2100287,
              53.0960161
            ],
            [
              8.2094963,
              53.0957923
            ],
            [
              8.2094778,
              53.0956779
            ],
            [
              8.2095003,
              53.0956158
            ],
            [
              8.2094958,
              53.0955437
            ],
            [
              8.2090769,
              53.09535
            ],
            [
              8.2087763,
              53.0952226
            ],
            [
              8.2089176,
              53.0951154
            ],
            [
              8.2094512,
              53.0947197
            ],
            [
              8.2086389,
              53.0945875
            ],
            [
              8.2086058,
              53.0945821
            ],
            [
              8.2080869,
              53.0945767
            ],
            [
              8.207476,
              53.0945704
            ],
            [
              8.2067581,
              53.0937166
            ],
            [
              8.2065927,
              53.0935199
            ],
            [
              8.2062758,
              53.093143
            ],
            [
              8.2060591,
              53.0928418
            ],
            [
              8.2056217,
              53.0924463
            ],
            [
              8.2060757,
              53.0913828
            ],
            [
              8.2063654,
              53.0906796
            ],
            [
              8.2053961,
              53.0904025
            ],
            [
              8.2051155,
              53.0903289
            ],
            [
              8.2045484,
              53.0901778
            ],
            [
              8.2043042,
              53.0900919
            ]
          ]
        ]
      }
    },
    {
      "type": "Feature",
      "properties": {
        "name": "Tweelbäke",
        "city": "Oldenburg",
        "osm_id": 3677228,
        "osm_type": "relation",
        "display": "Tweelbäke, Oldenburg, Niedersachsen, Deutschland"
      },
      "geometry": {
        "type": "Polygon",
        "coordinates": [
          [
            [
              8.2408851,
              53.1060815
            ],
            [
              8.2409933,
              53.1054284
            ],
            [
              8.2411855,
              53.1054621
            ],
            [
              8.2415698,
              53.105534
            ],
            [
              8.2442697,
              53.1060574
            ],
            [
              8.2442937,
              53.1060616
            ],
            [
              8.2447041,
              53.1061369
            ],
            [
              8.2450696,
              53.1038704
            ],
            [
              8.2452473,
              53.103116
            ],
            [
              8.2450666,
              53.1030854
            ],
            [
              8.245313,
              53.1027249
            ],
            [
              8.2455535,
              53.1023998
            ],
            [
              8.2504343,
              53.1038633
            ],
            [
              8.2518192,
              53.1020103
            ],
            [
              8.2543741,
              53.1025475
            ],
            [
              8.2550286,
              53.10166
            ],
            [
              8.2552569,
              53.1017174
            ],
            [
              8.255923,
              53.1019086
            ],
            [
              8.2561557,
              53.1019706
            ],
            [
              8.2572797,
              53.1022736
            ],
            [
              8.2588476,
              53.1026552
            ],
            [
              8.2594449,
              53.1028312
            ],
            [
              8.2595917,
              53.1028729
            ],
            [
              8.26013,
              53.1021891
            ],
            [
              8.2625531,
              53.0988427
            ],
            [
              8.2636981,
              53.0991599
            ],
            [
              8.2643742,
              53.0981507
            ],
            [
              8.265255,
              53.0968525
            ],
            [
              8.2654327,
              53.0966469
            ],
            [
              8.264877,
              53.095783
            ],
            [
              8.2635516,
              53.0939317
            ],
            [
              8.2635712,
              53.0939371
            ],
            [
              8.2637471,
              53.0939865
            ],
            [
              8.2638183,
              53.0940065
            ],
            [
              8.2640267,
              53.0940649
            ],
            [
              8.2640478,
              53.0940708
            ],
            [
              8.2640947,
              53.0939686
            ],
            [
              8.2642389,
              53.0939724
            ],
            [
              8.264374,
              53.0939983
            ],
            [
              8.2646132,
              53.0940675
            ],
            [
              8.2647732,
              53.0941298
            ],
            [
              8.2650343,
              53.0942204
            ],
            [
              8.2652967,
              53.0943197
            ],
            [
              8.266124,
              53.0946864
            ],
            [
              8.2667584,
              53.0949676
            ],
            [
              8.2668434,
              53.0950052
            ],
            [
              8.2671031,
              53.0951203
            ],
            [
              8.2670527,
              53.0950421
            ],
            [
              8.2671662,
              53.0950533
            ],
            [
              8.2673252,
              53.0950644
            ],
            [
              8.2673749,
              53.0950739
            ],
            [
              8.2674415,
              53.0950867
            ],
            [
              8.2675344,
              53.0951278
            ],
            [
              8.267593,
              53.0951951
            ],
            [
              8.2676394,
              53.0952943
            ],
            [
              8.2680863,
              53.0954199
            ],
            [
              8.2680993,
              53.0954236
            ],
            [
              8.2681528,
              53.0954386
            ],
            [
              8.2697383,
              53.0958843
            ],
            [
              8.2701274,
              53.0959937
            ],
            [
              8.2702071,
              53.0960166
            ],
            [
              8.2705915,
              53.0961242
            ],
            [
              8.2706665,
              53.0961453
            ],
            [
              8.2717447,
              53.0964484
            ],
            [
              8.2720738,
              53.0964671
            ],
            [
              8.2745978,
              53.0966106
            ],
            [
              8.274822,
              53.0966198
            ],
            [
              8.2749644,
              53.0966257
            ],
            [
              8.2755166,
              53.0966611
            ],
            [
              8.276739,
              53.0967134
            ],
            [
              8.2768264,
              53.0967129
            ],
            [
              8.2768246,
              53.0967282
            ],
            [
              8.2768183,
              53.0967807
            ],
            [
              8.2769614,
              53.0968033
            ],
            [
              8.27701,
              53.096811
            ],
            [
              8.2770605,
              53.096819
            ],
            [
              8.2798899,
              53.0972626
            ],
            [
              8.2800048,
              53.0972806
            ],
            [
              8.2800683,
              53.0972905
            ],
            [
              8.2797551,
              53.0978736
            ],
            [
              8.2796786,
              53.098056
            ],
            [
              8.2796596,
              53.0981012
            ],
            [
              8.2795814,
              53.098459
            ],
            [
              8.2795652,
              53.0985273
            ],
            [
              8.2794702,
              53.0989275
            ],
            [
              8.2793386,
              53.0994818
            ],
            [
              8.2792009,
              53.1000761
            ],
            [
              8.2791215,
              53.1004182
            ],
            [
              8.2790353,
              53.1007899
            ],
            [
              8.2785173,
              53.1030233
            ],
            [
              8.2784976,
              53.1031296
            ],
            [
              8.2784675,
              53.103229
            ],
            [
              8.2783471,
              53.1035228
            ],
            [
              8.2782629,
              53.1037229
            ],
            [
              8.2781635,
              53.1039297
            ],
            [
              8.2779047,
              53.104375
            ],
            [
              8.2778932,
              53.1043948
            ],
            [
              8.2778842,
              53.1044103
            ],
            [
              8.2778732,
              53.1044293
            ],
            [
              8.2778566,
              53.1044577
            ],
            [
              8.277838,
              53.1045347
            ],
            [
              8.2778266,
              53.1045817
            ],
            [
              8.2778985,
              53.1047658
            ],
            [
              8.2779476,
              53.1048212
            ],
            [
              8.2781765,
              53.1049618
            ],
            [
              8.2782064,
              53.1049801
            ],
            [
              8.2782424,
              53.1050021
            ],
            [
              8.2782865,
              53.1050291
            ],
            [
              8.2783784,
              53.1050851
            ],
            [
              8.2783947,
              53.105095
            ],
            [
              8.2784285,
              53.1051177
            ],
            [
              8.2786413,
              53.1052601
            ],
            [
              8.2787527,
              53.1053586
            ],
            [
              8.2788939,
              53.1055201
            ],
            [
              8.2789808,
              53.105676
            ],
            [
              8.2790283,
              53.1059713
            ],
            [
              8.2790978,
              53.1061333
            ],
            [
              8.2791712,
              53.1062827
            ],
            [
              8.2794178,
              53.1067244
            ],
            [
              8.2794446,
              53.1067749
            ],
            [
              8.2794725,
              53.1068277
            ],
            [
              8.2795498,
              53.1069767
            ],
            [
              8.2796008,
              53.1070753
            ],
            [
              8.2796811,
              53.1072294
            ],
            [
              8.2797073,
              53.1072797
            ],
            [
              8.2797962,
              53.1074504
            ],
            [
              8.2798685,
              53.1075892
            ],
            [
              8.2798787,
              53.1076084
            ],
            [
              8.2799122,
              53.1076718
            ],
            [
              8.2799226,
              53.1076914
            ],
            [
              8.2801076,
              53.1080383
            ],
            [
              8.2801198,
              53.1080612
            ],
            [
              8.2830575,
              53.113578
            ],
            [
              8.2832146,
              53.1139259
            ],
            [
              8.2832608,
              53.114165
            ],
            [
              8.2833237,
              53.1142485
            ],
            [
              8.2835524,
              53.1144156
            ],
            [
              8.2836401,
              53.1145051
            ],
            [
              8.2847436,
              53.1160608
            ],
            [
              8.2847722,
              53.1161303
            ],
            [
              8.284773,
              53.1162289
            ],
            [
              8.2847115,
              53.1164038
            ],
            [
              8.2846128,
              53.116624
            ],
            [
              8.2844435,
              53.1169092
            ],
            [
              8.2843906,
              53.1170413
            ],
            [
              8.2843932,
              53.1171604
            ],
            [
              8.2844262,
              53.1172382
            ],
            [
              8.2844415,
              53.1172571
            ],
            [
              8.2845816,
              53.117459
            ],
            [
              8.2846014,
              53.1174877
            ],
            [
              8.2846378,
              53.1175402
            ],
            [
              8.2847063,
              53.1177039
            ],
            [
              8.2846449,
              53.1179323
            ],
            [
              8.2845541,
              53.1180801
            ],
            [
              8.2846288,
              53.1181321
            ],
            [
              8.2842395,
              53.118319
            ],
            [
              8.2841496,
              53.11837
            ],
            [
              8.2704966,
              53.1261112
            ],
            [
              8.2704283,
              53.1260701
            ],
            [
              8.2698739,
              53.1256851
            ],
            [
              8.2661988,
              53.1231702
            ],
            [
              8.2648543,
              53.122238
            ],
            [
              8.2646701,
              53.122098
            ],
            [
              8.2645473,
              53.1219249
            ],
            [
              8.2644491,
              53.1217554
            ],
            [
              8.2643038,
              53.1216198
            ],
            [
              8.2637384,
              53.121269
            ],
            [
              8.26367,
              53.1212265
            ],
            [
              8.263565,
              53.1212912
            ],
            [
              8.2632781,
              53.1214489
            ],
            [
              8.2624858,
              53.1209948
            ],
            [
              8.2616788,
              53.1205202
            ],
            [
              8.2615375,
              53.1204327
            ],
            [
              8.2613665,
              53.12031
            ],
            [
              8.2605836,
              53.1197603
            ],
            [
              8.2604396,
              53.1196592
            ],
            [
              8.2601344,
              53.1194339
            ],
            [
              8.2599712,
              53.1193119
            ],
            [
              8.2598795,
              53.1192373
            ],
            [
              8.2597203,
              53.1191154
            ],
            [
              8.2593886,
              53.1188519
            ],
            [
              8.2591182,
              53.1186302
            ],
            [
              8.2588602,
              53.1184706
            ],
            [
              8.2586044,
              53.1182258
            ],
            [
              8.2584593,
              53.118323
            ],
            [
              8.2576961,
              53.1178943
            ],
            [
              8.2573191,
              53.117699
            ],
            [
              8.2567898,
              53.1174189
            ],
            [
              8.2562266,
              53.11712
            ],
            [
              8.2559225,
              53.1169573
            ],
            [
              8.2553728,
              53.1166624
            ],
            [
              8.255192,
              53.1165684
            ],
            [
              8.2544463,
              53.1161669
            ],
            [
              8.2543304,
              53.1161097
            ],
            [
              8.2543175,
              53.1161026
            ],
            [
              8.252886,
              53.1153236
            ],
            [
              8.2509269,
              53.1142449
            ],
            [
              8.2498882,
              53.1136666
            ],
            [
              8.2490943,
              53.1132428
            ],
            [
              8.2483377,
              53.112821
            ],
            [
              8.2473779,
              53.1123037
            ],
            [
              8.2475374,
              53.1118793
            ],
            [
              8.2476596,
              53.1113644
            ],
            [
              8.2478228,
              53.1108569
            ],
            [
              8.2478151,
              53.1107621
            ],
            [
              8.2477539,
              53.1106049
            ],
            [
              8.2477837,
              53.110582
            ],
            [
              8.2478614,
              53.1105222
            ],
            [
              8.2477812,
              53.1104817
            ],
            [
              8.2476741,
              53.1104271
            ],
            [
              8.2475507,
              53.1103627
            ],
            [
              8.2473441,
              53.1102617
            ],
            [
              8.2470677,
              53.1101195
            ],
            [
              8.2469737,
              53.1100679
            ],
            [
              8.246879,
              53.1100171
            ],
            [
              8.2467492,
              53.1099423
            ],
            [
              8.2467052,
              53.1099144
            ],
            [
              8.2465571,
              53.109816
            ],
            [
              8.2464252,
              53.1097285
            ],
            [
              8.2462918,
              53.1096364
            ],
            [
              8.2461666,
              53.10954
            ],
            [
              8.2460407,
              53.1094431
            ],
            [
              8.2459199,
              53.1093454
            ],
            [
              8.2457479,
              53.1091847
            ],
            [
              8.245627,
              53.1090727
            ],
            [
              8.2451553,
              53.1085248
            ],
            [
              8.2450736,
              53.1084297
            ],
            [
              8.2449808,
              53.1083216
            ],
            [
              8.2447048,
              53.1079767
            ],
            [
              8.2443912,
              53.1075958
            ],
            [
              8.2443265,
              53.1075215
            ],
            [
              8.2442641,
              53.1074602
            ],
            [
              8.2441872,
              53.1073912
            ],
            [
              8.2441146,
              53.1073304
            ],
            [
              8.2439792,
              53.1072363
            ],
            [
              8.243929,
              53.1072072
            ],
            [
              8.2438168,
              53.1071456
            ],
            [
              8.2437381,
              53.1071061
            ],
            [
              8.2436129,
              53.1070499
            ],
            [
              8.2434793,
              53.1070009
            ],
            [
              8.2433258,
              53.1069513
            ],
            [
              8.2432742,
              53.1069363
            ],
            [
              8.2429855,
              53.1068601
            ],
            [
              8.2425087,
              53.1067403
            ],
            [
              8.2423814,
              53.1067081
            ],
            [
              8.2422111,
              53.1066632
            ],
            [
              8.2421236,
              53.1066391
            ],
            [
              8.2420364,
              53.106613
            ],
            [
              8.2419381,
              53.1065797
            ],
            [
              8.2418416,
              53.1065383
            ],
            [
              8.2417531,
              53.1064947
            ],
            [
              8.2417051,
              53.1064668
            ],
            [
              8.2416789,
              53.1064483
            ],
            [
              8.2415995,
              53.1063715
            ],
            [
              8.2412631,
              53.1062349
            ],
            [
              8.2408947,
              53.1060853
            ],
            [
              8.2408851,
              53.1060815
            ]
          ]
        ]
      }
    },
    {
      "type": "Feature",
      "properties": {
        "name": "Krusenbusch",
        "city": "Oldenburg",
        "osm_id": 3677222,
        "osm_type": "relation",
        "display": "Krusenbusch, Oldenburg, Niedersachsen, Deutschland"
      },
      "geometry": {
        "type": "Polygon",
        "coordinates": [
          [
            [
              8.2409933,
              53.1054284
            ],
            [
              8.2411658,
              53.1043108
            ],
            [
              8.2436481,
              53.0886524
            ],
            [
              8.2437399,
              53.0885423
            ],
            [
              8.2439641,
              53.0886007
            ],
            [
              8.2439825,
              53.0886057
            ],
            [
              8.2442385,
              53.0886783
            ],
            [
              8.2450661,
              53.0889131
            ],
            [
              8.2452133,
              53.0889548
            ],
            [
              8.2452447,
              53.0889637
            ],
            [
              8.2452886,
              53.0889762
            ],
            [
              8.2453196,
              53.0889849
            ],
            [
              8.2472577,
              53.0895365
            ],
            [
              8.2474963,
              53.0896045
            ],
            [
              8.2493693,
              53.0901377
            ],
            [
              8.2508332,
              53.0905534
            ],
            [
              8.2508855,
              53.0905682
            ],
            [
              8.2514803,
              53.0907383
            ],
            [
              8.2520524,
              53.0909006
            ],
            [
              8.2529916,
              53.0911671
            ],
            [
              8.2541753,
              53.0915022
            ],
            [
              8.2551883,
              53.0917889
            ],
            [
              8.255256,
              53.0918079
            ],
            [
              8.2557967,
              53.0919601
            ],
            [
              8.2561694,
              53.0920649
            ],
            [
              8.2565619,
              53.0921752
            ],
            [
              8.2566164,
              53.0921906
            ],
            [
              8.2570165,
              53.092303
            ],
            [
              8.2586036,
              53.0927499
            ],
            [
              8.2588309,
              53.0928139
            ],
            [
              8.2588856,
              53.0928292
            ],
            [
              8.2590205,
              53.0928057
            ],
            [
              8.2590805,
              53.0928084
            ],
            [
              8.2592877,
              53.0928662
            ],
            [
              8.2595145,
              53.0929251
            ],
            [
              8.2596667,
              53.0929646
            ],
            [
              8.2597969,
              53.0929984
            ],
            [
              8.2598593,
              53.0930146
            ],
            [
              8.2602744,
              53.0931174
            ],
            [
              8.2603408,
              53.0931263
            ],
            [
              8.2604187,
              53.0931367
            ],
            [
              8.2604608,
              53.0931424
            ],
            [
              8.2605005,
              53.0931495
            ],
            [
              8.2605593,
              53.0931612
            ],
            [
              8.2606065,
              53.0931706
            ],
            [
              8.261536,
              53.0932967
            ],
            [
              8.261788,
              53.0933367
            ],
            [
              8.2630834,
              53.0935941
            ],
            [
              8.2631167,
              53.0936487
            ],
            [
              8.2631313,
              53.0936728
            ],
            [
              8.2632153,
              53.0937073
            ],
            [
              8.2632648,
              53.0936948
            ],
            [
              8.2634636,
              53.093804
            ],
            [
              8.2635516,
              53.0939317
            ],
            [
              8.264877,
              53.095783
            ],
            [
              8.2654327,
              53.0966469
            ],
            [
              8.265255,
              53.0968525
            ],
            [
              8.2643742,
              53.0981507
            ],
            [
              8.2636981,
              53.0991599
            ],
            [
              8.2625531,
              53.0988427
            ],
            [
              8.26013,
              53.1021891
            ],
            [
              8.2595917,
              53.1028729
            ],
            [
              8.2594449,
              53.1028312
            ],
            [
              8.2588476,
              53.1026552
            ],
            [
              8.2572797,
              53.1022736
            ],
            [
              8.2561557,
              53.1019706
            ],
            [
              8.255923,
              53.1019086
            ],
            [
              8.2552569,
              53.1017174
            ],
            [
              8.2550286,
              53.10166
            ],
            [
              8.2543741,
              53.1025475
            ],
            [
              8.2518192,
              53.1020103
            ],
            [
              8.2504343,
              53.1038633
            ],
            [
              8.2455535,
              53.1023998
            ],
            [
              8.245313,
              53.1027249
            ],
            [
              8.2450666,
              53.1030854
            ],
            [
              8.2452473,
              53.103116
            ],
            [
              8.2450696,
              53.1038704
            ],
            [
              8.2447041,
              53.1061369
            ],
            [
              8.2442937,
              53.1060616
            ],
            [
              8.2442697,
              53.1060574
            ],
            [
              8.2415698,
              53.105534
            ],
            [
              8.2411855,
              53.1054621
            ],
            [
              8.2409933,
              53.1054284
            ]
          ]
        ]
      }
    }
  ]
}