{
  "type": "FeatureCollection",
  "features": [
    {
      "type": "Feature",
      "properties": {
        "name": "Lebenstedt",
        "city": "Salzgitter",
        "osm_id": 3413255,
        "osm_type": "relation",
        "display": "Lebenstedt, Ortschaft Nord, Salzgitter, Niedersachsen, 38226, Deutschland"
      },
      "geometry": {
        "type": "Polygon",
        "coordinates": [
          [
            [
              10.2820056,
              52.1480683
            ],
            [
              10.2831987,
              52.146593
            ],
            [
              10.2832888,
              52.1464815
            ],
            [
              10.2833055,
              52.1464619
            ],
            [
              10.2833315,
              52.1464298
            ],
            [
              10.2833615,
              52.1463927
            ],
            [
              10.2833896,
              52.1463573
            ],
            [
              10.2834152,
              52.146325
            ],
            [
              10.2835141,
              52.146314
            ],
            [
              10.2836029,
              52.1463041
            ],
            [
              10.2842257,
              52.1462348
            ],
            [
              10.2843139,
              52.1461733
            ],
            [
              10.284318,
              52.1460794
            ],
            [
              10.284319,
              52.1460567
            ],
            [
              10.2843217,
              52.1459957
            ],
            [
              10.2843247,
              52.1459199
            ],
            [
              10.2843354,
              52.1456515
            ],
            [
              10.2843452,
              52.1454057
            ],
            [
              10.2843766,
              52.1446062
            ],
            [
              10.2843786,
              52.1445684
            ],
            [
              10.2844392,
              52.1430385
            ],
            [
              10.2844465,
              52.1428612
            ],
            [
              10.2844639,
              52.1424199
            ],
            [
              10.2844651,
              52.1423909
            ],
            [
              10.2844779,
              52.1420704
            ],
            [
              10.2845071,
              52.1413369
            ],
            [
              10.2845437,
              52.1404158
            ],
            [
              10.2845649,
              52.1399256
            ],
            [
              10.2845473,
              52.1397507
            ],
            [
              10.2845381,
              52.1396631
            ],
            [
              10.2845169,
              52.1394558
            ],
            [
              10.284492,
              52.1392111
            ],
            [
              10.2844673,
              52.1389701
            ],
            [
              10.2844012,
              52.1389291
            ],
            [
              10.2844016,
              52.1388693
            ],
            [
              10.2842746,
              52.1380051
            ],
            [
              10.2840966,
              52.1367976
            ],
            [
              10.284027,
              52.1363254
            ],
            [
              10.2840134,
              52.1362336
            ],
            [
              10.2841459,
              52.1362204
            ],
            [
              10.2841796,
              52.1362171
            ],
            [
              10.2842182,
              52.1362132
            ],
            [
              10.2843733,
              52.1361978
            ],
            [
              10.2845096,
              52.1361842
            ],
            [
              10.2846127,
              52.1361923
            ],
            [
              10.285256,
              52.1360767
            ],
            [
              10.2864881,
              52.1358804
            ],
            [
              10.287049,
              52.1358048
            ],
            [
              10.2873751,
              52.1357206
            ],
            [
              10.2887258,
              52.1357093
            ],
            [
              10.2897321,
              52.1357084
            ],
            [
              10.2911927,
              52.1357207
            ],
            [
              10.2921697,
              52.1357361
            ],
            [
              10.2924343,
              52.1357627
            ],
            [
              10.2924533,
              52.1358503
            ],
            [
              10.292516,
              52.1358493
            ],
            [
              10.2925479,
              52.1358488
            ],
            [
              10.2926919,
              52.1358465
            ],
            [
              10.2927203,
              52.1358461
            ],
            [
              10.2927662,
              52.1358454
            ],
            [
              10.292744,
              52.1357346
            ],
            [
              10.2928163,
              52.1357452
            ],
            [
              10.2928523,
              52.1357832
            ],
            [
              10.2928534,
              52.1358761
            ],
            [
              10.2927993,
              52.1359642
            ],
            [
              10.2928006,
              52.1359773
            ],
            [
              10.2928097,
              52.1360708
            ],
            [
              10.2928253,
              52.1360764
            ],
            [
              10.2929909,
              52.1361389
            ],
            [
              10.2942226,
              52.13604
            ],
            [
              10.2955143,
              52.1359361
            ],
            [
              10.2957535,
              52.1359307
            ],
            [
              10.2975508,
              52.1358906
            ],
            [
              10.2995667,
              52.1359028
            ],
            [
              10.2998632,
              52.1359387
            ],
            [
              10.2999961,
              52.1359548
            ],
            [
              10.3004207,
              52.1360202
            ],
            [
              10.3008371,
              52.1361039
            ],
            [
              10.3010659,
              52.1361586
            ],
            [
              10.3012452,
              52.1362015
            ],
            [
              10.3016414,
              52.1363159
            ],
            [
              10.3020293,
              52.1364439
            ],
            [
              10.3024025,
              52.1365872
            ],
            [
              10.3024566,
              52.1366096
            ],
            [
              10.3024924,
              52.1366245
            ],
            [
              10.3027314,
              52.1367245
            ],
            [
              10.3032152,
              52.1369538
            ],
            [
              10.3035509,
              52.1371547
            ],
            [
              10.3038534,
              52.1373501
            ],
            [
              10.3045797,
              52.1378486
            ],
            [
              10.305308,
              52.1383485
            ],
            [
              10.3053239,
              52.1383472
            ],
            [
              10.3053819,
              52.1383859
            ],
            [
              10.3054365,
              52.1384223
            ],
            [
              10.3061605,
              52.1389046
            ],
            [
              10.3062048,
              52.1389342
            ],
            [
              10.3077524,
              52.1399652
            ],
            [
              10.307802,
              52.1399844
            ],
            [
              10.3079281,
              52.1399754
            ],
            [
              10.3079365,
              52.1399809
            ],
            [
              10.3079857,
              52.140013
            ],
            [
              10.3080025,
              52.140024
            ],
            [
              10.3079676,
              52.1400452
            ],
            [
              10.3079479,
              52.1400739
            ],
            [
              10.3079606,
              52.1401036
            ],
            [
              10.3079814,
              52.1401329
            ],
            [
              10.3085398,
              52.140481
            ],
            [
              10.3090992,
              52.1408296
            ],
            [
              10.3093911,
              52.1410073
            ],
            [
              10.3096159,
              52.1411385
            ],
            [
              10.3096893,
              52.1411813
            ],
            [
              10.3106881,
              52.1417444
            ],
            [
              10.3109065,
              52.1418547
            ],
            [
              10.3111287,
              52.141967
            ],
            [
              10.3113541,
              52.1420729
            ],
            [
              10.3115878,
              52.14217
            ],
            [
              10.312427,
              52.1425104
            ],
            [
              10.3130729,
              52.142772
            ],
            [
              10.3132825,
              52.1428572
            ],
            [
              10.3135448,
              52.1429691
            ],
            [
              10.3142489,
              52.14327
            ],
            [
              10.3151506,
              52.1436383
            ],
            [
              10.3153797,
              52.1437319
            ],
            [
              10.3155024,
              52.143782
            ],
            [
              10.3158537,
              52.1439255
            ],
            [
              10.3161937,
              52.1440643
            ],
            [
              10.3164933,
              52.1441867
            ],
            [
              10.3165332,
              52.1441157
            ],
            [
              10.3165412,
              52.1441032
            ],
            [
              10.3167024,
              52.1441664
            ],
            [
              10.3167159,
              52.1441718
            ],
            [
              10.3167158,
              52.1441953
            ],
            [
              10.3167157,
              52.1442325
            ],
            [
              10.3167517,
              52.1442895
            ],
            [
              10.3174441,
              52.1445771
            ],
            [
              10.3180998,
              52.144858
            ],
            [
              10.318667,
              52.1451062
            ],
            [
              10.3190634,
              52.1452845
            ],
            [
              10.3190968,
              52.1452727
            ],
            [
              10.3191863,
              52.1452417
            ],
            [
              10.3192108,
              52.1452332
            ],
            [
              10.3192564,
              52.1452541
            ],
            [
              10.3193182,
              52.1452824
            ],
            [
              10.3193281,
              52.145287
            ],
            [
              10.3193223,
              52.145302
            ],
            [
              10.3193114,
              52.1453302
            ],
            [
              10.3193196,
              52.1453669
            ],
            [
              10.3193212,
              52.1453741
            ],
            [
              10.3194128,
              52.1454218
            ],
            [
              10.3195635,
              52.1454962
            ],
            [
              10.3199993,
              52.1456874
            ],
            [
              10.3206158,
              52.1459442
            ],
            [
              10.3206806,
              52.1459713
            ],
            [
              10.320719,
              52.1459476
            ],
            [
              10.3208613,
              52.1458606
            ],
            [
              10.320894,
              52.1458392
            ],
            [
              10.3211674,
              52.1456663
            ],
            [
              10.3225256,
              52.1448336
            ],
            [
              10.3235607,
              52.1441857
            ],
            [
              10.3236117,
              52.1442306
            ],
            [
              10.3244451,
              52.1437258
            ],
            [
              10.3250754,
              52.1432719
            ],
            [
              10.3256762,
              52.1426595
            ],
            [
              10.3260448,
              52.142255
            ],
            [
              10.3261097,
              52.1421838
            ],
            [
              10.3261746,
              52.1421127
            ],
            [
              10.3262379,
              52.1420432
            ],
            [
              10.32669,
              52.1415471
            ],
            [
              10.3271228,
              52.1410808
            ],
            [
              10.3275291,
              52.1407674
            ],
            [
              10.3277832,
              52.1406047
            ],
            [
              10.3286821,
              52.1400826
            ],
            [
              10.3287136,
              52.1400651
            ],
            [
              10.3290251,
              52.1398927
            ],
            [
              10.3291909,
              52.139801
            ],
            [
              10.3295713,
              52.1399227
            ],
            [
              10.3299508,
              52.1400469
            ],
            [
              10.3300112,
              52.1400667
            ],
            [
              10.3301512,
              52.1401125
            ],
            [
              10.3304736,
              52.140218
            ],
            [
              10.3304793,
              52.1402199
            ],
            [
              10.3306027,
              52.1402603
            ],
            [
              10.330897,
              52.1403566
            ],
            [
              10.3311388,
              52.1404391
            ],
            [
              10.3318088,
              52.1406814
            ],
            [
              10.3320993,
              52.1407748
            ],
            [
              10.3325888,
              52.1409029
            ],
            [
              10.3326057,
              52.1409167
            ],
            [
              10.3326131,
              52.1409227
            ],
            [
              10.332659,
              52.1409348
            ],
            [
              10.3328823,
              52.140995
            ],
            [
              10.3329653,
              52.1410184
            ],
            [
              10.332903,
              52.1410499
            ],
            [
              10.3336204,
              52.1412301
            ],
            [
              10.333876,
              52.1413054
            ],
            [
              10.3340746,
              52.141364
            ],
            [
              10.3341317,
              52.1413808
            ],
            [
              10.3347944,
              52.1415677
            ],
            [
              10.3351943,
              52.1416769
            ],
            [
              10.3354608,
              52.1417497
            ],
            [
              10.3361297,
              52.1419281
            ],
            [
              10.3368012,
              52.142103
            ],
            [
              10.3369816,
              52.1421481
            ],
            [
              10.3374778,
              52.142272
            ],
            [
              10.3381591,
              52.1424334
            ],
            [
              10.3388426,
              52.1425905
            ],
            [
              10.3396254,
              52.142762
            ],
            [
              10.3403883,
              52.1429193
            ],
            [
              10.3411564,
              52.1430776
            ],
            [
              10.341905,
              52.1432318
            ],
            [
              10.3425994,
              52.1433749
            ],
            [
              10.34289,
              52.1434348
            ],
            [
              10.3429386,
              52.1435577
            ],
            [
              10.3433422,
              52.1439933
            ],
            [
              10.3437589,
              52.1444334
            ],
            [
              10.3441771,
              52.1448697
            ],
            [
              10.3442485,
              52.1449326
            ],
            [
              10.3442893,
              52.1449681
            ],
            [
              10.3443575,
              52.1450262
            ],
            [
              10.3445055,
              52.145191
            ],
            [
              10.344956,
              52.1456917
            ],
            [
              10.3451699,
              52.1459297
            ],
            [
              10.3453097,
              52.1460851
            ],
            [
              10.3453527,
              52.1461329
            ],
            [
              10.3453869,
              52.1461709
            ],
            [
              10.3457839,
              52.1466124
            ],
            [
              10.3458476,
              52.1466831
            ],
            [
              10.3458829,
              52.1467224
            ],
            [
              10.3461658,
              52.147037
            ],
            [
              10.3469669,
              52.1479267
            ],
            [
              10.3470315,
              52.1479985
            ],
            [
              10.3486821,
              52.1498316
            ],
            [
              10.3487608,
              52.149919
            ],
            [
              10.3488476,
              52.1500156
            ],
            [
              10.3505336,
              52.1518902
            ],
            [
              10.3507256,
              52.1521029
            ],
            [
              10.350844,
              52.1522364
            ],
            [
              10.3509188,
              52.1523198
            ],
            [
              10.3510002,
              52.15241
            ],
            [
              10.3510075,
              52.1524181
            ],
            [
              10.351163,
              52.1525915
            ],
            [
              10.3511702,
              52.1525995
            ],
            [
              10.3511963,
              52.1526286
            ],
            [
              10.3512066,
              52.1526401
            ],
            [
              10.3513266,
              52.1527738
            ],
            [
              10.351361,
              52.152813
            ],
            [
              10.3514514,
              52.1529264
            ],
            [
              10.3514715,
              52.1529483
            ],
            [
              10.3515551,
              52.1530394
            ],
            [
              10.3517436,
              52.1532521
            ],
            [
              10.3520568,
              52.1537199
            ],
            [
              10.3522806,
              52.1543915
            ],
            [
              10.3524428,
              52.1548784
            ],
            [
              10.3525593,
              52.155228
            ],
            [
              10.3526667,
              52.1555504
            ],
            [
              10.3527055,
              52.1556673
            ],
            [
              10.3527246,
              52.1557254
            ],
            [
              10.35273,
              52.1557418
            ],
            [
              10.3527345,
              52.1557558
            ],
            [
              10.3527547,
              52.1559151
            ],
            [
              10.3527568,
              52.1559606
            ],
            [
              10.3527381,
              52.1561751
            ],
            [
              10.3527028,
              52.1565651
            ],
            [
              10.3527079,
              52.1566228
            ],
            [
              10.3528829,
              52.1566005
            ],
            [
              10.3528972,
              52.156599
            ],
            [
              10.3530548,
              52.1581466
            ],
            [
              10.3533997,
              52.1643137
            ],
            [
              10.353409,
              52.1644369
            ],
            [
              10.3533803,
              52.1646989
            ],
            [
              10.3532521,
              52.1658707
            ],
            [
              10.3518213,
              52.165805
            ],
            [
              10.3481796,
              52.1656345
            ],
            [
              10.3475269,
              52.1598129
            ],
            [
              10.3473251,
              52.1586521
            ],
            [
              10.3472442,
              52.157825
            ],
            [
              10.3451583,
              52.1571953
            ],
            [
              10.343548,
              52.1575123
            ],
            [
              10.3414013,
              52.157944
            ],
            [
              10.3445627,
              52.1636842
            ],
            [
              10.3438123,
              52.1674796
            ],
            [
              10.3436139,
              52.1677343
            ],
            [
              10.3380871,
              52.1684118
            ],
            [
              10.3496043,
              52.1721623
            ],
            [
              10.3496033,
              52.1722916
            ],
            [
              10.3498262,
              52.1723351
            ],
            [
              10.3510692,
              52.1761642
            ],
            [
              10.3474273,
              52.1761213
            ],
            [
              10.34736,
              52.1761172
            ],
            [
              10.3470659,
              52.1760989
            ],
            [
              10.3461021,
              52.1760389
            ],
            [
              10.3454753,
              52.1759999
            ],
            [
              10.345115,
              52.1759775
            ],
            [
              10.3448232,
              52.1759594
            ],
            [
              10.3446585,
              52.1759491
            ],
            [
              10.3445309,
              52.1759412
            ],
            [
              10.3441403,
              52.1759169
            ],
            [
              10.3438484,
              52.1758988
            ],
            [
              10.3435568,
              52.1758806
            ],
            [
              10.3432644,
              52.1758624
            ],
            [
              10.3429729,
              52.1758443
            ],
            [
              10.3426806,
              52.1758261
            ],
            [
              10.3424515,
              52.1758119
            ],
            [
              10.342396,
              52.1758084
            ],
            [
              10.3420823,
              52.1757889
            ],
            [
              10.3419935,
              52.1757834
            ],
            [
              10.3418601,
              52.175775
            ],
            [
              10.3418201,
              52.1757726
            ],
            [
              10.3417845,
              52.1757704
            ],
            [
              10.3415578,
              52.1757563
            ],
            [
              10.3412967,
              52.17574
            ],
            [
              10.3410346,
              52.1757237
            ],
            [
              10.340773,
              52.1757074
            ],
            [
              10.340522,
              52.1756918
            ],
            [
              10.3404242,
              52.1756857
            ],
            [
              10.3402708,
              52.1756762
            ],
            [
              10.3400202,
              52.1756606
            ],
            [
              10.3397695,
              52.175645
            ],
            [
              10.339323,
              52.1756172
            ],
            [
              10.3391973,
              52.1756251
            ],
            [
              10.337987,
              52.1757006
            ],
            [
              10.3360239,
              52.1758233
            ],
            [
              10.3360224,
              52.1757976
            ],
            [
              10.3358568,
              52.175809
            ],
            [
              10.332452,
              52.1760432
            ],
            [
              10.330537,
              52.1761749
            ],
            [
              10.3305408,
              52.1761143
            ],
            [
              10.3305069,
              52.1761165
            ],
            [
              10.3303954,
              52.1761236
            ],
            [
              10.3303422,
              52.176127
            ],
            [
              10.3303128,
              52.1761289
            ],
            [
              10.3302851,
              52.1761307
            ],
            [
              10.3301764,
              52.1761376
            ],
            [
              10.3291512,
              52.1762031
            ],
            [
              10.3285987,
              52.1762384
            ],
            [
              10.3280753,
              52.1762718
            ],
            [
              10.3274623,
              52.1763109
            ],
            [
              10.3267073,
              52.1763591
            ],
            [
              10.3261355,
              52.1763957
            ],
            [
              10.3257649,
              52.1764193
            ],
            [
              10.325334,
              52.1764468
            ],
            [
              10.3251813,
              52.1764195
            ],
            [
              10.3248561,
              52.1764392
            ],
            [
              10.323991,
              52.1764914
            ],
            [
              10.323723,
              52.1765076
            ],
            [
              10.3227349,
              52.1765673
            ],
            [
              10.322667,
              52.1765714
            ],
            [
              10.3219841,
              52.1766126
            ],
            [
              10.3217792,
              52.176625
            ],
            [
              10.3203882,
              52.1767089
            ],
            [
              10.3200417,
              52.1767298
            ],
            [
              10.3200118,
              52.1767316
            ],
            [
              10.3196918,
              52.1767509
            ],
            [
              10.3195624,
              52.1765931
            ],
            [
              10.3195498,
              52.1766032
            ],
            [
              10.3195063,
              52.176638
            ],
            [
              10.3157923,
              52.1738081
            ],
            [
              10.312801,
              52.1710564
            ],
            [
              10.3106082,
              52.1652027
            ],
            [
              10.3093673,
              52.1654801
            ],
            [
              10.3068581,
              52.1659423
            ],
            [
              10.3061619,
              52.1661734
            ],
            [
              10.304923,
              52.1675526
            ],
            [
              10.3043825,
              52.1670835
            ],
            [
              10.3028237,
              52.1659342
            ],
            [
              10.3008584,
              52.1627133
            ],
            [
              10.2967622,
              52.1602563
            ],
            [
              10.2965028,
              52.1601926
            ],
            [
              10.296485,
              52.1601822
            ],
            [
              10.2958955,
              52.1598356
            ],
            [
              10.295471,
              52.1595765
            ],
            [
              10.2950543,
              52.1592991
            ],
            [
              10.2947666,
              52.1590815
            ],
            [
              10.2947539,
              52.159072
            ],
            [
              10.2947441,
              52.1590632
            ],
            [
              10.2943585,
              52.1587177
            ],
            [
              10.2940925,
              52.1584303
            ],
            [
              10.2938661,
              52.1581418
            ],
            [
              10.2936751,
              52.15784
            ],
            [
              10.2935129,
              52.1575276
            ],
            [
              10.2934516,
              52.1574094
            ],
            [
              10.2934352,
              52.1573778
            ],
            [
              10.2934055,
              52.1572808
            ],
            [
              10.2933116,
              52.1569383
            ],
            [
              10.2932762,
              52.156712
            ],
            [
              10.2932561,
              52.1565835
            ],
            [
              10.2932386,
              52.1562261
            ],
            [
              10.2932455,
              52.1559152
            ],
            [
              10.2932542,
              52.1558836
            ],
            [
              10.2933276,
              52.155616
            ],
            [
              10.2934239,
              52.1552905
            ],
            [
              10.2935699,
              52.1549588
            ],
            [
              10.2937652,
              52.1546198
            ],
            [
              10.2938035,
              52.1545641
            ],
            [
              10.2938302,
              52.1545255
            ],
            [
              10.2938652,
              52.1544747
            ],
            [
              10.2939856,
              52.1542998
            ],
            [
              10.2940035,
              52.1542753
            ],
            [
              10.2940213,
              52.1542508
            ],
            [
              10.2943389,
              52.1539005
            ],
            [
              10.294664,
              52.1535643
            ],
            [
              10.2946851,
              52.1535433
            ],
            [
              10.2952144,
              52.1530137
            ],
            [
              10.2954731,
              52.1527341
            ],
            [
              10.2956728,
              52.1524409
            ],
            [
              10.2957249,
              52.1523696
            ],
            [
              10.2956767,
              52.1523548
            ],
            [
              10.295225,
              52.1522145
            ],
            [
              10.2951976,
              52.152206
            ],
            [
              10.2946803,
              52.1520453
            ],
            [
              10.2946285,
              52.1520292
            ],
            [
              10.2935719,
              52.151701
            ],
            [
              10.2935201,
              52.1516849
            ],
            [
              10.2923484,
              52.1513208
            ],
            [
              10.2922963,
              52.1513046
            ],
            [
              10.2902087,
              52.1506561
            ],
            [
              10.2901304,
              52.1506317
            ],
            [
              10.2895641,
              52.1504558
            ],
            [
              10.2883151,
              52.1500677
            ],
            [
              10.2870127,
              52.1496626
            ],
            [
              10.2869261,
              52.1496357
            ],
            [
              10.2868479,
              52.1496114
            ],
            [
              10.285611,
              52.1492271
            ],
            [
              10.2855588,
              52.1492109
            ],
            [
              10.2820418,
              52.148118
            ],
            [
              10.2820056,
              52.1480683
            ]
          ]
        ]
      }
    },
    {
      "type": "Feature",
      "properties": {
        "name": "Bruchmachtersen",
        "city": "Salzgitter",
        "osm_id": 3413253,
        "osm_type": "relation",
        "display": "Bruchmachtersen, Ortschaft Nord, Salzgitter, Niedersachsen, Deutschland"
      },
      "geometry": {
        "type": "Polygon",
        "coordinates": [
          [
            [
              10.3022762,
              52.1358554
            ],
            [
              10.3023263,
              52.1358545
            ],
            [
              10.3033095,
              52.1358373
            ],
            [
              10.3042971,
              52.1357668
            ],
            [
              10.3049193,
              52.1357208
            ],
            [
              10.3054484,
              52.1356843
            ],
            [
              10.3054902,
              52.1356333
            ],
            [
              10.3055735,
              52.1355321
            ],
            [
              10.305656,
              52.1354302
            ],
            [
              10.3056807,
              52.1353998
            ],
            [
              10.3057582,
              52.135305
            ],
            [
              10.3059136,
              52.1351146
            ],
            [
              10.305853,
              52.1347697
            ],
            [
              10.305577,
              52.1331976
            ],
            [
              10.3055117,
              52.1328258
            ],
            [
              10.3055097,
              52.1328118
            ],
            [
              10.3055064,
              52.1327894
            ],
            [
              10.3054946,
              52.1327848
            ],
            [
              10.3053914,
              52.1327436
            ],
            [
              10.305206,
              52.1326698
            ],
            [
              10.3050589,
              52.1326112
            ],
            [
              10.3049978,
              52.1325864
            ],
            [
              10.3048994,
              52.1325477
            ],
            [
              10.3048664,
              52.1325479
            ],
            [
              10.3048874,
              52.1325044
            ],
            [
              10.3049038,
              52.1324703
            ],
            [
              10.304832,
              52.1322442
            ],
            [
              10.304697,
              52.1318245
            ],
            [
              10.3046769,
              52.131762
            ],
            [
              10.3048382,
              52.1317403
            ],
            [
              10.3051205,
              52.1317253
            ],
            [
              10.30524,
              52.1317189
            ],
            [
              10.3057393,
              52.1316923
            ],
            [
              10.3057951,
              52.1316915
            ],
            [
              10.3057676,
              52.1315536
            ],
            [
              10.3058248,
              52.1315254
            ],
            [
              10.3058441,
              52.1314868
            ],
            [
              10.3058634,
              52.131458
            ],
            [
              10.3058573,
              52.1313983
            ],
            [
              10.3058197,
              52.1313444
            ],
            [
              10.3057836,
              52.1313112
            ],
            [
              10.3058001,
              52.13128
            ],
            [
              10.305777,
              52.1311366
            ],
            [
              10.3057971,
              52.1308976
            ],
            [
              10.3058372,
              52.1308981
            ],
            [
              10.3058742,
              52.1308353
            ],
            [
              10.3059244,
              52.1308044
            ],
            [
              10.3059385,
              52.1307808
            ],
            [
              10.3058944,
              52.1307212
            ],
            [
              10.3059248,
              52.1306278
            ],
            [
              10.3062129,
              52.1305762
            ],
            [
              10.3069248,
              52.1304487
            ],
            [
              10.307226,
              52.1305029
            ],
            [
              10.3072913,
              52.1305294
            ],
            [
              10.3073951,
              52.1306896
            ],
            [
              10.3075896,
              52.1306708
            ],
            [
              10.3087079,
              52.1305624
            ],
            [
              10.3087085,
              52.130531
            ],
            [
              10.3089251,
              52.1305516
            ],
            [
              10.3089861,
              52.1305573
            ],
            [
              10.3092782,
              52.1305851
            ],
            [
              10.3095782,
              52.1305554
            ],
            [
              10.3103751,
              52.130467
            ],
            [
              10.3104363,
              52.1304604
            ],
            [
              10.3124531,
              52.1302414
            ],
            [
              10.3124405,
              52.1303711
            ],
            [
              10.3124399,
              52.1303777
            ],
            [
              10.312383,
              52.1309599
            ],
            [
              10.3123827,
              52.1309628
            ],
            [
              10.3123509,
              52.1312838
            ],
            [
              10.312339,
              52.1314042
            ],
            [
              10.3123101,
              52.1316952
            ],
            [
              10.312249,
              52.1323115
            ],
            [
              10.3122295,
              52.1325075
            ],
            [
              10.3122058,
              52.1327473
            ],
            [
              10.3121457,
              52.1327814
            ],
            [
              10.3120802,
              52.1328186
            ],
            [
              10.3120523,
              52.1329433
            ],
            [
              10.3120492,
              52.1329573
            ],
            [
              10.3120469,
              52.1329677
            ],
            [
              10.312033,
              52.1330302
            ],
            [
              10.3120182,
              52.1330967
            ],
            [
              10.312379,
              52.1331463
            ],
            [
              10.313492,
              52.1333316
            ],
            [
              10.3138471,
              52.1334033
            ],
            [
              10.3141895,
              52.1334748
            ],
            [
              10.3145508,
              52.1335694
            ],
            [
              10.3151876,
              52.1337456
            ],
            [
              10.3157747,
              52.1339172
            ],
            [
              10.3158828,
              52.1339515
            ],
            [
              10.3159499,
              52.1339727
            ],
            [
              10.3159874,
              52.1339846
            ],
            [
              10.3161115,
              52.1340238
            ],
            [
              10.3162529,
              52.1340686
            ],
            [
              10.3163609,
              52.1340959
            ],
            [
              10.3171263,
              52.1343565
            ],
            [
              10.3181298,
              52.134725
            ],
            [
              10.318711,
              52.1350151
            ],
            [
              10.3190182,
              52.1351684
            ],
            [
              10.3190896,
              52.1351088
            ],
            [
              10.3191139,
              52.135094
            ],
            [
              10.3191906,
              52.1350474
            ],
            [
              10.3192178,
              52.1350309
            ],
            [
              10.3193575,
              52.134946
            ],
            [
              10.3194066,
              52.1349161
            ],
            [
              10.3194581,
              52.1348847
            ],
            [
              10.3195741,
              52.1349393
            ],
            [
              10.3199823,
              52.1351175
            ],
            [
              10.3199861,
              52.1350886
            ],
            [
              10.3200038,
              52.1349562
            ],
            [
              10.3201674,
              52.1337292
            ],
            [
              10.3201606,
              52.1337172
            ],
            [
              10.3202232,
              52.1337133
            ],
            [
              10.3269814,
              52.1332961
            ],
            [
              10.3269884,
              52.1333081
            ],
            [
              10.3267827,
              52.1333207
            ],
            [
              10.3268292,
              52.1336287
            ],
            [
              10.3268971,
              52.1340787
            ],
            [
              10.3269041,
              52.1341247
            ],
            [
              10.3266868,
              52.1342022
            ],
            [
              10.3266297,
              52.1342226
            ],
            [
              10.3264292,
              52.1342942
            ],
            [
              10.3264324,
              52.1343426
            ],
            [
              10.3264365,
              52.1344052
            ],
            [
              10.3264394,
              52.1344486
            ],
            [
              10.3264913,
              52.1344291
            ],
            [
              10.3265115,
              52.1347366
            ],
            [
              10.3265134,
              52.1347668
            ],
            [
              10.3265595,
              52.1354684
            ],
            [
              10.3265685,
              52.1356061
            ],
            [
              10.3265731,
              52.1356763
            ],
            [
              10.3265848,
              52.1358549
            ],
            [
              10.326596,
              52.1360257
            ],
            [
              10.3266052,
              52.1361657
            ],
            [
              10.3267272,
              52.1380258
            ],
            [
              10.3266004,
              52.1381585
            ],
            [
              10.3265559,
              52.138205
            ],
            [
              10.3265434,
              52.1382132
            ],
            [
              10.3264521,
              52.138273
            ],
            [
              10.3264052,
              52.1383037
            ],
            [
              10.3262967,
              52.1383747
            ],
            [
              10.3262738,
              52.1383897
            ],
            [
              10.3261648,
              52.138461
            ],
            [
              10.3261507,
              52.1384702
            ],
            [
              10.3260047,
              52.1385658
            ],
            [
              10.325982,
              52.1385807
            ],
            [
              10.3259389,
              52.1386171
            ],
            [
              10.3259347,
              52.1386208
            ],
            [
              10.3258056,
              52.1387293
            ],
            [
              10.3258316,
              52.1387423
            ],
            [
              10.3222272,
              52.1417667
            ],
            [
              10.3218749,
              52.1433124
            ],
            [
              10.3219116,
              52.1432941
            ],
            [
              10.3218744,
              52.143457
            ],
            [
              10.3212248,
              52.1439299
            ],
            [
              10.3212917,
              52.1439764
            ],
            [
              10.3224744,
              52.1447981
            ],
            [
              10.3225256,
              52.1448336
            ],
            [
              10.3211674,
              52.1456663
            ],
            [
              10.320894,
              52.1458392
            ],
            [
              10.3208613,
              52.1458606
            ],
            [
              10.320719,
              52.1459476
            ],
            [
              10.3206806,
              52.1459713
            ],
            [
              10.3206158,
              52.1459442
            ],
            [
              10.3199993,
              52.1456874
            ],
            [
              10.3195635,
              52.1454962
            ],
            [
              10.3194128,
              52.1454218
            ],
            [
              10.3193212,
              52.1453741
            ],
            [
              10.3193196,
              52.1453669
            ],
            [
              10.3193114,
              52.1453302
            ],
            [
              10.3193223,
              52.145302
            ],
            [
              10.3193281,
              52.145287
            ],
            [
              10.3193182,
              52.1452824
            ],
            [
              10.3192564,
              52.1452541
            ],
            [
              10.3192108,
              52.1452332
            ],
            [
              10.3191863,
              52.1452417
            ],
            [
              10.3190968,
              52.1452727
            ],
            [
              10.3190634,
              52.1452845
            ],
            [
              10.318667,
              52.1451062
            ],
            [
              10.3180998,
              52.144858
            ],
            [
              10.3174441,
              52.1445771
            ],
            [
              10.3167517,
              52.1442895
            ],
            [
              10.3167157,
              52.1442325
            ],
            [
              10.3167158,
              52.1441953
            ],
            [
              10.3167159,
              52.1441718
            ],
            [
              10.3167024,
              52.1441664
            ],
            [
              10.3165412,
              52.1441032
            ],
            [
              10.3165332,
              52.1441157
            ],
            [
              10.3164933,
              52.1441867
            ],
            [
              10.3161937,
              52.1440643
            ],
            [
              10.3158537,
              52.1439255
            ],
            [
              10.3155024,
              52.143782
            ],
            [
              10.3153797,
              52.1437319
            ],
            [
              10.3151506,
              52.1436383
            ],
            [
              10.3142489,
              52.14327
            ],
            [
              10.3135448,
              52.1429691
            ],
            [
              10.3132825,
              52.1428572
            ],
            [
              10.3130729,
              52.142772
            ],
            [
              10.312427,
              52.1425104
            ],
            [
              10.3115878,
              52.14217
            ],
            [
              10.3113541,
              52.1420729
            ],
            [
              10.3111287,
              52.141967
            ],
            [
              10.3109065,
              52.1418547
            ],
            [
              10.3106881,
              52.1417444
            ],
            [
              10.3096893,
              52.1411813
            ],
            [
              10.3096159,
              52.1411385
            ],
            [
              10.3093911,
              52.1410073
            ],
            [
              10.3090992,
              52.1408296
            ],
            [
              10.3085398,
              52.140481
            ],
            [
              10.3079814,
              52.1401329
            ],
            [
              10.3079606,
              52.1401036
            ],
            [
              10.3079479,
              52.1400739
            ],
            [
              10.3079676,
              52.1400452
            ],
            [
              10.3080025,
              52.140024
            ],
            [
              10.3079857,
              52.140013
            ],
            [
              10.3079365,
              52.1399809
            ],
            [
              10.3079281,
              52.1399754
            ],
            [
              10.307802,
              52.1399844
            ],
            [
              10.3077524,
              52.1399652
            ],
            [
              10.3062048,
              52.1389342
            ],
            [
              10.3061605,
              52.1389046
            ],
            [
              10.3054365,
              52.1384223
            ],
            [
              10.3053819,
              52.1383859
            ],
            [
              10.3053239,
              52.1383472
            ],
            [
              10.305308,
              52.1383485
            ],
            [
              10.3045797,
              52.1378486
            ],
            [
              10.3038534,
              52.1373501
            ],
            [
              10.3035509,
              52.1371547
            ],
            [
              10.3032152,
              52.1369538
            ],
            [
              10.3027314,
              52.1367245
            ],
            [
              10.3024924,
              52.1366245
            ],
            [
              10.3024566,
              52.1366096
            ],
            [
              10.3024025,
              52.1365872
            ],
            [
              10.302377,
              52.1364395
            ],
            [
              10.3022825,
              52.1358918
            ],
            [
              10.3022762,
              52.1358554
            ]
          ]
        ]
      }
    },
    {
      "type": "Feature",
      "properties": {
        "name": "Engelnstedt",
        "city": "Salzgitter",
        "osm_id": 3413254,
        "osm_type": "relation",
        "display": "Engelnstedt, Ortschaft Nord, Salzgitter, Niedersachsen, Deutschland"
      },
      "geometry": {
        "type": "Polygon",
        "coordinates": [
          [
            [
              10.3380871,
              52.1684118
            ],
            [
              10.3436139,
              52.1677343
            ],
            [
              10.3438123,
              52.1674796
            ],
            [
              10.3445627,
              52.1636842
            ],
            [
              10.3414013,
              52.157944
            ],
            [
              10.343548,
              52.1575123
            ],
            [
              10.3451583,
              52.1571953
            ],
            [
              10.3472442,
              52.157825
            ],
            [
              10.3473251,
              52.1586521
            ],
            [
              10.3475269,
              52.1598129
            ],
            [
              10.3481796,
              52.1656345
            ],
            [
              10.3518213,
              52.165805
            ],
            [
              10.3532521,
              52.1658707
            ],
            [
              10.3533803,
              52.1646989
            ],
            [
              10.353409,
              52.1644369
            ],
            [
              10.3533997,
              52.1643137
            ],
            [
              10.3530548,
              52.1581466
            ],
            [
              10.3528972,
              52.156599
            ],
            [
              10.3529274,
              52.1561672
            ],
            [
              10.3529286,
              52.1561519
            ],
            [
              10.352932,
              52.1561083
            ],
            [
              10.3529353,
              52.1560666
            ],
            [
              10.3529366,
              52.1560491
            ],
            [
              10.3530092,
              52.1559448
            ],
            [
              10.3550039,
              52.1559228
            ],
            [
              10.3567991,
              52.1559006
            ],
            [
              10.3586117,
              52.1558795
            ],
            [
              10.3586898,
              52.1558785
            ],
            [
              10.359314,
              52.1559128
            ],
            [
              10.3606967,
              52.1559887
            ],
            [
              10.359337,
              52.1592927
            ],
            [
              10.3593594,
              52.1598167
            ],
            [
              10.3594215,
              52.1612704
            ],
            [
              10.3609745,
              52.1613243
            ],
            [
              10.3610038,
              52.1626365
            ],
            [
              10.3643735,
              52.1627443
            ],
            [
              10.36266,
              52.1696327
            ],
            [
              10.3649886,
              52.1695043
            ],
            [
              10.3653004,
              52.1698746
            ],
            [
              10.3683619,
              52.1735105
            ],
            [
              10.3670723,
              52.1769359
            ],
            [
              10.369218,
              52.1840727
            ],
            [
              10.3676427,
              52.1836818
            ],
            [
              10.3679405,
              52.18736
            ],
            [
              10.3668498,
              52.1877726
            ],
            [
              10.3668289,
              52.1877192
            ],
            [
              10.366802,
              52.1876506
            ],
            [
              10.3667929,
              52.1876272
            ],
            [
              10.366923,
              52.187612
            ],
            [
              10.3670868,
              52.1875763
            ],
            [
              10.3669178,
              52.1876011
            ],
            [
              10.3667914,
              52.1876088
            ],
            [
              10.3666996,
              52.1876144
            ],
            [
              10.366441,
              52.1876131
            ],
            [
              10.3659029,
              52.1875907
            ],
            [
              10.3632866,
              52.1874813
            ],
            [
              10.3632017,
              52.187476
            ],
            [
              10.3630387,
              52.1874658
            ],
            [
              10.3627649,
              52.1874568
            ],
            [
              10.3604671,
              52.1870575
            ],
            [
              10.3599702,
              52.1869712
            ],
            [
              10.3599657,
              52.1869704
            ],
            [
              10.3589284,
              52.1867958
            ],
            [
              10.3578735,
              52.1866184
            ],
            [
              10.3576986,
              52.1865557
            ],
            [
              10.3563204,
              52.1859393
            ],
            [
              10.3557231,
              52.1856722
            ],
            [
              10.3542741,
              52.1850242
            ],
            [
              10.3535709,
              52.184511
            ],
            [
              10.353435,
              52.1844091
            ],
            [
              10.3533254,
              52.184327
            ],
            [
              10.35321,
              52.1842405
            ],
            [
              10.3516547,
              52.183093
            ],
            [
              10.3513723,
              52.1828847
            ],
            [
              10.3507429,
              52.1824203
            ],
            [
              10.349338,
              52.1813838
            ],
            [
              10.3492519,
              52.1813105
            ],
            [
              10.3492022,
              52.1812338
            ],
            [
              10.3491724,
              52.1811582
            ],
            [
              10.3486412,
              52.1798083
            ],
            [
              10.3486177,
              52.1797141
            ],
            [
              10.3485974,
              52.1796324
            ],
            [
              10.3485894,
              52.1796002
            ],
            [
              10.3485831,
              52.1795747
            ],
            [
              10.3485448,
              52.1795556
            ],
            [
              10.3475132,
              52.1770321
            ],
            [
              10.3474273,
              52.1761213
            ],
            [
              10.3510692,
              52.1761642
            ],
            [
              10.3498262,
              52.1723351
            ],
            [
              10.3496033,
              52.1722916
            ],
            [
              10.3496043,
              52.1721623
            ],
            [
              10.3380871,
              52.1684118
            ]
          ]
        ]
      }
    },
    {
      "type": "Feature",
      "properties": {
        "name": "Salder",
        "city": "Salzgitter",
        "osm_id": 3413256,
        "osm_type": "relation",
        "display": "Salder, Ortschaft Nord, Salzgitter, Niedersachsen, Deutschland"
      },
      "geometry": {
        "type": "Polygon",
        "coordinates": [
          [
            [
              10.3120182,
              52.1330967
            ],
            [
              10.312033,
              52.1330302
            ],
            [
              10.3120469,
              52.1329677
            ],
            [
              10.3120492,
              52.1329573
            ],
            [
              10.3120523,
              52.1329433
            ],
            [
              10.3120802,
              52.1328186
            ],
            [
              10.3121457,
              52.1327814
            ],
            [
              10.3122058,
              52.1327473
            ],
            [
              10.3122295,
              52.1325075
            ],
            [
              10.312249,
              52.1323115
            ],
            [
              10.3123101,
              52.1316952
            ],
            [
              10.312339,
              52.1314042
            ],
            [
              10.3123509,
              52.1312838
            ],
            [
              10.3123827,
              52.1309628
            ],
            [
              10.312383,
              52.1309599
            ],
            [
              10.3124399,
              52.1303777
            ],
            [
              10.3124405,
              52.1303711
            ],
            [
              10.3124531,
              52.1302414
            ],
            [
              10.3124937,
              52.1298309
            ],
            [
              10.3124998,
              52.1297696
            ],
            [
              10.3125791,
              52.1289652
            ],
            [
              10.3132101,
              52.1287766
            ],
            [
              10.3137484,
              52.1286157
            ],
            [
              10.3159706,
              52.1279517
            ],
            [
              10.315998,
              52.1279435
            ],
            [
              10.3180109,
              52.1273419
            ],
            [
              10.3181748,
              52.1272928
            ],
            [
              10.3195509,
              52.1268805
            ],
            [
              10.3202631,
              52.1266671
            ],
            [
              10.3223894,
              52.12603
            ],
            [
              10.3232803,
              52.1257631
            ],
            [
              10.3235662,
              52.1256774
            ],
            [
              10.3236368,
              52.1256563
            ],
            [
              10.3236862,
              52.1256415
            ],
            [
              10.3234997,
              52.1255376
            ],
            [
              10.3233478,
              52.125453
            ],
            [
              10.3232195,
              52.1252861
            ],
            [
              10.322329,
              52.1253816
            ],
            [
              10.322195,
              52.125396
            ],
            [
              10.3215363,
              52.1244586
            ],
            [
              10.3208573,
              52.12369
            ],
            [
              10.3205859,
              52.1233829
            ],
            [
              10.3216506,
              52.1233767
            ],
            [
              10.3234205,
              52.123366
            ],
            [
              10.3239148,
              52.1233643
            ],
            [
              10.3239288,
              52.1233641
            ],
            [
              10.3241015,
              52.1233629
            ],
            [
              10.324281,
              52.1233622
            ],
            [
              10.3244071,
              52.1233616
            ],
            [
              10.3246829,
              52.1233603
            ],
            [
              10.3252938,
              52.1233569
            ],
            [
              10.3260082,
              52.1233529
            ],
            [
              10.3271788,
              52.1233463
            ],
            [
              10.3289128,
              52.1233369
            ],
            [
              10.3311431,
              52.1233248
            ],
            [
              10.3313858,
              52.1233235
            ],
            [
              10.333112,
              52.1233142
            ],
            [
              10.3332762,
              52.1232809
            ],
            [
              10.3345755,
              52.1228856
            ],
            [
              10.3348069,
              52.1223957
            ],
            [
              10.3353657,
              52.1222197
            ],
            [
              10.335936,
              52.1220385
            ],
            [
              10.3366013,
              52.1217634
            ],
            [
              10.3364819,
              52.1211793
            ],
            [
              10.3371066,
              52.1209818
            ],
            [
              10.3373178,
              52.1209151
            ],
            [
              10.3378208,
              52.120834
            ],
            [
              10.3379791,
              52.1207338
            ],
            [
              10.3380067,
              52.1207163
            ],
            [
              10.3401865,
              52.1214268
            ],
            [
              10.3408212,
              52.1221276
            ],
            [
              10.3408395,
              52.1221478
            ],
            [
              10.3410112,
              52.1223375
            ],
            [
              10.341405,
              52.1227124
            ],
            [
              10.3421677,
              52.1234986
            ],
            [
              10.3426082,
              52.1238922
            ],
            [
              10.3427477,
              52.1241227
            ],
            [
              10.3431642,
              52.1249723
            ],
            [
              10.3431919,
              52.1250292
            ],
            [
              10.3432056,
              52.1250456
            ],
            [
              10.3432149,
              52.1250561
            ],
            [
              10.3432602,
              52.1251092
            ],
            [
              10.3432883,
              52.125142
            ],
            [
              10.3433063,
              52.1251676
            ],
            [
              10.3437918,
              52.1259962
            ],
            [
              10.3443208,
              52.1268995
            ],
            [
              10.3449301,
              52.1279392
            ],
            [
              10.3449512,
              52.1279803
            ],
            [
              10.345104,
              52.1282257
            ],
            [
              10.3451568,
              52.1283137
            ],
            [
              10.3454281,
              52.1287694
            ],
            [
              10.3454743,
              52.1287611
            ],
            [
              10.3458595,
              52.1286926
            ],
            [
              10.3459195,
              52.1286819
            ],
            [
              10.3459654,
              52.1286738
            ],
            [
              10.3459713,
              52.128592
            ],
            [
              10.345972,
              52.1285827
            ],
            [
              10.3523059,
              52.1271176
            ],
            [
              10.3523076,
              52.127124
            ],
            [
              10.352413,
              52.127521
            ],
            [
              10.352704,
              52.1286168
            ],
            [
              10.3528073,
              52.1290053
            ],
            [
              10.3528202,
              52.1290535
            ],
            [
              10.3528368,
              52.1291138
            ],
            [
              10.3529354,
              52.1290671
            ],
            [
              10.352958,
              52.1290564
            ],
            [
              10.3529669,
              52.1290521
            ],
            [
              10.3531089,
              52.1289756
            ],
            [
              10.3533462,
              52.128828
            ],
            [
              10.3543643,
              52.1281664
            ],
            [
              10.3546572,
              52.1279611
            ],
            [
              10.3546814,
              52.1279763
            ],
            [
              10.3579095,
              52.1258318
            ],
            [
              10.3579428,
              52.1258783
            ],
            [
              10.3579704,
              52.1259117
            ],
            [
              10.3580092,
              52.1259631
            ],
            [
              10.3580806,
              52.1260501
            ],
            [
              10.3582797,
              52.1263172
            ],
            [
              10.3584809,
              52.126587
            ],
            [
              10.3585001,
              52.1265832
            ],
            [
              10.3588756,
              52.1277089
            ],
            [
              10.3590608,
              52.1285074
            ],
            [
              10.359081,
              52.1286065
            ],
            [
              10.3591028,
              52.1286051
            ],
            [
              10.3594694,
              52.1285215
            ],
            [
              10.3617235,
              52.1279736
            ],
            [
              10.3619147,
              52.1284617
            ],
            [
              10.3621057,
              52.1289494
            ],
            [
              10.3621783,
              52.129125
            ],
            [
              10.3622809,
              52.1293731
            ],
            [
              10.3625268,
              52.1298485
            ],
            [
              10.3627582,
              52.1302187
            ],
            [
              10.3595518,
              52.1309754
            ],
            [
              10.3595633,
              52.131036
            ],
            [
              10.3596254,
              52.1313641
            ],
            [
              10.3596055,
              52.1313656
            ],
            [
              10.3596066,
              52.1313715
            ],
            [
              10.35977,
              52.1323167
            ],
            [
              10.3598015,
              52.1324985
            ],
            [
              10.3599587,
              52.1334077
            ],
            [
              10.3602623,
              52.1333261
            ],
            [
              10.3603229,
              52.1333098
            ],
            [
              10.3629036,
              52.1326159
            ],
            [
              10.3630305,
              52.1340601
            ],
            [
              10.3636274,
              52.1339412
            ],
            [
              10.3647759,
              52.1335886
            ],
            [
              10.3647678,
              52.1334384
            ],
            [
              10.364856,
              52.1333887
            ],
            [
              10.3649593,
              52.1333592
            ],
            [
              10.3650684,
              52.1333282
            ],
            [
              10.3650992,
              52.1333194
            ],
            [
              10.3652054,
              52.1332892
            ],
            [
              10.365302,
              52.1332617
            ],
            [
              10.365331,
              52.1332534
            ],
            [
              10.3654504,
              52.1334184
            ],
            [
              10.3654667,
              52.133441
            ],
            [
              10.3655408,
              52.1335437
            ],
            [
              10.3655764,
              52.1335926
            ],
            [
              10.3656496,
              52.1336935
            ],
            [
              10.3656671,
              52.1337178
            ],
            [
              10.3657327,
              52.1338091
            ],
            [
              10.3661481,
              52.1344393
            ],
            [
              10.3664836,
              52.1350431
            ],
            [
              10.3665621,
              52.1351609
            ],
            [
              10.3669731,
              52.1357781
            ],
            [
              10.367119,
              52.1359971
            ],
            [
              10.3676714,
              52.1368262
            ],
            [
              10.3678949,
              52.1371624
            ],
            [
              10.3679546,
              52.1372521
            ],
            [
              10.3682234,
              52.137656
            ],
            [
              10.3687643,
              52.1384676
            ],
            [
              10.3691708,
              52.1390792
            ],
            [
              10.3691876,
              52.1391049
            ],
            [
              10.3693016,
              52.1392757
            ],
            [
              10.3693185,
              52.1393011
            ],
            [
              10.369546,
              52.1396433
            ],
            [
              10.3696115,
              52.1397417
            ],
            [
              10.369692,
              52.1398616
            ],
            [
              10.3697239,
              52.1399088
            ],
            [
              10.3697328,
              52.1399221
            ],
            [
              10.3698711,
              52.1401302
            ],
            [
              10.3701196,
              52.1405052
            ],
            [
              10.3704249,
              52.1409622
            ],
            [
              10.3706273,
              52.141268
            ],
            [
              10.3706771,
              52.141343
            ],
            [
              10.3708822,
              52.1416514
            ],
            [
              10.3709742,
              52.1417897
            ],
            [
              10.3709779,
              52.1417951
            ],
            [
              10.3709868,
              52.1418085
            ],
            [
              10.3709998,
              52.141828
            ],
            [
              10.3713261,
              52.1423186
            ],
            [
              10.371639,
              52.1427889
            ],
            [
              10.3718916,
              52.1431686
            ],
            [
              10.3719111,
              52.1431991
            ],
            [
              10.3719191,
              52.1432116
            ],
            [
              10.3719447,
              52.1432533
            ],
            [
              10.3720645,
              52.1434484
            ],
            [
              10.3721078,
              52.1435188
            ],
            [
              10.3721096,
              52.1435217
            ],
            [
              10.3721264,
              52.1435584
            ],
            [
              10.3721394,
              52.1435867
            ],
            [
              10.3722452,
              52.1438179
            ],
            [
              10.372276,
              52.1439067
            ],
            [
              10.3723046,
              52.1439894
            ],
            [
              10.3724266,
              52.1443419
            ],
            [
              10.3725157,
              52.1445995
            ],
            [
              10.3726637,
              52.144999
            ],
            [
              10.372727,
              52.1451697
            ],
            [
              10.3727743,
              52.1452978
            ],
            [
              10.3728473,
              52.1453581
            ],
            [
              10.372876,
              52.1453729
            ],
            [
              10.3729403,
              52.1454064
            ],
            [
              10.3730541,
              52.1454497
            ],
            [
              10.372909,
              52.145426
            ],
            [
              10.3724672,
              52.1453539
            ],
            [
              10.3721284,
              52.1452988
            ],
            [
              10.3717496,
              52.1452372
            ],
            [
              10.3712619,
              52.1451581
            ],
            [
              10.3710178,
              52.1451185
            ],
            [
              10.3709803,
              52.1451364
            ],
            [
              10.3708629,
              52.1451922
            ],
            [
              10.3708172,
              52.1452139
            ],
            [
              10.3707645,
              52.1452803
            ],
            [
              10.3706859,
              52.1453792
            ],
            [
              10.3701239,
              52.1460862
            ],
            [
              10.3701015,
              52.1461145
            ],
            [
              10.3699548,
              52.1461964
            ],
            [
              10.3698298,
              52.1462361
            ],
            [
              10.3692885,
              52.1462605
            ],
            [
              10.3691654,
              52.1462969
            ],
            [
              10.3690978,
              52.1463684
            ],
            [
              10.368925,
              52.1478288
            ],
            [
              10.3689144,
              52.1479194
            ],
            [
              10.368904,
              52.1480083
            ],
            [
              10.3689025,
              52.1480207
            ],
            [
              10.3688858,
              52.148162
            ],
            [
              10.3688578,
              52.1484015
            ],
            [
              10.3688554,
              52.1484238
            ],
            [
              10.3688418,
              52.1485405
            ],
            [
              10.3688401,
              52.1485547
            ],
            [
              10.3688304,
              52.1486376
            ],
            [
              10.3688275,
              52.1486597
            ],
            [
              10.3688252,
              52.1486801
            ],
            [
              10.3688178,
              52.148742
            ],
            [
              10.3696325,
              52.1487174
            ],
            [
              10.3714912,
              52.148661
            ],
            [
              10.3714064,
              52.1494094
            ],
            [
              10.3713974,
              52.1494891
            ],
            [
              10.371391,
              52.1495451
            ],
            [
              10.3713846,
              52.149602
            ],
            [
              10.3713494,
              52.1499121
            ],
            [
              10.3713452,
              52.1499589
            ],
            [
              10.3713408,
              52.149994
            ],
            [
              10.3713376,
              52.1500189
            ],
            [
              10.3713362,
              52.1500315
            ],
            [
              10.371334,
              52.1500499
            ],
            [
              10.3712697,
              52.1506079
            ],
            [
              10.3712723,
              52.1507805
            ],
            [
              10.3712731,
              52.1508316
            ],
            [
              10.3712737,
              52.1508734
            ],
            [
              10.371274,
              52.1508891
            ],
            [
              10.3712745,
              52.1509253
            ],
            [
              10.370903,
              52.1509248
            ],
            [
              10.3700152,
              52.1509235
            ],
            [
              10.3700144,
              52.1509432
            ],
            [
              10.3700125,
              52.1509953
            ],
            [
              10.3700109,
              52.1510371
            ],
            [
              10.3700102,
              52.1510579
            ],
            [
              10.3700038,
              52.1512283
            ],
            [
              10.3700033,
              52.1512405
            ],
            [
              10.3700033,
              52.1512414
            ],
            [
              10.3699901,
              52.1515924
            ],
            [
              10.3701604,
              52.1526434
            ],
            [
              10.3701922,
              52.1528394
            ],
            [
              10.3702038,
              52.1538202
            ],
            [
              10.3702137,
              52.1546617
            ],
            [
              10.3702322,
              52.1562337
            ],
            [
              10.3702324,
              52.1562499
            ],
            [
              10.3699107,
              52.1562378
            ],
            [
              10.367714,
              52.1561547
            ],
            [
              10.3671325,
              52.1561327
            ],
            [
              10.3659164,
              52.1560864
            ],
            [
              10.365847,
              52.1560838
            ],
            [
              10.3657697,
              52.1560808
            ],
            [
              10.3639736,
              52.1560124
            ],
            [
              10.3639845,
              52.15604
            ],
            [
              10.363835,
              52.1560397
            ],
            [
              10.3638133,
              52.15604
            ],
            [
              10.363756,
              52.1560407
            ],
            [
              10.3636354,
              52.1560364
            ],
            [
              10.3635776,
              52.1560344
            ],
            [
              10.363452,
              52.1560299
            ],
            [
              10.3633919,
              52.1560275
            ],
            [
              10.3632157,
              52.1560205
            ],
            [
              10.3625541,
              52.1559532
            ],
            [
              10.3624164,
              52.1559395
            ],
            [
              10.362356,
              52.155933
            ],
            [
              10.3624701,
              52.1559841
            ],
            [
              10.3625345,
              52.1560151
            ],
            [
              10.3608877,
              52.1558885
            ],
            [
              10.3608456,
              52.1558853
            ],
            [
              10.3607137,
              52.1558763
            ],
            [
              10.3606987,
              52.1559758
            ],
            [
              10.3606967,
              52.1559887
            ],
            [
              10.359314,
              52.1559128
            ],
            [
              10.3586898,
              52.1558785
            ],
            [
              10.3586117,
              52.1558795
            ],
            [
              10.3567991,
              52.1559006
            ],
            [
              10.3550039,
              52.1559228
            ],
            [
              10.3530092,
              52.1559448
            ],
            [
              10.3529366,
              52.1560491
            ],
            [
              10.3529353,
              52.1560666
            ],
            [
              10.352932,
              52.1561083
            ],
            [
              10.3529286,
              52.1561519
            ],
            [
              10.3529274,
              52.1561672
            ],
            [
              10.3528972,
              52.156599
            ],
            [
              10.3528829,
              52.1566005
            ],
            [
              10.3527079,
              52.1566228
            ],
            [
              10.3527028,
              52.1565651
            ],
            [
              10.3527381,
              52.1561751
            ],
            [
              10.3527568,
              52.1559606
            ],
            [
              10.3527547,
              52.1559151
            ],
            [
              10.3527345,
              52.1557558
            ],
            [
              10.35273,
              52.1557418
            ],
            [
              10.3527246,
              52.1557254
            ],
            [
              10.3527055,
              52.1556673
            ],
            [
              10.3526667,
              52.1555504
            ],
            [
              10.3525593,
              52.155228
            ],
            [
              10.3524428,
              52.1548784
            ],
            [
              10.3522806,
              52.1543915
            ],
            [
              10.3520568,
              52.1537199
            ],
            [
              10.3517436,
              52.1532521
            ],
            [
              10.3515551,
              52.1530394
            ],
            [
              10.3514715,
              52.1529483
            ],
            [
              10.3514514,
              52.1529264
            ],
            [
              10.351361,
              52.152813
            ],
            [
              10.3513266,
              52.1527738
            ],
            [
              10.3512066,
              52.1526401
            ],
            [
              10.3511963,
              52.1526286
            ],
            [
              10.3511702,
              52.1525995
            ],
            [
              10.351163,
              52.1525915
            ],
            [
              10.3510075,
              52.1524181
            ],
            [
              10.3510002,
              52.15241
            ],
            [
              10.3509188,
              52.1523198
            ],
            [
              10.350844,
              52.1522364
            ],
            [
              10.3507256,
              52.1521029
            ],
            [
              10.3505336,
              52.1518902
            ],
            [
              10.3488476,
              52.1500156
            ],
            [
              10.3487608,
              52.149919
            ],
            [
              10.3486821,
              52.1498316
            ],
            [
              10.3470315,
              52.1479985
            ],
            [
              10.3469669,
              52.1479267
            ],
            [
              10.3461658,
              52.147037
            ],
            [
              10.3458829,
              52.1467224
            ],
            [
              10.3458476,
              52.1466831
            ],
            [
              10.3457839,
              52.1466124
            ],
            [
              10.3453869,
              52.1461709
            ],
            [
              10.3453527,
              52.1461329
            ],
            [
              10.3453097,
              52.1460851
            ],
            [
              10.3451699,
              52.1459297
            ],
            [
              10.344956,
              52.1456917
            ],
            [
              10.3445055,
              52.145191
            ],
            [
              10.3443575,
              52.1450262
            ],
            [
              10.3442893,
              52.1449681
            ],
            [
              10.3442485,
              52.1449326
            ],
            [
              10.3441771,
              52.1448697
            ],
            [
              10.3437589,
              52.1444334
            ],
            [
              10.3433422,
              52.1439933
            ],
            [
              10.3429386,
              52.1435577
            ],
            [
              10.34289,
              52.1434348
            ],
            [
              10.3425994,
              52.1433749
            ],
            [
              10.341905,
              52.1432318
            ],
            [
              10.3411564,
              52.1430776
            ],
            [
              10.3403883,
              52.1429193
            ],
            [
              10.3396254,
              52.142762
            ],
            [
              10.3388426,
              52.1425905
            ],
            [
              10.3381591,
              52.1424334
            ],
            [
              10.3374778,
              52.142272
            ],
            [
              10.3369816,
              52.1421481
            ],
            [
              10.3368012,
              52.142103
            ],
            [
              10.3361297,
              52.1419281
            ],
            [
              10.3354608,
              52.1417497
            ],
            [
              10.3351943,
              52.1416769
            ],
            [
              10.3347944,
              52.1415677
            ],
            [
              10.3341317,
              52.1413808
            ],
            [
              10.3340746,
              52.141364
            ],
            [
              10.333876,
              52.1413054
            ],
            [
              10.3336204,
              52.1412301
            ],
            [
              10.332903,
              52.1410499
            ],
            [
              10.3329653,
              52.1410184
            ],
            [
              10.3328823,
              52.140995
            ],
            [
              10.332659,
              52.1409348
            ],
            [
              10.3326131,
              52.1409227
            ],
            [
              10.3326057,
              52.1409167
            ],
            [
              10.3325888,
              52.1409029
            ],
            [
              10.3320993,
              52.1407748
            ],
            [
              10.3318088,
              52.1406814
            ],
            [
              10.3311388,
              52.1404391
            ],
            [
              10.330897,
              52.1403566
            ],
            [
              10.3306027,
              52.1402603
            ],
            [
              10.3304793,
              52.1402199
            ],
            [
              10.3304736,
              52.140218
            ],
            [
              10.3301512,
              52.1401125
            ],
            [
              10.3300112,
              52.1400667
            ],
            [
              10.3299508,
              52.1400469
            ],
            [
              10.3295713,
              52.1399227
            ],
            [
              10.3291909,
              52.139801
            ],
            [
              10.3290251,
              52.1398927
            ],
            [
              10.3287136,
              52.1400651
            ],
            [
              10.3286821,
              52.1400826
            ],
            [
              10.3277832,
              52.1406047
            ],
            [
              10.3275291,
              52.1407674
            ],
            [
              10.3271228,
              52.1410808
            ],
            [
              10.32669,
              52.1415471
            ],
            [
              10.3262379,
              52.1420432
            ],
            [
              10.3261746,
              52.1421127
            ],
            [
              10.3261097,
              52.1421838
            ],
            [
              10.3260448,
              52.142255
            ],
            [
              10.3256762,
              52.1426595
            ],
            [
              10.3250754,
              52.1432719
            ],
            [
              10.3244451,
              52.1437258
            ],
            [
              10.3236117,
              52.1442306
            ],
            [
              10.3235607,
              52.1441857
            ],
            [
              10.3225256,
              52.1448336
            ],
            [
              10.3224744,
              52.1447981
            ],
            [
              10.3212917,
              52.1439764
            ],
            [
              10.3212248,
              52.1439299
            ],
            [
              10.3218744,
              52.143457
            ],
            [
              10.3219116,
              52.1432941
            ],
            [
              10.3218749,
              52.1433124
            ],
            [
              10.3222272,
              52.1417667
            ],
            [
              10.3258316,
              52.1387423
            ],
            [
              10.3258056,
              52.1387293
            ],
            [
              10.3259347,
              52.1386208
            ],
            [
              10.3259389,
              52.1386171
            ],
            [
              10.325982,
              52.1385807
            ],
            [
              10.3260047,
              52.1385658
            ],
            [
              10.3261507,
              52.1384702
            ],
            [
              10.3261648,
              52.138461
            ],
            [
              10.3262738,
              52.1383897
            ],
            [
              10.3262967,
              52.1383747
            ],
            [
              10.3264052,
              52.1383037
            ],
            [
              10.3264521,
              52.138273
            ],
            [
              10.3265434,
              52.1382132
            ],
            [
              10.3265559,
              52.138205
            ],
            [
              10.3266004,
              52.1381585
            ],
            [
              10.3267272,
              52.1380258
            ],
            [
              10.3266052,
              52.1361657
            ],
            [
              10.326596,
              52.1360257
            ],
            [
              10.3265848,
              52.1358549
            ],
            [
              10.3265731,
              52.1356763
            ],
            [
              10.3265685,
              52.1356061
            ],
            [
              10.3265595,
              52.1354684
            ],
            [
              10.3265134,
              52.1347668
            ],
            [
              10.3265115,
              52.1347366
            ],
            [
              10.3264913,
              52.1344291
            ],
            [
              10.3264394,
              52.1344486
            ],
            [
              10.3264365,
              52.1344052
            ],
            [
              10.3264324,
              52.1343426
            ],
            [
              10.3264292,
              52.1342942
            ],
            [
              10.3266297,
              52.1342226
            ],
            [
              10.3266868,
              52.1342022
            ],
            [
              10.3269041,
              52.1341247
            ],
            [
              10.3268971,
              52.1340787
            ],
            [
              10.3268292,
              52.1336287
            ],
            [
              10.3267827,
              52.1333207
            ],
            [
              10.3269884,
              52.1333081
            ],
            [
              10.3269814,
              52.1332961
            ],
            [
              10.3202232,
              52.1337133
            ],
            [
              10.3201606,
              52.1337172
            ],
            [
              10.3201674,
              52.1337292
            ],
            [
              10.3200038,
              52.1349562
            ],
            [
              10.3199861,
              52.1350886
            ],
            [
              10.3199823,
              52.1351175
            ],
            [
              10.3195741,
              52.1349393
            ],
            [
              10.3194581,
              52.1348847
            ],
            [
              10.3194066,
              52.1349161
            ],
            [
              10.3193575,
              52.134946
            ],
            [
              10.3192178,
              52.1350309
            ],
            [
              10.3191906,
              52.1350474
            ],
            [
              10.3191139,
              52.135094
            ],
            [
              10.3190896,
              52.1351088
            ],
            [
              10.3190182,
              52.1351684
            ],
            [
              10.318711,
              52.1350151
            ],
            [
              10.3181298,
              52.134725
            ],
            [
              10.3171263,
              52.1343565
            ],
            [
              10.3163609,
              52.1340959
            ],
            [
              10.3162529,
              52.1340686
            ],
            [
              10.3161115,
              52.1340238
            ],
            [
              10.3159874,
              52.1339846
            ],
            [
              10.3159499,
              52.1339727
            ],
            [
              10.3158828,
              52.1339515
            ],
            [
              10.3157747,
              52.1339172
            ],
            [
              10.3151876,
              52.1337456
            ],
            [
              10.3145508,
              52.1335694
            ],
            [
              10.3141895,
              52.1334748
            ],
            [
              10.3138471,
              52.1334033
            ],
            [
              10.313492,
              52.1333316
            ],
            [
              10.312379,
              52.1331463
            ],
            [
              10.3120182,
              52.1330967
            ]
          ]
        ]
      }
    },
    {
      "type": "Feature",
      "properties": {
        "name": "Beddingen",
        "city": "Salzgitter",
        "osm_id": 3409975,
        "osm_type": "relation",
        "display": "Beddingen, Ortschaft SZ-Nord-Ost, Salzgitter, Niedersachsen, 38239, Deutschland"
      },
      "geometry": {
        "type": "Polygon",
        "coordinates": [
          [
            [
              10.411779,
              52.1767757
            ],
            [
              10.4141017,
              52.1758623
            ],
            [
              10.4212789,
              52.172722
            ],
            [
              10.4259018,
              52.1725142
            ],
            [
              10.4262366,
              52.1724991
            ],
            [
              10.427207,
              52.1719327
            ],
            [
              10.4380287,
              52.1674549
            ],
            [
              10.4459326,
              52.1674442
            ],
            [
              10.4500136,
              52.167459
            ],
            [
              10.4581395,
              52.1697518
            ],
            [
              10.4578523,
              52.1704192
            ],
            [
              10.4574814,
              52.1709162
            ],
            [
              10.4575082,
              52.1712323
            ],
            [
              10.4578473,
              52.1730241
            ],
            [
              10.4585698,
              52.1770164
            ],
            [
              10.4590924,
              52.179904
            ],
            [
              10.4592215,
              52.1806091
            ],
            [
              10.459481,
              52.1818986
            ],
            [
              10.4565528,
              52.1839535
            ],
            [
              10.4539719,
              52.1845666
            ],
            [
              10.4536904,
              52.186586
            ],
            [
              10.4533085,
              52.1866068
            ],
            [
              10.4531622,
              52.1866147
            ],
            [
              10.453143,
              52.1867145
            ],
            [
              10.4528521,
              52.1906525
            ],
            [
              10.4526318,
              52.194736
            ],
            [
              10.4416573,
              52.1948388
            ],
            [
              10.4365328,
              52.1908848
            ],
            [
              10.4358754,
              52.1903972
            ],
            [
              10.4355213,
              52.1900707
            ],
            [
              10.4351305,
              52.1896876
            ],
            [
              10.4348459,
              52.1893749
            ],
            [
              10.4346881,
              52.1891811
            ],
            [
              10.4344892,
              52.1888032
            ],
            [
              10.4339343,
              52.1876111
            ],
            [
              10.4327815,
              52.1878363
            ],
            [
              10.4323754,
              52.1881086
            ],
            [
              10.4380453,
              52.1923115
            ],
            [
              10.4355913,
              52.1924782
            ],
            [
              10.4347887,
              52.1925327
            ],
            [
              10.442745,
              52.2033105
            ],
            [
              10.4396724,
              52.20322
            ],
            [
              10.4384225,
              52.2053637
            ],
            [
              10.44154,
              52.2054517
            ],
            [
              10.4411691,
              52.2061876
            ],
            [
              10.4379846,
              52.2061006
            ],
            [
              10.4364768,
              52.2086983
            ],
            [
              10.4353903,
              52.2105806
            ],
            [
              10.4344773,
              52.2103394
            ],
            [
              10.4314842,
              52.2099591
            ],
            [
              10.4284688,
              52.2095711
            ],
            [
              10.4263606,
              52.2093068
            ],
            [
              10.4244159,
              52.2092566
            ],
            [
              10.4246412,
              52.2086254
            ],
            [
              10.4250811,
              52.2072908
            ],
            [
              10.4255743,
              52.2062811
            ],
            [
              10.4259059,
              52.2052068
            ],
            [
              10.4259427,
              52.2046325
            ],
            [
              10.4258994,
              52.2034986
            ],
            [
              10.425882,
              52.2030742
            ],
            [
              10.4258291,
              52.202422
            ],
            [
              10.4252279,
              52.2004622
            ],
            [
              10.4231916,
              52.1970503
            ],
            [
              10.4179248,
              52.1969976
            ],
            [
              10.4170418,
              52.1969792
            ],
            [
              10.417038,
              52.1969791
            ],
            [
              10.4170528,
              52.1969557
            ],
            [
              10.4185144,
              52.192811
            ],
            [
              10.4177672,
              52.1898287
            ],
            [
              10.4170518,
              52.1871874
            ],
            [
              10.4161938,
              52.1843468
            ],
            [
              10.4151383,
              52.1806187
            ],
            [
              10.4147951,
              52.179921
            ],
            [
              10.4140366,
              52.1789354
            ],
            [
              10.411779,
              52.1767757
            ]
          ]
        ]
      }
    },
    {
      "type": "Feature",
      "properties": {
        "name": "Sauingen",
        "city": "Salzgitter",
        "osm_id": 3409857,
        "osm_type": "relation",
        "display": "Sauingen, Ortschaft SZ-Nord-Ost, Salzgitter, Niedersachsen, Deutschland"
      },
      "geometry": {
        "type": "Polygon",
        "coordinates": [
          [
            [
              10.3668498,
              52.1877726
            ],
            [
              10.3679405,
              52.18736
            ],
            [
              10.370661,
              52.1865124
            ],
            [
              10.3744822,
              52.1852381
            ],
            [
              10.377169,
              52.1850067
            ],
            [
              10.3795259,
              52.1843598
            ],
            [
              10.3819214,
              52.1836746
            ],
            [
              10.3846458,
              52.1846984
            ],
            [
              10.3914503,
              52.1837333
            ],
            [
              10.3934376,
              52.1834117
            ],
            [
              10.3943891,
              52.1856237
            ],
            [
              10.3947548,
              52.1865107
            ],
            [
              10.4023316,
              52.1857692
            ],
            [
              10.4064896,
              52.1853465
            ],
            [
              10.4100549,
              52.1849715
            ],
            [
              10.4161938,
              52.1843468
            ],
            [
              10.4170518,
              52.1871874
            ],
            [
              10.4177672,
              52.1898287
            ],
            [
              10.4185144,
              52.192811
            ],
            [
              10.4170528,
              52.1969557
            ],
            [
              10.417038,
              52.1969791
            ],
            [
              10.4166694,
              52.1975627
            ],
            [
              10.4149069,
              52.1968866
            ],
            [
              10.4124562,
              52.1967965
            ],
            [
              10.4115964,
              52.19677
            ],
            [
              10.4115109,
              52.1962532
            ],
            [
              10.4113766,
              52.1954419
            ],
            [
              10.4113608,
              52.1953437
            ],
            [
              10.4051868,
              52.1957234
            ],
            [
              10.3985095,
              52.1960788
            ],
            [
              10.3934142,
              52.1963464
            ],
            [
              10.3878692,
              52.1967402
            ],
            [
              10.3795808,
              52.1976088
            ],
            [
              10.377289,
              52.1979217
            ],
            [
              10.3752027,
              52.1981991
            ],
            [
              10.3731651,
              52.1981363
            ],
            [
              10.3731559,
              52.198114
            ],
            [
              10.3727157,
              52.1974864
            ],
            [
              10.3720394,
              52.1965219
            ],
            [
              10.3719581,
              52.1964235
            ],
            [
              10.3717066,
              52.1960475
            ],
            [
              10.3716681,
              52.1959925
            ],
            [
              10.3708976,
              52.1949167
            ],
            [
              10.3704547,
              52.1942887
            ],
            [
              10.3692962,
              52.1927952
            ],
            [
              10.3692599,
              52.1927485
            ],
            [
              10.3692083,
              52.1926819
            ],
            [
              10.3686802,
              52.1920011
            ],
            [
              10.368243,
              52.1909913
            ],
            [
              10.3680076,
              52.1904474
            ],
            [
              10.3677965,
              52.1899599
            ],
            [
              10.3668498,
              52.1877726
            ]
          ]
        ]
      }
    },
    {
      "type": "Feature",
      "properties": {
        "name": "Thiede",
        "city": "Salzgitter",
        "osm_id": 3409997,
        "osm_type": "relation",
        "display": "Thiede, Ortschaft SZ-Nord-Ost, Salzgitter, Niedersachsen, Deutschland"
      },
      "geometry": {
        "type": "Polygon",
        "coordinates": [
          [
            [
              10.4323754,
              52.1881086
            ],
            [
              10.4327815,
              52.1878363
            ],
            [
              10.4339343,
              52.1876111
            ],
            [
              10.4344892,
              52.1888032
            ],
            [
              10.4346881,
              52.1891811
            ],
            [
              10.4348459,
              52.1893749
            ],
            [
              10.4351305,
              52.1896876
            ],
            [
              10.4355213,
              52.1900707
            ],
            [
              10.4358754,
              52.1903972
            ],
            [
              10.4365328,
              52.1908848
            ],
            [
              10.4416573,
              52.1948388
            ],
            [
              10.4526318,
              52.194736
            ],
            [
              10.4528521,
              52.1906525
            ],
            [
              10.453143,
              52.1867145
            ],
            [
              10.4531622,
              52.1866147
            ],
            [
              10.4533085,
              52.1866068
            ],
            [
              10.4536904,
              52.186586
            ],
            [
              10.4539719,
              52.1845666
            ],
            [
              10.4565528,
              52.1839535
            ],
            [
              10.459481,
              52.1818986
            ],
            [
              10.4592215,
              52.1806091
            ],
            [
              10.4590924,
              52.179904
            ],
            [
              10.4585698,
              52.1770164
            ],
            [
              10.4578473,
              52.1730241
            ],
            [
              10.4575082,
              52.1712323
            ],
            [
              10.4574814,
              52.1709162
            ],
            [
              10.4578523,
              52.1704192
            ],
            [
              10.4581395,
              52.1697518
            ],
            [
              10.4500136,
              52.167459
            ],
            [
              10.4525132,
              52.1674692
            ],
            [
              10.4711389,
              52.1674587
            ],
            [
              10.4714027,
              52.1674614
            ],
            [
              10.4715317,
              52.1675712
            ],
            [
              10.4724709,
              52.1683333
            ],
            [
              10.4749408,
              52.1684808
            ],
            [
              10.4790368,
              52.1687337
            ],
            [
              10.4794971,
              52.168679
            ],
            [
              10.479507,
              52.1686793
            ],
            [
              10.482655,
              52.1687872
            ],
            [
              10.4827653,
              52.1687912
            ],
            [
              10.4840943,
              52.1688371
            ],
            [
              10.4845728,
              52.1688533
            ],
            [
              10.4846257,
              52.168855
            ],
            [
              10.4845527,
              52.169914
            ],
            [
              10.4844917,
              52.1708434
            ],
            [
              10.4844291,
              52.1718538
            ],
            [
              10.4843891,
              52.1720509
            ],
            [
              10.4844424,
              52.1720479
            ],
            [
              10.484465,
              52.1720466
            ],
            [
              10.4844872,
              52.1720454
            ],
            [
              10.4845229,
              52.1720434
            ],
            [
              10.4845775,
              52.1720404
            ],
            [
              10.4851863,
              52.17208
            ],
            [
              10.4856195,
              52.1721082
            ],
            [
              10.4861487,
              52.1721427
            ],
            [
              10.4865877,
              52.1721713
            ],
            [
              10.4880118,
              52.172264
            ],
            [
              10.4887311,
              52.1723108
            ],
            [
              10.490525,
              52.1724276
            ],
            [
              10.4923415,
              52.1725458
            ],
            [
              10.4927475,
              52.173787
            ],
            [
              10.4928218,
              52.1740141
            ],
            [
              10.4931421,
              52.1749932
            ],
            [
              10.4931759,
              52.1749947
            ],
            [
              10.4932004,
              52.1749958
            ],
            [
              10.4951664,
              52.175082
            ],
            [
              10.4972544,
              52.1753471
            ],
            [
              10.4992175,
              52.1755964
            ],
            [
              10.4998502,
              52.1756767
            ],
            [
              10.5001624,
              52.1757164
            ],
            [
              10.5000321,
              52.175904
            ],
            [
              10.4996866,
              52.1764019
            ],
            [
              10.4996661,
              52.1764314
            ],
            [
              10.4996316,
              52.176481
            ],
            [
              10.4994423,
              52.1767537
            ],
            [
              10.4993292,
              52.1769167
            ],
            [
              10.4990813,
              52.1772736
            ],
            [
              10.4989889,
              52.1774068
            ],
            [
              10.4989075,
              52.1775239
            ],
            [
              10.4987016,
              52.1778205
            ],
            [
              10.5021542,
              52.177956
            ],
            [
              10.5023887,
              52.1782168
            ],
            [
              10.5026883,
              52.1785502
            ],
            [
              10.5027376,
              52.1786049
            ],
            [
              10.5031188,
              52.1790289
            ],
            [
              10.5010383,
              52.1793672
            ],
            [
              10.500307,
              52.1794861
            ],
            [
              10.49875,
              52.1797392
            ],
            [
              10.4986989,
              52.1804543
            ],
            [
              10.4986985,
              52.1804592
            ],
            [
              10.4986769,
              52.1807627
            ],
            [
              10.4986643,
              52.1809548
            ],
            [
              10.4986601,
              52.1810203
            ],
            [
              10.4986562,
              52.1810792
            ],
            [
              10.4987614,
              52.1810957
            ],
            [
              10.4988848,
              52.181115
            ],
            [
              10.4990306,
              52.1811379
            ],
            [
              10.4999452,
              52.1812801
            ],
            [
              10.499804,
              52.1813652
            ],
            [
              10.4998532,
              52.1813736
            ],
            [
              10.4999508,
              52.1813902
            ],
            [
              10.4999748,
              52.1813942
            ],
            [
              10.5000115,
              52.1814005
            ],
            [
              10.4997791,
              52.1815402
            ],
            [
              10.4998008,
              52.1815439
            ],
            [
              10.4998431,
              52.181551
            ],
            [
              10.500211,
              52.1815978
            ],
            [
              10.5003192,
              52.1816116
            ],
            [
              10.500932,
              52.1816894
            ],
            [
              10.5008825,
              52.1818936
            ],
            [
              10.5007892,
              52.1822783
            ],
            [
              10.5006995,
              52.1826481
            ],
            [
              10.5037841,
              52.1832123
            ],
            [
              10.5036691,
              52.1834946
            ],
            [
              10.5036091,
              52.183642
            ],
            [
              10.5035383,
              52.1838159
            ],
            [
              10.5035312,
              52.1838333
            ],
            [
              10.5035494,
              52.183833
            ],
            [
              10.5060822,
              52.1837926
            ],
            [
              10.5067397,
              52.1837821
            ],
            [
              10.5067358,
              52.1838034
            ],
            [
              10.507804,
              52.1837883
            ],
            [
              10.5077628,
              52.1838906
            ],
            [
              10.5076961,
              52.1840556
            ],
            [
              10.5075794,
              52.1843448
            ],
            [
              10.5074654,
              52.1846272
            ],
            [
              10.5073616,
              52.1848841
            ],
            [
              10.5071964,
              52.1852889
            ],
            [
              10.507094,
              52.1855431
            ],
            [
              10.5069859,
              52.1858112
            ],
            [
              10.5067404,
              52.186419
            ],
            [
              10.5065141,
              52.186982
            ],
            [
              10.5065004,
              52.187017
            ],
            [
              10.5053506,
              52.1867942
            ],
            [
              10.5043208,
              52.188621
            ],
            [
              10.5035889,
              52.188476
            ],
            [
              10.5010462,
              52.1920925
            ],
            [
              10.4995424,
              52.1918336
            ],
            [
              10.4990045,
              52.1927865
            ],
            [
              10.4987415,
              52.1927485
            ],
            [
              10.4979337,
              52.1941293
            ],
            [
              10.4949161,
              52.1935574
            ],
            [
              10.4943112,
              52.1956751
            ],
            [
              10.4938842,
              52.1956521
            ],
            [
              10.4935123,
              52.196472
            ],
            [
              10.4931703,
              52.1980858
            ],
            [
              10.4930699,
              52.1987379
            ],
            [
              10.4915186,
              52.1986808
            ],
            [
              10.4920905,
              52.1995657
            ],
            [
              10.4919825,
              52.1996187
            ],
            [
              10.4918615,
              52.1996796
            ],
            [
              10.4912336,
              52.1996156
            ],
            [
              10.4920654,
              52.2007325
            ],
            [
              10.4912896,
              52.2004696
            ],
            [
              10.4912146,
              52.2006295
            ],
            [
              10.4912009,
              52.2006475
            ],
            [
              10.4911501,
              52.2007141
            ],
            [
              10.4905729,
              52.2014708
            ],
            [
              10.48799,
              52.204857
            ],
            [
              10.487751,
              52.205112
            ],
            [
              10.4862085,
              52.2063986
            ],
            [
              10.4865452,
              52.2067678
            ],
            [
              10.4865868,
              52.206822
            ],
            [
              10.4865183,
              52.2071131
            ],
            [
              10.4864055,
              52.2070218
            ],
            [
              10.4853464,
              52.2064858
            ],
            [
              10.4848765,
              52.2063179
            ],
            [
              10.4843035,
              52.2061079
            ],
            [
              10.4837596,
              52.2059099
            ],
            [
              10.4838346,
              52.2058029
            ],
            [
              10.4822949,
              52.205181
            ],
            [
              10.4821709,
              52.205349
            ],
            [
              10.4795193,
              52.2043761
            ],
            [
              10.4795943,
              52.2042391
            ],
            [
              10.4776086,
              52.2035251
            ],
            [
              10.4768497,
              52.2028572
            ],
            [
              10.4746301,
              52.2025372
            ],
            [
              10.4743421,
              52.2024952
            ],
            [
              10.4741851,
              52.2024722
            ],
            [
              10.4739862,
              52.2024452
            ],
            [
              10.4738342,
              52.2024232
            ],
            [
              10.4690809,
              52.2017363
            ],
            [
              10.468685,
              52.2028162
            ],
            [
              10.468338,
              52.2027852
            ],
            [
              10.468167,
              52.2027542
            ],
            [
              10.4678391,
              52.203956
            ],
            [
              10.4605572,
              52.203743
            ],
            [
              10.4524784,
              52.203533
            ],
            [
              10.4521295,
              52.203544
            ],
            [
              10.4517692,
              52.2035364
            ],
            [
              10.4507037,
              52.203514
            ],
            [
              10.4438347,
              52.203331
            ],
            [
              10.442745,
              52.2033105
            ],
            [
              10.4347887,
              52.1925327
            ],
            [
              10.4355913,
              52.1924782
            ],
            [
              10.4380453,
              52.1923115
            ],
            [
              10.4323754,
              52.1881086
            ]
          ]
        ]
      }
    },
    {
      "type": "Feature",
      "properties": {
        "name": "Üfingen",
        "city": "Salzgitter",
        "osm_id": 3409905,
        "osm_type": "relation",
        "display": "Üfingen, Ortschaft SZ-Nord-Ost, Salzgitter, Niedersachsen, Deutschland"
      },
      "geometry": {
        "type": "Polygon",
        "coordinates": [
          [
            [
              10.3731651,
              52.1981363
            ],
            [
              10.3752027,
              52.1981991
            ],
            [
              10.377289,
              52.1979217
            ],
            [
              10.3795808,
              52.1976088
            ],
            [
              10.3878692,
              52.1967402
            ],
            [
              10.3934142,
              52.1963464
            ],
            [
              10.3985095,
              52.1960788
            ],
            [
              10.4051868,
              52.1957234
            ],
            [
              10.4113608,
              52.1953437
            ],
            [
              10.4113766,
              52.1954419
            ],
            [
              10.4115109,
              52.1962532
            ],
            [
              10.4115964,
              52.19677
            ],
            [
              10.4124562,
              52.1967965
            ],
            [
              10.4149069,
              52.1968866
            ],
            [
              10.4166694,
              52.1975627
            ],
            [
              10.417038,
              52.1969791
            ],
            [
              10.4170418,
              52.1969792
            ],
            [
              10.4179248,
              52.1969976
            ],
            [
              10.4231916,
              52.1970503
            ],
            [
              10.4252279,
              52.2004622
            ],
            [
              10.4258291,
              52.202422
            ],
            [
              10.425882,
              52.2030742
            ],
            [
              10.4258994,
              52.2034986
            ],
            [
              10.4259427,
              52.2046325
            ],
            [
              10.4259059,
              52.2052068
            ],
            [
              10.4255743,
              52.2062811
            ],
            [
              10.4250811,
              52.2072908
            ],
            [
              10.4246412,
              52.2086254
            ],
            [
              10.4244159,
              52.2092566
            ],
            [
              10.4263606,
              52.2093068
            ],
            [
              10.4284688,
              52.2095711
            ],
            [
              10.4314842,
              52.2099591
            ],
            [
              10.4344773,
              52.2103394
            ],
            [
              10.4353903,
              52.2105806
            ],
            [
              10.4340791,
              52.2128519
            ],
            [
              10.4324313,
              52.2157095
            ],
            [
              10.4323493,
              52.2158505
            ],
            [
              10.4322263,
              52.2160645
            ],
            [
              10.4313474,
              52.2179603
            ],
            [
              10.4299616,
              52.2211839
            ],
            [
              10.4297826,
              52.2216828
            ],
            [
              10.4297779,
              52.2220386
            ],
            [
              10.4280894,
              52.22179
            ],
            [
              10.4279019,
              52.2217624
            ],
            [
              10.4251002,
              52.2213497
            ],
            [
              10.4217274,
              52.2208529
            ],
            [
              10.4210136,
              52.2207478
            ],
            [
              10.4209859,
              52.2207436
            ],
            [
              10.420944,
              52.2207373
            ],
            [
              10.4208507,
              52.2207234
            ],
            [
              10.4194526,
              52.2205139
            ],
            [
              10.4193398,
              52.220497
            ],
            [
              10.4192978,
              52.2204907
            ],
            [
              10.4192872,
              52.2204891
            ],
            [
              10.4192121,
              52.2204778
            ],
            [
              10.4191098,
              52.2204614
            ],
            [
              10.4190648,
              52.2204541
            ],
            [
              10.4189811,
              52.2204406
            ],
            [
              10.41633,
              52.2200134
            ],
            [
              10.4160753,
              52.2199724
            ],
            [
              10.415738,
              52.2199443
            ],
            [
              10.4156469,
              52.2199367
            ],
            [
              10.4156002,
              52.2199328
            ],
            [
              10.4155156,
              52.2199257
            ],
            [
              10.4117285,
              52.2196101
            ],
            [
              10.4116402,
              52.2196027
            ],
            [
              10.411593,
              52.2195988
            ],
            [
              10.4115079,
              52.2195917
            ],
            [
              10.4113732,
              52.2198293
            ],
            [
              10.4112733,
              52.2200543
            ],
            [
              10.4111695,
              52.2204633
            ],
            [
              10.4107097,
              52.2206363
            ],
            [
              10.4106416,
              52.2206361
            ],
            [
              10.4087346,
              52.2216982
            ],
            [
              10.4086877,
              52.2217242
            ],
            [
              10.4086828,
              52.2217269
            ],
            [
              10.4086226,
              52.2217603
            ],
            [
              10.4085856,
              52.2217808
            ],
            [
              10.4085431,
              52.2218038
            ],
            [
              10.4085199,
              52.2218173
            ],
            [
              10.4080169,
              52.2220938
            ],
            [
              10.4075406,
              52.2223557
            ],
            [
              10.4069715,
              52.2226687
            ],
            [
              10.4069423,
              52.2226307
            ],
            [
              10.4059619,
              52.2213492
            ],
            [
              10.4054953,
              52.2208007
            ],
            [
              10.4054345,
              52.2207304
            ],
            [
              10.4054036,
              52.2206952
            ],
            [
              10.40537,
              52.2206569
            ],
            [
              10.4053135,
              52.2205925
            ],
            [
              10.4052796,
              52.2205539
            ],
            [
              10.4052364,
              52.2205046
            ],
            [
              10.4051381,
              52.2203926
            ],
            [
              10.4048089,
              52.2200074
            ],
            [
              10.4047043,
              52.2198677
            ],
            [
              10.4046501,
              52.2197739
            ],
            [
              10.4042205,
              52.2191483
            ],
            [
              10.4040763,
              52.2189095
            ],
            [
              10.4038825,
              52.2185981
            ],
            [
              10.4036941,
              52.2183238
            ],
            [
              10.4034951,
              52.2180825
            ],
            [
              10.4032339,
              52.2177886
            ],
            [
              10.403091,
              52.2176278
            ],
            [
              10.4021517,
              52.2162655
            ],
            [
              10.401717,
              52.2160173
            ],
            [
              10.4016335,
              52.2157943
            ],
            [
              10.4017117,
              52.2156907
            ],
            [
              10.401679,
              52.2156339
            ],
            [
              10.4016093,
              52.2155503
            ],
            [
              10.4015464,
              52.2155746
            ],
            [
              10.4014042,
              52.2156297
            ],
            [
              10.4013913,
              52.2156416
            ],
            [
              10.4007807,
              52.2149785
            ],
            [
              10.4007812,
              52.2149739
            ],
            [
              10.4008732,
              52.2142003
            ],
            [
              10.4009606,
              52.2134648
            ],
            [
              10.4010442,
              52.2127608
            ],
            [
              10.4003556,
              52.2127252
            ],
            [
              10.3996372,
              52.2126881
            ],
            [
              10.3984407,
              52.2126262
            ],
            [
              10.3984103,
              52.2126246
            ],
            [
              10.3984341,
              52.2126101
            ],
            [
              10.3985103,
              52.212564
            ],
            [
              10.3991975,
              52.21215
            ],
            [
              10.399658,
              52.2118723
            ],
            [
              10.4009144,
              52.2111131
            ],
            [
              10.4009239,
              52.2111074
            ],
            [
              10.4009038,
              52.2110935
            ],
            [
              10.4008427,
              52.211051
            ],
            [
              10.4008135,
              52.2110307
            ],
            [
              10.4010942,
              52.2108611
            ],
            [
              10.4011297,
              52.2108397
            ],
            [
              10.4012601,
              52.2107609
            ],
            [
              10.4013597,
              52.210701
            ],
            [
              10.4015981,
              52.2105575
            ],
            [
              10.4015992,
              52.2105568
            ],
            [
              10.4028689,
              52.2097903
            ],
            [
              10.4028461,
              52.2097902
            ],
            [
              10.4023034,
              52.2097895
            ],
            [
              10.4014613,
              52.2097883
            ],
            [
              10.4010188,
              52.2097877
            ],
            [
              10.4000548,
              52.2097864
            ],
            [
              10.3998387,
              52.2097863
            ],
            [
              10.3986482,
              52.2097845
            ],
            [
              10.3980868,
              52.2097838
            ],
            [
              10.3974571,
              52.2097831
            ],
            [
              10.3974238,
              52.2097831
            ],
            [
              10.397329,
              52.2097828
            ],
            [
              10.3972473,
              52.2097826
            ],
            [
              10.3971605,
              52.2097825
            ],
            [
              10.3971605,
              52.2097783
            ],
            [
              10.3951996,
              52.2097763
            ],
            [
              10.3934227,
              52.2097744
            ],
            [
              10.3932681,
              52.2097742
            ],
            [
              10.3932038,
              52.2097741
            ],
            [
              10.3931651,
              52.2097741
            ],
            [
              10.3931005,
              52.209774
            ],
            [
              10.3920689,
              52.2097729
            ],
            [
              10.3920522,
              52.2097729
            ],
            [
              10.3919283,
              52.208314
            ],
            [
              10.3918805,
              52.2077503
            ],
            [
              10.3917734,
              52.2064884
            ],
            [
              10.3916795,
              52.2053822
            ],
            [
              10.3915356,
              52.2036868
            ],
            [
              10.3915189,
              52.2036861
            ],
            [
              10.3914498,
              52.2036832
            ],
            [
              10.3898028,
              52.2036134
            ],
            [
              10.3877898,
              52.2035281
            ],
            [
              10.3861894,
              52.2034602
            ],
            [
              10.3860338,
              52.2034536
            ],
            [
              10.3859374,
              52.2034495
            ],
            [
              10.3846893,
              52.2033966
            ],
            [
              10.3843066,
              52.2033803
            ],
            [
              10.384273,
              52.2033789
            ],
            [
              10.382565,
              52.2033118
            ],
            [
              10.3817712,
              52.2032791
            ],
            [
              10.3817706,
              52.2032791
            ],
            [
              10.3808801,
              52.2032424
            ],
            [
              10.3806981,
              52.203235
            ],
            [
              10.3806993,
              52.2032247
            ],
            [
              10.3800878,
              52.2031996
            ],
            [
              10.3800038,
              52.2031961
            ],
            [
              10.3783005,
              52.2031262
            ],
            [
              10.3776074,
              52.2030978
            ],
            [
              10.3775239,
              52.2030943
            ],
            [
              10.3774464,
              52.2030909
            ],
            [
              10.3773603,
              52.2030874
            ],
            [
              10.3770832,
              52.203076
            ],
            [
              10.3769899,
              52.2030722
            ],
            [
              10.3769302,
              52.2030698
            ],
            [
              10.3753796,
              52.2030087
            ],
            [
              10.375017,
              52.2029944
            ],
            [
              10.3741404,
              52.2029599
            ],
            [
              10.3741115,
              52.2029588
            ],
            [
              10.3740994,
              52.2029583
            ],
            [
              10.3738833,
              52.2013497
            ],
            [
              10.3738116,
              52.2008156
            ],
            [
              10.3737518,
              52.2003708
            ],
            [
              10.373714,
              52.2001063
            ],
            [
              10.373576,
              52.1991388
            ],
            [
              10.3731651,
              52.1981363
            ]
          ]
        ]
      }
    },
    {
      "type": "Feature",
      "properties": {
        "name": "Lesse",
        "city": "Salzgitter",
        "osm_id": 3413333,
        "osm_type": "relation",
        "display": "Lesse, Ortschaft Nordwest, Salzgitter, Niedersachsen, Deutschland"
      },
      "geometry": {
        "type": "Polygon",
        "coordinates": [
          [
            [
              10.2308449,
              52.1705468
            ],
            [
              10.2308782,
              52.1705257
            ],
            [
              10.2316879,
              52.1666632
            ],
            [
              10.2318595,
              52.1658498
            ],
            [
              10.2318904,
              52.1657036
            ],
            [
              10.231891,
              52.1656994
            ],
            [
              10.2319004,
              52.1656492
            ],
            [
              10.2319117,
              52.1655953
            ],
            [
              10.2319156,
              52.1655765
            ],
            [
              10.231892,
              52.1655762
            ],
            [
              10.2316487,
              52.1655665
            ],
            [
              10.2316534,
              52.1655444
            ],
            [
              10.2317114,
              52.1652646
            ],
            [
              10.2317239,
              52.1652049
            ],
            [
              10.231951,
              52.1641259
            ],
            [
              10.2320936,
              52.1634484
            ],
            [
              10.2322521,
              52.1626964
            ],
            [
              10.2324931,
              52.1627062
            ],
            [
              10.2325181,
              52.1627073
            ],
            [
              10.2330893,
              52.1600188
            ],
            [
              10.2331734,
              52.1596231
            ],
            [
              10.2332721,
              52.1591585
            ],
            [
              10.2332748,
              52.1591456
            ],
            [
              10.2363512,
              52.1595257
            ],
            [
              10.236476,
              52.1589329
            ],
            [
              10.236492,
              52.158856
            ],
            [
              10.2365755,
              52.1584507
            ],
            [
              10.2365943,
              52.1583632
            ],
            [
              10.2371402,
              52.1557371
            ],
            [
              10.2376979,
              52.1530535
            ],
            [
              10.2381601,
              52.1508331
            ],
            [
              10.2381977,
              52.1506501
            ],
            [
              10.2382272,
              52.1505069
            ],
            [
              10.2382364,
              52.1504992
            ],
            [
              10.2383296,
              52.1504234
            ],
            [
              10.2383941,
              52.1503925
            ],
            [
              10.2384415,
              52.1503697
            ],
            [
              10.2390046,
              52.1504229
            ],
            [
              10.2390993,
              52.150407
            ],
            [
              10.2391793,
              52.1503728
            ],
            [
              10.2392463,
              52.1503249
            ],
            [
              10.2392831,
              52.150268
            ],
            [
              10.239276,
              52.1501223
            ],
            [
              10.2394277,
              52.1497868
            ],
            [
              10.2397188,
              52.1491434
            ],
            [
              10.2401737,
              52.1491864
            ],
            [
              10.2408092,
              52.1492269
            ],
            [
              10.2422595,
              52.1492681
            ],
            [
              10.2428472,
              52.1492793
            ],
            [
              10.24308,
              52.1492779
            ],
            [
              10.2438377,
              52.1492732
            ],
            [
              10.2438302,
              52.1492461
            ],
            [
              10.243863,
              52.1492425
            ],
            [
              10.2444374,
              52.1492625
            ],
            [
              10.2451413,
              52.1486634
            ],
            [
              10.246175,
              52.1477834
            ],
            [
              10.2465014,
              52.1475057
            ],
            [
              10.2475076,
              52.1466494
            ],
            [
              10.2478873,
              52.1463262
            ],
            [
              10.2479256,
              52.146329
            ],
            [
              10.248045,
              52.1463376
            ],
            [
              10.2480905,
              52.1463409
            ],
            [
              10.2497368,
              52.1450061
            ],
            [
              10.2500156,
              52.1447801
            ],
            [
              10.2508546,
              52.1441
            ],
            [
              10.251222,
              52.1438022
            ],
            [
              10.2513943,
              52.1436625
            ],
            [
              10.2509723,
              52.1434825
            ],
            [
              10.2507085,
              52.1434475
            ],
            [
              10.2508698,
              52.143281
            ],
            [
              10.2508556,
              52.1432726
            ],
            [
              10.2511173,
              52.1431031
            ],
            [
              10.2511475,
              52.1430837
            ],
            [
              10.2513869,
              52.1429296
            ],
            [
              10.2519708,
              52.1425503
            ],
            [
              10.2526714,
              52.1421029
            ],
            [
              10.2530308,
              52.1418695
            ],
            [
              10.2530593,
              52.141851
            ],
            [
              10.256381,
              52.1396935
            ],
            [
              10.2564048,
              52.139678
            ],
            [
              10.2570618,
              52.1398688
            ],
            [
              10.2631915,
              52.1433536
            ],
            [
              10.2632489,
              52.1433862
            ],
            [
              10.2648024,
              52.1440938
            ],
            [
              10.2666974,
              52.1449568
            ],
            [
              10.2709351,
              52.1466426
            ],
            [
              10.2759002,
              52.1483757
            ],
            [
              10.2760739,
              52.1484385
            ],
            [
              10.2771277,
              52.1488108
            ],
            [
              10.2774136,
              52.148908
            ],
            [
              10.2777913,
              52.149048
            ],
            [
              10.2785013,
              52.1493393
            ],
            [
              10.2790411,
              52.1495223
            ],
            [
              10.2802397,
              52.1498998
            ],
            [
              10.2812022,
              52.1501194
            ],
            [
              10.2816808,
              52.150274
            ],
            [
              10.2822162,
              52.1504568
            ],
            [
              10.282926,
              52.1507019
            ],
            [
              10.2832377,
              52.1508133
            ],
            [
              10.2836452,
              52.1509634
            ],
            [
              10.2842896,
              52.1512003
            ],
            [
              10.2848815,
              52.1514159
            ],
            [
              10.2854026,
              52.1516185
            ],
            [
              10.2859239,
              52.1518475
            ],
            [
              10.2863662,
              52.1520387
            ],
            [
              10.2867713,
              52.1521489
            ],
            [
              10.2876516,
              52.1523297
            ],
            [
              10.2880214,
              52.1524155
            ],
            [
              10.2892731,
              52.1528488
            ],
            [
              10.2907538,
              52.1532949
            ],
            [
              10.2911305,
              52.1534115
            ],
            [
              10.2918144,
              52.153617
            ],
            [
              10.2919806,
              52.153668
            ],
            [
              10.2923346,
              52.1537765
            ],
            [
              10.2925559,
              52.1538382
            ],
            [
              10.2938848,
              52.1542316
            ],
            [
              10.2940035,
              52.1542753
            ],
            [
              10.2939856,
              52.1542998
            ],
            [
              10.2938652,
              52.1544747
            ],
            [
              10.2938302,
              52.1545255
            ],
            [
              10.2938035,
              52.1545641
            ],
            [
              10.2937652,
              52.1546198
            ],
            [
              10.2935699,
              52.1549588
            ],
            [
              10.2934239,
              52.1552905
            ],
            [
              10.2933276,
              52.155616
            ],
            [
              10.2932542,
              52.1558836
            ],
            [
              10.2932455,
              52.1559152
            ],
            [
              10.2932386,
              52.1562261
            ],
            [
              10.2932561,
              52.1565835
            ],
            [
              10.2932762,
              52.156712
            ],
            [
              10.2933116,
              52.1569383
            ],
            [
              10.2934055,
              52.1572808
            ],
            [
              10.2934352,
              52.1573778
            ],
            [
              10.2934516,
              52.1574094
            ],
            [
              10.2935129,
              52.1575276
            ],
            [
              10.2936751,
              52.15784
            ],
            [
              10.2938661,
              52.1581418
            ],
            [
              10.2940925,
              52.1584303
            ],
            [
              10.2943585,
              52.1587177
            ],
            [
              10.2947441,
              52.1590632
            ],
            [
              10.2947539,
              52.159072
            ],
            [
              10.2947666,
              52.1590815
            ],
            [
              10.2950543,
              52.1592991
            ],
            [
              10.295471,
              52.1595765
            ],
            [
              10.2958955,
              52.1598356
            ],
            [
              10.296485,
              52.1601822
            ],
            [
              10.2965028,
              52.1601926
            ],
            [
              10.2964594,
              52.1602086
            ],
            [
              10.2888161,
              52.1608967
            ],
            [
              10.2888164,
              52.1609125
            ],
            [
              10.2888155,
              52.160927
            ],
            [
              10.2888013,
              52.1617146
            ],
            [
              10.2887973,
              52.16194
            ],
            [
              10.2887881,
              52.1624537
            ],
            [
              10.2887878,
              52.162468
            ],
            [
              10.2887821,
              52.1627842
            ],
            [
              10.2887597,
              52.1640293
            ],
            [
              10.2887434,
              52.1649221
            ],
            [
              10.2887403,
              52.1650891
            ],
            [
              10.2887378,
              52.165225
            ],
            [
              10.2887156,
              52.1664478
            ],
            [
              10.2886932,
              52.1676779
            ],
            [
              10.288684,
              52.1681762
            ],
            [
              10.2886739,
              52.1687344
            ],
            [
              10.2886678,
              52.1687518
            ],
            [
              10.2886471,
              52.1688104
            ],
            [
              10.2886352,
              52.1688441
            ],
            [
              10.2885754,
              52.1696666
            ],
            [
              10.2884497,
              52.1713949
            ],
            [
              10.288329,
              52.1730517
            ],
            [
              10.2883195,
              52.1731823
            ],
            [
              10.2882761,
              52.1737796
            ],
            [
              10.2882307,
              52.1744037
            ],
            [
              10.2881995,
              52.1748307
            ],
            [
              10.2881853,
              52.1750274
            ],
            [
              10.2881595,
              52.1753819
            ],
            [
              10.2881575,
              52.175388
            ],
            [
              10.2881541,
              52.1753979
            ],
            [
              10.2840711,
              52.1749787
            ],
            [
              10.2839911,
              52.1750103
            ],
            [
              10.2839708,
              52.1750181
            ],
            [
              10.2819897,
              52.1757621
            ],
            [
              10.2792326,
              52.1754775
            ],
            [
              10.2792294,
              52.1754938
            ],
            [
              10.2792193,
              52.1757417
            ],
            [
              10.2790273,
              52.1759081
            ],
            [
              10.2789964,
              52.1759304
            ],
            [
              10.2763024,
              52.1764645
            ],
            [
              10.2743753,
              52.1768465
            ],
            [
              10.2743456,
              52.1769061
            ],
            [
              10.2738502,
              52.1778857
            ],
            [
              10.2701497,
              52.1783204
            ],
            [
              10.2699234,
              52.1783469
            ],
            [
              10.2656332,
              52.1788484
            ],
            [
              10.2656355,
              52.1788638
            ],
            [
              10.2655937,
              52.1791822
            ],
            [
              10.2655889,
              52.1792195
            ],
            [
              10.2652938,
              52.1814704
            ],
            [
              10.2652891,
              52.1815063
            ],
            [
              10.2652851,
              52.181537
            ],
            [
              10.2643944,
              52.1816105
            ],
            [
              10.2638851,
              52.1816525
            ],
            [
              10.2638841,
              52.1816526
            ],
            [
              10.2638218,
              52.1816578
            ],
            [
              10.2635959,
              52.1821723
            ],
            [
              10.263422,
              52.1825684
            ],
            [
              10.2634092,
              52.1825976
            ],
            [
              10.2634021,
              52.1826139
            ],
            [
              10.2631604,
              52.1831646
            ],
            [
              10.2631064,
              52.1832878
            ],
            [
              10.2629258,
              52.1836994
            ],
            [
              10.2628928,
              52.1836958
            ],
            [
              10.2617238,
              52.1835705
            ],
            [
              10.2606075,
              52.1834503
            ],
            [
              10.2601825,
              52.1834046
            ],
            [
              10.2596428,
              52.1833465
            ],
            [
              10.2595655,
              52.1833382
            ],
            [
              10.2595316,
              52.1833346
            ],
            [
              10.2574764,
              52.183099
            ],
            [
              10.2573923,
              52.1830894
            ],
            [
              10.2573757,
              52.1830875
            ],
            [
              10.2575366,
              52.1822645
            ],
            [
              10.2577169,
              52.1813449
            ],
            [
              10.2578728,
              52.1805493
            ],
            [
              10.2578799,
              52.1805131
            ],
            [
              10.2580903,
              52.1794396
            ],
            [
              10.2580728,
              52.1794412
            ],
            [
              10.257036,
              52.1795368
            ],
            [
              10.2570494,
              52.1794866
            ],
            [
              10.2570949,
              52.1793178
            ],
            [
              10.257753,
              52.1768788
            ],
            [
              10.2570233,
              52.1767547
            ],
            [
              10.2570441,
              52.1766996
            ],
            [
              10.2573234,
              52.175934
            ],
            [
              10.2574635,
              52.1754371
            ],
            [
              10.2574951,
              52.1753248
            ],
            [
              10.2576545,
              52.1747594
            ],
            [
              10.2570235,
              52.1747263
            ],
            [
              10.2569997,
              52.1747251
            ],
            [
              10.2571776,
              52.1741696
            ],
            [
              10.2567334,
              52.1741637
            ],
            [
              10.2554417,
              52.1742863
            ],
            [
              10.2554123,
              52.1742962
            ],
            [
              10.2550743,
              52.1744099
            ],
            [
              10.2547912,
              52.1745052
            ],
            [
              10.2543654,
              52.1745856
            ],
            [
              10.2536262,
              52.1747262
            ],
            [
              10.2535893,
              52.1747303
            ],
            [
              10.2529128,
              52.1747994
            ],
            [
              10.2527541,
              52.1748157
            ],
            [
              10.2522798,
              52.1749306
            ],
            [
              10.2521175,
              52.1749699
            ],
            [
              10.2521078,
              52.1749723
            ],
            [
              10.2520589,
              52.174984
            ],
            [
              10.2511299,
              52.1757772
            ],
            [
              10.2506167,
              52.1763165
            ],
            [
              10.2503141,
              52.1766821
            ],
            [
              10.2497542,
              52.1766021
            ],
            [
              10.2493394,
              52.1765222
            ],
            [
              10.2494677,
              52.1763137
            ],
            [
              10.2497346,
              52.1758804
            ],
            [
              10.2495256,
              52.1758458
            ],
            [
              10.249462,
              52.1758352
            ],
            [
              10.2491837,
              52.1762589
            ],
            [
              10.2490042,
              52.1762311
            ],
            [
              10.2489065,
              52.1764602
            ],
            [
              10.2488336,
              52.1766354
            ],
            [
              10.2486657,
              52.1766207
            ],
            [
              10.2482664,
              52.176584
            ],
            [
              10.2478863,
              52.1765464
            ],
            [
              10.2477867,
              52.1765381
            ],
            [
              10.2474594,
              52.1764933
            ],
            [
              10.2469399,
              52.1764395
            ],
            [
              10.2468895,
              52.1764344
            ],
            [
              10.2463721,
              52.1763808
            ],
            [
              10.2462966,
              52.1763734
            ],
            [
              10.2461921,
              52.1763631
            ],
            [
              10.2441527,
              52.1760341
            ],
            [
              10.2433651,
              52.1759433
            ],
            [
              10.2433345,
              52.1759398
            ],
            [
              10.2434531,
              52.1748685
            ],
            [
              10.243543,
              52.1740561
            ],
            [
              10.2435487,
              52.1740114
            ],
            [
              10.2429203,
              52.1739873
            ],
            [
              10.2425771,
              52.1739741
            ],
            [
              10.2423794,
              52.1739449
            ],
            [
              10.24247,
              52.1732947
            ],
            [
              10.2425699,
              52.172578
            ],
            [
              10.2416869,
              52.1725439
            ],
            [
              10.2412854,
              52.1725209
            ],
            [
              10.2411259,
              52.1725118
            ],
            [
              10.2405975,
              52.1724815
            ],
            [
              10.2404634,
              52.1724707
            ],
            [
              10.240486,
              52.1716703
            ],
            [
              10.239719,
              52.1715749
            ],
            [
              10.2393325,
              52.1715269
            ],
            [
              10.2387645,
              52.1714806
            ],
            [
              10.2387161,
              52.1714683
            ],
            [
              10.2386181,
              52.1714434
            ],
            [
              10.2385853,
              52.1714432
            ],
            [
              10.2377994,
              52.1714384
            ],
            [
              10.2374485,
              52.1714363
            ],
            [
              10.2371538,
              52.1714138
            ],
            [
              10.2358576,
              52.1713149
            ],
            [
              10.2358721,
              52.170841
            ],
            [
              10.2346391,
              52.1706762
            ],
            [
              10.23461,
              52.1706723
            ],
            [
              10.2347291,
              52.1697041
            ],
            [
              10.2344773,
              52.1696769
            ],
            [
              10.2341997,
              52.1696476
            ],
            [
              10.2340689,
              52.1698617
            ],
            [
              10.2338364,
              52.1699408
            ],
            [
              10.2338023,
              52.1699546
            ],
            [
              10.2336856,
              52.1700027
            ],
            [
              10.2331782,
              52.1701322
            ],
            [
              10.2323976,
              52.1703887
            ],
            [
              10.2319985,
              52.1704392
            ],
            [
              10.2310439,
              52.1705277
            ],
            [
              10.2308449,
              52.1705468
            ]
          ]
        ]
      }
    },
    {
      "type": "Feature",
      "properties": {
        "name": "Lichtenberg",
        "city": "Salzgitter",
        "osm_id": 3413334,
        "osm_type": "relation",
        "display": "Lichtenberg, Ortschaft Nordwest, Salzgitter, Niedersachsen, 38228, Deutschland"
      },
      "geometry": {
        "type": "Polygon",
        "coordinates": [
          [
            [
              10.2648024,
              52.1440938
            ],
            [
              10.264818,
              52.1440754
            ],
            [
              10.2648846,
              52.1439938
            ],
            [
              10.2650081,
              52.1438419
            ],
            [
              10.2652762,
              52.1435136
            ],
            [
              10.2653321,
              52.1434451
            ],
            [
              10.2657302,
              52.1429575
            ],
            [
              10.2657505,
              52.1429327
            ],
            [
              10.2657695,
              52.1429095
            ],
            [
              10.266485,
              52.1420339
            ],
            [
              10.2665377,
              52.1419694
            ],
            [
              10.2673877,
              52.1409289
            ],
            [
              10.267548,
              52.1407327
            ],
            [
              10.2675902,
              52.1406808
            ],
            [
              10.2675951,
              52.1406747
            ],
            [
              10.2676051,
              52.1406625
            ],
            [
              10.2675964,
              52.1406589
            ],
            [
              10.2670787,
              52.1404375
            ],
            [
              10.2664936,
              52.1401876
            ],
            [
              10.2664325,
              52.1401613
            ],
            [
              10.2663486,
              52.1401252
            ],
            [
              10.267109,
              52.1389986
            ],
            [
              10.2682602,
              52.1372934
            ],
            [
              10.2683254,
              52.1371968
            ],
            [
              10.2683916,
              52.1370985
            ],
            [
              10.2684155,
              52.1370631
            ],
            [
              10.2684822,
              52.1369641
            ],
            [
              10.2685298,
              52.1368935
            ],
            [
              10.2685649,
              52.1368742
            ],
            [
              10.2685891,
              52.136826
            ],
            [
              10.2686295,
              52.136746
            ],
            [
              10.2686583,
              52.1367033
            ],
            [
              10.2692188,
              52.1358731
            ],
            [
              10.269945,
              52.1347976
            ],
            [
              10.2699809,
              52.1346844
            ],
            [
              10.2699854,
              52.1346703
            ],
            [
              10.2699931,
              52.1346461
            ],
            [
              10.2700144,
              52.1345789
            ],
            [
              10.2700233,
              52.1345508
            ],
            [
              10.2700278,
              52.1345367
            ],
            [
              10.270058,
              52.1344417
            ],
            [
              10.2687996,
              52.1342544
            ],
            [
              10.2690855,
              52.133727
            ],
            [
              10.269466,
              52.1330239
            ],
            [
              10.2694664,
              52.1330242
            ],
            [
              10.2694681,
              52.1330211
            ],
            [
              10.2697626,
              52.1324769
            ],
            [
              10.2700536,
              52.1319393
            ],
            [
              10.2702372,
              52.1315994
            ],
            [
              10.2716144,
              52.1318266
            ],
            [
              10.2725023,
              52.131973
            ],
            [
              10.2725726,
              52.1319845
            ],
            [
              10.2726099,
              52.1318847
            ],
            [
              10.272506,
              52.1318665
            ],
            [
              10.2725032,
              52.1313881
            ],
            [
              10.2724972,
              52.1310908
            ],
            [
              10.2725348,
              52.1307242
            ],
            [
              10.2726378,
              52.1305829
            ],
            [
              10.2728401,
              52.1304672
            ],
            [
              10.2733186,
              52.1303093
            ],
            [
              10.27422,
              52.1300066
            ],
            [
              10.2742588,
              52.1299935
            ],
            [
              10.2742811,
              52.1299834
            ],
            [
              10.2745008,
              52.1298906
            ],
            [
              10.2747288,
              52.1297856
            ],
            [
              10.2751371,
              52.1295965
            ],
            [
              10.2751671,
              52.1295773
            ],
            [
              10.2755301,
              52.1293531
            ],
            [
              10.275598,
              52.1293036
            ],
            [
              10.2757362,
              52.1291438
            ],
            [
              10.2757563,
              52.1290969
            ],
            [
              10.2758513,
              52.1289466
            ],
            [
              10.276114,
              52.1285229
            ],
            [
              10.2764393,
              52.1280503
            ],
            [
              10.2766865,
              52.1276912
            ],
            [
              10.2767049,
              52.1276259
            ],
            [
              10.276753,
              52.1274643
            ],
            [
              10.2774132,
              52.1274101
            ],
            [
              10.2776043,
              52.1268173
            ],
            [
              10.2776707,
              52.1263407
            ],
            [
              10.2777152,
              52.1259767
            ],
            [
              10.2778762,
              52.1255898
            ],
            [
              10.277917,
              52.1254918
            ],
            [
              10.2779458,
              52.1254609
            ],
            [
              10.2781181,
              52.1252752
            ],
            [
              10.278306,
              52.1250888
            ],
            [
              10.2785874,
              52.124837
            ],
            [
              10.278741,
              52.1246994
            ],
            [
              10.2787441,
              52.1246963
            ],
            [
              10.279273,
              52.1243625
            ],
            [
              10.2795571,
              52.1241606
            ],
            [
              10.2797311,
              52.1240864
            ],
            [
              10.2793326,
              52.1240786
            ],
            [
              10.2781354,
              52.1236692
            ],
            [
              10.2775963,
              52.1233847
            ],
            [
              10.2772394,
              52.1232306
            ],
            [
              10.2769588,
              52.1232269
            ],
            [
              10.2766926,
              52.1231378
            ],
            [
              10.2763598,
              52.1230194
            ],
            [
              10.2762952,
              52.1228889
            ],
            [
              10.2760491,
              52.1223323
            ],
            [
              10.2758469,
              52.1220129
            ],
            [
              10.2756472,
              52.1218617
            ],
            [
              10.2748707,
              52.1211891
            ],
            [
              10.2742835,
              52.1207879
            ],
            [
              10.2738542,
              52.1202849
            ],
            [
              10.2734714,
              52.120055
            ],
            [
              10.2729838,
              52.1197484
            ],
            [
              10.2726798,
              52.1194617
            ],
            [
              10.2726559,
              52.1194384
            ],
            [
              10.2725614,
              52.119346
            ],
            [
              10.2724308,
              52.1191503
            ],
            [
              10.272371,
              52.1190298
            ],
            [
              10.2723952,
              52.1189051
            ],
            [
              10.2724364,
              52.1187256
            ],
            [
              10.2725219,
              52.1185606
            ],
            [
              10.2725715,
              52.118467
            ],
            [
              10.2725624,
              52.1182211
            ],
            [
              10.2726113,
              52.1181367
            ],
            [
              10.2726396,
              52.1180929
            ],
            [
              10.2726353,
              52.1179421
            ],
            [
              10.272654,
              52.1178639
            ],
            [
              10.2729724,
              52.1177127
            ],
            [
              10.2729791,
              52.1177095
            ],
            [
              10.2729797,
              52.1177092
            ],
            [
              10.2735155,
              52.1174132
            ],
            [
              10.2740873,
              52.1170659
            ],
            [
              10.2743128,
              52.1169489
            ],
            [
              10.2748558,
              52.1165921
            ],
            [
              10.2748683,
              52.1165116
            ],
            [
              10.2748612,
              52.1164031
            ],
            [
              10.2748478,
              52.1162694
            ],
            [
              10.2747171,
              52.1159066
            ],
            [
              10.2746691,
              52.115806
            ],
            [
              10.2745664,
              52.1156218
            ],
            [
              10.2745316,
              52.1153903
            ],
            [
              10.2744129,
              52.115096
            ],
            [
              10.2744252,
              52.1150336
            ],
            [
              10.274495,
              52.1149453
            ],
            [
              10.2745539,
              52.1148487
            ],
            [
              10.2746038,
              52.114785
            ],
            [
              10.2746886,
              52.1147393
            ],
            [
              10.2747294,
              52.1147119
            ],
            [
              10.2747369,
              52.1146743
            ],
            [
              10.2747608,
              52.1146087
            ],
            [
              10.2747723,
              52.1145279
            ],
            [
              10.2748329,
              52.1144461
            ],
            [
              10.2748443,
              52.1144075
            ],
            [
              10.2748895,
              52.1143333
            ],
            [
              10.274953,
              52.1142855
            ],
            [
              10.2749765,
              52.1142678
            ],
            [
              10.2750656,
              52.1142007
            ],
            [
              10.2751795,
              52.1141722
            ],
            [
              10.275134,
              52.1141297
            ],
            [
              10.2751041,
              52.1141023
            ],
            [
              10.275067,
              52.1140683
            ],
            [
              10.2750417,
              52.1140451
            ],
            [
              10.2729148,
              52.1120559
            ],
            [
              10.2726422,
              52.1117963
            ],
            [
              10.2715131,
              52.1115465
            ],
            [
              10.2714729,
              52.1115377
            ],
            [
              10.2698247,
              52.1111717
            ],
            [
              10.2697957,
              52.1111652
            ],
            [
              10.2679853,
              52.1107631
            ],
            [
              10.2662379,
              52.1103761
            ],
            [
              10.2662105,
              52.1103689
            ],
            [
              10.2666829,
              52.1097695
            ],
            [
              10.2668645,
              52.1095348
            ],
            [
              10.2668783,
              52.1095169
            ],
            [
              10.2668974,
              52.1094808
            ],
            [
              10.2672807,
              52.1089867
            ],
            [
              10.2673032,
              52.108969
            ],
            [
              10.2673407,
              52.1089072
            ],
            [
              10.2673614,
              52.1088804
            ],
            [
              10.267386,
              52.1088486
            ],
            [
              10.268192,
              52.1078068
            ],
            [
              10.2685949,
              52.1072859
            ],
            [
              10.2686533,
              52.1072087
            ],
            [
              10.2686731,
              52.1071831
            ],
            [
              10.268747,
              52.1070875
            ],
            [
              10.2688343,
              52.1069746
            ],
            [
              10.2691297,
              52.1065925
            ],
            [
              10.2691449,
              52.1065728
            ],
            [
              10.2696226,
              52.1059548
            ],
            [
              10.2696443,
              52.1059268
            ],
            [
              10.2701841,
              52.1052315
            ],
            [
              10.2706936,
              52.1045691
            ],
            [
              10.2708688,
              52.1043462
            ],
            [
              10.2709076,
              52.1042921
            ],
            [
              10.2708829,
              52.1042819
            ],
            [
              10.2709023,
              52.1042528
            ],
            [
              10.2709163,
              52.1042374
            ],
            [
              10.2714232,
              52.1043879
            ],
            [
              10.2717428,
              52.1044828
            ],
            [
              10.2723929,
              52.1046908
            ],
            [
              10.2736695,
              52.1050469
            ],
            [
              10.2742155,
              52.1051898
            ],
            [
              10.2751286,
              52.1054642
            ],
            [
              10.2751455,
              52.105444
            ],
            [
              10.2752789,
              52.1053076
            ],
            [
              10.2758198,
              52.1054796
            ],
            [
              10.2761264,
              52.1055781
            ],
            [
              10.2761372,
              52.1055816
            ],
            [
              10.2761705,
              52.1055923
            ],
            [
              10.2766432,
              52.1057443
            ],
            [
              10.2773335,
              52.1059444
            ],
            [
              10.2776795,
              52.1061023
            ],
            [
              10.2783057,
              52.1063382
            ],
            [
              10.2789303,
              52.1065323
            ],
            [
              10.2795587,
              52.1067018
            ],
            [
              10.280552,
              52.1069183
            ],
            [
              10.2810899,
              52.1070602
            ],
            [
              10.2811811,
              52.107084
            ],
            [
              10.2825318,
              52.1074484
            ],
            [
              10.282588,
              52.1074612
            ],
            [
              10.2832822,
              52.1076676
            ],
            [
              10.283781,
              52.1078938
            ],
            [
              10.2846874,
              52.10808
            ],
            [
              10.2850543,
              52.1081612
            ],
            [
              10.2854987,
              52.108311
            ],
            [
              10.2865517,
              52.1085003
            ],
            [
              10.2870901,
              52.1085512
            ],
            [
              10.2872271,
              52.1085642
            ],
            [
              10.2874033,
              52.1085808
            ],
            [
              10.28772,
              52.1086108
            ],
            [
              10.2885488,
              52.1087826
            ],
            [
              10.289366,
              52.108953
            ],
            [
              10.2900214,
              52.1090141
            ],
            [
              10.2903693,
              52.1091298
            ],
            [
              10.2912288,
              52.1093687
            ],
            [
              10.2916496,
              52.1094925
            ],
            [
              10.292026,
              52.1095896
            ],
            [
              10.2926715,
              52.1096848
            ],
            [
              10.2929513,
              52.109785
            ],
            [
              10.2933957,
              52.1098798
            ],
            [
              10.2938227,
              52.1099298
            ],
            [
              10.2954189,
              52.110296
            ],
            [
              10.2960627,
              52.1104857
            ],
            [
              10.2965284,
              52.1105731
            ],
            [
              10.2967495,
              52.1106426
            ],
            [
              10.2970477,
              52.1107363
            ],
            [
              10.2975235,
              52.1108161
            ],
            [
              10.297597,
              52.1108284
            ],
            [
              10.2976358,
              52.110835
            ],
            [
              10.297797,
              52.110862
            ],
            [
              10.2980009,
              52.1108197
            ],
            [
              10.2984846,
              52.1107182
            ],
            [
              10.2986818,
              52.1108208
            ],
            [
              10.299679,
              52.1109937
            ],
            [
              10.3004413,
              52.1111256
            ],
            [
              10.3005093,
              52.1111373
            ],
            [
              10.3016907,
              52.1113433
            ],
            [
              10.302084,
              52.1114119
            ],
            [
              10.30185,
              52.1116568
            ],
            [
              10.3013311,
              52.1121999
            ],
            [
              10.3006466,
              52.1129078
            ],
            [
              10.3006401,
              52.1129145
            ],
            [
              10.2999898,
              52.1135913
            ],
            [
              10.2983823,
              52.1136307
            ],
            [
              10.298217,
              52.1139241
            ],
            [
              10.2982046,
              52.113946
            ],
            [
              10.2981832,
              52.1139841
            ],
            [
              10.2981718,
              52.1140042
            ],
            [
              10.2980644,
              52.1141904
            ],
            [
              10.2979977,
              52.114306
            ],
            [
              10.2978516,
              52.114559
            ],
            [
              10.2975234,
              52.1150212
            ],
            [
              10.2973382,
              52.1153156
            ],
            [
              10.2971877,
              52.115839
            ],
            [
              10.2970715,
              52.1161383
            ],
            [
              10.2969926,
              52.1164852
            ],
            [
              10.2967726,
              52.1172631
            ],
            [
              10.2985903,
              52.1185735
            ],
            [
              10.2992549,
              52.1191009
            ],
            [
              10.2992781,
              52.119101
            ],
            [
              10.29982,
              52.1191044
            ],
            [
              10.2998603,
              52.1191046
            ],
            [
              10.3000393,
              52.1191057
            ],
            [
              10.3007685,
              52.1188998
            ],
            [
              10.3007898,
              52.1190229
            ],
            [
              10.30114,
              52.1190549
            ],
            [
              10.3012548,
              52.1190654
            ],
            [
              10.3013214,
              52.1190715
            ],
            [
              10.3020059,
              52.1191376
            ],
            [
              10.3020745,
              52.1193846
            ],
            [
              10.3022841,
              52.119717
            ],
            [
              10.3026572,
              52.1205169
            ],
            [
              10.3028487,
              52.1205017
            ],
            [
              10.3032578,
              52.1211581
            ],
            [
              10.3038475,
              52.1218341
            ],
            [
              10.3041749,
              52.1222853
            ],
            [
              10.304216,
              52.1226454
            ],
            [
              10.3042519,
              52.1229595
            ],
            [
              10.3044811,
              52.1229646
            ],
            [
              10.3046891,
              52.1229693
            ],
            [
              10.3073273,
              52.1230286
            ],
            [
              10.3081978,
              52.1230932
            ],
            [
              10.3082179,
              52.1230947
            ],
            [
              10.3084112,
              52.123109
            ],
            [
              10.3084717,
              52.1231134
            ],
            [
              10.3094642,
              52.1231868
            ],
            [
              10.3109927,
              52.1233025
            ],
            [
              10.3111309,
              52.123313
            ],
            [
              10.3111923,
              52.1233007
            ],
            [
              10.3112699,
              52.1232852
            ],
            [
              10.3117893,
              52.1231811
            ],
            [
              10.3125089,
              52.1227349
            ],
            [
              10.3131138,
              52.1223598
            ],
            [
              10.3136882,
              52.1217806
            ],
            [
              10.3148857,
              52.1217634
            ],
            [
              10.3150352,
              52.1217612
            ],
            [
              10.3150596,
              52.1217608
            ],
            [
              10.3151516,
              52.1217595
            ],
            [
              10.3151781,
              52.1217633
            ],
            [
              10.3164252,
              52.1219428
            ],
            [
              10.3174523,
              52.1227845
            ],
            [
              10.3177686,
              52.1228285
            ],
            [
              10.3190302,
              52.123004
            ],
            [
              10.3205859,
              52.1233829
            ],
            [
              10.3208573,
              52.12369
            ],
            [
              10.3215363,
              52.1244586
            ],
            [
              10.322195,
              52.125396
            ],
            [
              10.322329,
              52.1253816
            ],
            [
              10.3232195,
              52.1252861
            ],
            [
              10.3233478,
              52.125453
            ],
            [
              10.3234997,
              52.1255376
            ],
            [
              10.3236862,
              52.1256415
            ],
            [
              10.3236368,
              52.1256563
            ],
            [
              10.3235662,
              52.1256774
            ],
            [
              10.3232803,
              52.1257631
            ],
            [
              10.3223894,
              52.12603
            ],
            [
              10.3202631,
              52.1266671
            ],
            [
              10.3195509,
              52.1268805
            ],
            [
              10.3181748,
              52.1272928
            ],
            [
              10.3180109,
              52.1273419
            ],
            [
              10.315998,
              52.1279435
            ],
            [
              10.3159706,
              52.1279517
            ],
            [
              10.3137484,
              52.1286157
            ],
            [
              10.3132101,
              52.1287766
            ],
            [
              10.3125791,
              52.1289652
            ],
            [
              10.3124998,
              52.1297696
            ],
            [
              10.3124937,
              52.1298309
            ],
            [
              10.3124531,
              52.1302414
            ],
            [
              10.3104363,
              52.1304604
            ],
            [
              10.3103751,
              52.130467
            ],
            [
              10.3095782,
              52.1305554
            ],
            [
              10.3092782,
              52.1305851
            ],
            [
              10.3089861,
              52.1305573
            ],
            [
              10.3089251,
              52.1305516
            ],
            [
              10.3087085,
              52.130531
            ],
            [
              10.3087079,
              52.1305624
            ],
            [
              10.3075896,
              52.1306708
            ],
            [
              10.3073951,
              52.1306896
            ],
            [
              10.3072913,
              52.1305294
            ],
            [
              10.307226,
              52.1305029
            ],
            [
              10.3069248,
              52.1304487
            ],
            [
              10.3062129,
              52.1305762
            ],
            [
              10.3059248,
              52.1306278
            ],
            [
              10.3058944,
              52.1307212
            ],
            [
              10.3059385,
              52.1307808
            ],
            [
              10.3059244,
              52.1308044
            ],
            [
              10.3058742,
              52.1308353
            ],
            [
              10.3058372,
              52.1308981
            ],
            [
              10.3057971,
              52.1308976
            ],
            [
              10.305777,
              52.1311366
            ],
            [
              10.3058001,
              52.13128
            ],
            [
              10.3057836,
              52.1313112
            ],
            [
              10.3058197,
              52.1313444
            ],
            [
              10.3058573,
              52.1313983
            ],
            [
              10.3058634,
              52.131458
            ],
            [
              10.3058441,
              52.1314868
            ],
            [
              10.3058248,
              52.1315254
            ],
            [
              10.3057676,
              52.1315536
            ],
            [
              10.3057951,
              52.1316915
            ],
            [
              10.3057393,
              52.1316923
            ],
            [
              10.30524,
              52.1317189
            ],
            [
              10.3051205,
              52.1317253
            ],
            [
              10.3048382,
              52.1317403
            ],
            [
              10.3046769,
              52.131762
            ],
            [
              10.304697,
              52.1318245
            ],
            [
              10.304832,
              52.1322442
            ],
            [
              10.3049038,
              52.1324703
            ],
            [
              10.3048874,
              52.1325044
            ],
            [
              10.3048664,
              52.1325479
            ],
            [
              10.3048994,
              52.1325477
            ],
            [
              10.3049978,
              52.1325864
            ],
            [
              10.3050589,
              52.1326112
            ],
            [
              10.305206,
              52.1326698
            ],
            [
              10.3053914,
              52.1327436
            ],
            [
              10.3054946,
              52.1327848
            ],
            [
              10.3055064,
              52.1327894
            ],
            [
              10.3055097,
              52.1328118
            ],
            [
              10.3055117,
              52.1328258
            ],
            [
              10.305577,
              52.1331976
            ],
            [
              10.305853,
              52.1347697
            ],
            [
              10.3059136,
              52.1351146
            ],
            [
              10.3057582,
              52.135305
            ],
            [
              10.3056807,
              52.1353998
            ],
            [
              10.305656,
              52.1354302
            ],
            [
              10.3055735,
              52.1355321
            ],
            [
              10.3054902,
              52.1356333
            ],
            [
              10.3054484,
              52.1356843
            ],
            [
              10.3049193,
              52.1357208
            ],
            [
              10.3042971,
              52.1357668
            ],
            [
              10.3033095,
              52.1358373
            ],
            [
              10.3023263,
              52.1358545
            ],
            [
              10.3022762,
              52.1358554
            ],
            [
              10.3022825,
              52.1358918
            ],
            [
              10.302377,
              52.1364395
            ],
            [
              10.3024025,
              52.1365872
            ],
            [
              10.3020293,
              52.1364439
            ],
            [
              10.3016414,
              52.1363159
            ],
            [
              10.3012452,
              52.1362015
            ],
            [
              10.3010659,
              52.1361586
            ],
            [
              10.3008371,
              52.1361039
            ],
            [
              10.3004207,
              52.1360202
            ],
            [
              10.2999961,
              52.1359548
            ],
            [
              10.2998632,
              52.1359387
            ],
            [
              10.2995667,
              52.1359028
            ],
            [
              10.2975508,
              52.1358906
            ],
            [
              10.2957535,
              52.1359307
            ],
            [
              10.2955143,
              52.1359361
            ],
            [
              10.2942226,
              52.13604
            ],
            [
              10.2929909,
              52.1361389
            ],
            [
              10.2928253,
              52.1360764
            ],
            [
              10.2928097,
              52.1360708
            ],
            [
              10.2928006,
              52.1359773
            ],
            [
              10.2927993,
              52.1359642
            ],
            [
              10.2928534,
              52.1358761
            ],
            [
              10.2928523,
              52.1357832
            ],
            [
              10.2928163,
              52.1357452
            ],
            [
              10.292744,
              52.1357346
            ],
            [
              10.2927662,
              52.1358454
            ],
            [
              10.2927203,
              52.1358461
            ],
            [
              10.2926919,
              52.1358465
            ],
            [
              10.2925479,
              52.1358488
            ],
            [
              10.292516,
              52.1358493
            ],
            [
              10.2924533,
              52.1358503
            ],
            [
              10.2924343,
              52.1357627
            ],
            [
              10.2921697,
              52.1357361
            ],
            [
              10.2911927,
              52.1357207
            ],
            [
              10.2897321,
              52.1357084
            ],
            [
              10.2887258,
              52.1357093
            ],
            [
              10.2873751,
              52.1357206
            ],
            [
              10.287049,
              52.1358048
            ],
            [
              10.2864881,
              52.1358804
            ],
            [
              10.285256,
              52.1360767
            ],
            [
              10.2846127,
              52.1361923
            ],
            [
              10.2845096,
              52.1361842
            ],
            [
              10.2843733,
              52.1361978
            ],
            [
              10.2842182,
              52.1362132
            ],
            [
              10.2841796,
              52.1362171
            ],
            [
              10.2841459,
              52.1362204
            ],
            [
              10.2840134,
              52.1362336
            ],
            [
              10.284027,
              52.1363254
            ],
            [
              10.2840966,
              52.1367976
            ],
            [
              10.2842746,
              52.1380051
            ],
            [
              10.2844016,
              52.1388693
            ],
            [
              10.2844012,
              52.1389291
            ],
            [
              10.2844673,
              52.1389701
            ],
            [
              10.284492,
              52.1392111
            ],
            [
              10.2845169,
              52.1394558
            ],
            [
              10.2845381,
              52.1396631
            ],
            [
              10.2845473,
              52.1397507
            ],
            [
              10.2845649,
              52.1399256
            ],
            [
              10.2845437,
              52.1404158
            ],
            [
              10.2845071,
              52.1413369
            ],
            [
              10.2844779,
              52.1420704
            ],
            [
              10.2844651,
              52.1423909
            ],
            [
              10.2844639,
              52.1424199
            ],
            [
              10.2844465,
              52.1428612
            ],
            [
              10.2844392,
              52.1430385
            ],
            [
              10.2843786,
              52.1445684
            ],
            [
              10.2843766,
              52.1446062
            ],
            [
              10.2843452,
              52.1454057
            ],
            [
              10.2843354,
              52.1456515
            ],
            [
              10.2843247,
              52.1459199
            ],
            [
              10.2843217,
              52.1459957
            ],
            [
              10.284319,
              52.1460567
            ],
            [
              10.284318,
              52.1460794
            ],
            [
              10.2843139,
              52.1461733
            ],
            [
              10.2842257,
              52.1462348
            ],
            [
              10.2836029,
              52.1463041
            ],
            [
              10.2835141,
              52.146314
            ],
            [
              10.2834152,
              52.146325
            ],
            [
              10.2833896,
              52.1463573
            ],
            [
              10.2833615,
              52.1463927
            ],
            [
              10.2833315,
              52.1464298
            ],
            [
              10.2833055,
              52.1464619
            ],
            [
              10.2832888,
              52.1464815
            ],
            [
              10.2831987,
              52.146593
            ],
            [
              10.2820056,
              52.1480683
            ],
            [
              10.2820418,
              52.148118
            ],
            [
              10.2855588,
              52.1492109
            ],
            [
              10.285611,
              52.1492271
            ],
            [
              10.2868479,
              52.1496114
            ],
            [
              10.2869261,
              52.1496357
            ],
            [
              10.2870127,
              52.1496626
            ],
            [
              10.2883151,
              52.1500677
            ],
            [
              10.2895641,
              52.1504558
            ],
            [
              10.2901304,
              52.1506317
            ],
            [
              10.2902087,
              52.1506561
            ],
            [
              10.2922963,
              52.1513046
            ],
            [
              10.2923484,
              52.1513208
            ],
            [
              10.2935201,
              52.1516849
            ],
            [
              10.2935719,
              52.151701
            ],
            [
              10.2946285,
              52.1520292
            ],
            [
              10.2946803,
              52.1520453
            ],
            [
              10.2951976,
              52.152206
            ],
            [
              10.295225,
              52.1522145
            ],
            [
              10.2956767,
              52.1523548
            ],
            [
              10.2957249,
              52.1523696
            ],
            [
              10.2956728,
              52.1524409
            ],
            [
              10.2954731,
              52.1527341
            ],
            [
              10.2952144,
              52.1530137
            ],
            [
              10.2946851,
              52.1535433
            ],
            [
              10.294664,
              52.1535643
            ],
            [
              10.2943389,
              52.1539005
            ],
            [
              10.2940213,
              52.1542508
            ],
            [
              10.2940035,
              52.1542753
            ],
            [
              10.2938848,
              52.1542316
            ],
            [
              10.2925559,
              52.1538382
            ],
            [
              10.2923346,
              52.1537765
            ],
            [
              10.2919806,
              52.153668
            ],
            [
              10.2918144,
              52.153617
            ],
            [
              10.2911305,
              52.1534115
            ],
            [
              10.2907538,
              52.1532949
            ],
            [
              10.2892731,
              52.1528488
            ],
            [
              10.2880214,
              52.1524155
            ],
            [
              10.2876516,
              52.1523297
            ],
            [
              10.2867713,
              52.1521489
            ],
            [
              10.2863662,
              52.1520387
            ],
            [
              10.2859239,
              52.1518475
            ],
            [
              10.2854026,
              52.1516185
            ],
            [
              10.2848815,
              52.1514159
            ],
            [
              10.2842896,
              52.1512003
            ],
            [
              10.2836452,
              52.1509634
            ],
            [
              10.2832377,
              52.1508133
            ],
            [
              10.282926,
              52.1507019
            ],
            [
              10.2822162,
              52.1504568
            ],
            [
              10.2816808,
              52.150274
            ],
            [
              10.2812022,
              52.1501194
            ],
            [
              10.2802397,
              52.1498998
            ],
            [
              10.2790411,
              52.1495223
            ],
            [
              10.2785013,
              52.1493393
            ],
            [
              10.2777913,
              52.149048
            ],
            [
              10.2774136,
              52.148908
            ],
            [
              10.2771277,
              52.1488108
            ],
            [
              10.2760739,
              52.1484385
            ],
            [
              10.2759002,
              52.1483757
            ],
            [
              10.2709351,
              52.1466426
            ],
            [
              10.2666974,
              52.1449568
            ],
            [
              10.2648024,
              52.1440938
            ]
          ]
        ]
      }
    },
    {
      "type": "Feature",
      "properties": {
        "name": "Osterlinde",
        "city": "Salzgitter",
        "osm_id": 3413335,
        "osm_type": "relation",
        "display": "Osterlinde, Ortschaft Nordwest, Salzgitter, Niedersachsen, Deutschland"
      },
      "geometry": {
        "type": "Polygon",
        "coordinates": [
          [
            [
              10.2330402,
              52.1301513
            ],
            [
              10.2330454,
              52.1301437
            ],
            [
              10.2330572,
              52.1301267
            ],
            [
              10.233048,
              52.1301087
            ],
            [
              10.2330878,
              52.1301313
            ],
            [
              10.2331445,
              52.1300485
            ],
            [
              10.2339342,
              52.1288961
            ],
            [
              10.234263,
              52.1284163
            ],
            [
              10.2343285,
              52.1283206
            ],
            [
              10.2348399,
              52.1275748
            ],
            [
              10.235059,
              52.1272552
            ],
            [
              10.2352176,
              52.1274815
            ],
            [
              10.2352949,
              52.1274237
            ],
            [
              10.2354028,
              52.1273432
            ],
            [
              10.2354285,
              52.127324
            ],
            [
              10.2355363,
              52.1272434
            ],
            [
              10.235609,
              52.1271891
            ],
            [
              10.23692,
              52.1262741
            ],
            [
              10.2369013,
              52.1262564
            ],
            [
              10.2368683,
              52.126225
            ],
            [
              10.2368512,
              52.1262087
            ],
            [
              10.2367306,
              52.1260941
            ],
            [
              10.236629,
              52.1259975
            ],
            [
              10.2369744,
              52.1255404
            ],
            [
              10.2373623,
              52.125027
            ],
            [
              10.2374046,
              52.124971
            ],
            [
              10.2374586,
              52.1248995
            ],
            [
              10.2382004,
              52.1239177
            ],
            [
              10.2384624,
              52.1235708
            ],
            [
              10.2386568,
              52.1233135
            ],
            [
              10.2389281,
              52.1229543
            ],
            [
              10.2391108,
              52.1227124
            ],
            [
              10.2391447,
              52.1226676
            ],
            [
              10.2391485,
              52.1226624
            ],
            [
              10.2392554,
              52.1225209
            ],
            [
              10.2395042,
              52.1221915
            ],
            [
              10.2399603,
              52.1215876
            ],
            [
              10.2400428,
              52.1214783
            ],
            [
              10.2401234,
              52.1213716
            ],
            [
              10.2402028,
              52.1212664
            ],
            [
              10.2403678,
              52.1210479
            ],
            [
              10.2404966,
              52.1208773
            ],
            [
              10.2407719,
              52.1207663
            ],
            [
              10.241262,
              52.1205687
            ],
            [
              10.2419187,
              52.1203047
            ],
            [
              10.2420713,
              52.1202439
            ],
            [
              10.2423004,
              52.1202544
            ],
            [
              10.2429874,
              52.1205212
            ],
            [
              10.2456416,
              52.1215518
            ],
            [
              10.2456699,
              52.1215627
            ],
            [
              10.2457104,
              52.1214994
            ],
            [
              10.245732,
              52.1214653
            ],
            [
              10.2457541,
              52.12143
            ],
            [
              10.2457814,
              52.121387
            ],
            [
              10.2457901,
              52.121357
            ],
            [
              10.245803,
              52.1213249
            ],
            [
              10.245794,
              52.1212716
            ],
            [
              10.245777,
              52.1212322
            ],
            [
              10.2457773,
              52.1212036
            ],
            [
              10.2457792,
              52.1211819
            ],
            [
              10.2457681,
              52.1211541
            ],
            [
              10.2457566,
              52.1211272
            ],
            [
              10.2457846,
              52.121093
            ],
            [
              10.2458128,
              52.1210722
            ],
            [
              10.2458363,
              52.1210515
            ],
            [
              10.2458606,
              52.121029
            ],
            [
              10.2458654,
              52.1209973
            ],
            [
              10.2458619,
              52.12097
            ],
            [
              10.2458834,
              52.1209432
            ],
            [
              10.2459071,
              52.1209359
            ],
            [
              10.2459738,
              52.1209066
            ],
            [
              10.2460022,
              52.1208504
            ],
            [
              10.2460158,
              52.120827
            ],
            [
              10.2460294,
              52.1207969
            ],
            [
              10.246055,
              52.1207785
            ],
            [
              10.2460913,
              52.1207572
            ],
            [
              10.2461046,
              52.1207309
            ],
            [
              10.2461202,
              52.1207069
            ],
            [
              10.2461236,
              52.1206817
            ],
            [
              10.2461216,
              52.1206546
            ],
            [
              10.2460945,
              52.1206239
            ],
            [
              10.2461045,
              52.120598
            ],
            [
              10.2461128,
              52.1205726
            ],
            [
              10.2461183,
              52.1205497
            ],
            [
              10.2460954,
              52.1205342
            ],
            [
              10.2460666,
              52.1205176
            ],
            [
              10.2461005,
              52.1204911
            ],
            [
              10.2460817,
              52.1204734
            ],
            [
              10.2460597,
              52.1204523
            ],
            [
              10.2460972,
              52.1204389
            ],
            [
              10.2461285,
              52.1204253
            ],
            [
              10.2461229,
              52.1204062
            ],
            [
              10.246131,
              52.1203846
            ],
            [
              10.246147,
              52.1203665
            ],
            [
              10.24614,
              52.120347
            ],
            [
              10.2461181,
              52.1203431
            ],
            [
              10.2461022,
              52.120326
            ],
            [
              10.246129,
              52.1203049
            ],
            [
              10.2461394,
              52.1202886
            ],
            [
              10.2461311,
              52.1202651
            ],
            [
              10.2461256,
              52.1202422
            ],
            [
              10.2461528,
              52.1202202
            ],
            [
              10.2461731,
              52.1202066
            ],
            [
              10.2461903,
              52.1201752
            ],
            [
              10.246206,
              52.1201331
            ],
            [
              10.2462225,
              52.1201102
            ],
            [
              10.2462382,
              52.1200929
            ],
            [
              10.246255,
              52.120073
            ],
            [
              10.2462592,
              52.120046
            ],
            [
              10.2462392,
              52.1200204
            ],
            [
              10.2462164,
              52.1200011
            ],
            [
              10.2462193,
              52.11997
            ],
            [
              10.2462383,
              52.1199486
            ],
            [
              10.246256,
              52.1199335
            ],
            [
              10.246251,
              52.1199202
            ],
            [
              10.2462294,
              52.1199298
            ],
            [
              10.2462007,
              52.1199237
            ],
            [
              10.2461862,
              52.1199068
            ],
            [
              10.2462103,
              52.1198881
            ],
            [
              10.2462368,
              52.1198641
            ],
            [
              10.2462357,
              52.119842
            ],
            [
              10.2462496,
              52.119811
            ],
            [
              10.2462355,
              52.1197932
            ],
            [
              10.2462196,
              52.1197655
            ],
            [
              10.2462364,
              52.1197455
            ],
            [
              10.24625,
              52.1197221
            ],
            [
              10.2462834,
              52.1197108
            ],
            [
              10.2463052,
              52.1197042
            ],
            [
              10.2463225,
              52.1196901
            ],
            [
              10.2463139,
              52.1196742
            ],
            [
              10.2462866,
              52.1196579
            ],
            [
              10.24627,
              52.1196387
            ],
            [
              10.2463074,
              52.1196185
            ],
            [
              10.2463465,
              52.1195978
            ],
            [
              10.2463564,
              52.1195756
            ],
            [
              10.2463719,
              52.1195411
            ],
            [
              10.2463867,
              52.1195256
            ],
            [
              10.2464215,
              52.1195146
            ],
            [
              10.2464563,
              52.119493
            ],
            [
              10.2464396,
              52.1194671
            ],
            [
              10.2464454,
              52.1194366
            ],
            [
              10.2464822,
              52.1193963
            ],
            [
              10.2465035,
              52.1193733
            ],
            [
              10.2464715,
              52.1193571
            ],
            [
              10.2464459,
              52.1193439
            ],
            [
              10.2464841,
              52.1193287
            ],
            [
              10.2465197,
              52.119316
            ],
            [
              10.2465391,
              52.1193041
            ],
            [
              10.2465223,
              52.1192715
            ],
            [
              10.2465345,
              52.1192584
            ],
            [
              10.2465612,
              52.1192689
            ],
            [
              10.2466047,
              52.1192842
            ],
            [
              10.2466324,
              52.1192643
            ],
            [
              10.2466736,
              52.1192391
            ],
            [
              10.2466642,
              52.1192107
            ],
            [
              10.2466638,
              52.1191906
            ],
            [
              10.2466822,
              52.1191776
            ],
            [
              10.2467056,
              52.1191569
            ],
            [
              10.2467025,
              52.1191286
            ],
            [
              10.2467105,
              52.1191071
            ],
            [
              10.2467456,
              52.1191095
            ],
            [
              10.2467873,
              52.1191007
            ],
            [
              10.2468149,
              52.1190846
            ],
            [
              10.2468407,
              52.1190691
            ],
            [
              10.2468329,
              52.1190371
            ],
            [
              10.2468248,
              52.119006
            ],
            [
              10.246836,
              52.118988
            ],
            [
              10.246864,
              52.1189853
            ],
            [
              10.2469009,
              52.1189765
            ],
            [
              10.2469472,
              52.1189714
            ],
            [
              10.2469757,
              52.1189497
            ],
            [
              10.2469935,
              52.1189204
            ],
            [
              10.2470247,
              52.1188963
            ],
            [
              10.247028,
              52.1188644
            ],
            [
              10.2469883,
              52.1188439
            ],
            [
              10.2469676,
              52.1188269
            ],
            [
              10.2469698,
              52.1188043
            ],
            [
              10.246998,
              52.1187835
            ],
            [
              10.247029,
              52.1187738
            ],
            [
              10.2470612,
              52.1187698
            ],
            [
              10.2470673,
              52.1187691
            ],
            [
              10.2471123,
              52.1187599
            ],
            [
              10.2471423,
              52.1187385
            ],
            [
              10.2471561,
              52.118718
            ],
            [
              10.2472135,
              52.1187234
            ],
            [
              10.2472477,
              52.1187171
            ],
            [
              10.247284,
              52.1187063
            ],
            [
              10.2473205,
              52.1186985
            ],
            [
              10.2473362,
              52.1186774
            ],
            [
              10.2473512,
              52.1186543
            ],
            [
              10.2473474,
              52.118624
            ],
            [
              10.2473567,
              52.1185855
            ],
            [
              10.2474041,
              52.1186025
            ],
            [
              10.2474443,
              52.1186183
            ],
            [
              10.2474702,
              52.1185531
            ],
            [
              10.2475252,
              52.118539
            ],
            [
              10.2475428,
              52.1185135
            ],
            [
              10.2475594,
              52.1184868
            ],
            [
              10.2475943,
              52.1184968
            ],
            [
              10.2476385,
              52.1184999
            ],
            [
              10.2476542,
              52.1184788
            ],
            [
              10.2476851,
              52.1184728
            ],
            [
              10.2477142,
              52.1184675
            ],
            [
              10.2477274,
              52.118445
            ],
            [
              10.2477332,
              52.1184107
            ],
            [
              10.2477653,
              52.1183915
            ],
            [
              10.2478084,
              52.1183724
            ],
            [
              10.2478327,
              52.1183357
            ],
            [
              10.2478504,
              52.1183063
            ],
            [
              10.2478717,
              52.1182939
            ],
            [
              10.2478977,
              52.1182813
            ],
            [
              10.2479353,
              52.1182746
            ],
            [
              10.2479684,
              52.1182709
            ],
            [
              10.2480026,
              52.1182541
            ],
            [
              10.2480253,
              52.1182314
            ],
            [
              10.2480667,
              52.1182053
            ],
            [
              10.2481062,
              52.1181836
            ],
            [
              10.2481071,
              52.1181676
            ],
            [
              10.2480921,
              52.1181448
            ],
            [
              10.2480743,
              52.1181283
            ],
            [
              10.2480586,
              52.118114
            ],
            [
              10.2480551,
              52.1180972
            ],
            [
              10.2480643,
              52.1180835
            ],
            [
              10.2481084,
              52.1180799
            ],
            [
              10.248146,
              52.1180837
            ],
            [
              10.2481809,
              52.1180546
            ],
            [
              10.2482023,
              52.1180135
            ],
            [
              10.2482514,
              52.1180021
            ],
            [
              10.2482989,
              52.1179943
            ],
            [
              10.2483004,
              52.1179908
            ],
            [
              10.2483322,
              52.1179582
            ],
            [
              10.2483534,
              52.1179247
            ],
            [
              10.2483816,
              52.1179001
            ],
            [
              10.2483948,
              52.1178633
            ],
            [
              10.2484242,
              52.1178714
            ],
            [
              10.2484566,
              52.11788
            ],
            [
              10.2485233,
              52.1178642
            ],
            [
              10.2485749,
              52.1178437
            ],
            [
              10.2485725,
              52.1178242
            ],
            [
              10.2485689,
              52.1178006
            ],
            [
              10.2486004,
              52.1177862
            ],
            [
              10.2486289,
              52.1177645
            ],
            [
              10.2486304,
              52.1177294
            ],
            [
              10.248649,
              52.1176945
            ],
            [
              10.2486693,
              52.1176666
            ],
            [
              10.2486967,
              52.1176438
            ],
            [
              10.2487285,
              52.1176322
            ],
            [
              10.248745,
              52.1176094
            ],
            [
              10.2487463,
              52.1175781
            ],
            [
              10.2487807,
              52.1175536
            ],
            [
              10.248823,
              52.1175258
            ],
            [
              10.2488549,
              52.1174999
            ],
            [
              10.2489061,
              52.1174412
            ],
            [
              10.2489506,
              52.1173976
            ],
            [
              10.2490431,
              52.1173911
            ],
            [
              10.2491048,
              52.1173371
            ],
            [
              10.2491501,
              52.1173165
            ],
            [
              10.2491579,
              52.1172988
            ],
            [
              10.2491772,
              52.1172659
            ],
            [
              10.2492054,
              52.1172556
            ],
            [
              10.2492294,
              52.117237
            ],
            [
              10.2492462,
              52.1171884
            ],
            [
              10.2492539,
              52.1171535
            ],
            [
              10.2492533,
              52.1171458
            ],
            [
              10.2492526,
              52.1171351
            ],
            [
              10.2492308,
              52.1171169
            ],
            [
              10.2492291,
              52.1170994
            ],
            [
              10.2492622,
              52.1170957
            ],
            [
              10.2493102,
              52.1170937
            ],
            [
              10.2493641,
              52.1170537
            ],
            [
              10.249442,
              52.1170694
            ],
            [
              10.2495126,
              52.1170094
            ],
            [
              10.249624,
              52.1169958
            ],
            [
              10.249701,
              52.1169923
            ],
            [
              10.2497797,
              52.1169318
            ],
            [
              10.2498639,
              52.1168837
            ],
            [
              10.249943,
              52.1168576
            ],
            [
              10.2500154,
              52.1168361
            ],
            [
              10.2501191,
              52.1168469
            ],
            [
              10.2502039,
              52.1168152
            ],
            [
              10.2502822,
              52.1167909
            ],
            [
              10.2503454,
              52.1167372
            ],
            [
              10.2504316,
              52.1166952
            ],
            [
              10.2504984,
              52.1166402
            ],
            [
              10.2506309,
              52.1166533
            ],
            [
              10.2507451,
              52.1166086
            ],
            [
              10.2508525,
              52.1165933
            ],
            [
              10.2510058,
              52.1164745
            ],
            [
              10.2510978,
              52.1164373
            ],
            [
              10.2511611,
              52.116376
            ],
            [
              10.2511709,
              52.1163539
            ],
            [
              10.2511896,
              52.1162196
            ],
            [
              10.2512534,
              52.1161431
            ],
            [
              10.2512505,
              52.1160222
            ],
            [
              10.2511791,
              52.1159847
            ],
            [
              10.251152,
              52.1159359
            ],
            [
              10.2510682,
              52.1158981
            ],
            [
              10.2510088,
              52.1158053
            ],
            [
              10.2509814,
              52.1157431
            ],
            [
              10.2509723,
              52.1157176
            ],
            [
              10.2509881,
              52.115643
            ],
            [
              10.2511261,
              52.1153216
            ],
            [
              10.2513646,
              52.114828
            ],
            [
              10.2516508,
              52.1144092
            ],
            [
              10.2519187,
              52.1139613
            ],
            [
              10.251997,
              52.113589
            ],
            [
              10.2520464,
              52.1132009
            ],
            [
              10.2517377,
              52.1127227
            ],
            [
              10.2516363,
              52.1124823
            ],
            [
              10.2515101,
              52.1123493
            ],
            [
              10.2512269,
              52.112051
            ],
            [
              10.2507886,
              52.1117838
            ],
            [
              10.2506372,
              52.1115736
            ],
            [
              10.2507109,
              52.1112266
            ],
            [
              10.250781,
              52.1109267
            ],
            [
              10.2507738,
              52.1109152
            ],
            [
              10.2513788,
              52.1108219
            ],
            [
              10.2514853,
              52.1108025
            ],
            [
              10.2517815,
              52.1107484
            ],
            [
              10.2519385,
              52.1104562
            ],
            [
              10.2520517,
              52.1101605
            ],
            [
              10.2522218,
              52.1098554
            ],
            [
              10.2524849,
              52.1093096
            ],
            [
              10.2528225,
              52.1085316
            ],
            [
              10.2530061,
              52.1083323
            ],
            [
              10.2531986,
              52.1080377
            ],
            [
              10.2536243,
              52.1075365
            ],
            [
              10.2557651,
              52.1080188
            ],
            [
              10.2567188,
              52.1082335
            ],
            [
              10.2662105,
              52.1103689
            ],
            [
              10.2662379,
              52.1103761
            ],
            [
              10.2679853,
              52.1107631
            ],
            [
              10.2697957,
              52.1111652
            ],
            [
              10.2698247,
              52.1111717
            ],
            [
              10.2714729,
              52.1115377
            ],
            [
              10.2715131,
              52.1115465
            ],
            [
              10.2726422,
              52.1117963
            ],
            [
              10.2729148,
              52.1120559
            ],
            [
              10.2750417,
              52.1140451
            ],
            [
              10.275067,
              52.1140683
            ],
            [
              10.2751041,
              52.1141023
            ],
            [
              10.275134,
              52.1141297
            ],
            [
              10.2751795,
              52.1141722
            ],
            [
              10.2750656,
              52.1142007
            ],
            [
              10.2749765,
              52.1142678
            ],
            [
              10.274953,
              52.1142855
            ],
            [
              10.2748895,
              52.1143333
            ],
            [
              10.2748443,
              52.1144075
            ],
            [
              10.2748329,
              52.1144461
            ],
            [
              10.2747723,
              52.1145279
            ],
            [
              10.2747608,
              52.1146087
            ],
            [
              10.2747369,
              52.1146743
            ],
            [
              10.2747294,
              52.1147119
            ],
            [
              10.2746886,
              52.1147393
            ],
            [
              10.2746038,
              52.114785
            ],
            [
              10.2745539,
              52.1148487
            ],
            [
              10.274495,
              52.1149453
            ],
            [
              10.2744252,
              52.1150336
            ],
            [
              10.2744129,
              52.115096
            ],
            [
              10.2745316,
              52.1153903
            ],
            [
              10.2745664,
              52.1156218
            ],
            [
              10.2746691,
              52.115806
            ],
            [
              10.2747171,
              52.1159066
            ],
            [
              10.2748478,
              52.1162694
            ],
            [
              10.2748612,
              52.1164031
            ],
            [
              10.2748683,
              52.1165116
            ],
            [
              10.2748558,
              52.1165921
            ],
            [
              10.2743128,
              52.1169489
            ],
            [
              10.2740873,
              52.1170659
            ],
            [
              10.2735155,
              52.1174132
            ],
            [
              10.2729797,
              52.1177092
            ],
            [
              10.2729791,
              52.1177095
            ],
            [
              10.2729724,
              52.1177127
            ],
            [
              10.272654,
              52.1178639
            ],
            [
              10.2726353,
              52.1179421
            ],
            [
              10.2726396,
              52.1180929
            ],
            [
              10.2726113,
              52.1181367
            ],
            [
              10.2725624,
              52.1182211
            ],
            [
              10.2725715,
              52.118467
            ],
            [
              10.2725219,
              52.1185606
            ],
            [
              10.2724364,
              52.1187256
            ],
            [
              10.2723952,
              52.1189051
            ],
            [
              10.272371,
              52.1190298
            ],
            [
              10.2724308,
              52.1191503
            ],
            [
              10.2725614,
              52.119346
            ],
            [
              10.2726559,
              52.1194384
            ],
            [
              10.2726798,
              52.1194617
            ],
            [
              10.2729838,
              52.1197484
            ],
            [
              10.2734714,
              52.120055
            ],
            [
              10.2738542,
              52.1202849
            ],
            [
              10.2742835,
              52.1207879
            ],
            [
              10.2748707,
              52.1211891
            ],
            [
              10.2756472,
              52.1218617
            ],
            [
              10.2758469,
              52.1220129
            ],
            [
              10.2760491,
              52.1223323
            ],
            [
              10.2762952,
              52.1228889
            ],
            [
              10.2763598,
              52.1230194
            ],
            [
              10.2766926,
              52.1231378
            ],
            [
              10.2769588,
              52.1232269
            ],
            [
              10.2772394,
              52.1232306
            ],
            [
              10.2775963,
              52.1233847
            ],
            [
              10.2781354,
              52.1236692
            ],
            [
              10.2793326,
              52.1240786
            ],
            [
              10.2797311,
              52.1240864
            ],
            [
              10.2795571,
              52.1241606
            ],
            [
              10.279273,
              52.1243625
            ],
            [
              10.2787441,
              52.1246963
            ],
            [
              10.278741,
              52.1246994
            ],
            [
              10.2785874,
              52.124837
            ],
            [
              10.278306,
              52.1250888
            ],
            [
              10.2781181,
              52.1252752
            ],
            [
              10.2779458,
              52.1254609
            ],
            [
              10.277917,
              52.1254918
            ],
            [
              10.2778762,
              52.1255898
            ],
            [
              10.2777152,
              52.1259767
            ],
            [
              10.2776707,
              52.1263407
            ],
            [
              10.2776043,
              52.1268173
            ],
            [
              10.2774132,
              52.1274101
            ],
            [
              10.276753,
              52.1274643
            ],
            [
              10.2767049,
              52.1276259
            ],
            [
              10.2766865,
              52.1276912
            ],
            [
              10.2764393,
              52.1280503
            ],
            [
              10.276114,
              52.1285229
            ],
            [
              10.2758513,
              52.1289466
            ],
            [
              10.2757563,
              52.1290969
            ],
            [
              10.2757362,
              52.1291438
            ],
            [
              10.275598,
              52.1293036
            ],
            [
              10.2755301,
              52.1293531
            ],
            [
              10.2751671,
              52.1295773
            ],
            [
              10.2751371,
              52.1295965
            ],
            [
              10.2747288,
              52.1297856
            ],
            [
              10.2745008,
              52.1298906
            ],
            [
              10.2742811,
              52.1299834
            ],
            [
              10.2742588,
              52.1299935
            ],
            [
              10.27422,
              52.1300066
            ],
            [
              10.2733186,
              52.1303093
            ],
            [
              10.2728401,
              52.1304672
            ],
            [
              10.2726378,
              52.1305829
            ],
            [
              10.2725348,
              52.1307242
            ],
            [
              10.2724972,
              52.1310908
            ],
            [
              10.2725032,
              52.1313881
            ],
            [
              10.272506,
              52.1318665
            ],
            [
              10.2726099,
              52.1318847
            ],
            [
              10.2725726,
              52.1319845
            ],
            [
              10.2725023,
              52.131973
            ],
            [
              10.2716144,
              52.1318266
            ],
            [
              10.2702372,
              52.1315994
            ],
            [
              10.2700536,
              52.1319393
            ],
            [
              10.2697626,
              52.1324769
            ],
            [
              10.2694681,
              52.1330211
            ],
            [
              10.2694664,
              52.1330242
            ],
            [
              10.269466,
              52.1330239
            ],
            [
              10.2690855,
              52.133727
            ],
            [
              10.2687996,
              52.1342544
            ],
            [
              10.270058,
              52.1344417
            ],
            [
              10.2700278,
              52.1345367
            ],
            [
              10.2700233,
              52.1345508
            ],
            [
              10.2700144,
              52.1345789
            ],
            [
              10.2699931,
              52.1346461
            ],
            [
              10.2699854,
              52.1346703
            ],
            [
              10.2699809,
              52.1346844
            ],
            [
              10.269945,
              52.1347976
            ],
            [
              10.2692188,
              52.1358731
            ],
            [
              10.2686583,
              52.1367033
            ],
            [
              10.2686295,
              52.136746
            ],
            [
              10.2685891,
              52.136826
            ],
            [
              10.2685649,
              52.1368742
            ],
            [
              10.2685298,
              52.1368935
            ],
            [
              10.2684822,
              52.1369641
            ],
            [
              10.2684155,
              52.1370631
            ],
            [
              10.2683916,
              52.1370985
            ],
            [
              10.2683254,
              52.1371968
            ],
            [
              10.2682602,
              52.1372934
            ],
            [
              10.267109,
              52.1389986
            ],
            [
              10.2663486,
              52.1401252
            ],
            [
              10.2664325,
              52.1401613
            ],
            [
              10.2664936,
              52.1401876
            ],
            [
              10.2670787,
              52.1404375
            ],
            [
              10.2675964,
              52.1406589
            ],
            [
              10.2676051,
              52.1406625
            ],
            [
              10.2675951,
              52.1406747
            ],
            [
              10.2675902,
              52.1406808
            ],
            [
              10.267548,
              52.1407327
            ],
            [
              10.2673877,
              52.1409289
            ],
            [
              10.2665377,
              52.1419694
            ],
            [
              10.266485,
              52.1420339
            ],
            [
              10.2657695,
              52.1429095
            ],
            [
              10.2657505,
              52.1429327
            ],
            [
              10.2657302,
              52.1429575
            ],
            [
              10.2653321,
              52.1434451
            ],
            [
              10.2652762,
              52.1435136
            ],
            [
              10.2650081,
              52.1438419
            ],
            [
              10.2648846,
              52.1439938
            ],
            [
              10.264818,
              52.1440754
            ],
            [
              10.2648024,
              52.1440938
            ],
            [
              10.2632489,
              52.1433862
            ],
            [
              10.2631915,
              52.1433536
            ],
            [
              10.2570618,
              52.1398688
            ],
            [
              10.2564048,
              52.139678
            ],
            [
              10.256381,
              52.1396935
            ],
            [
              10.2530593,
              52.141851
            ],
            [
              10.2530308,
              52.1418695
            ],
            [
              10.2526714,
              52.1421029
            ],
            [
              10.2519708,
              52.1425503
            ],
            [
              10.2513869,
              52.1429296
            ],
            [
              10.2511475,
              52.1430837
            ],
            [
              10.2511173,
              52.1431031
            ],
            [
              10.2508556,
              52.1432726
            ],
            [
              10.2508698,
              52.143281
            ],
            [
              10.2507085,
              52.1434475
            ],
            [
              10.2509723,
              52.1434825
            ],
            [
              10.2513943,
              52.1436625
            ],
            [
              10.251222,
              52.1438022
            ],
            [
              10.2508546,
              52.1441
            ],
            [
              10.2500156,
              52.1447801
            ],
            [
              10.2497368,
              52.1450061
            ],
            [
              10.2480905,
              52.1463409
            ],
            [
              10.248045,
              52.1463376
            ],
            [
              10.2479256,
              52.146329
            ],
            [
              10.2478873,
              52.1463262
            ],
            [
              10.2475076,
              52.1466494
            ],
            [
              10.2465014,
              52.1475057
            ],
            [
              10.246175,
              52.1477834
            ],
            [
              10.2451413,
              52.1486634
            ],
            [
              10.2444374,
              52.1492625
            ],
            [
              10.243863,
              52.1492425
            ],
            [
              10.2438302,
              52.1492461
            ],
            [
              10.2438377,
              52.1492732
            ],
            [
              10.24308,
              52.1492779
            ],
            [
              10.2428472,
              52.1492793
            ],
            [
              10.2422595,
              52.1492681
            ],
            [
              10.2408092,
              52.1492269
            ],
            [
              10.2401737,
              52.1491864
            ],
            [
              10.2397188,
              52.1491434
            ],
            [
              10.2394277,
              52.1497868
            ],
            [
              10.239276,
              52.1501223
            ],
            [
              10.2392831,
              52.150268
            ],
            [
              10.2392463,
              52.1503249
            ],
            [
              10.2391793,
              52.1503728
            ],
            [
              10.2390993,
              52.150407
            ],
            [
              10.2390046,
              52.1504229
            ],
            [
              10.2384415,
              52.1503697
            ],
            [
              10.2383941,
              52.1503925
            ],
            [
              10.2383296,
              52.1504234
            ],
            [
              10.2383384,
              52.1503872
            ],
            [
              10.2384015,
              52.1501256
            ],
            [
              10.2387202,
              52.1488058
            ],
            [
              10.2387471,
              52.1486944
            ],
            [
              10.2389102,
              52.1480187
            ],
            [
              10.2389376,
              52.147905
            ],
            [
              10.2390506,
              52.1474365
            ],
            [
              10.2390558,
              52.1474161
            ],
            [
              10.239179,
              52.146909
            ],
            [
              10.2395802,
              52.1465641
            ],
            [
              10.2405585,
              52.1457302
            ],
            [
              10.2423163,
              52.1442334
            ],
            [
              10.242802,
              52.1438193
            ],
            [
              10.2434887,
              52.1432336
            ],
            [
              10.244739,
              52.1421697
            ],
            [
              10.2447456,
              52.142164
            ],
            [
              10.2448449,
              52.1420769
            ],
            [
              10.2448622,
              52.1420622
            ],
            [
              10.2449461,
              52.1422946
            ],
            [
              10.2450512,
              52.1425854
            ],
            [
              10.245204,
              52.1430083
            ],
            [
              10.245971,
              52.1424029
            ],
            [
              10.2461819,
              52.1422364
            ],
            [
              10.2475686,
              52.1411421
            ],
            [
              10.2475997,
              52.1411175
            ],
            [
              10.2488284,
              52.1401477
            ],
            [
              10.2488464,
              52.1401336
            ],
            [
              10.2484249,
              52.1399218
            ],
            [
              10.2481291,
              52.1397731
            ],
            [
              10.2476417,
              52.1395282
            ],
            [
              10.2475064,
              52.1394601
            ],
            [
              10.2473659,
              52.1393896
            ],
            [
              10.2471582,
              52.1392853
            ],
            [
              10.2470129,
              52.1392123
            ],
            [
              10.2468987,
              52.1391549
            ],
            [
              10.244715,
              52.138058
            ],
            [
              10.2446354,
              52.1380677
            ],
            [
              10.2446278,
              52.1380658
            ],
            [
              10.2444858,
              52.1380247
            ],
            [
              10.2444236,
              52.1381042
            ],
            [
              10.2443885,
              52.1381495
            ],
            [
              10.2443619,
              52.1381553
            ],
            [
              10.2442549,
              52.1381785
            ],
            [
              10.2442056,
              52.1381892
            ],
            [
              10.2441792,
              52.1381823
            ],
            [
              10.2442393,
              52.1381643
            ],
            [
              10.2442635,
              52.1381573
            ],
            [
              10.2441024,
              52.1380058
            ],
            [
              10.2440955,
              52.138
            ],
            [
              10.2439742,
              52.1378975
            ],
            [
              10.2438658,
              52.1377922
            ],
            [
              10.2438631,
              52.1377894
            ],
            [
              10.2438256,
              52.1377473
            ],
            [
              10.2437971,
              52.1377627
            ],
            [
              10.2437749,
              52.1377795
            ],
            [
              10.2436918,
              52.1376998
            ],
            [
              10.2433429,
              52.1373644
            ],
            [
              10.2430581,
              52.1370908
            ],
            [
              10.2429095,
              52.1369456
            ],
            [
              10.2429193,
              52.1369368
            ],
            [
              10.2425255,
              52.1365946
            ],
            [
              10.2422785,
              52.1363802
            ],
            [
              10.2422875,
              52.136372
            ],
            [
              10.2422879,
              52.1363445
            ],
            [
              10.2423203,
              52.136315
            ],
            [
              10.2425723,
              52.136085
            ],
            [
              10.2426558,
              52.1360086
            ],
            [
              10.24352,
              52.1352213
            ],
            [
              10.2435397,
              52.1352037
            ],
            [
              10.2435514,
              52.135193
            ],
            [
              10.2426087,
              52.1344786
            ],
            [
              10.2407542,
              52.133082
            ],
            [
              10.2340854,
              52.1304311
            ],
            [
              10.2330402,
              52.1301513
            ]
          ]
        ]
      }
    },
    {
      "type": "Feature",
      "properties": {
        "name": "Reppner",
        "city": "Salzgitter",
        "osm_id": 3413336,
        "osm_type": "relation",
        "display": "Reppner, Ortschaft Nordwest, Salzgitter, Niedersachsen, Deutschland"
      },
      "geometry": {
        "type": "Polygon",
        "coordinates": [
          [
            [
              10.2881575,
              52.175388
            ],
            [
              10.2881595,
              52.1753819
            ],
            [
              10.2881853,
              52.1750274
            ],
            [
              10.2881995,
              52.1748307
            ],
            [
              10.2882307,
              52.1744037
            ],
            [
              10.2882761,
              52.1737796
            ],
            [
              10.2883195,
              52.1731823
            ],
            [
              10.288329,
              52.1730517
            ],
            [
              10.2884497,
              52.1713949
            ],
            [
              10.2885754,
              52.1696666
            ],
            [
              10.2886352,
              52.1688441
            ],
            [
              10.2886471,
              52.1688104
            ],
            [
              10.2886678,
              52.1687518
            ],
            [
              10.2886739,
              52.1687344
            ],
            [
              10.288684,
              52.1681762
            ],
            [
              10.2886932,
              52.1676779
            ],
            [
              10.2887156,
              52.1664478
            ],
            [
              10.2887378,
              52.165225
            ],
            [
              10.2887403,
              52.1650891
            ],
            [
              10.2887434,
              52.1649221
            ],
            [
              10.2887597,
              52.1640293
            ],
            [
              10.2887821,
              52.1627842
            ],
            [
              10.2887878,
              52.162468
            ],
            [
              10.2887881,
              52.1624537
            ],
            [
              10.2887973,
              52.16194
            ],
            [
              10.2888013,
              52.1617146
            ],
            [
              10.2888155,
              52.160927
            ],
            [
              10.2888164,
              52.1609125
            ],
            [
              10.2888161,
              52.1608967
            ],
            [
              10.2964594,
              52.1602086
            ],
            [
              10.2965028,
              52.1601926
            ],
            [
              10.2967622,
              52.1602563
            ],
            [
              10.3008584,
              52.1627133
            ],
            [
              10.3028237,
              52.1659342
            ],
            [
              10.3043825,
              52.1670835
            ],
            [
              10.304923,
              52.1675526
            ],
            [
              10.3061619,
              52.1661734
            ],
            [
              10.3068581,
              52.1659423
            ],
            [
              10.3093673,
              52.1654801
            ],
            [
              10.3106082,
              52.1652027
            ],
            [
              10.312801,
              52.1710564
            ],
            [
              10.3157923,
              52.1738081
            ],
            [
              10.3195063,
              52.176638
            ],
            [
              10.3199635,
              52.1773797
            ],
            [
              10.3199768,
              52.1774029
            ],
            [
              10.3201764,
              52.1777485
            ],
            [
              10.3202465,
              52.1779031
            ],
            [
              10.3203094,
              52.1781459
            ],
            [
              10.3204236,
              52.178948
            ],
            [
              10.3209967,
              52.1829725
            ],
            [
              10.3209991,
              52.1829894
            ],
            [
              10.3210856,
              52.1835968
            ],
            [
              10.3212189,
              52.1845334
            ],
            [
              10.3213708,
              52.1856072
            ],
            [
              10.3213423,
              52.1858701
            ],
            [
              10.3212737,
              52.1861184
            ],
            [
              10.3211585,
              52.1863369
            ],
            [
              10.3210331,
              52.1865168
            ],
            [
              10.3208178,
              52.1867512
            ],
            [
              10.3176542,
              52.1894822
            ],
            [
              10.3173867,
              52.189725
            ],
            [
              10.3171975,
              52.1899518
            ],
            [
              10.3170765,
              52.1901934
            ],
            [
              10.3168771,
              52.190715
            ],
            [
              10.3168127,
              52.1907069
            ],
            [
              10.3167795,
              52.1907026
            ],
            [
              10.316708,
              52.1906996
            ],
            [
              10.315186,
              52.1906353
            ],
            [
              10.3151523,
              52.1906339
            ],
            [
              10.3149745,
              52.190635
            ],
            [
              10.3149491,
              52.1906317
            ],
            [
              10.314601,
              52.1905851
            ],
            [
              10.3136255,
              52.1903725
            ],
            [
              10.3127918,
              52.190166
            ],
            [
              10.3115364,
              52.1898599
            ],
            [
              10.3112841,
              52.1898019
            ],
            [
              10.3107656,
              52.1897218
            ],
            [
              10.3094697,
              52.1895237
            ],
            [
              10.3068681,
              52.189143
            ],
            [
              10.3067464,
              52.1891096
            ],
            [
              10.3067324,
              52.1891333
            ],
            [
              10.3063408,
              52.1891014
            ],
            [
              10.3043555,
              52.1889663
            ],
            [
              10.3038877,
              52.1889345
            ],
            [
              10.3038857,
              52.1889344
            ],
            [
              10.3039003,
              52.1889106
            ],
            [
              10.3045478,
              52.1878529
            ],
            [
              10.3050279,
              52.1870663
            ],
            [
              10.3052672,
              52.1866742
            ],
            [
              10.3051838,
              52.1866372
            ],
            [
              10.3051366,
              52.1866101
            ],
            [
              10.3052844,
              52.186643
            ],
            [
              10.3052977,
              52.1866213
            ],
            [
              10.305312,
              52.1865978
            ],
            [
              10.3053359,
              52.1865588
            ],
            [
              10.3054126,
              52.1864333
            ],
            [
              10.3059536,
              52.1855486
            ],
            [
              10.3066196,
              52.1844594
            ],
            [
              10.3066305,
              52.1844416
            ],
            [
              10.3013615,
              52.1819051
            ],
            [
              10.2990766,
              52.1813457
            ],
            [
              10.2965981,
              52.1807389
            ],
            [
              10.2941877,
              52.1801479
            ],
            [
              10.2941638,
              52.1800193
            ],
            [
              10.2921753,
              52.1784868
            ],
            [
              10.2898941,
              52.1767271
            ],
            [
              10.2881575,
              52.175388
            ]
          ]
        ]
      }
    },
    {
      "type": "Feature",
      "properties": {
        "name": "Bleckenstedt",
        "city": "Salzgitter",
        "osm_id": 3410348,
        "osm_type": "relation",
        "display": "Bleckenstedt, Ortschaft Ost, Salzgitter, Niedersachsen, Deutschland"
      },
      "geometry": {
        "type": "Polygon",
        "coordinates": [
          [
            [
              10.3653004,
              52.1698746
            ],
            [
              10.3698483,
              52.165598
            ],
            [
              10.3710774,
              52.1658727
            ],
            [
              10.3746595,
              52.1666733
            ],
            [
              10.3766865,
              52.1652425
            ],
            [
              10.3797206,
              52.1651258
            ],
            [
              10.3907123,
              52.163099
            ],
            [
              10.394106,
              52.162464
            ],
            [
              10.394199,
              52.162544
            ],
            [
              10.394375,
              52.162674
            ],
            [
              10.394554,
              52.162819
            ],
            [
              10.3969989,
              52.164647
            ],
            [
              10.398427,
              52.16587
            ],
            [
              10.4049951,
              52.1712252
            ],
            [
              10.405265,
              52.1713241
            ],
            [
              10.4065959,
              52.1724741
            ],
            [
              10.4091303,
              52.1744921
            ],
            [
              10.411779,
              52.1767757
            ],
            [
              10.4140366,
              52.1789354
            ],
            [
              10.4147951,
              52.179921
            ],
            [
              10.4151383,
              52.1806187
            ],
            [
              10.4161938,
              52.1843468
            ],
            [
              10.4100549,
              52.1849715
            ],
            [
              10.4064896,
              52.1853465
            ],
            [
              10.4023316,
              52.1857692
            ],
            [
              10.3947548,
              52.1865107
            ],
            [
              10.3943891,
              52.1856237
            ],
            [
              10.3934376,
              52.1834117
            ],
            [
              10.3914503,
              52.1837333
            ],
            [
              10.3846458,
              52.1846984
            ],
            [
              10.3819214,
              52.1836746
            ],
            [
              10.3795259,
              52.1843598
            ],
            [
              10.377169,
              52.1850067
            ],
            [
              10.3744822,
              52.1852381
            ],
            [
              10.370661,
              52.1865124
            ],
            [
              10.3679405,
              52.18736
            ],
            [
              10.3676427,
              52.1836818
            ],
            [
              10.369218,
              52.1840727
            ],
            [
              10.3670723,
              52.1769359
            ],
            [
              10.3683619,
              52.1735105
            ],
            [
              10.3653004,
              52.1698746
            ]
          ]
        ]
      }
    },
    {
      "type": "Feature",
      "properties": {
        "name": "Drütte",
        "city": "Salzgitter",
        "osm_id": 3410349,
        "osm_type": "relation",
        "display": "Drütte, Ortschaft Ost, Salzgitter, Niedersachsen, Deutschland"
      },
      "geometry": {
        "type": "Polygon",
        "coordinates": [
          [
            [
              10.4261557,
              52.1581434
            ],
            [
              10.4270802,
              52.157653
            ],
            [
              10.4322883,
              52.1551646
            ],
            [
              10.4346892,
              52.1540335
            ],
            [
              10.4370341,
              52.1529749
            ],
            [
              10.4381771,
              52.1523732
            ],
            [
              10.4418214,
              52.1506793
            ],
            [
              10.4414863,
              52.1503578
            ],
            [
              10.4424534,
              52.1504748
            ],
            [
              10.4461125,
              52.1506911
            ],
            [
              10.4485519,
              52.1506897
            ],
            [
              10.4488191,
              52.1499221
            ],
            [
              10.4506767,
              52.1503577
            ],
            [
              10.4515499,
              52.1506724
            ],
            [
              10.4516868,
              52.1506969
            ],
            [
              10.4518021,
              52.1507175
            ],
            [
              10.4532425,
              52.151196
            ],
            [
              10.4535026,
              52.1512066
            ],
            [
              10.4569145,
              52.1515518
            ],
            [
              10.4570849,
              52.1515621
            ],
            [
              10.458011,
              52.151618
            ],
            [
              10.4566175,
              52.1503025
            ],
            [
              10.4633415,
              52.1557554
            ],
            [
              10.4633625,
              52.1557729
            ],
            [
              10.4641269,
              52.1564011
            ],
            [
              10.4648584,
              52.1569923
            ],
            [
              10.4650706,
              52.1571634
            ],
            [
              10.4658229,
              52.157767
            ],
            [
              10.4658797,
              52.1578113
            ],
            [
              10.4659807,
              52.1578903
            ],
            [
              10.4660806,
              52.1579683
            ],
            [
              10.4661046,
              52.1579871
            ],
            [
              10.4661608,
              52.158031
            ],
            [
              10.4663242,
              52.1581585
            ],
            [
              10.4665521,
              52.1583364
            ],
            [
              10.467272,
              52.1589005
            ],
            [
              10.4677028,
              52.159238
            ],
            [
              10.4681083,
              52.1595518
            ],
            [
              10.4685001,
              52.1598551
            ],
            [
              10.4692302,
              52.1604131
            ],
            [
              10.469983,
              52.1609971
            ],
            [
              10.4705588,
              52.161445
            ],
            [
              10.4711774,
              52.1619251
            ],
            [
              10.4715155,
              52.1621884
            ],
            [
              10.4718621,
              52.1624568
            ],
            [
              10.4721122,
              52.1626487
            ],
            [
              10.4723743,
              52.1628357
            ],
            [
              10.4723918,
              52.1630575
            ],
            [
              10.4732707,
              52.1637627
            ],
            [
              10.4735128,
              52.163958
            ],
            [
              10.4742108,
              52.1645068
            ],
            [
              10.474317,
              52.1645925
            ],
            [
              10.4752374,
              52.1653285
            ],
            [
              10.4759582,
              52.1659049
            ],
            [
              10.4766826,
              52.166483
            ],
            [
              10.4767404,
              52.1665294
            ],
            [
              10.4769469,
              52.1666875
            ],
            [
              10.4774619,
              52.1670902
            ],
            [
              10.4776336,
              52.1672245
            ],
            [
              10.4781975,
              52.1676652
            ],
            [
              10.4787336,
              52.1680842
            ],
            [
              10.4793016,
              52.1685282
            ],
            [
              10.4793267,
              52.1685478
            ],
            [
              10.4793586,
              52.1685723
            ],
            [
              10.4793799,
              52.1685887
            ],
            [
              10.4794577,
              52.1686486
            ],
            [
              10.4794792,
              52.1686652
            ],
            [
              10.4794971,
              52.168679
            ],
            [
              10.4790368,
              52.1687337
            ],
            [
              10.4749408,
              52.1684808
            ],
            [
              10.4724709,
              52.1683333
            ],
            [
              10.4715317,
              52.1675712
            ],
            [
              10.4714027,
              52.1674614
            ],
            [
              10.4711389,
              52.1674587
            ],
            [
              10.4525132,
              52.1674692
            ],
            [
              10.4500136,
              52.167459
            ],
            [
              10.4459326,
              52.1674442
            ],
            [
              10.4380287,
              52.1674549
            ],
            [
              10.4339246,
              52.164316
            ],
            [
              10.4320613,
              52.1628371
            ],
            [
              10.4285331,
              52.1600556
            ],
            [
              10.4261557,
              52.1581434
            ]
          ]
        ]
      }
    },
    {
      "type": "Feature",
      "properties": {
        "name": "Hallendorf",
        "city": "Salzgitter",
        "osm_id": 3410350,
        "osm_type": "relation",
        "display": "Hallendorf, Ortschaft Ost, Salzgitter, Niedersachsen, Deutschland"
      },
      "geometry": {
        "type": "Polygon",
        "coordinates": [
          [
            [
              10.359337,
              52.1592927
            ],
            [
              10.3606967,
              52.1559887
            ],
            [
              10.3606987,
              52.1559758
            ],
            [
              10.3607137,
              52.1558763
            ],
            [
              10.3608456,
              52.1558853
            ],
            [
              10.3608877,
              52.1558885
            ],
            [
              10.3625345,
              52.1560151
            ],
            [
              10.3624701,
              52.1559841
            ],
            [
              10.362356,
              52.155933
            ],
            [
              10.3624164,
              52.1559395
            ],
            [
              10.3625541,
              52.1559532
            ],
            [
              10.3632157,
              52.1560205
            ],
            [
              10.3633919,
              52.1560275
            ],
            [
              10.363452,
              52.1560299
            ],
            [
              10.3635776,
              52.1560344
            ],
            [
              10.3636354,
              52.1560364
            ],
            [
              10.363756,
              52.1560407
            ],
            [
              10.3638133,
              52.15604
            ],
            [
              10.363835,
              52.1560397
            ],
            [
              10.3639845,
              52.15604
            ],
            [
              10.3639736,
              52.1560124
            ],
            [
              10.3657697,
              52.1560808
            ],
            [
              10.365847,
              52.1560838
            ],
            [
              10.3659164,
              52.1560864
            ],
            [
              10.3671325,
              52.1561327
            ],
            [
              10.367714,
              52.1561547
            ],
            [
              10.3699107,
              52.1562378
            ],
            [
              10.3702324,
              52.1562499
            ],
            [
              10.3702322,
              52.1562337
            ],
            [
              10.3702137,
              52.1546617
            ],
            [
              10.3702038,
              52.1538202
            ],
            [
              10.3701922,
              52.1528394
            ],
            [
              10.3701604,
              52.1526434
            ],
            [
              10.3699901,
              52.1515924
            ],
            [
              10.3700033,
              52.1512414
            ],
            [
              10.3700033,
              52.1512405
            ],
            [
              10.3700038,
              52.1512283
            ],
            [
              10.3700102,
              52.1510579
            ],
            [
              10.3700109,
              52.1510371
            ],
            [
              10.3700125,
              52.1509953
            ],
            [
              10.3700144,
              52.1509432
            ],
            [
              10.3700152,
              52.1509235
            ],
            [
              10.370903,
              52.1509248
            ],
            [
              10.3712745,
              52.1509253
            ],
            [
              10.371274,
              52.1508891
            ],
            [
              10.3712737,
              52.1508734
            ],
            [
              10.3712731,
              52.1508316
            ],
            [
              10.3712723,
              52.1507805
            ],
            [
              10.3712697,
              52.1506079
            ],
            [
              10.371334,
              52.1500499
            ],
            [
              10.3713362,
              52.1500315
            ],
            [
              10.3713376,
              52.1500189
            ],
            [
              10.3713408,
              52.149994
            ],
            [
              10.3713452,
              52.1499589
            ],
            [
              10.3713494,
              52.1499121
            ],
            [
              10.3713846,
              52.149602
            ],
            [
              10.371391,
              52.1495451
            ],
            [
              10.3713974,
              52.1494891
            ],
            [
              10.3714064,
              52.1494094
            ],
            [
              10.3714912,
              52.148661
            ],
            [
              10.3696325,
              52.1487174
            ],
            [
              10.3688178,
              52.148742
            ],
            [
              10.3688252,
              52.1486801
            ],
            [
              10.3688275,
              52.1486597
            ],
            [
              10.3688304,
              52.1486376
            ],
            [
              10.3688401,
              52.1485547
            ],
            [
              10.3688418,
              52.1485405
            ],
            [
              10.3688554,
              52.1484238
            ],
            [
              10.3688578,
              52.1484015
            ],
            [
              10.3688858,
              52.148162
            ],
            [
              10.3689025,
              52.1480207
            ],
            [
              10.368904,
              52.1480083
            ],
            [
              10.3689144,
              52.1479194
            ],
            [
              10.368925,
              52.1478288
            ],
            [
              10.3690978,
              52.1463684
            ],
            [
              10.3691654,
              52.1462969
            ],
            [
              10.3692885,
              52.1462605
            ],
            [
              10.3698298,
              52.1462361
            ],
            [
              10.3699548,
              52.1461964
            ],
            [
              10.3701015,
              52.1461145
            ],
            [
              10.3701239,
              52.1460862
            ],
            [
              10.3706859,
              52.1453792
            ],
            [
              10.3707645,
              52.1452803
            ],
            [
              10.3708172,
              52.1452139
            ],
            [
              10.3708629,
              52.1451922
            ],
            [
              10.3709803,
              52.1451364
            ],
            [
              10.3710178,
              52.1451185
            ],
            [
              10.3712619,
              52.1451581
            ],
            [
              10.3717496,
              52.1452372
            ],
            [
              10.3721284,
              52.1452988
            ],
            [
              10.3724672,
              52.1453539
            ],
            [
              10.372909,
              52.145426
            ],
            [
              10.3730541,
              52.1454497
            ],
            [
              10.3732043,
              52.1454742
            ],
            [
              10.3733371,
              52.1454959
            ],
            [
              10.3740203,
              52.1456072
            ],
            [
              10.374186,
              52.1456341
            ],
            [
              10.3742182,
              52.1456394
            ],
            [
              10.3743351,
              52.1456584
            ],
            [
              10.3744575,
              52.1456783
            ],
            [
              10.3746949,
              52.145717
            ],
            [
              10.3754746,
              52.1458438
            ],
            [
              10.3758204,
              52.1459001
            ],
            [
              10.3761202,
              52.1459489
            ],
            [
              10.3779534,
              52.1462477
            ],
            [
              10.3779922,
              52.146254
            ],
            [
              10.3780117,
              52.1462572
            ],
            [
              10.3807091,
              52.1466914
            ],
            [
              10.3808531,
              52.1467268
            ],
            [
              10.3812272,
              52.1468188
            ],
            [
              10.3812462,
              52.1468221
            ],
            [
              10.3812693,
              52.146826
            ],
            [
              10.3824154,
              52.1470963
            ],
            [
              10.3824207,
              52.1476515
            ],
            [
              10.3823242,
              52.1486587
            ],
            [
              10.3822303,
              52.1488546
            ],
            [
              10.3822048,
              52.1500626
            ],
            [
              10.3826497,
              52.1511368
            ],
            [
              10.3828519,
              52.1512661
            ],
            [
              10.3828941,
              52.1514154
            ],
            [
              10.3828391,
              52.1515487
            ],
            [
              10.3834511,
              52.1540335
            ],
            [
              10.384087,
              52.1552642
            ],
            [
              10.3841818,
              52.1559239
            ],
            [
              10.3842479,
              52.1574456
            ],
            [
              10.3858272,
              52.1577512
            ],
            [
              10.3872401,
              52.1580245
            ],
            [
              10.3890484,
              52.1587303
            ],
            [
              10.3899887,
              52.1595261
            ],
            [
              10.3925454,
              52.1611073
            ],
            [
              10.393671,
              52.162106
            ],
            [
              10.393915,
              52.162304
            ],
            [
              10.394106,
              52.162464
            ],
            [
              10.3907123,
              52.163099
            ],
            [
              10.3797206,
              52.1651258
            ],
            [
              10.3766865,
              52.1652425
            ],
            [
              10.3746595,
              52.1666733
            ],
            [
              10.3710774,
              52.1658727
            ],
            [
              10.3698483,
              52.165598
            ],
            [
              10.3653004,
              52.1698746
            ],
            [
              10.3649886,
              52.1695043
            ],
            [
              10.36266,
              52.1696327
            ],
            [
              10.3643735,
              52.1627443
            ],
            [
              10.3610038,
              52.1626365
            ],
            [
              10.3609745,
              52.1613243
            ],
            [
              10.3594215,
              52.1612704
            ],
            [
              10.3593594,
              52.1598167
            ],
            [
              10.359337,
              52.1592927
            ]
          ]
        ]
      }
    },
    {
      "type": "Feature",
      "properties": {
        "name": "Immendorf",
        "city": "Salzgitter",
        "osm_id": 3410351,
        "osm_type": "relation",
        "display": "Immendorf, Ortschaft Ost, Salzgitter, Niedersachsen, Deutschland"
      },
      "geometry": {
        "type": "Polygon",
        "coordinates": [
          [
            [
              10.419657,
              52.1307346
            ],
            [
              10.4238359,
              52.1304514
            ],
            [
              10.4237954,
              52.1300412
            ],
            [
              10.4274078,
              52.1295554
            ],
            [
              10.4273663,
              52.1294441
            ],
            [
              10.4296291,
              52.1292259
            ],
            [
              10.4297687,
              52.1286993
            ],
            [
              10.4307024,
              52.1286015
            ],
            [
              10.4309979,
              52.1290367
            ],
            [
              10.4331735,
              52.1309588
            ],
            [
              10.4334029,
              52.1313472
            ],
            [
              10.433602,
              52.1317107
            ],
            [
              10.4336184,
              52.1317451
            ],
            [
              10.4338262,
              52.1321184
            ],
            [
              10.4338655,
              52.1321828
            ],
            [
              10.4340482,
              52.1325087
            ],
            [
              10.4342632,
              52.1329008
            ],
            [
              10.4344417,
              52.1332238
            ],
            [
              10.4344731,
              52.133286
            ],
            [
              10.4346521,
              52.1335948
            ],
            [
              10.4346864,
              52.1336727
            ],
            [
              10.4349069,
              52.1340641
            ],
            [
              10.4349996,
              52.1342193
            ],
            [
              10.4350778,
              52.134357
            ],
            [
              10.4351236,
              52.1344526
            ],
            [
              10.4353359,
              52.1348415
            ],
            [
              10.4355522,
              52.1352209
            ],
            [
              10.4357687,
              52.1356167
            ],
            [
              10.4358949,
              52.1358515
            ],
            [
              10.4359391,
              52.1359336
            ],
            [
              10.4359902,
              52.136019
            ],
            [
              10.4362019,
              52.1363962
            ],
            [
              10.4362742,
              52.1365158
            ],
            [
              10.4363424,
              52.1366366
            ],
            [
              10.4364114,
              52.1367422
            ],
            [
              10.4364223,
              52.1367588
            ],
            [
              10.4366855,
              52.1371546
            ],
            [
              10.4369472,
              52.1375446
            ],
            [
              10.4371861,
              52.1379109
            ],
            [
              10.4372598,
              52.1380146
            ],
            [
              10.4372838,
              52.1380536
            ],
            [
              10.4376901,
              52.1386617
            ],
            [
              10.4377982,
              52.1388197
            ],
            [
              10.4379525,
              52.1390614
            ],
            [
              10.438194,
              52.1394206
            ],
            [
              10.4382641,
              52.139532
            ],
            [
              10.4382779,
              52.139554
            ],
            [
              10.4382879,
              52.1395548
            ],
            [
              10.4383658,
              52.1395617
            ],
            [
              10.4384112,
              52.1395657
            ],
            [
              10.4384433,
              52.139568
            ],
            [
              10.4416873,
              52.1398402
            ],
            [
              10.4418559,
              52.1398544
            ],
            [
              10.4422098,
              52.1399246
            ],
            [
              10.4423184,
              52.1399764
            ],
            [
              10.442367,
              52.1399844
            ],
            [
              10.4425483,
              52.1395307
            ],
            [
              10.4425892,
              52.1394267
            ],
            [
              10.4426123,
              52.1393679
            ],
            [
              10.4426423,
              52.1392914
            ],
            [
              10.4426499,
              52.1393042
            ],
            [
              10.4432576,
              52.1397866
            ],
            [
              10.4437004,
              52.14013
            ],
            [
              10.4437586,
              52.1401823
            ],
            [
              10.443929,
              52.1403141
            ],
            [
              10.4442242,
              52.1405357
            ],
            [
              10.4448614,
              52.1410295
            ],
            [
              10.4455844,
              52.1415867
            ],
            [
              10.4456001,
              52.1415988
            ],
            [
              10.4458941,
              52.1417837
            ],
            [
              10.4459509,
              52.1418218
            ],
            [
              10.4461713,
              52.1419686
            ],
            [
              10.4462248,
              52.1420015
            ],
            [
              10.4461515,
              52.1420843
            ],
            [
              10.4461896,
              52.1421148
            ],
            [
              10.4463146,
              52.1422146
            ],
            [
              10.4463509,
              52.1422436
            ],
            [
              10.446638,
              52.1423138
            ],
            [
              10.4469959,
              52.1425299
            ],
            [
              10.447617,
              52.1429459
            ],
            [
              10.4478646,
              52.1431131
            ],
            [
              10.4485327,
              52.143552
            ],
            [
              10.4492147,
              52.1439887
            ],
            [
              10.4498892,
              52.1445142
            ],
            [
              10.449951,
              52.1445622
            ],
            [
              10.4499681,
              52.1445755
            ],
            [
              10.4500277,
              52.1446219
            ],
            [
              10.4507148,
              52.1451918
            ],
            [
              10.4513409,
              52.1457075
            ],
            [
              10.4520308,
              52.1462694
            ],
            [
              10.4523104,
              52.1465042
            ],
            [
              10.4524154,
              52.1466144
            ],
            [
              10.4526195,
              52.1468611
            ],
            [
              10.4531231,
              52.1472991
            ],
            [
              10.4532905,
              52.147441
            ],
            [
              10.4535034,
              52.1476174
            ],
            [
              10.453667,
              52.1477732
            ],
            [
              10.4537681,
              52.1478757
            ],
            [
              10.4538051,
              52.1479132
            ],
            [
              10.453838,
              52.1479458
            ],
            [
              10.4542196,
              52.1483277
            ],
            [
              10.4545042,
              52.1486061
            ],
            [
              10.4546134,
              52.1486927
            ],
            [
              10.4553076,
              52.1492545
            ],
            [
              10.4554184,
              52.149343
            ],
            [
              10.4558904,
              52.1497197
            ],
            [
              10.4563111,
              52.1500556
            ],
            [
              10.45648,
              52.1501905
            ],
            [
              10.4566175,
              52.1503025
            ],
            [
              10.458011,
              52.151618
            ],
            [
              10.4570849,
              52.1515621
            ],
            [
              10.4569145,
              52.1515518
            ],
            [
              10.4535026,
              52.1512066
            ],
            [
              10.4532425,
              52.151196
            ],
            [
              10.4518021,
              52.1507175
            ],
            [
              10.4516868,
              52.1506969
            ],
            [
              10.4515499,
              52.1506724
            ],
            [
              10.4506767,
              52.1503577
            ],
            [
              10.4488191,
              52.1499221
            ],
            [
              10.4485519,
              52.1506897
            ],
            [
              10.4461125,
              52.1506911
            ],
            [
              10.4424534,
              52.1504748
            ],
            [
              10.4414863,
              52.1503578
            ],
            [
              10.4418214,
              52.1506793
            ],
            [
              10.4381771,
              52.1523732
            ],
            [
              10.4370341,
              52.1529749
            ],
            [
              10.4361405,
              52.1500584
            ],
            [
              10.4343468,
              52.150127
            ],
            [
              10.4341205,
              52.1469485
            ],
            [
              10.4339484,
              52.1459563
            ],
            [
              10.4330603,
              52.1459074
            ],
            [
              10.4343295,
              52.1456591
            ],
            [
              10.4343045,
              52.145486
            ],
            [
              10.4346473,
              52.1453862
            ],
            [
              10.435112,
              52.1452285
            ],
            [
              10.4355738,
              52.1450444
            ],
            [
              10.4353378,
              52.1441786
            ],
            [
              10.4340878,
              52.1442708
            ],
            [
              10.4317007,
              52.1448996
            ],
            [
              10.4307513,
              52.1416871
            ],
            [
              10.4339041,
              52.1414921
            ],
            [
              10.4337926,
              52.1407892
            ],
            [
              10.4336565,
              52.1400012
            ],
            [
              10.4262973,
              52.1401598
            ],
            [
              10.4212732,
              52.1385229
            ],
            [
              10.419657,
              52.1307346
            ]
          ]
        ]
      }
    },
    {
      "type": "Feature",
      "properties": {
        "name": "Watenstedt",
        "city": "Salzgitter",
        "osm_id": 3410352,
        "osm_type": "relation",
        "display": "Watenstedt, Ortschaft Ost, Salzgitter, Niedersachsen, Deutschland"
      },
      "geometry": {
        "type": "Polygon",
        "coordinates": [
          [
            [
              10.3822048,
              52.1500626
            ],
            [
              10.3822303,
              52.1488546
            ],
            [
              10.3823242,
              52.1486587
            ],
            [
              10.3824207,
              52.1476515
            ],
            [
              10.3824154,
              52.1470963
            ],
            [
              10.3825156,
              52.1471157
            ],
            [
              10.3829466,
              52.1471979
            ],
            [
              10.3838637,
              52.1473733
            ],
            [
              10.3840197,
              52.1474031
            ],
            [
              10.3841257,
              52.1474172
            ],
            [
              10.3843601,
              52.1474494
            ],
            [
              10.384616,
              52.1474707
            ],
            [
              10.3847672,
              52.1474639
            ],
            [
              10.3849333,
              52.1474866
            ],
            [
              10.385231,
              52.1475002
            ],
            [
              10.3856769,
              52.1475019
            ],
            [
              10.386238,
              52.1474904
            ],
            [
              10.3865238,
              52.1474893
            ],
            [
              10.3872886,
              52.1474996
            ],
            [
              10.3876956,
              52.1475158
            ],
            [
              10.3877474,
              52.1475491
            ],
            [
              10.3878573,
              52.1476196
            ],
            [
              10.3880945,
              52.147613
            ],
            [
              10.3881431,
              52.1476116
            ],
            [
              10.3883841,
              52.1476053
            ],
            [
              10.3885318,
              52.1475276
            ],
            [
              10.3885914,
              52.1474971
            ],
            [
              10.3887137,
              52.1474786
            ],
            [
              10.3888066,
              52.147521
            ],
            [
              10.3889587,
              52.1475905
            ],
            [
              10.389186,
              52.1475856
            ],
            [
              10.389319,
              52.1475821
            ],
            [
              10.3894049,
              52.1475808
            ],
            [
              10.3892709,
              52.1475087
            ],
            [
              10.3891939,
              52.1474673
            ],
            [
              10.3910304,
              52.1474163
            ],
            [
              10.3913121,
              52.147404
            ],
            [
              10.3916585,
              52.1473889
            ],
            [
              10.3918937,
              52.1473786
            ],
            [
              10.3924392,
              52.1473419
            ],
            [
              10.3930343,
              52.1472828
            ],
            [
              10.3938133,
              52.1471839
            ],
            [
              10.3942355,
              52.1471179
            ],
            [
              10.3944274,
              52.1470777
            ],
            [
              10.3946033,
              52.1470268
            ],
            [
              10.3948075,
              52.1469842
            ],
            [
              10.3948516,
              52.1469324
            ],
            [
              10.3950134,
              52.1470003
            ],
            [
              10.3952403,
              52.1469618
            ],
            [
              10.3954307,
              52.1469294
            ],
            [
              10.3954954,
              52.1469184
            ],
            [
              10.3956835,
              52.1468864
            ],
            [
              10.3957022,
              52.1468394
            ],
            [
              10.3955728,
              52.1466544
            ],
            [
              10.3954859,
              52.146508
            ],
            [
              10.3954505,
              52.1464461
            ],
            [
              10.3954506,
              52.14638
            ],
            [
              10.3954788,
              52.1463251
            ],
            [
              10.3954952,
              52.1463126
            ],
            [
              10.3955263,
              52.1462928
            ],
            [
              10.3954809,
              52.1462359
            ],
            [
              10.3954082,
              52.1461426
            ],
            [
              10.3953642,
              52.1460848
            ],
            [
              10.395463,
              52.1460804
            ],
            [
              10.3959329,
              52.1460092
            ],
            [
              10.3959651,
              52.1460413
            ],
            [
              10.3961322,
              52.1460135
            ],
            [
              10.3962223,
              52.1459978
            ],
            [
              10.3963857,
              52.1459694
            ],
            [
              10.3963229,
              52.1459129
            ],
            [
              10.3961863,
              52.1457899
            ],
            [
              10.3958968,
              52.1454671
            ],
            [
              10.3958283,
              52.1453492
            ],
            [
              10.3957392,
              52.1451962
            ],
            [
              10.3956258,
              52.1448916
            ],
            [
              10.3955925,
              52.1445649
            ],
            [
              10.3956505,
              52.144238
            ],
            [
              10.3957975,
              52.1439045
            ],
            [
              10.3960063,
              52.1436239
            ],
            [
              10.3961623,
              52.1434482
            ],
            [
              10.3962474,
              52.1434858
            ],
            [
              10.3966032,
              52.1431827
            ],
            [
              10.3970243,
              52.1430119
            ],
            [
              10.3985738,
              52.142238
            ],
            [
              10.3997019,
              52.1416291
            ],
            [
              10.4006361,
              52.1410974
            ],
            [
              10.4013558,
              52.1406875
            ],
            [
              10.4013637,
              52.140683
            ],
            [
              10.4013945,
              52.1406655
            ],
            [
              10.4014014,
              52.1406615
            ],
            [
              10.4016017,
              52.1405474
            ],
            [
              10.4017319,
              52.1404725
            ],
            [
              10.402851,
              52.1399514
            ],
            [
              10.4033552,
              52.1398691
            ],
            [
              10.4037522,
              52.1398296
            ],
            [
              10.4049431,
              52.1397111
            ],
            [
              10.4057156,
              52.1396387
            ],
            [
              10.4170199,
              52.138828
            ],
            [
              10.4199692,
              52.1386164
            ],
            [
              10.4212732,
              52.1385229
            ],
            [
              10.4262973,
              52.1401598
            ],
            [
              10.4336565,
              52.1400012
            ],
            [
              10.4337926,
              52.1407892
            ],
            [
              10.4339041,
              52.1414921
            ],
            [
              10.4307513,
              52.1416871
            ],
            [
              10.4317007,
              52.1448996
            ],
            [
              10.4340878,
              52.1442708
            ],
            [
              10.4353378,
              52.1441786
            ],
            [
              10.4355738,
              52.1450444
            ],
            [
              10.435112,
              52.1452285
            ],
            [
              10.4346473,
              52.1453862
            ],
            [
              10.4343045,
              52.145486
            ],
            [
              10.4343295,
              52.1456591
            ],
            [
              10.4330603,
              52.1459074
            ],
            [
              10.4339484,
              52.1459563
            ],
            [
              10.4341205,
              52.1469485
            ],
            [
              10.4343468,
              52.150127
            ],
            [
              10.4361405,
              52.1500584
            ],
            [
              10.4370341,
              52.1529749
            ],
            [
              10.4346892,
              52.1540335
            ],
            [
              10.4322883,
              52.1551646
            ],
            [
              10.4270802,
              52.157653
            ],
            [
              10.4261557,
              52.1581434
            ],
            [
              10.4285331,
              52.1600556
            ],
            [
              10.4320613,
              52.1628371
            ],
            [
              10.4339246,
              52.164316
            ],
            [
              10.4380287,
              52.1674549
            ],
            [
              10.427207,
              52.1719327
            ],
            [
              10.4262366,
              52.1724991
            ],
            [
              10.4259018,
              52.1725142
            ],
            [
              10.4212789,
              52.172722
            ],
            [
              10.4141017,
              52.1758623
            ],
            [
              10.411779,
              52.1767757
            ],
            [
              10.4091303,
              52.1744921
            ],
            [
              10.4065959,
              52.1724741
            ],
            [
              10.405265,
              52.1713241
            ],
            [
              10.4049951,
              52.1712252
            ],
            [
              10.398427,
              52.16587
            ],
            [
              10.3969989,
              52.164647
            ],
            [
              10.394554,
              52.162819
            ],
            [
              10.394375,
              52.162674
            ],
            [
              10.394199,
              52.162544
            ],
            [
              10.394106,
              52.162464
            ],
            [
              10.393915,
              52.162304
            ],
            [
              10.393671,
              52.162106
            ],
            [
              10.3925454,
              52.1611073
            ],
            [
              10.3899887,
              52.1595261
            ],
            [
              10.3890484,
              52.1587303
            ],
            [
              10.3872401,
              52.1580245
            ],
            [
              10.3858272,
              52.1577512
            ],
            [
              10.3842479,
              52.1574456
            ],
            [
              10.3841818,
              52.1559239
            ],
            [
              10.384087,
              52.1552642
            ],
            [
              10.3834511,
              52.1540335
            ],
            [
              10.3828391,
              52.1515487
            ],
            [
              10.3828941,
              52.1514154
            ],
            [
              10.3828519,
              52.1512661
            ],
            [
              10.3826497,
              52.1511368
            ],
            [
              10.3822048,
              52.1500626
            ]
          ]
        ]
      }
    },
    {
      "type": "Feature",
      "properties": {
        "name": "Gitter",
        "city": "Salzgitter",
        "osm_id": 3413988,
        "osm_type": "relation",
        "display": "Gitter, Ortschaft Süd, Salzgitter, Niedersachsen, Deutschland"
      },
      "geometry": {
        "type": "Polygon",
        "coordinates": [
          [
            [
              10.3249799,
              52.0339392
            ],
            [
              10.3250742,
              52.0339083
            ],
            [
              10.3251366,
              52.0338879
            ],
            [
              10.3252329,
              52.0338563
            ],
            [
              10.3256977,
              52.0337014
            ],
            [
              10.3258657,
              52.0336415
            ],
            [
              10.3263311,
              52.0334671
            ],
            [
              10.3268533,
              52.0332597
            ],
            [
              10.3275039,
              52.0330086
            ],
            [
              10.3288835,
              52.0324685
            ],
            [
              10.328937,
              52.0324475
            ],
            [
              10.3297538,
              52.0321252
            ],
            [
              10.330284,
              52.0319158
            ],
            [
              10.3304914,
              52.0318347
            ],
            [
              10.3311636,
              52.0315718
            ],
            [
              10.3316019,
              52.0314003
            ],
            [
              10.3316262,
              52.0313908
            ],
            [
              10.3316735,
              52.0313723
            ],
            [
              10.3317213,
              52.0313536
            ],
            [
              10.3318789,
              52.031292
            ],
            [
              10.332242,
              52.0311496
            ],
            [
              10.3325673,
              52.0310238
            ],
            [
              10.3332849,
              52.0307403
            ],
            [
              10.3338505,
              52.030519
            ],
            [
              10.3343053,
              52.0303416
            ],
            [
              10.3347533,
              52.030167
            ],
            [
              10.3352308,
              52.0299798
            ],
            [
              10.335451,
              52.0298935
            ],
            [
              10.3355162,
              52.029868
            ],
            [
              10.336188,
              52.0296056
            ],
            [
              10.3368995,
              52.0293282
            ],
            [
              10.3377072,
              52.0290106
            ],
            [
              10.3377594,
              52.0289912
            ],
            [
              10.3378757,
              52.0289477
            ],
            [
              10.3379952,
              52.0289031
            ],
            [
              10.3381171,
              52.0288575
            ],
            [
              10.3382415,
              52.028811
            ],
            [
              10.3383613,
              52.0287662
            ],
            [
              10.3383659,
              52.0287644
            ],
            [
              10.3384933,
              52.0287171
            ],
            [
              10.3386231,
              52.0286687
            ],
            [
              10.3387543,
              52.02862
            ],
            [
              10.3388866,
              52.0285707
            ],
            [
              10.3389476,
              52.0285481
            ],
            [
              10.3390186,
              52.0285184
            ],
            [
              10.3391506,
              52.0284633
            ],
            [
              10.3392206,
              52.028434
            ],
            [
              10.3392848,
              52.0284089
            ],
            [
              10.3394213,
              52.0283555
            ],
            [
              10.3395603,
              52.0283011
            ],
            [
              10.339648,
              52.0282668
            ],
            [
              10.3397013,
              52.0282452
            ],
            [
              10.3398444,
              52.0281869
            ],
            [
              10.3399906,
              52.0281274
            ],
            [
              10.3401353,
              52.0280686
            ],
            [
              10.3401393,
              52.0280671
            ],
            [
              10.3402936,
              52.028009
            ],
            [
              10.340348,
              52.0279885
            ],
            [
              10.3404504,
              52.0279499
            ],
            [
              10.3406115,
              52.0278892
            ],
            [
              10.3407758,
              52.0278274
            ],
            [
              10.340849,
              52.0277998
            ],
            [
              10.3410102,
              52.0277389
            ],
            [
              10.3412825,
              52.027636
            ],
            [
              10.341391,
              52.027595
            ],
            [
              10.3417559,
              52.0274447
            ],
            [
              10.3426919,
              52.0270805
            ],
            [
              10.3433398,
              52.0268286
            ],
            [
              10.3439339,
              52.0265983
            ],
            [
              10.3442037,
              52.026487
            ],
            [
              10.3445639,
              52.0263385
            ],
            [
              10.3451538,
              52.0261073
            ],
            [
              10.3454009,
              52.0264346
            ],
            [
              10.3455346,
              52.0266117
            ],
            [
              10.3459996,
              52.0272274
            ],
            [
              10.3460611,
              52.0273089
            ],
            [
              10.3461258,
              52.0272871
            ],
            [
              10.3464023,
              52.027194
            ],
            [
              10.3466946,
              52.0270971
            ],
            [
              10.3470529,
              52.0269921
            ],
            [
              10.3473275,
              52.0269136
            ],
            [
              10.3475682,
              52.0268527
            ],
            [
              10.3477148,
              52.0268156
            ],
            [
              10.3488238,
              52.0265783
            ],
            [
              10.3495238,
              52.0264365
            ],
            [
              10.349529,
              52.0264716
            ],
            [
              10.3495412,
              52.0265534
            ],
            [
              10.349549,
              52.0266061
            ],
            [
              10.3496229,
              52.0265881
            ],
            [
              10.3496925,
              52.0265712
            ],
            [
              10.3497566,
              52.0265557
            ],
            [
              10.3497939,
              52.0265956
            ],
            [
              10.3499675,
              52.0273347
            ],
            [
              10.3500687,
              52.027766
            ],
            [
              10.3501226,
              52.0279962
            ],
            [
              10.3501228,
              52.0279968
            ],
            [
              10.3501527,
              52.0281248
            ],
            [
              10.3503579,
              52.028066
            ],
            [
              10.3506843,
              52.0279725
            ],
            [
              10.3513191,
              52.0277907
            ],
            [
              10.3516933,
              52.0276834
            ],
            [
              10.3522198,
              52.0275325
            ],
            [
              10.3525078,
              52.02745
            ],
            [
              10.3533509,
              52.0272091
            ],
            [
              10.3537078,
              52.0271064
            ],
            [
              10.3537251,
              52.0303878
            ],
            [
              10.3537637,
              52.030839
            ],
            [
              10.3540339,
              52.0328575
            ],
            [
              10.3545743,
              52.034781
            ],
            [
              10.3562341,
              52.0401473
            ],
            [
              10.3564334,
              52.0407193
            ],
            [
              10.3566973,
              52.0414769
            ],
            [
              10.3567636,
              52.0417526
            ],
            [
              10.3568158,
              52.0419871
            ],
            [
              10.3568903,
              52.0423079
            ],
            [
              10.3558481,
              52.0445396
            ],
            [
              10.3514619,
              52.0463299
            ],
            [
              10.3480652,
              52.0458686
            ],
            [
              10.3475943,
              52.0468937
            ],
            [
              10.3448953,
              52.0465338
            ],
            [
              10.344075,
              52.0464864
            ],
            [
              10.3431583,
              52.0466466
            ],
            [
              10.3426709,
              52.0467997
            ],
            [
              10.3418466,
              52.0454965
            ],
            [
              10.341296,
              52.044565
            ],
            [
              10.3412062,
              52.0444031
            ],
            [
              10.3408081,
              52.0437024
            ],
            [
              10.3408004,
              52.0436515
            ],
            [
              10.3408626,
              52.0433964
            ],
            [
              10.3409099,
              52.0433565
            ],
            [
              10.3407965,
              52.0433156
            ],
            [
              10.3406504,
              52.0433058
            ],
            [
              10.3382023,
              52.0428455
            ],
            [
              10.3377343,
              52.0427247
            ],
            [
              10.3377003,
              52.0426924
            ],
            [
              10.3376289,
              52.0426807
            ],
            [
              10.3375837,
              52.0426733
            ],
            [
              10.3375436,
              52.0426668
            ],
            [
              10.3374973,
              52.0428216
            ],
            [
              10.33745,
              52.0427836
            ],
            [
              10.336802,
              52.0427513
            ],
            [
              10.3352737,
              52.0426755
            ],
            [
              10.3332231,
              52.0425736
            ],
            [
              10.3331775,
              52.0425713
            ],
            [
              10.3321584,
              52.0426746
            ],
            [
              10.3320589,
              52.0426759
            ],
            [
              10.3320136,
              52.0426765
            ],
            [
              10.3314456,
              52.042684
            ],
            [
              10.3313992,
              52.0426777
            ],
            [
              10.3309444,
              52.0426164
            ],
            [
              10.3306634,
              52.0425857
            ],
            [
              10.3286021,
              52.042244
            ],
            [
              10.3286225,
              52.0421972
            ],
            [
              10.3286358,
              52.0421673
            ],
            [
              10.3286456,
              52.0421442
            ],
            [
              10.3287182,
              52.0417173
            ],
            [
              10.3287642,
              52.0414463
            ],
            [
              10.3288917,
              52.040696
            ],
            [
              10.3293302,
              52.0407068
            ],
            [
              10.3293387,
              52.0406891
            ],
            [
              10.3294276,
              52.0405023
            ],
            [
              10.3294645,
              52.040425
            ],
            [
              10.3295056,
              52.0403388
            ],
            [
              10.3296824,
              52.0399686
            ],
            [
              10.3297316,
              52.0398686
            ],
            [
              10.3297465,
              52.0398382
            ],
            [
              10.3297788,
              52.039765
            ],
            [
              10.3313604,
              52.0399247
            ],
            [
              10.3313657,
              52.0398934
            ],
            [
              10.3314903,
              52.0391606
            ],
            [
              10.3315213,
              52.0389777
            ],
            [
              10.3315301,
              52.0389261
            ],
            [
              10.3306722,
              52.0384025
            ],
            [
              10.3303213,
              52.0382688
            ],
            [
              10.3308618,
              52.0380652
            ],
            [
              10.33091,
              52.0380471
            ],
            [
              10.3308369,
              52.0379741
            ],
            [
              10.3307682,
              52.0379055
            ],
            [
              10.3306764,
              52.0378139
            ],
            [
              10.3306546,
              52.0378038
            ],
            [
              10.3306482,
              52.0377724
            ],
            [
              10.3308951,
              52.0373659
            ],
            [
              10.3309096,
              52.0373422
            ],
            [
              10.3309142,
              52.0373348
            ],
            [
              10.3314022,
              52.0365733
            ],
            [
              10.331425,
              52.0365371
            ],
            [
              10.3317016,
              52.0360972
            ],
            [
              10.3317227,
              52.0360637
            ],
            [
              10.3317292,
              52.0360532
            ],
            [
              10.331756,
              52.0360107
            ],
            [
              10.3310744,
              52.035902
            ],
            [
              10.3298521,
              52.0357072
            ],
            [
              10.3297868,
              52.0356968
            ],
            [
              10.330668,
              52.0350634
            ],
            [
              10.330708,
              52.0350346
            ],
            [
              10.3313867,
              52.0345468
            ],
            [
              10.3306984,
              52.0344816
            ],
            [
              10.3288701,
              52.0343082
            ],
            [
              10.3287354,
              52.0342954
            ],
            [
              10.3275506,
              52.034183
            ],
            [
              10.3267141,
              52.0341037
            ],
            [
              10.3249799,
              52.0339392
            ]
          ]
        ]
      }
    },
    {
      "type": "Feature",
      "properties": {
        "name": "Groß Mahner",
        "city": "Salzgitter",
        "osm_id": 3413989,
        "osm_type": "relation",
        "display": "Groß Mahner, Ortschaft Süd, Salzgitter, Niedersachsen, 38259, Deutschland"
      },
      "geometry": {
        "type": "Polygon",
        "coordinates": [
          [
            [
              10.3800571,
              52.0737498
            ],
            [
              10.3802017,
              52.073473
            ],
            [
              10.3802242,
              52.0734298
            ],
            [
              10.3810634,
              52.0732466
            ],
            [
              10.3811576,
              52.0732188
            ],
            [
              10.3826388,
              52.0727807
            ],
            [
              10.3831312,
              52.0717827
            ],
            [
              10.3831319,
              52.0715656
            ],
            [
              10.3831355,
              52.0702801
            ],
            [
              10.3840041,
              52.0688301
            ],
            [
              10.3837268,
              52.068205
            ],
            [
              10.3843686,
              52.0667746
            ],
            [
              10.3843483,
              52.066332
            ],
            [
              10.3845663,
              52.0660334
            ],
            [
              10.3845967,
              52.0659918
            ],
            [
              10.3849507,
              52.0653305
            ],
            [
              10.3853109,
              52.0649759
            ],
            [
              10.3857803,
              52.0646261
            ],
            [
              10.386102,
              52.0642321
            ],
            [
              10.3864995,
              52.0633338
            ],
            [
              10.386681,
              52.0627957
            ],
            [
              10.3867346,
              52.0618754
            ],
            [
              10.3870583,
              52.060909
            ],
            [
              10.3872028,
              52.0602101
            ],
            [
              10.3873923,
              52.0596068
            ],
            [
              10.387598,
              52.0592422
            ],
            [
              10.3878116,
              52.0589334
            ],
            [
              10.3881769,
              52.0584026
            ],
            [
              10.3882731,
              52.0582735
            ],
            [
              10.3883054,
              52.0580494
            ],
            [
              10.3883296,
              52.0580528
            ],
            [
              10.3883237,
              52.058091
            ],
            [
              10.3882953,
              52.0582755
            ],
            [
              10.3882809,
              52.0582997
            ],
            [
              10.3883562,
              52.058309
            ],
            [
              10.388383,
              52.0583132
            ],
            [
              10.3884355,
              52.0583214
            ],
            [
              10.3884752,
              52.0582171
            ],
            [
              10.3885742,
              52.0579568
            ],
            [
              10.3885947,
              52.0579614
            ],
            [
              10.3887642,
              52.0579841
            ],
            [
              10.3893388,
              52.0580609
            ],
            [
              10.3894136,
              52.0580735
            ],
            [
              10.3901662,
              52.0582007
            ],
            [
              10.3904901,
              52.0582555
            ],
            [
              10.3909632,
              52.0583355
            ],
            [
              10.3911652,
              52.0583696
            ],
            [
              10.3912224,
              52.0583767
            ],
            [
              10.391245,
              52.0583831
            ],
            [
              10.3928426,
              52.0586531
            ],
            [
              10.3924369,
              52.0579386
            ],
            [
              10.3921052,
              52.0573566
            ],
            [
              10.3919745,
              52.0571202
            ],
            [
              10.3919356,
              52.0570498
            ],
            [
              10.3919293,
              52.0570384
            ],
            [
              10.3919054,
              52.0569956
            ],
            [
              10.3917637,
              52.0567415
            ],
            [
              10.3917563,
              52.0567283
            ],
            [
              10.3916801,
              52.0565921
            ],
            [
              10.3916917,
              52.0565731
            ],
            [
              10.3917024,
              52.0565557
            ],
            [
              10.3917622,
              52.0564583
            ],
            [
              10.3923708,
              52.0567234
            ],
            [
              10.392695,
              52.056291
            ],
            [
              10.3926392,
              52.0562183
            ],
            [
              10.3926972,
              52.0561121
            ],
            [
              10.3926215,
              52.0558471
            ],
            [
              10.3925753,
              52.0556854
            ],
            [
              10.3923282,
              52.055639
            ],
            [
              10.3920618,
              52.0555748
            ],
            [
              10.3920234,
              52.0555655
            ],
            [
              10.3913437,
              52.0554597
            ],
            [
              10.3912538,
              52.055405
            ],
            [
              10.3912164,
              52.0553822
            ],
            [
              10.3910538,
              52.0553491
            ],
            [
              10.3909004,
              52.0553282
            ],
            [
              10.3907121,
              52.0553176
            ],
            [
              10.3906291,
              52.0553154
            ],
            [
              10.3906537,
              52.0552475
            ],
            [
              10.3906715,
              52.0552357
            ],
            [
              10.3907745,
              52.0551672
            ],
            [
              10.3908309,
              52.0551297
            ],
            [
              10.3911459,
              52.0547272
            ],
            [
              10.3911537,
              52.054717
            ],
            [
              10.3912184,
              52.0546342
            ],
            [
              10.3912427,
              52.0546032
            ],
            [
              10.3912472,
              52.0545974
            ],
            [
              10.3912056,
              52.0545912
            ],
            [
              10.3911217,
              52.0545782
            ],
            [
              10.3909664,
              52.0545539
            ],
            [
              10.3907073,
              52.0545145
            ],
            [
              10.3904514,
              52.0544802
            ],
            [
              10.3904577,
              52.0544635
            ],
            [
              10.390471,
              52.0544298
            ],
            [
              10.3904807,
              52.0544055
            ],
            [
              10.3904852,
              52.0543939
            ],
            [
              10.3904942,
              52.0543713
            ],
            [
              10.3905208,
              52.0543033
            ],
            [
              10.3905239,
              52.0542946
            ],
            [
              10.3905244,
              52.0542918
            ],
            [
              10.3905601,
              52.0542425
            ],
            [
              10.3905587,
              52.0542371
            ],
            [
              10.3905551,
              52.0542225
            ],
            [
              10.3904934,
              52.0542054
            ],
            [
              10.3903554,
              52.0541673
            ],
            [
              10.39029,
              52.0541492
            ],
            [
              10.3903115,
              52.0541419
            ],
            [
              10.3903668,
              52.0541233
            ],
            [
              10.3904755,
              52.0536413
            ],
            [
              10.39048,
              52.0536213
            ],
            [
              10.3905196,
              52.0534457
            ],
            [
              10.3905336,
              52.0533833
            ],
            [
              10.3906722,
              52.0530607
            ],
            [
              10.3906981,
              52.0530004
            ],
            [
              10.3908269,
              52.0527006
            ],
            [
              10.3909148,
              52.0524959
            ],
            [
              10.3909462,
              52.0524361
            ],
            [
              10.3906137,
              52.0523637
            ],
            [
              10.3903573,
              52.0523123
            ],
            [
              10.3901893,
              52.0522785
            ],
            [
              10.3900097,
              52.0522355
            ],
            [
              10.3899929,
              52.0522314
            ],
            [
              10.3898238,
              52.0521717
            ],
            [
              10.3896606,
              52.0520789
            ],
            [
              10.3895126,
              52.05198
            ],
            [
              10.3892046,
              52.0517499
            ],
            [
              10.3896392,
              52.0510901
            ],
            [
              10.3896435,
              52.0510835
            ],
            [
              10.3896657,
              52.0510498
            ],
            [
              10.3901316,
              52.0503442
            ],
            [
              10.3901929,
              52.0502513
            ],
            [
              10.390212,
              52.0502224
            ],
            [
              10.390465,
              52.0498392
            ],
            [
              10.3906684,
              52.0495311
            ],
            [
              10.3910672,
              52.0496494
            ],
            [
              10.3912214,
              52.049343
            ],
            [
              10.3913416,
              52.0491037
            ],
            [
              10.3913633,
              52.0490606
            ],
            [
              10.3915849,
              52.0486194
            ],
            [
              10.3916601,
              52.0484697
            ],
            [
              10.391665,
              52.0484606
            ],
            [
              10.3916773,
              52.0484384
            ],
            [
              10.3917118,
              52.048366
            ],
            [
              10.3917172,
              52.0483555
            ],
            [
              10.3917228,
              52.048345
            ],
            [
              10.3917275,
              52.048335
            ],
            [
              10.391737,
              52.0483167
            ],
            [
              10.3911139,
              52.0481991
            ],
            [
              10.3910927,
              52.0481996
            ],
            [
              10.3910077,
              52.0482036
            ],
            [
              10.3909365,
              52.0482038
            ],
            [
              10.3908584,
              52.048207
            ],
            [
              10.3911137,
              52.047791
            ],
            [
              10.3911886,
              52.0476688
            ],
            [
              10.3913504,
              52.0474053
            ],
            [
              10.3913999,
              52.0473245
            ],
            [
              10.3916421,
              52.0469299
            ],
            [
              10.3916866,
              52.0468573
            ],
            [
              10.3916971,
              52.0468401
            ],
            [
              10.3918405,
              52.0466066
            ],
            [
              10.3918645,
              52.0465673
            ],
            [
              10.3919315,
              52.0464579
            ],
            [
              10.3923719,
              52.0457524
            ],
            [
              10.392383,
              52.0457347
            ],
            [
              10.3927135,
              52.045205
            ],
            [
              10.3929218,
              52.0448714
            ],
            [
              10.3929304,
              52.0448577
            ],
            [
              10.3930129,
              52.0447256
            ],
            [
              10.3929692,
              52.044671
            ],
            [
              10.3927662,
              52.044642
            ],
            [
              10.3927413,
              52.0446384
            ],
            [
              10.3922484,
              52.0445681
            ],
            [
              10.3922861,
              52.0444662
            ],
            [
              10.3922561,
              52.0444225
            ],
            [
              10.3923259,
              52.0443532
            ],
            [
              10.3923924,
              52.0442872
            ],
            [
              10.392854,
              52.0438287
            ],
            [
              10.3929173,
              52.0437659
            ],
            [
              10.3930277,
              52.0436562
            ],
            [
              10.3930848,
              52.0435994
            ],
            [
              10.3937508,
              52.043082
            ],
            [
              10.3937978,
              52.0430455
            ],
            [
              10.3944423,
              52.042389
            ],
            [
              10.3953331,
              52.0417601
            ],
            [
              10.395496,
              52.0416611
            ],
            [
              10.3955239,
              52.0416442
            ],
            [
              10.3955917,
              52.041603
            ],
            [
              10.3957902,
              52.0414826
            ],
            [
              10.3964475,
              52.041084
            ],
            [
              10.3965106,
              52.0410466
            ],
            [
              10.3979811,
              52.040333
            ],
            [
              10.3984042,
              52.0401283
            ],
            [
              10.3986266,
              52.0399722
            ],
            [
              10.3989061,
              52.0397759
            ],
            [
              10.3991877,
              52.039539
            ],
            [
              10.3992006,
              52.0394998
            ],
            [
              10.3992191,
              52.0394391
            ],
            [
              10.3993619,
              52.0389712
            ],
            [
              10.399088,
              52.0382064
            ],
            [
              10.3990182,
              52.0381226
            ],
            [
              10.3990032,
              52.0380769
            ],
            [
              10.399072,
              52.0380899
            ],
            [
              10.3995267,
              52.0378139
            ],
            [
              10.3995668,
              52.0377895
            ],
            [
              10.3996297,
              52.0377514
            ],
            [
              10.3999037,
              52.037585
            ],
            [
              10.4002912,
              52.0373498
            ],
            [
              10.400632,
              52.0371429
            ],
            [
              10.4007749,
              52.0370562
            ],
            [
              10.4011004,
              52.0368586
            ],
            [
              10.4013235,
              52.0367231
            ],
            [
              10.4016928,
              52.0364989
            ],
            [
              10.402145,
              52.0362244
            ],
            [
              10.4026423,
              52.0359225
            ],
            [
              10.4030558,
              52.0356714
            ],
            [
              10.4038581,
              52.0351775
            ],
            [
              10.4038962,
              52.0351612
            ],
            [
              10.4039721,
              52.0351685
            ],
            [
              10.4044555,
              52.0352303
            ],
            [
              10.405606,
              52.0353774
            ],
            [
              10.4059106,
              52.0353495
            ],
            [
              10.4060963,
              52.0353066
            ],
            [
              10.4061961,
              52.0352767
            ],
            [
              10.4063227,
              52.0352387
            ],
            [
              10.4065053,
              52.0351662
            ],
            [
              10.4066089,
              52.0351036
            ],
            [
              10.4066992,
              52.0350443
            ],
            [
              10.4067397,
              52.0350339
            ],
            [
              10.4074171,
              52.0348723
            ],
            [
              10.407554,
              52.0348184
            ],
            [
              10.4076203,
              52.0347803
            ],
            [
              10.407659,
              52.0347625
            ],
            [
              10.4076949,
              52.0347358
            ],
            [
              10.407901,
              52.0347278
            ],
            [
              10.4081728,
              52.0347048
            ],
            [
              10.4084568,
              52.0347033
            ],
            [
              10.4087362,
              52.0347623
            ],
            [
              10.4090169,
              52.0349391
            ],
            [
              10.4092301,
              52.0350737
            ],
            [
              10.4094109,
              52.0352502
            ],
            [
              10.4094605,
              52.0352986
            ],
            [
              10.4095716,
              52.035407
            ],
            [
              10.4102201,
              52.0357923
            ],
            [
              10.4108553,
              52.0360075
            ],
            [
              10.4108115,
              52.0360647
            ],
            [
              10.4112299,
              52.0362064
            ],
            [
              10.4117431,
              52.0363768
            ],
            [
              10.4117711,
              52.0364237
            ],
            [
              10.4118446,
              52.0364529
            ],
            [
              10.4116733,
              52.0366168
            ],
            [
              10.4111253,
              52.0371413
            ],
            [
              10.4107279,
              52.0376396
            ],
            [
              10.410168,
              52.0382674
            ],
            [
              10.4103814,
              52.0383955
            ],
            [
              10.4104622,
              52.038444
            ],
            [
              10.4108333,
              52.0386666
            ],
            [
              10.4113571,
              52.0389808
            ],
            [
              10.4113717,
              52.0389896
            ],
            [
              10.4114228,
              52.03902
            ],
            [
              10.4114562,
              52.0390399
            ],
            [
              10.4114688,
              52.0390475
            ],
            [
              10.410989,
              52.0391899
            ],
            [
              10.4105457,
              52.0393132
            ],
            [
              10.4101205,
              52.0394316
            ],
            [
              10.4096809,
              52.0396858
            ],
            [
              10.4091518,
              52.0399918
            ],
            [
              10.4104562,
              52.0401404
            ],
            [
              10.4108442,
              52.0401845
            ],
            [
              10.4124229,
              52.0403643
            ],
            [
              10.4131215,
              52.0404438
            ],
            [
              10.4139658,
              52.0405399
            ],
            [
              10.4140328,
              52.0405476
            ],
            [
              10.4141321,
              52.0405589
            ],
            [
              10.4141738,
              52.0405636
            ],
            [
              10.4143445,
              52.0402939
            ],
            [
              10.4144957,
              52.0400453
            ],
            [
              10.4145996,
              52.0398583
            ],
            [
              10.4146182,
              52.0398615
            ],
            [
              10.414703,
              52.039876
            ],
            [
              10.4152409,
              52.0406075
            ],
            [
              10.4164832,
              52.0422866
            ],
            [
              10.4164973,
              52.0423057
            ],
            [
              10.416533,
              52.0423541
            ],
            [
              10.419871,
              52.0440921
            ],
            [
              10.4199089,
              52.0441119
            ],
            [
              10.4227163,
              52.0455734
            ],
            [
              10.4250565,
              52.0467913
            ],
            [
              10.4250638,
              52.0467955
            ],
            [
              10.4253051,
              52.0470209
            ],
            [
              10.42623,
              52.0487055
            ],
            [
              10.4265624,
              52.0487963
            ],
            [
              10.4300574,
              52.0497108
            ],
            [
              10.4302009,
              52.0497481
            ],
            [
              10.4303564,
              52.0497887
            ],
            [
              10.4304039,
              52.0498011
            ],
            [
              10.4304787,
              52.0498206
            ],
            [
              10.4332872,
              52.0505524
            ],
            [
              10.4375198,
              52.050416
            ],
            [
              10.4375248,
              52.0504382
            ],
            [
              10.4375362,
              52.050488
            ],
            [
              10.4377418,
              52.051435
            ],
            [
              10.4378567,
              52.0519596
            ],
            [
              10.4379282,
              52.0522901
            ],
            [
              10.4379472,
              52.052378
            ],
            [
              10.4379533,
              52.052406
            ],
            [
              10.437968,
              52.0524671
            ],
            [
              10.4381799,
              52.0533466
            ],
            [
              10.4383646,
              52.0542982
            ],
            [
              10.4383706,
              52.0543262
            ],
            [
              10.438377,
              52.0543554
            ],
            [
              10.4383828,
              52.0543821
            ],
            [
              10.4383888,
              52.0544098
            ],
            [
              10.4381585,
              52.0544762
            ],
            [
              10.4379495,
              52.0545783
            ],
            [
              10.4375898,
              52.0548029
            ],
            [
              10.4376002,
              52.0548861
            ],
            [
              10.4377197,
              52.0558365
            ],
            [
              10.4377709,
              52.0562442
            ],
            [
              10.4376017,
              52.0562319
            ],
            [
              10.4368018,
              52.0561007
            ],
            [
              10.4358927,
              52.0559515
            ],
            [
              10.4357506,
              52.0559508
            ],
            [
              10.4357425,
              52.055956
            ],
            [
              10.4356905,
              52.0559888
            ],
            [
              10.4344619,
              52.0569636
            ],
            [
              10.4332257,
              52.0579445
            ],
            [
              10.4331591,
              52.0579936
            ],
            [
              10.4330834,
              52.0580494
            ],
            [
              10.4330311,
              52.0580878
            ],
            [
              10.4328165,
              52.0582222
            ],
            [
              10.4325872,
              52.0583455
            ],
            [
              10.4323422,
              52.058458
            ],
            [
              10.432082,
              52.0585596
            ],
            [
              10.4320617,
              52.0585662
            ],
            [
              10.4318902,
              52.0586217
            ],
            [
              10.4318099,
              52.0586476
            ],
            [
              10.4315286,
              52.0587238
            ],
            [
              10.431242,
              52.0587853
            ],
            [
              10.4303718,
              52.0589497
            ],
            [
              10.429479,
              52.0591184
            ],
            [
              10.4292654,
              52.0591689
            ],
            [
              10.4292616,
              52.0591404
            ],
            [
              10.4292616,
              52.0591045
            ],
            [
              10.426953,
              52.0595135
            ],
            [
              10.4265246,
              52.0595363
            ],
            [
              10.4262446,
              52.059534
            ],
            [
              10.4260236,
              52.0595221
            ],
            [
              10.4259902,
              52.0595614
            ],
            [
              10.425788,
              52.0595154
            ],
            [
              10.4249729,
              52.0594927
            ],
            [
              10.4247944,
              52.059534
            ],
            [
              10.424609,
              52.0596114
            ],
            [
              10.4242946,
              52.0597183
            ],
            [
              10.424084,
              52.0597831
            ],
            [
              10.4238627,
              52.0598356
            ],
            [
              10.4237445,
              52.05985
            ],
            [
              10.423617,
              52.0598453
            ],
            [
              10.4234809,
              52.0598088
            ],
            [
              10.4212971,
              52.0588167
            ],
            [
              10.420934,
              52.0586419
            ],
            [
              10.4205687,
              52.0585064
            ],
            [
              10.4194915,
              52.0583127
            ],
            [
              10.4169363,
              52.0580075
            ],
            [
              10.4161699,
              52.0579554
            ],
            [
              10.4157918,
              52.0578939
            ],
            [
              10.4153874,
              52.0578066
            ],
            [
              10.4150306,
              52.0578298
            ],
            [
              10.4150343,
              52.0578647
            ],
            [
              10.4150247,
              52.0578916
            ],
            [
              10.4150045,
              52.0579533
            ],
            [
              10.4149791,
              52.0580311
            ],
            [
              10.4148336,
              52.0584787
            ],
            [
              10.4143749,
              52.0598867
            ],
            [
              10.4143132,
              52.059882
            ],
            [
              10.4139467,
              52.0598549
            ],
            [
              10.413581,
              52.0598271
            ],
            [
              10.4134663,
              52.0598187
            ],
            [
              10.4132135,
              52.0598001
            ],
            [
              10.41285,
              52.0597721
            ],
            [
              10.4125947,
              52.0597524
            ],
            [
              10.4124839,
              52.0597439
            ],
            [
              10.4121206,
              52.0597162
            ],
            [
              10.411981,
              52.0597048
            ],
            [
              10.411754,
              52.0596863
            ],
            [
              10.4115399,
              52.0596671
            ],
            [
              10.4118298,
              52.0587812
            ],
            [
              10.4118316,
              52.0587768
            ],
            [
              10.4118405,
              52.0587483
            ],
            [
              10.4116831,
              52.0588107
            ],
            [
              10.4115681,
              52.0588564
            ],
            [
              10.4115109,
              52.0588168
            ],
            [
              10.4094658,
              52.0590333
            ],
            [
              10.4093932,
              52.0590313
            ],
            [
              10.4093311,
              52.0590072
            ],
            [
              10.4093109,
              52.0589643
            ],
            [
              10.4093809,
              52.0582184
            ],
            [
              10.4093933,
              52.0580852
            ],
            [
              10.4094339,
              52.0578185
            ],
            [
              10.4094468,
              52.0577341
            ],
            [
              10.4094461,
              52.057683
            ],
            [
              10.4094459,
              52.0576676
            ],
            [
              10.4094457,
              52.0576504
            ],
            [
              10.4094216,
              52.0576001
            ],
            [
              10.4094112,
              52.0575781
            ],
            [
              10.4092604,
              52.0572624
            ],
            [
              10.4088837,
              52.0564732
            ],
            [
              10.4088382,
              52.0564052
            ],
            [
              10.408751,
              52.0563343
            ],
            [
              10.4086252,
              52.0562836
            ],
            [
              10.4085295,
              52.0562624
            ],
            [
              10.4084288,
              52.0562551
            ],
            [
              10.4069606,
              52.0562706
            ],
            [
              10.4069552,
              52.0562784
            ],
            [
              10.4069264,
              52.056323
            ],
            [
              10.4069143,
              52.0563417
            ],
            [
              10.4064144,
              52.0571152
            ],
            [
              10.4063582,
              52.0572021
            ],
            [
              10.4060487,
              52.057681
            ],
            [
              10.405807,
              52.0580551
            ],
            [
              10.4056019,
              52.0583724
            ],
            [
              10.4055647,
              52.0584158
            ],
            [
              10.4054792,
              52.0585153
            ],
            [
              10.4053208,
              52.0584698
            ],
            [
              10.4051286,
              52.0584147
            ],
            [
              10.404249,
              52.0581618
            ],
            [
              10.4040878,
              52.0581155
            ],
            [
              10.4034306,
              52.0579241
            ],
            [
              10.402767,
              52.0577239
            ],
            [
              10.4023137,
              52.0575949
            ],
            [
              10.4021899,
              52.0575595
            ],
            [
              10.4020206,
              52.0575313
            ],
            [
              10.4018395,
              52.0581037
            ],
            [
              10.4010528,
              52.0605896
            ],
            [
              10.4008624,
              52.0604704
            ],
            [
              10.4006899,
              52.06036
            ],
            [
              10.4007512,
              52.0604565
            ],
            [
              10.4004529,
              52.0602779
            ],
            [
              10.400347,
              52.0602145
            ],
            [
              10.400257,
              52.0601606
            ],
            [
              10.4002189,
              52.060238
            ],
            [
              10.4001907,
              52.060295
            ],
            [
              10.4001811,
              52.0603145
            ],
            [
              10.4001543,
              52.0603688
            ],
            [
              10.4001228,
              52.0604326
            ],
            [
              10.4000312,
              52.0606175
            ],
            [
              10.4000258,
              52.0606288
            ],
            [
              10.3997789,
              52.0604738
            ],
            [
              10.3997147,
              52.0604335
            ],
            [
              10.3994362,
              52.0602587
            ],
            [
              10.399456,
              52.0603056
            ],
            [
              10.3994788,
              52.060415
            ],
            [
              10.3995373,
              52.0606001
            ],
            [
              10.3996365,
              52.0607762
            ],
            [
              10.3997252,
              52.0609037
            ],
            [
              10.399813,
              52.06103
            ],
            [
              10.3998215,
              52.0610422
            ],
            [
              10.3999571,
              52.0612575
            ],
            [
              10.4000061,
              52.0613886
            ],
            [
              10.3999881,
              52.0615228
            ],
            [
              10.3999526,
              52.0616552
            ],
            [
              10.3999158,
              52.0617476
            ],
            [
              10.3993994,
              52.0628023
            ],
            [
              10.3993727,
              52.0628568
            ],
            [
              10.3993634,
              52.0628878
            ],
            [
              10.3993271,
              52.0630084
            ],
            [
              10.398801,
              52.0638403
            ],
            [
              10.3978532,
              52.0637078
            ],
            [
              10.3977635,
              52.0626637
            ],
            [
              10.3977646,
              52.0626268
            ],
            [
              10.3976469,
              52.0626102
            ],
            [
              10.3975996,
              52.0626035
            ],
            [
              10.397544,
              52.0625957
            ],
            [
              10.3974486,
              52.0625823
            ],
            [
              10.3974128,
              52.0625994
            ],
            [
              10.3968631,
              52.0627747
            ],
            [
              10.3962501,
              52.0629701
            ],
            [
              10.3959431,
              52.063068
            ],
            [
              10.3932876,
              52.0639142
            ],
            [
              10.3928949,
              52.0640394
            ],
            [
              10.3925851,
              52.0639761
            ],
            [
              10.3919323,
              52.0638429
            ],
            [
              10.3907625,
              52.0636124
            ],
            [
              10.3889873,
              52.0632626
            ],
            [
              10.3889054,
              52.0632464
            ],
            [
              10.3888547,
              52.0633473
            ],
            [
              10.3888286,
              52.0634277
            ],
            [
              10.3888072,
              52.0635267
            ],
            [
              10.3888079,
              52.0636395
            ],
            [
              10.3888316,
              52.0637784
            ],
            [
              10.3889259,
              52.0639781
            ],
            [
              10.3889747,
              52.0641027
            ],
            [
              10.3902581,
              52.0643786
            ],
            [
              10.3901276,
              52.0647346
            ],
            [
              10.3901157,
              52.0647641
            ],
            [
              10.3901114,
              52.0647785
            ],
            [
              10.3889144,
              52.0644672
            ],
            [
              10.3888915,
              52.0644613
            ],
            [
              10.3888686,
              52.0644554
            ],
            [
              10.3888564,
              52.0644527
            ],
            [
              10.3888204,
              52.0645584
            ],
            [
              10.3887639,
              52.0647914
            ],
            [
              10.3887312,
              52.0649671
            ],
            [
              10.3886989,
              52.0651405
            ],
            [
              10.3886603,
              52.0653163
            ],
            [
              10.3886186,
              52.0654914
            ],
            [
              10.3885316,
              52.0656787
            ],
            [
              10.388419,
              52.0658416
            ],
            [
              10.3883107,
              52.0660864
            ],
            [
              10.388291,
              52.0661999
            ],
            [
              10.3882842,
              52.0665506
            ],
            [
              10.3882304,
              52.0668892
            ],
            [
              10.3882353,
              52.067068
            ],
            [
              10.3882731,
              52.0676552
            ],
            [
              10.3882766,
              52.0677359
            ],
            [
              10.3883032,
              52.0678335
            ],
            [
              10.3883272,
              52.0679048
            ],
            [
              10.3883635,
              52.0679604
            ],
            [
              10.3884086,
              52.0680148
            ],
            [
              10.3885391,
              52.0681092
            ],
            [
              10.3885882,
              52.0681641
            ],
            [
              10.3886117,
              52.0681934
            ],
            [
              10.38868,
              52.0683992
            ],
            [
              10.388608,
              52.0685102
            ],
            [
              10.3885455,
              52.0685806
            ],
            [
              10.3884756,
              52.0686697
            ],
            [
              10.3884038,
              52.0687546
            ],
            [
              10.3883648,
              52.0688357
            ],
            [
              10.3882319,
              52.0689956
            ],
            [
              10.3881329,
              52.0691641
            ],
            [
              10.3880844,
              52.0692357
            ],
            [
              10.3880308,
              52.0694152
            ],
            [
              10.3880173,
              52.0694843
            ],
            [
              10.3880459,
              52.0698763
            ],
            [
              10.3880319,
              52.070052
            ],
            [
              10.3880056,
              52.0701718
            ],
            [
              10.3879737,
              52.0702677
            ],
            [
              10.3879596,
              52.0703346
            ],
            [
              10.387955,
              52.070434
            ],
            [
              10.3879499,
              52.0704978
            ],
            [
              10.3879373,
              52.0705693
            ],
            [
              10.3879156,
              52.0706364
            ],
            [
              10.3877855,
              52.0708238
            ],
            [
              10.3874334,
              52.0711026
            ],
            [
              10.3872421,
              52.0712458
            ],
            [
              10.3869598,
              52.0713963
            ],
            [
              10.3868766,
              52.0714293
            ],
            [
              10.3866657,
              52.071513
            ],
            [
              10.3865799,
              52.0715631
            ],
            [
              10.3864422,
              52.0716946
            ],
            [
              10.3863492,
              52.0717962
            ],
            [
              10.386319,
              52.0718915
            ],
            [
              10.3862904,
              52.0719626
            ],
            [
              10.3862514,
              52.0720533
            ],
            [
              10.3862186,
              52.0721332
            ],
            [
              10.3861299,
              52.0722277
            ],
            [
              10.3859887,
              52.0723521
            ],
            [
              10.3859259,
              52.0724565
            ],
            [
              10.3859051,
              52.0725185
            ],
            [
              10.3858446,
              52.0726776
            ],
            [
              10.385748,
              52.0728537
            ],
            [
              10.3856494,
              52.073096
            ],
            [
              10.3856785,
              52.0732313
            ],
            [
              10.3857429,
              52.0732947
            ],
            [
              10.3858659,
              52.0733704
            ],
            [
              10.3859376,
              52.0734021
            ],
            [
              10.386005,
              52.0734466
            ],
            [
              10.3860512,
              52.0735132
            ],
            [
              10.386032,
              52.0736427
            ],
            [
              10.3859802,
              52.0737196
            ],
            [
              10.3858065,
              52.0738764
            ],
            [
              10.3857894,
              52.073876
            ],
            [
              10.3857405,
              52.0738749
            ],
            [
              10.3854732,
              52.073869
            ],
            [
              10.385194,
              52.0738629
            ],
            [
              10.38456,
              52.073849
            ],
            [
              10.3840689,
              52.0738382
            ],
            [
              10.3839635,
              52.0738358
            ],
            [
              10.3838853,
              52.0738341
            ],
            [
              10.3834536,
              52.0738246
            ],
            [
              10.3830612,
              52.073816
            ],
            [
              10.3825335,
              52.0738043
            ],
            [
              10.3821646,
              52.0737962
            ],
            [
              10.3817505,
              52.0737871
            ],
            [
              10.3816228,
              52.0737843
            ],
            [
              10.3814576,
              52.0737807
            ],
            [
              10.3813534,
              52.0737784
            ],
            [
              10.3805913,
              52.0737616
            ],
            [
              10.3805257,
              52.0737601
            ],
            [
              10.3800836,
              52.0737504
            ],
            [
              10.3800571,
              52.0737498
            ]
          ]
        ]
      }
    },
    {
      "type": "Feature",
      "properties": {
        "name": "Hohenrode",
        "city": "Salzgitter",
        "osm_id": 3413990,
        "osm_type": "relation",
        "display": "Hohenrode, Ortschaft Süd, Salzgitter, Niedersachsen, Deutschland"
      },
      "geometry": {
        "type": "Polygon",
        "coordinates": [
          [
            [
              10.3390754,
              52.0255413
            ],
            [
              10.3393838,
              52.0254151
            ],
            [
              10.3396523,
              52.0251835
            ],
            [
              10.3398151,
              52.0251028
            ],
            [
              10.3401906,
              52.0249924
            ],
            [
              10.3405414,
              52.024737
            ],
            [
              10.3406326,
              52.0245471
            ],
            [
              10.3405347,
              52.0244657
            ],
            [
              10.3403145,
              52.0242801
            ],
            [
              10.3402448,
              52.0241802
            ],
            [
              10.3402259,
              52.0240739
            ],
            [
              10.3402795,
              52.0240011
            ],
            [
              10.3405807,
              52.0236757
            ],
            [
              10.3408022,
              52.0235029
            ],
            [
              10.3412776,
              52.0232543
            ],
            [
              10.3416317,
              52.0230672
            ],
            [
              10.341848,
              52.022987
            ],
            [
              10.3419801,
              52.0229379
            ],
            [
              10.3423515,
              52.0228264
            ],
            [
              10.3429983,
              52.022734
            ],
            [
              10.3433109,
              52.0226893
            ],
            [
              10.3433748,
              52.0226802
            ],
            [
              10.3438464,
              52.0225609
            ],
            [
              10.3441372,
              52.0224844
            ],
            [
              10.3442734,
              52.0224175
            ],
            [
              10.3445713,
              52.0223335
            ],
            [
              10.3447924,
              52.0222774
            ],
            [
              10.3450336,
              52.0222265
            ],
            [
              10.3453558,
              52.022162
            ],
            [
              10.3455978,
              52.0220645
            ],
            [
              10.3464241,
              52.0220692
            ],
            [
              10.3466704,
              52.0220668
            ],
            [
              10.3470136,
              52.0220366
            ],
            [
              10.3475065,
              52.0219991
            ],
            [
              10.3479434,
              52.0219677
            ],
            [
              10.3480677,
              52.0219161
            ],
            [
              10.3481825,
              52.0218037
            ],
            [
              10.3482027,
              52.0217839
            ],
            [
              10.3485335,
              52.0215206
            ],
            [
              10.3486296,
              52.0214461
            ],
            [
              10.3486653,
              52.021408
            ],
            [
              10.3487212,
              52.0213481
            ],
            [
              10.3487465,
              52.0213211
            ],
            [
              10.3487816,
              52.0212456
            ],
            [
              10.3486034,
              52.0212057
            ],
            [
              10.3485575,
              52.0211954
            ],
            [
              10.3484661,
              52.0211749
            ],
            [
              10.3484133,
              52.0211256
            ],
            [
              10.3483532,
              52.0211341
            ],
            [
              10.3482898,
              52.0211426
            ],
            [
              10.3480937,
              52.0211243
            ],
            [
              10.3479624,
              52.021112
            ],
            [
              10.3473106,
              52.0210152
            ],
            [
              10.3472437,
              52.0210053
            ],
            [
              10.347119,
              52.0209868
            ],
            [
              10.3459858,
              52.0208515
            ],
            [
              10.3456331,
              52.0208094
            ],
            [
              10.3450953,
              52.0207545
            ],
            [
              10.3448295,
              52.0207273
            ],
            [
              10.3441463,
              52.0206656
            ],
            [
              10.3434237,
              52.0206061
            ],
            [
              10.3423732,
              52.0205316
            ],
            [
              10.3422676,
              52.0204769
            ],
            [
              10.3422556,
              52.020473
            ],
            [
              10.3428193,
              52.0185907
            ],
            [
              10.3428836,
              52.018376
            ],
            [
              10.3432733,
              52.017074
            ],
            [
              10.3439012,
              52.017284
            ],
            [
              10.3441917,
              52.0173811
            ],
            [
              10.3447924,
              52.0175819
            ],
            [
              10.3448237,
              52.0175924
            ],
            [
              10.345099,
              52.0176844
            ],
            [
              10.3463308,
              52.0180965
            ],
            [
              10.3472849,
              52.0184156
            ],
            [
              10.3473433,
              52.0184351
            ],
            [
              10.3474574,
              52.0184733
            ],
            [
              10.3475341,
              52.0185534
            ],
            [
              10.3476162,
              52.0185045
            ],
            [
              10.3476732,
              52.0184706
            ],
            [
              10.3477694,
              52.0184134
            ],
            [
              10.3479008,
              52.0182877
            ],
            [
              10.3497081,
              52.018958
            ],
            [
              10.3503199,
              52.019185
            ],
            [
              10.3503365,
              52.0192243
            ],
            [
              10.350379,
              52.0193817
            ],
            [
              10.3504632,
              52.0196938
            ],
            [
              10.3504833,
              52.0197682
            ],
            [
              10.350493,
              52.0198036
            ],
            [
              10.3505074,
              52.0198567
            ],
            [
              10.3507367,
              52.0198853
            ],
            [
              10.3509208,
              52.0199146
            ],
            [
              10.3516749,
              52.0201463
            ],
            [
              10.3521606,
              52.0203545
            ],
            [
              10.35222,
              52.0204036
            ],
            [
              10.3524926,
              52.020497
            ],
            [
              10.3535171,
              52.0204377
            ],
            [
              10.353566,
              52.0204182
            ],
            [
              10.3535911,
              52.0203826
            ],
            [
              10.353599,
              52.0202935
            ],
            [
              10.3536828,
              52.020294
            ],
            [
              10.3537,
              52.0202807
            ],
            [
              10.3537166,
              52.0202678
            ],
            [
              10.3543059,
              52.0198411
            ],
            [
              10.3554489,
              52.0190103
            ],
            [
              10.3555621,
              52.0189281
            ],
            [
              10.3556598,
              52.0188561
            ],
            [
              10.355716,
              52.0188145
            ],
            [
              10.3559582,
              52.0189891
            ],
            [
              10.356002,
              52.0190206
            ],
            [
              10.3560119,
              52.0190328
            ],
            [
              10.3560904,
              52.0190059
            ],
            [
              10.3566419,
              52.0189905
            ],
            [
              10.3569107,
              52.0190334
            ],
            [
              10.3575739,
              52.0190017
            ],
            [
              10.357615,
              52.0190781
            ],
            [
              10.3576856,
              52.0190635
            ],
            [
              10.3578084,
              52.0190244
            ],
            [
              10.3578092,
              52.0190748
            ],
            [
              10.35781,
              52.0191272
            ],
            [
              10.3578098,
              52.0191738
            ],
            [
              10.3578088,
              52.0193957
            ],
            [
              10.3579452,
              52.0194503
            ],
            [
              10.3580748,
              52.0195023
            ],
            [
              10.3583632,
              52.0196179
            ],
            [
              10.3584634,
              52.019658
            ],
            [
              10.3585406,
              52.019689
            ],
            [
              10.3585873,
              52.019623
            ],
            [
              10.3588988,
              52.0199444
            ],
            [
              10.3594281,
              52.019706
            ],
            [
              10.3600215,
              52.0194388
            ],
            [
              10.3603014,
              52.0193127
            ],
            [
              10.3608141,
              52.0190818
            ],
            [
              10.3615144,
              52.0187663
            ],
            [
              10.3621943,
              52.0184601
            ],
            [
              10.3628469,
              52.0181661
            ],
            [
              10.3635463,
              52.0178488
            ],
            [
              10.3642424,
              52.0175384
            ],
            [
              10.3647322,
              52.0173304
            ],
            [
              10.3647758,
              52.01731
            ],
            [
              10.3647952,
              52.0172712
            ],
            [
              10.3653348,
              52.0170122
            ],
            [
              10.3653015,
              52.0169895
            ],
            [
              10.3653094,
              52.0169775
            ],
            [
              10.3653286,
              52.0169482
            ],
            [
              10.3653585,
              52.0169026
            ],
            [
              10.3654384,
              52.0168261
            ],
            [
              10.3654919,
              52.0168125
            ],
            [
              10.3656727,
              52.0167665
            ],
            [
              10.3661372,
              52.0165062
            ],
            [
              10.3666373,
              52.0161479
            ],
            [
              10.3666636,
              52.0161318
            ],
            [
              10.3666993,
              52.0161098
            ],
            [
              10.3669222,
              52.0159729
            ],
            [
              10.3670257,
              52.0159093
            ],
            [
              10.367035,
              52.015903
            ],
            [
              10.3671289,
              52.0159514
            ],
            [
              10.3672188,
              52.0159976
            ],
            [
              10.367311,
              52.016045
            ],
            [
              10.3669997,
              52.0162754
            ],
            [
              10.366953,
              52.01631
            ],
            [
              10.3669494,
              52.0163126
            ],
            [
              10.3669005,
              52.0163391
            ],
            [
              10.3668959,
              52.0163416
            ],
            [
              10.3668725,
              52.0163542
            ],
            [
              10.3668264,
              52.0163792
            ],
            [
              10.3667842,
              52.0164021
            ],
            [
              10.3670424,
              52.0165194
            ],
            [
              10.367152,
              52.0165828
            ],
            [
              10.3673757,
              52.0167121
            ],
            [
              10.3673984,
              52.0167252
            ],
            [
              10.3674236,
              52.0167398
            ],
            [
              10.3675406,
              52.0168206
            ],
            [
              10.3675594,
              52.016858
            ],
            [
              10.3675219,
              52.0170251
            ],
            [
              10.3674138,
              52.0173718
            ],
            [
              10.3672911,
              52.0177655
            ],
            [
              10.3672457,
              52.017911
            ],
            [
              10.3671747,
              52.0180685
            ],
            [
              10.367184,
              52.0180873
            ],
            [
              10.3670484,
              52.0185357
            ],
            [
              10.3669382,
              52.0188997
            ],
            [
              10.3667459,
              52.0195352
            ],
            [
              10.3667823,
              52.019582
            ],
            [
              10.3668274,
              52.0197755
            ],
            [
              10.3668434,
              52.0198441
            ],
            [
              10.3667698,
              52.0198847
            ],
            [
              10.3667399,
              52.0199796
            ],
            [
              10.3666959,
              52.0201196
            ],
            [
              10.3666713,
              52.0201978
            ],
            [
              10.3664959,
              52.020313
            ],
            [
              10.3659547,
              52.0206539
            ],
            [
              10.3654692,
              52.0209482
            ],
            [
              10.3648585,
              52.0212967
            ],
            [
              10.3648231,
              52.0213172
            ],
            [
              10.3646006,
              52.0214461
            ],
            [
              10.364277,
              52.0216337
            ],
            [
              10.3639977,
              52.0217908
            ],
            [
              10.3637207,
              52.0219467
            ],
            [
              10.3637092,
              52.0219532
            ],
            [
              10.3636726,
              52.0219738
            ],
            [
              10.3636449,
              52.0219894
            ],
            [
              10.3636861,
              52.022077
            ],
            [
              10.3637008,
              52.0221084
            ],
            [
              10.363426,
              52.022221
            ],
            [
              10.3632233,
              52.0223475
            ],
            [
              10.3627431,
              52.0226371
            ],
            [
              10.3623151,
              52.0228969
            ],
            [
              10.3620062,
              52.0230881
            ],
            [
              10.3618189,
              52.023214
            ],
            [
              10.3613373,
              52.0235379
            ],
            [
              10.3612874,
              52.0235715
            ],
            [
              10.3610921,
              52.0238036
            ],
            [
              10.3607017,
              52.0242105
            ],
            [
              10.3606843,
              52.0242666
            ],
            [
              10.3604098,
              52.02515
            ],
            [
              10.360414,
              52.0251761
            ],
            [
              10.3603762,
              52.025187
            ],
            [
              10.3602549,
              52.0252219
            ],
            [
              10.3601684,
              52.0252468
            ],
            [
              10.3598842,
              52.0253286
            ],
            [
              10.3595602,
              52.0254219
            ],
            [
              10.3591152,
              52.02555
            ],
            [
              10.3583596,
              52.0257675
            ],
            [
              10.3571188,
              52.0261247
            ],
            [
              10.35705,
              52.0261445
            ],
            [
              10.3570381,
              52.0261479
            ],
            [
              10.3562964,
              52.0263613
            ],
            [
              10.3559205,
              52.0264695
            ],
            [
              10.355517,
              52.0265857
            ],
            [
              10.3551479,
              52.026692
            ],
            [
              10.3545627,
              52.0268613
            ],
            [
              10.3543504,
              52.0269221
            ],
            [
              10.3543273,
              52.0269287
            ],
            [
              10.3542391,
              52.026954
            ],
            [
              10.3539758,
              52.0270294
            ],
            [
              10.3538554,
              52.027064
            ],
            [
              10.3538475,
              52.0270662
            ],
            [
              10.3538337,
              52.0270702
            ],
            [
              10.3537078,
              52.0271064
            ],
            [
              10.3533509,
              52.0272091
            ],
            [
              10.3525078,
              52.02745
            ],
            [
              10.3522198,
              52.0275325
            ],
            [
              10.3516933,
              52.0276834
            ],
            [
              10.3513191,
              52.0277907
            ],
            [
              10.3506843,
              52.0279725
            ],
            [
              10.3503579,
              52.028066
            ],
            [
              10.3501527,
              52.0281248
            ],
            [
              10.3501228,
              52.0279968
            ],
            [
              10.3501226,
              52.0279962
            ],
            [
              10.3500687,
              52.027766
            ],
            [
              10.3499675,
              52.0273347
            ],
            [
              10.3497939,
              52.0265956
            ],
            [
              10.3497566,
              52.0265557
            ],
            [
              10.3496925,
              52.0265712
            ],
            [
              10.3496229,
              52.0265881
            ],
            [
              10.349549,
              52.0266061
            ],
            [
              10.3495412,
              52.0265534
            ],
            [
              10.349529,
              52.0264716
            ],
            [
              10.3495238,
              52.0264365
            ],
            [
              10.3488238,
              52.0265783
            ],
            [
              10.3477148,
              52.0268156
            ],
            [
              10.3475682,
              52.0268527
            ],
            [
              10.3473275,
              52.0269136
            ],
            [
              10.3470529,
              52.0269921
            ],
            [
              10.3466946,
              52.0270971
            ],
            [
              10.3464023,
              52.027194
            ],
            [
              10.3461258,
              52.0272871
            ],
            [
              10.3460611,
              52.0273089
            ],
            [
              10.3459996,
              52.0272274
            ],
            [
              10.3455346,
              52.0266117
            ],
            [
              10.3454009,
              52.0264346
            ],
            [
              10.3451538,
              52.0261073
            ],
            [
              10.3451839,
              52.0260902
            ],
            [
              10.3452107,
              52.0260749
            ],
            [
              10.3451521,
              52.0260415
            ],
            [
              10.3450805,
              52.0260007
            ],
            [
              10.3450012,
              52.0259554
            ],
            [
              10.3446539,
              52.0260949
            ],
            [
              10.3443974,
              52.0261979
            ],
            [
              10.3437028,
              52.0264705
            ],
            [
              10.3431018,
              52.026704
            ],
            [
              10.3425387,
              52.0269224
            ],
            [
              10.3419548,
              52.0271506
            ],
            [
              10.3412451,
              52.0274334
            ],
            [
              10.3411854,
              52.0274486
            ],
            [
              10.3411327,
              52.0274601
            ],
            [
              10.3410456,
              52.0274429
            ],
            [
              10.3409426,
              52.0273195
            ],
            [
              10.3408599,
              52.0271979
            ],
            [
              10.3406908,
              52.0269489
            ],
            [
              10.340627,
              52.0268245
            ],
            [
              10.3405841,
              52.0266745
            ],
            [
              10.3404399,
              52.0267099
            ],
            [
              10.3404215,
              52.0266794
            ],
            [
              10.34041,
              52.0266604
            ],
            [
              10.3404997,
              52.026611
            ],
            [
              10.3404537,
              52.0265735
            ],
            [
              10.3401603,
              52.0262973
            ],
            [
              10.3398545,
              52.0260256
            ],
            [
              10.3395807,
              52.0257974
            ],
            [
              10.3394739,
              52.0257216
            ],
            [
              10.3394331,
              52.0256927
            ],
            [
              10.3394037,
              52.0256719
            ],
            [
              10.3393515,
              52.0257014
            ],
            [
              10.3393422,
              52.0257045
            ],
            [
              10.3392757,
              52.025676
            ],
            [
              10.3392194,
              52.0256381
            ],
            [
              10.3391075,
              52.0255629
            ],
            [
              10.3390754,
              52.0255413
            ]
          ]
        ]
      }
    },
    {
      "type": "Feature",
      "properties": {
        "name": "Ringelheim",
        "city": "Salzgitter",
        "osm_id": 3413991,
        "osm_type": "relation",
        "display": "Ringelheim, Ortschaft Süd, Salzgitter, Niedersachsen, Deutschland"
      },
      "geometry": {
        "type": "Polygon",
        "coordinates": [
          [
            [
              10.284848,
              52.035835
            ],
            [
              10.2855379,
              52.0349731
            ],
            [
              10.2858849,
              52.0344352
            ],
            [
              10.2862648,
              52.0337333
            ],
            [
              10.2864423,
              52.0334272
            ],
            [
              10.2865109,
              52.0332877
            ],
            [
              10.2866657,
              52.0330975
            ],
            [
              10.2871874,
              52.0326776
            ],
            [
              10.2872436,
              52.0326345
            ],
            [
              10.287296,
              52.0325943
            ],
            [
              10.28741,
              52.0325069
            ],
            [
              10.2878661,
              52.0322163
            ],
            [
              10.2883902,
              52.031868
            ],
            [
              10.2890289,
              52.0314425
            ],
            [
              10.2891192,
              52.0313904
            ],
            [
              10.2891491,
              52.0312531
            ],
            [
              10.2897456,
              52.0308828
            ],
            [
              10.2899422,
              52.0308415
            ],
            [
              10.2902184,
              52.0307836
            ],
            [
              10.2904352,
              52.0307901
            ],
            [
              10.2906037,
              52.0307953
            ],
            [
              10.2910354,
              52.0308499
            ],
            [
              10.2913269,
              52.0309344
            ],
            [
              10.2915763,
              52.0308465
            ],
            [
              10.2916308,
              52.0308289
            ],
            [
              10.2916761,
              52.0308144
            ],
            [
              10.2917089,
              52.0308038
            ],
            [
              10.2939012,
              52.0300957
            ],
            [
              10.2955296,
              52.0302518
            ],
            [
              10.2956012,
              52.0302586
            ],
            [
              10.2956374,
              52.030262
            ],
            [
              10.295664,
              52.0302645
            ],
            [
              10.2964888,
              52.0305267
            ],
            [
              10.2965973,
              52.0305609
            ],
            [
              10.2988435,
              52.031274
            ],
            [
              10.2988338,
              52.0312794
            ],
            [
              10.3056277,
              52.0316453
            ],
            [
              10.305625,
              52.031632
            ],
            [
              10.3057909,
              52.031641
            ],
            [
              10.3058142,
              52.0317454
            ],
            [
              10.3061897,
              52.0319518
            ],
            [
              10.3065164,
              52.0320186
            ],
            [
              10.308223,
              52.0318942
            ],
            [
              10.3082703,
              52.0318907
            ],
            [
              10.3083286,
              52.0318863
            ],
            [
              10.3083317,
              52.031729
            ],
            [
              10.3084197,
              52.0317317
            ],
            [
              10.3085178,
              52.0317348
            ],
            [
              10.3098455,
              52.031791
            ],
            [
              10.3101946,
              52.0318128
            ],
            [
              10.3101854,
              52.031852
            ],
            [
              10.3106879,
              52.0318818
            ],
            [
              10.3106577,
              52.0319417
            ],
            [
              10.3106889,
              52.0319522
            ],
            [
              10.311185,
              52.031547
            ],
            [
              10.3112174,
              52.031514
            ],
            [
              10.3112888,
              52.0314264
            ],
            [
              10.3113659,
              52.0313402
            ],
            [
              10.3115919,
              52.0311654
            ],
            [
              10.3120361,
              52.0308804
            ],
            [
              10.3121087,
              52.0308676
            ],
            [
              10.3121987,
              52.0308239
            ],
            [
              10.3122842,
              52.0307333
            ],
            [
              10.3123574,
              52.0306854
            ],
            [
              10.3124928,
              52.0306193
            ],
            [
              10.3125587,
              52.0305968
            ],
            [
              10.3126672,
              52.0305642
            ],
            [
              10.3127423,
              52.0305539
            ],
            [
              10.3128482,
              52.0305423
            ],
            [
              10.3129833,
              52.0305252
            ],
            [
              10.3131712,
              52.0304988
            ],
            [
              10.3134801,
              52.0304041
            ],
            [
              10.3136385,
              52.0303384
            ],
            [
              10.3137826,
              52.0302761
            ],
            [
              10.313902,
              52.0302048
            ],
            [
              10.3140363,
              52.0301036
            ],
            [
              10.3142661,
              52.029983
            ],
            [
              10.3143763,
              52.029925
            ],
            [
              10.3145792,
              52.0298634
            ],
            [
              10.3147255,
              52.0298241
            ],
            [
              10.3148207,
              52.0297965
            ],
            [
              10.3148958,
              52.0297881
            ],
            [
              10.3150278,
              52.0297734
            ],
            [
              10.3152882,
              52.02976
            ],
            [
              10.3156544,
              52.0298411
            ],
            [
              10.3161814,
              52.0299578
            ],
            [
              10.316828,
              52.0298278
            ],
            [
              10.3180664,
              52.0296088
            ],
            [
              10.318395,
              52.0295493
            ],
            [
              10.3188759,
              52.0292684
            ],
            [
              10.3188678,
              52.0292566
            ],
            [
              10.319024,
              52.0290965
            ],
            [
              10.3192709,
              52.0288432
            ],
            [
              10.3194396,
              52.0286635
            ],
            [
              10.3201805,
              52.0284614
            ],
            [
              10.3205682,
              52.0283556
            ],
            [
              10.3208437,
              52.0282805
            ],
            [
              10.3209575,
              52.0282495
            ],
            [
              10.3209442,
              52.0282769
            ],
            [
              10.3209898,
              52.0282784
            ],
            [
              10.3210704,
              52.0283173
            ],
            [
              10.3210931,
              52.0283377
            ],
            [
              10.3211409,
              52.0283205
            ],
            [
              10.3212293,
              52.0282886
            ],
            [
              10.3215572,
              52.0281822
            ],
            [
              10.3217858,
              52.028116
            ],
            [
              10.3219156,
              52.0280818
            ],
            [
              10.3219922,
              52.0280424
            ],
            [
              10.3220575,
              52.0279965
            ],
            [
              10.322118,
              52.0279342
            ],
            [
              10.3222009,
              52.0278495
            ],
            [
              10.3223146,
              52.0277819
            ],
            [
              10.3226027,
              52.0276361
            ],
            [
              10.3228152,
              52.0275387
            ],
            [
              10.3229611,
              52.027352
            ],
            [
              10.32303,
              52.027275
            ],
            [
              10.3231026,
              52.0269712
            ],
            [
              10.3231327,
              52.0268449
            ],
            [
              10.323259,
              52.0264635
            ],
            [
              10.3238182,
              52.0264508
            ],
            [
              10.323838,
              52.0265093
            ],
            [
              10.3238768,
              52.0265427
            ],
            [
              10.3240224,
              52.0266608
            ],
            [
              10.3241713,
              52.0267753
            ],
            [
              10.3242275,
              52.0268099
            ],
            [
              10.3242367,
              52.0268156
            ],
            [
              10.3242978,
              52.0268318
            ],
            [
              10.3243734,
              52.0268311
            ],
            [
              10.3243843,
              52.0268287
            ],
            [
              10.3244784,
              52.0268074
            ],
            [
              10.3245811,
              52.0267696
            ],
            [
              10.3246315,
              52.026788
            ],
            [
              10.32467,
              52.0267396
            ],
            [
              10.3246798,
              52.0267265
            ],
            [
              10.3246894,
              52.0267136
            ],
            [
              10.3248159,
              52.026545
            ],
            [
              10.3249912,
              52.0263482
            ],
            [
              10.3250153,
              52.0263211
            ],
            [
              10.3251062,
              52.026203
            ],
            [
              10.32517,
              52.0261527
            ],
            [
              10.3253575,
              52.0260986
            ],
            [
              10.325482,
              52.0260597
            ],
            [
              10.3255473,
              52.0260332
            ],
            [
              10.3255915,
              52.0260199
            ],
            [
              10.325659,
              52.0259996
            ],
            [
              10.3260139,
              52.0259958
            ],
            [
              10.326076,
              52.0259951
            ],
            [
              10.3266167,
              52.0259892
            ],
            [
              10.3268406,
              52.0259867
            ],
            [
              10.3270534,
              52.0259834
            ],
            [
              10.3270459,
              52.0259579
            ],
            [
              10.3269843,
              52.0257062
            ],
            [
              10.3271748,
              52.0256902
            ],
            [
              10.3274063,
              52.0256708
            ],
            [
              10.3279017,
              52.0256291
            ],
            [
              10.328458,
              52.0255823
            ],
            [
              10.3300252,
              52.0254504
            ],
            [
              10.3300375,
              52.0254494
            ],
            [
              10.3300685,
              52.0254467
            ],
            [
              10.3300752,
              52.0254259
            ],
            [
              10.3300988,
              52.0253526
            ],
            [
              10.330233,
              52.0249364
            ],
            [
              10.330493,
              52.0241426
            ],
            [
              10.3305191,
              52.0240625
            ],
            [
              10.3308328,
              52.023099
            ],
            [
              10.3309001,
              52.0229697
            ],
            [
              10.3309969,
              52.0228265
            ],
            [
              10.331016,
              52.0228103
            ],
            [
              10.3310555,
              52.0226653
            ],
            [
              10.3310708,
              52.0226093
            ],
            [
              10.3310071,
              52.0225608
            ],
            [
              10.3310047,
              52.022559
            ],
            [
              10.3307275,
              52.0223542
            ],
            [
              10.3304159,
              52.0221627
            ],
            [
              10.3302575,
              52.0220855
            ],
            [
              10.3300149,
              52.0220092
            ],
            [
              10.3299285,
              52.0219821
            ],
            [
              10.3298783,
              52.0219729
            ],
            [
              10.3298598,
              52.0219695
            ],
            [
              10.329737,
              52.021947
            ],
            [
              10.3297495,
              52.0219281
            ],
            [
              10.3296996,
              52.0219202
            ],
            [
              10.32964,
              52.0219108
            ],
            [
              10.3296039,
              52.0219054
            ],
            [
              10.3295441,
              52.0218965
            ],
            [
              10.3293996,
              52.0218917
            ],
            [
              10.3291299,
              52.0219134
            ],
            [
              10.3288425,
              52.021921
            ],
            [
              10.3287669,
              52.0219227
            ],
            [
              10.328702,
              52.0219232
            ],
            [
              10.3286666,
              52.021917
            ],
            [
              10.3286136,
              52.0218969
            ],
            [
              10.3285395,
              52.0218735
            ],
            [
              10.3284888,
              52.0218496
            ],
            [
              10.3284683,
              52.0218396
            ],
            [
              10.3284222,
              52.0218204
            ],
            [
              10.3283162,
              52.0217645
            ],
            [
              10.3282916,
              52.0217386
            ],
            [
              10.328247,
              52.0217531
            ],
            [
              10.3282138,
              52.0217144
            ],
            [
              10.3282284,
              52.0217096
            ],
            [
              10.3281848,
              52.0216554
            ],
            [
              10.3282191,
              52.0216434
            ],
            [
              10.3281967,
              52.0216148
            ],
            [
              10.327992,
              52.0213617
            ],
            [
              10.3278637,
              52.0211978
            ],
            [
              10.3278201,
              52.0211361
            ],
            [
              10.3277124,
              52.0208961
            ],
            [
              10.3276605,
              52.0207442
            ],
            [
              10.3276085,
              52.0205925
            ],
            [
              10.3275863,
              52.0205192
            ],
            [
              10.3274684,
              52.0201607
            ],
            [
              10.3274271,
              52.0200543
            ],
            [
              10.3274164,
              52.0200246
            ],
            [
              10.3273795,
              52.0199218
            ],
            [
              10.3272945,
              52.0196942
            ],
            [
              10.3271857,
              52.0194384
            ],
            [
              10.3270901,
              52.0192996
            ],
            [
              10.3270108,
              52.0192368
            ],
            [
              10.3269556,
              52.0191953
            ],
            [
              10.3268465,
              52.0191313
            ],
            [
              10.3267052,
              52.0190797
            ],
            [
              10.3266325,
              52.0190596
            ],
            [
              10.3265137,
              52.0190332
            ],
            [
              10.3264483,
              52.0190219
            ],
            [
              10.3261587,
              52.0189813
            ],
            [
              10.3258438,
              52.0189348
            ],
            [
              10.3258089,
              52.0189285
            ],
            [
              10.325719,
              52.0189171
            ],
            [
              10.3256757,
              52.0189118
            ],
            [
              10.3254568,
              52.0188646
            ],
            [
              10.3254269,
              52.0188579
            ],
            [
              10.3250354,
              52.0187624
            ],
            [
              10.3247465,
              52.0186864
            ],
            [
              10.3246052,
              52.0186585
            ],
            [
              10.3244174,
              52.0186279
            ],
            [
              10.3242063,
              52.0185994
            ],
            [
              10.3239208,
              52.0185783
            ],
            [
              10.3237546,
              52.0185638
            ],
            [
              10.3231815,
              52.0185492
            ],
            [
              10.3229039,
              52.0185422
            ],
            [
              10.322548,
              52.0185279
            ],
            [
              10.3218329,
              52.0184724
            ],
            [
              10.321677,
              52.0184569
            ],
            [
              10.3212429,
              52.0184145
            ],
            [
              10.3207759,
              52.0183684
            ],
            [
              10.3205926,
              52.0183504
            ],
            [
              10.3204,
              52.0183252
            ],
            [
              10.3199427,
              52.0182642
            ],
            [
              10.3196034,
              52.0182007
            ],
            [
              10.3193732,
              52.018144
            ],
            [
              10.3187057,
              52.0180003
            ],
            [
              10.3180931,
              52.0178647
            ],
            [
              10.3177677,
              52.0177806
            ],
            [
              10.3177109,
              52.0177659
            ],
            [
              10.3174632,
              52.0176953
            ],
            [
              10.3172173,
              52.0176058
            ],
            [
              10.3166244,
              52.0173799
            ],
            [
              10.3165604,
              52.017347
            ],
            [
              10.3165202,
              52.0173141
            ],
            [
              10.3164929,
              52.0172918
            ],
            [
              10.3164579,
              52.0172509
            ],
            [
              10.3164231,
              52.017181
            ],
            [
              10.3163982,
              52.0171034
            ],
            [
              10.3163794,
              52.017002
            ],
            [
              10.3163692,
              52.0169477
            ],
            [
              10.3163644,
              52.0169222
            ],
            [
              10.3163612,
              52.016905
            ],
            [
              10.3163531,
              52.0168619
            ],
            [
              10.3162537,
              52.0165875
            ],
            [
              10.3162031,
              52.0165071
            ],
            [
              10.3161042,
              52.0163931
            ],
            [
              10.3168466,
              52.0160968
            ],
            [
              10.3171276,
              52.0159676
            ],
            [
              10.3172774,
              52.015912
            ],
            [
              10.317782,
              52.0157732
            ],
            [
              10.3181383,
              52.0156865
            ],
            [
              10.3186109,
              52.0155659
            ],
            [
              10.3188923,
              52.0154817
            ],
            [
              10.3191286,
              52.0154976
            ],
            [
              10.3191177,
              52.0154711
            ],
            [
              10.3191081,
              52.0154479
            ],
            [
              10.3190927,
              52.0154107
            ],
            [
              10.3190992,
              52.0153578
            ],
            [
              10.3191247,
              52.0152205
            ],
            [
              10.3191774,
              52.0149375
            ],
            [
              10.319189,
              52.0149082
            ],
            [
              10.319219,
              52.0148557
            ],
            [
              10.3192546,
              52.0148232
            ],
            [
              10.3193425,
              52.014793
            ],
            [
              10.3195528,
              52.0147237
            ],
            [
              10.3200036,
              52.0145752
            ],
            [
              10.3201975,
              52.0145148
            ],
            [
              10.3211117,
              52.0142301
            ],
            [
              10.321904,
              52.0139707
            ],
            [
              10.322173,
              52.0138945
            ],
            [
              10.3223025,
              52.0138663
            ],
            [
              10.3230117,
              52.0137213
            ],
            [
              10.3237844,
              52.0135735
            ],
            [
              10.3247952,
              52.01337
            ],
            [
              10.3254679,
              52.0131746
            ],
            [
              10.3257233,
              52.0131004
            ],
            [
              10.3260269,
              52.0131174
            ],
            [
              10.3263442,
              52.0131351
            ],
            [
              10.3267607,
              52.0131892
            ],
            [
              10.3269253,
              52.0132038
            ],
            [
              10.327587,
              52.0132626
            ],
            [
              10.3288975,
              52.0132515
            ],
            [
              10.3289362,
              52.0132333
            ],
            [
              10.3300966,
              52.0135022
            ],
            [
              10.3305184,
              52.0135999
            ],
            [
              10.3320828,
              52.0139624
            ],
            [
              10.3326737,
              52.0140993
            ],
            [
              10.3334687,
              52.0142835
            ],
            [
              10.3337955,
              52.0143592
            ],
            [
              10.3347955,
              52.0145909
            ],
            [
              10.3348232,
              52.0146439
            ],
            [
              10.3344216,
              52.0150083
            ],
            [
              10.3344848,
              52.0150386
            ],
            [
              10.3345538,
              52.0150718
            ],
            [
              10.3346067,
              52.0150972
            ],
            [
              10.3339596,
              52.015679
            ],
            [
              10.3338881,
              52.0157415
            ],
            [
              10.3334863,
              52.0160927
            ],
            [
              10.3334074,
              52.0161616
            ],
            [
              10.3330885,
              52.0164403
            ],
            [
              10.3330255,
              52.0164953
            ],
            [
              10.3328427,
              52.0167016
            ],
            [
              10.3324026,
              52.0172794
            ],
            [
              10.3321164,
              52.0176901
            ],
            [
              10.3319298,
              52.0180029
            ],
            [
              10.3318798,
              52.0180867
            ],
            [
              10.3317253,
              52.0183721
            ],
            [
              10.3316206,
              52.0185656
            ],
            [
              10.3316072,
              52.0186124
            ],
            [
              10.3315915,
              52.0186675
            ],
            [
              10.3314421,
              52.0190012
            ],
            [
              10.3313859,
              52.0191149
            ],
            [
              10.3312256,
              52.0194395
            ],
            [
              10.3311902,
              52.0195071
            ],
            [
              10.3311558,
              52.0195726
            ],
            [
              10.3310726,
              52.0197315
            ],
            [
              10.3310163,
              52.019839
            ],
            [
              10.3308772,
              52.0201042
            ],
            [
              10.3308246,
              52.0202043
            ],
            [
              10.3318425,
              52.0203814
            ],
            [
              10.3331169,
              52.0205935
            ],
            [
              10.3338642,
              52.0203053
            ],
            [
              10.3338955,
              52.0202932
            ],
            [
              10.3343868,
              52.0201038
            ],
            [
              10.3345027,
              52.0200591
            ],
            [
              10.3346665,
              52.0199961
            ],
            [
              10.3347317,
              52.019971
            ],
            [
              10.3348137,
              52.0199395
            ],
            [
              10.3353414,
              52.0197364
            ],
            [
              10.3357508,
              52.0195788
            ],
            [
              10.3360778,
              52.0194529
            ],
            [
              10.3374449,
              52.0189267
            ],
            [
              10.3376928,
              52.0188314
            ],
            [
              10.3377876,
              52.0187949
            ],
            [
              10.3387387,
              52.0184289
            ],
            [
              10.3387683,
              52.0184175
            ],
            [
              10.3388752,
              52.0183763
            ],
            [
              10.3391792,
              52.0182593
            ],
            [
              10.3397782,
              52.0180287
            ],
            [
              10.340236,
              52.0178524
            ],
            [
              10.3403219,
              52.0178194
            ],
            [
              10.3413256,
              52.017433
            ],
            [
              10.342045,
              52.017156
            ],
            [
              10.3426684,
              52.016916
            ],
            [
              10.3427302,
              52.0168922
            ],
            [
              10.3432733,
              52.017074
            ],
            [
              10.3428836,
              52.018376
            ],
            [
              10.3428193,
              52.0185907
            ],
            [
              10.3422556,
              52.020473
            ],
            [
              10.3422676,
              52.0204769
            ],
            [
              10.3423732,
              52.0205316
            ],
            [
              10.3434237,
              52.0206061
            ],
            [
              10.3441463,
              52.0206656
            ],
            [
              10.3448295,
              52.0207273
            ],
            [
              10.3450953,
              52.0207545
            ],
            [
              10.3456331,
              52.0208094
            ],
            [
              10.3459858,
              52.0208515
            ],
            [
              10.347119,
              52.0209868
            ],
            [
              10.3472437,
              52.0210053
            ],
            [
              10.3473106,
              52.0210152
            ],
            [
              10.3479624,
              52.021112
            ],
            [
              10.3480937,
              52.0211243
            ],
            [
              10.3482898,
              52.0211426
            ],
            [
              10.3483532,
              52.0211341
            ],
            [
              10.3484133,
              52.0211256
            ],
            [
              10.3484661,
              52.0211749
            ],
            [
              10.3485575,
              52.0211954
            ],
            [
              10.3486034,
              52.0212057
            ],
            [
              10.3487816,
              52.0212456
            ],
            [
              10.3487465,
              52.0213211
            ],
            [
              10.3487212,
              52.0213481
            ],
            [
              10.3486653,
              52.021408
            ],
            [
              10.3486296,
              52.0214461
            ],
            [
              10.3485335,
              52.0215206
            ],
            [
              10.3482027,
              52.0217839
            ],
            [
              10.3481825,
              52.0218037
            ],
            [
              10.3480677,
              52.0219161
            ],
            [
              10.3479434,
              52.0219677
            ],
            [
              10.3475065,
              52.0219991
            ],
            [
              10.3470136,
              52.0220366
            ],
            [
              10.3466704,
              52.0220668
            ],
            [
              10.3464241,
              52.0220692
            ],
            [
              10.3455978,
              52.0220645
            ],
            [
              10.3453558,
              52.022162
            ],
            [
              10.3450336,
              52.0222265
            ],
            [
              10.3447924,
              52.0222774
            ],
            [
              10.3445713,
              52.0223335
            ],
            [
              10.3442734,
              52.0224175
            ],
            [
              10.3441372,
              52.0224844
            ],
            [
              10.3438464,
              52.0225609
            ],
            [
              10.3433748,
              52.0226802
            ],
            [
              10.3433109,
              52.0226893
            ],
            [
              10.3429983,
              52.022734
            ],
            [
              10.3423515,
              52.0228264
            ],
            [
              10.3419801,
              52.0229379
            ],
            [
              10.341848,
              52.022987
            ],
            [
              10.3416317,
              52.0230672
            ],
            [
              10.3412776,
              52.0232543
            ],
            [
              10.3408022,
              52.0235029
            ],
            [
              10.3405807,
              52.0236757
            ],
            [
              10.3402795,
              52.0240011
            ],
            [
              10.3402259,
              52.0240739
            ],
            [
              10.3402448,
              52.0241802
            ],
            [
              10.3403145,
              52.0242801
            ],
            [
              10.3405347,
              52.0244657
            ],
            [
              10.3406326,
              52.0245471
            ],
            [
              10.3405414,
              52.024737
            ],
            [
              10.3401906,
              52.0249924
            ],
            [
              10.3398151,
              52.0251028
            ],
            [
              10.3396523,
              52.0251835
            ],
            [
              10.3393838,
              52.0254151
            ],
            [
              10.3390754,
              52.0255413
            ],
            [
              10.3391075,
              52.0255629
            ],
            [
              10.3392194,
              52.0256381
            ],
            [
              10.3392757,
              52.025676
            ],
            [
              10.3393422,
              52.0257045
            ],
            [
              10.3393515,
              52.0257014
            ],
            [
              10.3394037,
              52.0256719
            ],
            [
              10.3394331,
              52.0256927
            ],
            [
              10.3394739,
              52.0257216
            ],
            [
              10.3395807,
              52.0257974
            ],
            [
              10.3398545,
              52.0260256
            ],
            [
              10.3401603,
              52.0262973
            ],
            [
              10.3404537,
              52.0265735
            ],
            [
              10.3404997,
              52.026611
            ],
            [
              10.34041,
              52.0266604
            ],
            [
              10.3404215,
              52.0266794
            ],
            [
              10.3404399,
              52.0267099
            ],
            [
              10.3405841,
              52.0266745
            ],
            [
              10.340627,
              52.0268245
            ],
            [
              10.3406908,
              52.0269489
            ],
            [
              10.3408599,
              52.0271979
            ],
            [
              10.3409426,
              52.0273195
            ],
            [
              10.3410456,
              52.0274429
            ],
            [
              10.3411327,
              52.0274601
            ],
            [
              10.3411854,
              52.0274486
            ],
            [
              10.3412451,
              52.0274334
            ],
            [
              10.3419548,
              52.0271506
            ],
            [
              10.3425387,
              52.0269224
            ],
            [
              10.3431018,
              52.026704
            ],
            [
              10.3437028,
              52.0264705
            ],
            [
              10.3443974,
              52.0261979
            ],
            [
              10.3446539,
              52.0260949
            ],
            [
              10.3450012,
              52.0259554
            ],
            [
              10.3450805,
              52.0260007
            ],
            [
              10.3451521,
              52.0260415
            ],
            [
              10.3452107,
              52.0260749
            ],
            [
              10.3451839,
              52.0260902
            ],
            [
              10.3451538,
              52.0261073
            ],
            [
              10.3445639,
              52.0263385
            ],
            [
              10.3442037,
              52.026487
            ],
            [
              10.3439339,
              52.0265983
            ],
            [
              10.3433398,
              52.0268286
            ],
            [
              10.3426919,
              52.0270805
            ],
            [
              10.3417559,
              52.0274447
            ],
            [
              10.341391,
              52.027595
            ],
            [
              10.3412825,
              52.027636
            ],
            [
              10.3410102,
              52.0277389
            ],
            [
              10.340849,
              52.0277998
            ],
            [
              10.3407758,
              52.0278274
            ],
            [
              10.3406115,
              52.0278892
            ],
            [
              10.3404504,
              52.0279499
            ],
            [
              10.340348,
              52.0279885
            ],
            [
              10.3402936,
              52.028009
            ],
            [
              10.3401393,
              52.0280671
            ],
            [
              10.3401353,
              52.0280686
            ],
            [
              10.3399906,
              52.0281274
            ],
            [
              10.3398444,
              52.0281869
            ],
            [
              10.3397013,
              52.0282452
            ],
            [
              10.339648,
              52.0282668
            ],
            [
              10.3395603,
              52.0283011
            ],
            [
              10.3394213,
              52.0283555
            ],
            [
              10.3392848,
              52.0284089
            ],
            [
              10.3392206,
              52.028434
            ],
            [
              10.3391506,
              52.0284633
            ],
            [
              10.3390186,
              52.0285184
            ],
            [
              10.3389476,
              52.0285481
            ],
            [
              10.3388866,
              52.0285707
            ],
            [
              10.3387543,
              52.02862
            ],
            [
              10.3386231,
              52.0286687
            ],
            [
              10.3384933,
              52.0287171
            ],
            [
              10.3383659,
              52.0287644
            ],
            [
              10.3383613,
              52.0287662
            ],
            [
              10.3382415,
              52.028811
            ],
            [
              10.3381171,
              52.0288575
            ],
            [
              10.3379952,
              52.0289031
            ],
            [
              10.3378757,
              52.0289477
            ],
            [
              10.3377594,
              52.0289912
            ],
            [
              10.3377072,
              52.0290106
            ],
            [
              10.3368995,
              52.0293282
            ],
            [
              10.336188,
              52.0296056
            ],
            [
              10.3355162,
              52.029868
            ],
            [
              10.335451,
              52.0298935
            ],
            [
              10.3352308,
              52.0299798
            ],
            [
              10.3347533,
              52.030167
            ],
            [
              10.3343053,
              52.0303416
            ],
            [
              10.3338505,
              52.030519
            ],
            [
              10.3332849,
              52.0307403
            ],
            [
              10.3325673,
              52.0310238
            ],
            [
              10.332242,
              52.0311496
            ],
            [
              10.3318789,
              52.031292
            ],
            [
              10.3317213,
              52.0313536
            ],
            [
              10.3316735,
              52.0313723
            ],
            [
              10.3316262,
              52.0313908
            ],
            [
              10.3316019,
              52.0314003
            ],
            [
              10.3311636,
              52.0315718
            ],
            [
              10.3304914,
              52.0318347
            ],
            [
              10.330284,
              52.0319158
            ],
            [
              10.3297538,
              52.0321252
            ],
            [
              10.328937,
              52.0324475
            ],
            [
              10.3288835,
              52.0324685
            ],
            [
              10.3275039,
              52.0330086
            ],
            [
              10.3268533,
              52.0332597
            ],
            [
              10.3263311,
              52.0334671
            ],
            [
              10.3258657,
              52.0336415
            ],
            [
              10.3256977,
              52.0337014
            ],
            [
              10.3252329,
              52.0338563
            ],
            [
              10.3251366,
              52.0338879
            ],
            [
              10.3250742,
              52.0339083
            ],
            [
              10.3249799,
              52.0339392
            ],
            [
              10.3267141,
              52.0341037
            ],
            [
              10.3275506,
              52.034183
            ],
            [
              10.3287354,
              52.0342954
            ],
            [
              10.3288701,
              52.0343082
            ],
            [
              10.3306984,
              52.0344816
            ],
            [
              10.3313867,
              52.0345468
            ],
            [
              10.330708,
              52.0350346
            ],
            [
              10.330668,
              52.0350634
            ],
            [
              10.3297868,
              52.0356968
            ],
            [
              10.3298521,
              52.0357072
            ],
            [
              10.3310744,
              52.035902
            ],
            [
              10.331756,
              52.0360107
            ],
            [
              10.3317292,
              52.0360532
            ],
            [
              10.3317227,
              52.0360637
            ],
            [
              10.3317016,
              52.0360972
            ],
            [
              10.331425,
              52.0365371
            ],
            [
              10.3314022,
              52.0365733
            ],
            [
              10.3309142,
              52.0373348
            ],
            [
              10.3309096,
              52.0373422
            ],
            [
              10.3308951,
              52.0373659
            ],
            [
              10.3306482,
              52.0377724
            ],
            [
              10.3306546,
              52.0378038
            ],
            [
              10.3306764,
              52.0378139
            ],
            [
              10.3307682,
              52.0379055
            ],
            [
              10.3308369,
              52.0379741
            ],
            [
              10.33091,
              52.0380471
            ],
            [
              10.3308618,
              52.0380652
            ],
            [
              10.3303213,
              52.0382688
            ],
            [
              10.3306722,
              52.0384025
            ],
            [
              10.3315301,
              52.0389261
            ],
            [
              10.3315213,
              52.0389777
            ],
            [
              10.3314903,
              52.0391606
            ],
            [
              10.3313657,
              52.0398934
            ],
            [
              10.3313604,
              52.0399247
            ],
            [
              10.3297788,
              52.039765
            ],
            [
              10.3297465,
              52.0398382
            ],
            [
              10.3297316,
              52.0398686
            ],
            [
              10.3296824,
              52.0399686
            ],
            [
              10.3295056,
              52.0403388
            ],
            [
              10.3294645,
              52.040425
            ],
            [
              10.3294276,
              52.0405023
            ],
            [
              10.3293387,
              52.0406891
            ],
            [
              10.3293302,
              52.0407068
            ],
            [
              10.3288917,
              52.040696
            ],
            [
              10.3287642,
              52.0414463
            ],
            [
              10.3287182,
              52.0417173
            ],
            [
              10.3286456,
              52.0421442
            ],
            [
              10.3286358,
              52.0421673
            ],
            [
              10.3286225,
              52.0421972
            ],
            [
              10.3286021,
              52.042244
            ],
            [
              10.3281663,
              52.0421577
            ],
            [
              10.3273902,
              52.0442773
            ],
            [
              10.3245625,
              52.0438542
            ],
            [
              10.3228867,
              52.0436899
            ],
            [
              10.3222558,
              52.043628
            ],
            [
              10.3221405,
              52.0436167
            ],
            [
              10.3213673,
              52.0435407
            ],
            [
              10.321125,
              52.0435167
            ],
            [
              10.3210984,
              52.0435783
            ],
            [
              10.3198221,
              52.0465329
            ],
            [
              10.3202996,
              52.0467335
            ],
            [
              10.3215506,
              52.047259
            ],
            [
              10.3215202,
              52.0472865
            ],
            [
              10.3214666,
              52.0473349
            ],
            [
              10.321425,
              52.0473725
            ],
            [
              10.3213455,
              52.047339
            ],
            [
              10.3210763,
              52.0480727
            ],
            [
              10.320886,
              52.0481276
            ],
            [
              10.3191906,
              52.0475349
            ],
            [
              10.318559,
              52.0473107
            ],
            [
              10.3185321,
              52.0473048
            ],
            [
              10.3180409,
              52.0470971
            ],
            [
              10.3162914,
              52.0461961
            ],
            [
              10.3161132,
              52.0461043
            ],
            [
              10.3160705,
              52.0460984
            ],
            [
              10.3160251,
              52.0462232
            ],
            [
              10.3156267,
              52.0473173
            ],
            [
              10.3151363,
              52.0471113
            ],
            [
              10.3122639,
              52.0459044
            ],
            [
              10.3096824,
              52.0448197
            ],
            [
              10.3095314,
              52.0447879
            ],
            [
              10.3093683,
              52.0450796
            ],
            [
              10.3090281,
              52.0456909
            ],
            [
              10.3088574,
              52.0459976
            ],
            [
              10.3081155,
              52.0473305
            ],
            [
              10.3080775,
              52.0473965
            ],
            [
              10.3080583,
              52.0474295
            ],
            [
              10.3079251,
              52.0476746
            ],
            [
              10.3076401,
              52.0481992
            ],
            [
              10.3072686,
              52.0488832
            ],
            [
              10.3072174,
              52.0489774
            ],
            [
              10.3071368,
              52.0491258
            ],
            [
              10.3067272,
              52.04988
            ],
            [
              10.306651,
              52.0500203
            ],
            [
              10.3064842,
              52.0503273
            ],
            [
              10.3064531,
              52.0503845
            ],
            [
              10.3023971,
              52.0500935
            ],
            [
              10.3022845,
              52.0502509
            ],
            [
              10.3022503,
              52.0502987
            ],
            [
              10.3013651,
              52.0515361
            ],
            [
              10.300576,
              52.0514323
            ],
            [
              10.2990429,
              52.0512306
            ],
            [
              10.2983353,
              52.0511375
            ],
            [
              10.2975312,
              52.0510317
            ],
            [
              10.2971409,
              52.0509804
            ],
            [
              10.2969551,
              52.0509559
            ],
            [
              10.2968686,
              52.0509602
            ],
            [
              10.2967831,
              52.0509643
            ],
            [
              10.2947761,
              52.0510623
            ],
            [
              10.2947036,
              52.0510673
            ],
            [
              10.2942675,
              52.0506334
            ],
            [
              10.2942517,
              52.0506177
            ],
            [
              10.2942314,
              52.0505975
            ],
            [
              10.2936776,
              52.0500464
            ],
            [
              10.2935111,
              52.0498808
            ],
            [
              10.2933764,
              52.0497467
            ],
            [
              10.2932695,
              52.0496503
            ],
            [
              10.2926866,
              52.0491245
            ],
            [
              10.2922171,
              52.048608
            ],
            [
              10.2921825,
              52.0485699
            ],
            [
              10.2921147,
              52.0484953
            ],
            [
              10.2919459,
              52.0480657
            ],
            [
              10.2919212,
              52.0480029
            ],
            [
              10.2914208,
              52.0470645
            ],
            [
              10.2913944,
              52.0470669
            ],
            [
              10.291368,
              52.0470693
            ],
            [
              10.2909895,
              52.0471087
            ],
            [
              10.2907071,
              52.047124
            ],
            [
              10.2904787,
              52.0471363
            ],
            [
              10.2898879,
              52.0470139
            ],
            [
              10.2893792,
              52.0469859
            ],
            [
              10.2889578,
              52.0470063
            ],
            [
              10.2883868,
              52.0470826
            ],
            [
              10.2883211,
              52.0470913
            ],
            [
              10.2877999,
              52.0472035
            ],
            [
              10.2872203,
              52.0473581
            ],
            [
              10.2867104,
              52.0475171
            ],
            [
              10.2865334,
              52.0475899
            ],
            [
              10.286318,
              52.0476785
            ],
            [
              10.2862295,
              52.0476734
            ],
            [
              10.2860353,
              52.0476624
            ],
            [
              10.2859733,
              52.0475178
            ],
            [
              10.2859259,
              52.0474072
            ],
            [
              10.2858705,
              52.0472779
            ],
            [
              10.2858396,
              52.0472057
            ],
            [
              10.2858004,
              52.0471224
            ],
            [
              10.2857381,
              52.0469689
            ],
            [
              10.2857701,
              52.0469503
            ],
            [
              10.2858231,
              52.0469195
            ],
            [
              10.2859018,
              52.0468738
            ],
            [
              10.2859516,
              52.0468199
            ],
            [
              10.2861521,
              52.046603
            ],
            [
              10.2862673,
              52.0464997
            ],
            [
              10.2864532,
              52.0462349
            ],
            [
              10.2866818,
              52.0459091
            ],
            [
              10.2872623,
              52.0450819
            ],
            [
              10.2874295,
              52.0448437
            ],
            [
              10.2873902,
              52.0448281
            ],
            [
              10.2874379,
              52.0447118
            ],
            [
              10.2874739,
              52.0447083
            ],
            [
              10.2875336,
              52.0447024
            ],
            [
              10.287669,
              52.0446892
            ],
            [
              10.2883304,
              52.0438979
            ],
            [
              10.2889482,
              52.0431872
            ],
            [
              10.2890818,
              52.0432314
            ],
            [
              10.2892255,
              52.0430751
            ],
            [
              10.2897554,
              52.0424537
            ],
            [
              10.2900612,
              52.0421059
            ],
            [
              10.2903804,
              52.0417426
            ],
            [
              10.2908726,
              52.041195
            ],
            [
              10.2914137,
              52.0405698
            ],
            [
              10.2919207,
              52.0399813
            ],
            [
              10.2925252,
              52.0392581
            ],
            [
              10.2931131,
              52.0385384
            ],
            [
              10.2925374,
              52.0385005
            ],
            [
              10.2921283,
              52.0385129
            ],
            [
              10.2913891,
              52.0385353
            ],
            [
              10.2911757,
              52.038552
            ],
            [
              10.2901961,
              52.0386378
            ],
            [
              10.2901103,
              52.0386433
            ],
            [
              10.2896968,
              52.0386719
            ],
            [
              10.2893364,
              52.0386967
            ],
            [
              10.2889849,
              52.038719
            ],
            [
              10.2889817,
              52.0387192
            ],
            [
              10.2886177,
              52.0387413
            ],
            [
              10.2878949,
              52.0387835
            ],
            [
              10.2871593,
              52.0388215
            ],
            [
              10.2871131,
              52.0388241
            ],
            [
              10.2870606,
              52.0388284
            ],
            [
              10.286945,
              52.0387554
            ],
            [
              10.2868477,
              52.0386077
            ],
            [
              10.28495,
              52.035976
            ],
            [
              10.284848,
              52.035835
            ]
          ]
        ]
      }
    },
    {
      "type": "Feature",
      "properties": {
        "name": "Barum",
        "city": "Salzgitter",
        "osm_id": 3413858,
        "osm_type": "relation",
        "display": "Barum, Ortschaft Südost, Salzgitter, Niedersachsen, Deutschland"
      },
      "geometry": {
        "type": "Polygon",
        "coordinates": [
          [
            [
              10.385212,
              52.1037676
            ],
            [
              10.3852424,
              52.1037395
            ],
            [
              10.3855081,
              52.1036953
            ],
            [
              10.3860837,
              52.1036445
            ],
            [
              10.3868454,
              52.1036807
            ],
            [
              10.3871847,
              52.1037076
            ],
            [
              10.3873918,
              52.103738
            ],
            [
              10.3876213,
              52.103906
            ],
            [
              10.3878761,
              52.1040951
            ],
            [
              10.3879936,
              52.1042493
            ],
            [
              10.3890723,
              52.1030853
            ],
            [
              10.3893811,
              52.1030968
            ],
            [
              10.3911813,
              52.1031638
            ],
            [
              10.3915587,
              52.1031732
            ],
            [
              10.3918692,
              52.1031677
            ],
            [
              10.3921758,
              52.1031443
            ],
            [
              10.3924091,
              52.1031129
            ],
            [
              10.3926355,
              52.1030712
            ],
            [
              10.3926636,
              52.1030644
            ],
            [
              10.3932588,
              52.1030675
            ],
            [
              10.3948056,
              52.1030772
            ],
            [
              10.3947325,
              52.1034007
            ],
            [
              10.3946518,
              52.1036025
            ],
            [
              10.3950093,
              52.1037246
            ],
            [
              10.395062,
              52.1037514
            ],
            [
              10.3950915,
              52.103793
            ],
            [
              10.3951143,
              52.1040149
            ],
            [
              10.3952822,
              52.1041556
            ],
            [
              10.395829,
              52.1042772
            ],
            [
              10.3959098,
              52.1043285
            ],
            [
              10.3959519,
              52.1044049
            ],
            [
              10.3959867,
              52.104869
            ],
            [
              10.3959072,
              52.1050332
            ],
            [
              10.3959258,
              52.1051817
            ],
            [
              10.3959591,
              52.1055041
            ],
            [
              10.3962531,
              52.1058119
            ],
            [
              10.3966285,
              52.1060975
            ],
            [
              10.3966803,
              52.1062
            ],
            [
              10.3966966,
              52.1062763
            ],
            [
              10.3965956,
              52.1065225
            ],
            [
              10.3964992,
              52.1066514
            ],
            [
              10.3963456,
              52.1067476
            ],
            [
              10.3962434,
              52.1068644
            ],
            [
              10.3962337,
              52.1069437
            ],
            [
              10.3962175,
              52.1072836
            ],
            [
              10.3962532,
              52.1075579
            ],
            [
              10.3963472,
              52.1076036
            ],
            [
              10.3967262,
              52.1076995
            ],
            [
              10.3966285,
              52.1078528
            ],
            [
              10.3964685,
              52.1081037
            ],
            [
              10.3964553,
              52.1081554
            ],
            [
              10.3964443,
              52.1081987
            ],
            [
              10.3963296,
              52.1086485
            ],
            [
              10.3963627,
              52.1086466
            ],
            [
              10.3963526,
              52.1086777
            ],
            [
              10.3967743,
              52.1086533
            ],
            [
              10.396819,
              52.1086507
            ],
            [
              10.3971399,
              52.1086323
            ],
            [
              10.3978789,
              52.1085891
            ],
            [
              10.3979976,
              52.108901
            ],
            [
              10.3980092,
              52.1089314
            ],
            [
              10.3983616,
              52.1089116
            ],
            [
              10.4003515,
              52.1088
            ],
            [
              10.400808,
              52.1087744
            ],
            [
              10.4012324,
              52.1087506
            ],
            [
              10.4014784,
              52.1083853
            ],
            [
              10.4016864,
              52.1080817
            ],
            [
              10.4016988,
              52.1080633
            ],
            [
              10.4018201,
              52.1081028
            ],
            [
              10.4020531,
              52.1081788
            ],
            [
              10.4021789,
              52.1082198
            ],
            [
              10.4022206,
              52.1082335
            ],
            [
              10.4023084,
              52.1082622
            ],
            [
              10.4024205,
              52.1082989
            ],
            [
              10.4026614,
              52.1083778
            ],
            [
              10.4027736,
              52.1084145
            ],
            [
              10.4028704,
              52.1084461
            ],
            [
              10.4029978,
              52.1084878
            ],
            [
              10.4030999,
              52.1085211
            ],
            [
              10.4032112,
              52.1085575
            ],
            [
              10.4033061,
              52.1085885
            ],
            [
              10.4034235,
              52.1086269
            ],
            [
              10.4035184,
              52.1086579
            ],
            [
              10.4036745,
              52.1087089
            ],
            [
              10.4039767,
              52.1088077
            ],
            [
              10.4040875,
              52.1088438
            ],
            [
              10.4040732,
              52.1088749
            ],
            [
              10.4041146,
              52.1088961
            ],
            [
              10.4050176,
              52.1093581
            ],
            [
              10.408496,
              52.1111376
            ],
            [
              10.4086,
              52.1111907
            ],
            [
              10.4111448,
              52.1122873
            ],
            [
              10.4112003,
              52.1123114
            ],
            [
              10.4112279,
              52.1123231
            ],
            [
              10.4116776,
              52.1125166
            ],
            [
              10.4117192,
              52.1125345
            ],
            [
              10.4126009,
              52.1129139
            ],
            [
              10.4142143,
              52.1136081
            ],
            [
              10.4147237,
              52.1138298
            ],
            [
              10.4162883,
              52.1145055
            ],
            [
              10.4179336,
              52.1152117
            ],
            [
              10.4184562,
              52.1154356
            ],
            [
              10.4198679,
              52.1160404
            ],
            [
              10.4202059,
              52.1161851
            ],
            [
              10.4202275,
              52.1161569
            ],
            [
              10.4203306,
              52.1160222
            ],
            [
              10.420611,
              52.1156559
            ],
            [
              10.4208463,
              52.1152676
            ],
            [
              10.4210531,
              52.1148681
            ],
            [
              10.4212492,
              52.1144757
            ],
            [
              10.4214333,
              52.1141073
            ],
            [
              10.4216231,
              52.1137274
            ],
            [
              10.421742,
              52.1134896
            ],
            [
              10.4219763,
              52.11355
            ],
            [
              10.4229741,
              52.1138077
            ],
            [
              10.4231208,
              52.1138456
            ],
            [
              10.4244518,
              52.1141892
            ],
            [
              10.4244961,
              52.1142006
            ],
            [
              10.4245573,
              52.1142163
            ],
            [
              10.424649,
              52.1142399
            ],
            [
              10.4247393,
              52.1142631
            ],
            [
              10.4247593,
              52.1142462
            ],
            [
              10.4254066,
              52.1137024
            ],
            [
              10.4256539,
              52.113489
            ],
            [
              10.425724,
              52.1134285
            ],
            [
              10.4257649,
              52.1133931
            ],
            [
              10.4257984,
              52.1133835
            ],
            [
              10.4258327,
              52.1133737
            ],
            [
              10.4258516,
              52.113367
            ],
            [
              10.4259342,
              52.1133293
            ],
            [
              10.4260074,
              52.1132958
            ],
            [
              10.426059,
              52.1132721
            ],
            [
              10.426103,
              52.1132568
            ],
            [
              10.4262635,
              52.1131223
            ],
            [
              10.4262878,
              52.1131019
            ],
            [
              10.4263198,
              52.1130751
            ],
            [
              10.4263301,
              52.1130664
            ],
            [
              10.4263751,
              52.1131622
            ],
            [
              10.4264143,
              52.1131493
            ],
            [
              10.4265297,
              52.1131112
            ],
            [
              10.4266386,
              52.1130754
            ],
            [
              10.4274069,
              52.1128139
            ],
            [
              10.4275371,
              52.1127602
            ],
            [
              10.4275406,
              52.1127795
            ],
            [
              10.4287502,
              52.1163247
            ],
            [
              10.4295751,
              52.1159707
            ],
            [
              10.430143,
              52.1177975
            ],
            [
              10.4304169,
              52.1185715
            ],
            [
              10.4305919,
              52.1193314
            ],
            [
              10.4306589,
              52.1196243
            ],
            [
              10.4307988,
              52.1202583
            ],
            [
              10.4308298,
              52.1203952
            ],
            [
              10.4310288,
              52.1217761
            ],
            [
              10.4306188,
              52.122558
            ],
            [
              10.4315017,
              52.122539
            ],
            [
              10.4326255,
              52.1263116
            ],
            [
              10.4336806,
              52.1262971
            ],
            [
              10.4345747,
              52.1292299
            ],
            [
              10.4336249,
              52.1292402
            ],
            [
              10.4333132,
              52.1292435
            ],
            [
              10.4332556,
              52.1292441
            ],
            [
              10.433205,
              52.1292447
            ],
            [
              10.4330054,
              52.1292468
            ],
            [
              10.432244,
              52.129255
            ],
            [
              10.4319496,
              52.1292582
            ],
            [
              10.431911,
              52.1292586
            ],
            [
              10.4318812,
              52.1292589
            ],
            [
              10.4318485,
              52.1292592
            ],
            [
              10.4318151,
              52.1292596
            ],
            [
              10.4319891,
              52.1294666
            ],
            [
              10.4323171,
              52.1298652
            ],
            [
              10.4325889,
              52.1302016
            ],
            [
              10.4326435,
              52.130268
            ],
            [
              10.4327151,
              52.130355
            ],
            [
              10.4328934,
              52.1305717
            ],
            [
              10.432977,
              52.1306798
            ],
            [
              10.4331735,
              52.1309588
            ],
            [
              10.4309979,
              52.1290367
            ],
            [
              10.4307024,
              52.1286015
            ],
            [
              10.4297687,
              52.1286993
            ],
            [
              10.4296291,
              52.1292259
            ],
            [
              10.4273663,
              52.1294441
            ],
            [
              10.4274078,
              52.1295554
            ],
            [
              10.4237954,
              52.1300412
            ],
            [
              10.4238359,
              52.1304514
            ],
            [
              10.419657,
              52.1307346
            ],
            [
              10.4212732,
              52.1385229
            ],
            [
              10.4199692,
              52.1386164
            ],
            [
              10.4170199,
              52.138828
            ],
            [
              10.4057156,
              52.1396387
            ],
            [
              10.4049431,
              52.1397111
            ],
            [
              10.4037522,
              52.1398296
            ],
            [
              10.4033552,
              52.1398691
            ],
            [
              10.402851,
              52.1399514
            ],
            [
              10.4017319,
              52.1404725
            ],
            [
              10.4016966,
              52.1403487
            ],
            [
              10.4016699,
              52.140255
            ],
            [
              10.4016476,
              52.140177
            ],
            [
              10.4014977,
              52.1396505
            ],
            [
              10.4013283,
              52.139055
            ],
            [
              10.4012308,
              52.1387121
            ],
            [
              10.4009596,
              52.1377583
            ],
            [
              10.400938,
              52.1376376
            ],
            [
              10.4008012,
              52.1368773
            ],
            [
              10.4005316,
              52.1353824
            ],
            [
              10.400526,
              52.1353513
            ],
            [
              10.4001844,
              52.1334488
            ],
            [
              10.3999355,
              52.1320644
            ],
            [
              10.4002791,
              52.132041
            ],
            [
              10.4017774,
              52.131939
            ],
            [
              10.4020689,
              52.1319192
            ],
            [
              10.4036356,
              52.1318126
            ],
            [
              10.4057573,
              52.1316682
            ],
            [
              10.405799,
              52.1316654
            ],
            [
              10.4057982,
              52.1315569
            ],
            [
              10.4057945,
              52.1312239
            ],
            [
              10.4057933,
              52.1311318
            ],
            [
              10.4057939,
              52.1310742
            ],
            [
              10.4057768,
              52.129478
            ],
            [
              10.4057755,
              52.129371
            ],
            [
              10.4057666,
              52.1285143
            ],
            [
              10.4062496,
              52.1284766
            ],
            [
              10.4060834,
              52.1276709
            ],
            [
              10.4057575,
              52.1276388
            ],
            [
              10.4057572,
              52.127612
            ],
            [
              10.4057567,
              52.1275927
            ],
            [
              10.4057561,
              52.1275355
            ],
            [
              10.4057561,
              52.1275045
            ],
            [
              10.4044837,
              52.1273826
            ],
            [
              10.4043033,
              52.1273653
            ],
            [
              10.4041831,
              52.1273538
            ],
            [
              10.4041338,
              52.1273491
            ],
            [
              10.4030136,
              52.1272418
            ],
            [
              10.403167,
              52.1263845
            ],
            [
              10.4031881,
              52.1262585
            ],
            [
              10.4032098,
              52.1261249
            ],
            [
              10.4032253,
              52.1260371
            ],
            [
              10.4032348,
              52.1259829
            ],
            [
              10.4029121,
              52.1260352
            ],
            [
              10.4020752,
              52.1261709
            ],
            [
              10.4020753,
              52.1261497
            ],
            [
              10.4020753,
              52.126127
            ],
            [
              10.4020756,
              52.1260129
            ],
            [
              10.4020795,
              52.1246625
            ],
            [
              10.4020796,
              52.1246383
            ],
            [
              10.4020803,
              52.1243509
            ],
            [
              10.4020811,
              52.1239864
            ],
            [
              10.4020835,
              52.1229187
            ],
            [
              10.4023149,
              52.1229006
            ],
            [
              10.4024752,
              52.1228816
            ],
            [
              10.403059,
              52.1228542
            ],
            [
              10.4031646,
              52.1228492
            ],
            [
              10.4035729,
              52.1228414
            ],
            [
              10.4036939,
              52.1228391
            ],
            [
              10.4041915,
              52.1228571
            ],
            [
              10.404718,
              52.1228671
            ],
            [
              10.4050492,
              52.1228684
            ],
            [
              10.4050754,
              52.1228685
            ],
            [
              10.4048705,
              52.1223147
            ],
            [
              10.4048377,
              52.1222273
            ],
            [
              10.4048035,
              52.122136
            ],
            [
              10.403792,
              52.119436
            ],
            [
              10.4037718,
              52.1194391
            ],
            [
              10.4037598,
              52.1193406
            ],
            [
              10.4033098,
              52.1194058
            ],
            [
              10.4032788,
              52.1194103
            ],
            [
              10.4020633,
              52.1195842
            ],
            [
              10.4007959,
              52.1197661
            ],
            [
              10.4007697,
              52.1197699
            ],
            [
              10.4007211,
              52.1197768
            ],
            [
              10.4005987,
              52.1192964
            ],
            [
              10.4006301,
              52.1192878
            ],
            [
              10.400369,
              52.1182527
            ],
            [
              10.4003555,
              52.1182002
            ],
            [
              10.4001608,
              52.1174626
            ],
            [
              10.4001273,
              52.117335
            ],
            [
              10.4001042,
              52.1173629
            ],
            [
              10.3999608,
              52.1173392
            ],
            [
              10.3998213,
              52.1174958
            ],
            [
              10.3996833,
              52.1176545
            ],
            [
              10.3994584,
              52.1177095
            ],
            [
              10.3994036,
              52.117723
            ],
            [
              10.3993304,
              52.1177409
            ],
            [
              10.3989161,
              52.1178034
            ],
            [
              10.3986326,
              52.1178714
            ],
            [
              10.3984526,
              52.1179196
            ],
            [
              10.3983346,
              52.1179694
            ],
            [
              10.3981636,
              52.1180467
            ],
            [
              10.3979515,
              52.1181651
            ],
            [
              10.3975575,
              52.1183851
            ],
            [
              10.397437,
              52.1184189
            ],
            [
              10.3972131,
              52.1184817
            ],
            [
              10.3971488,
              52.1184998
            ],
            [
              10.396911,
              52.1185591
            ],
            [
              10.3966896,
              52.118564
            ],
            [
              10.3963304,
              52.1185268
            ],
            [
              10.3960305,
              52.1184755
            ],
            [
              10.3958305,
              52.1184242
            ],
            [
              10.3956337,
              52.1183831
            ],
            [
              10.3952713,
              52.1183796
            ],
            [
              10.3949976,
              52.1183692
            ],
            [
              10.3945375,
              52.1184115
            ],
            [
              10.3943612,
              52.1183928
            ],
            [
              10.3940812,
              52.1183446
            ],
            [
              10.3938398,
              52.1182988
            ],
            [
              10.3936474,
              52.1182505
            ],
            [
              10.3934277,
              52.1181187
            ],
            [
              10.3933138,
              52.118035
            ],
            [
              10.3930383,
              52.117777
            ],
            [
              10.392934,
              52.1176899
            ],
            [
              10.3925857,
              52.1175787
            ],
            [
              10.3923645,
              52.1174983
            ],
            [
              10.3922459,
              52.1174531
            ],
            [
              10.3920993,
              52.1173819
            ],
            [
              10.3919174,
              52.1173267
            ],
            [
              10.3917052,
              52.117316
            ],
            [
              10.3916554,
              52.1172124
            ],
            [
              10.3916967,
              52.1170949
            ],
            [
              10.3917541,
              52.1169842
            ],
            [
              10.3919336,
              52.1165477
            ],
            [
              10.392021,
              52.1163302
            ],
            [
              10.3920313,
              52.1162935
            ],
            [
              10.3920208,
              52.1162578
            ],
            [
              10.3917389,
              52.1158278
            ],
            [
              10.3915762,
              52.1156261
            ],
            [
              10.3912567,
              52.1152036
            ],
            [
              10.3912029,
              52.1151348
            ],
            [
              10.3912099,
              52.1150906
            ],
            [
              10.391222,
              52.1149529
            ],
            [
              10.3912421,
              52.1148991
            ],
            [
              10.3912081,
              52.1148332
            ],
            [
              10.3911524,
              52.1147487
            ],
            [
              10.3912234,
              52.1145905
            ],
            [
              10.3912281,
              52.1145208
            ],
            [
              10.3911935,
              52.1143797
            ],
            [
              10.3910775,
              52.114189
            ],
            [
              10.3907776,
              52.1137513
            ],
            [
              10.3905461,
              52.1136576
            ],
            [
              10.3904653,
              52.1136291
            ],
            [
              10.3904191,
              52.1136129
            ],
            [
              10.3902213,
              52.1135166
            ],
            [
              10.3900378,
              52.1133647
            ],
            [
              10.3898832,
              52.1131895
            ],
            [
              10.3898643,
              52.113056
            ],
            [
              10.3898607,
              52.1129537
            ],
            [
              10.3898527,
              52.1128179
            ],
            [
              10.3898283,
              52.1127603
            ],
            [
              10.3898177,
              52.1125814
            ],
            [
              10.3897818,
              52.1124951
            ],
            [
              10.3896961,
              52.112327
            ],
            [
              10.3894501,
              52.1121501
            ],
            [
              10.389299,
              52.1119941
            ],
            [
              10.3892807,
              52.1119563
            ],
            [
              10.3892394,
              52.1118705
            ],
            [
              10.3891191,
              52.1117913
            ],
            [
              10.3890395,
              52.1117138
            ],
            [
              10.3888816,
              52.1115177
            ],
            [
              10.3887707,
              52.1112258
            ],
            [
              10.3886917,
              52.111004
            ],
            [
              10.388672,
              52.1109488
            ],
            [
              10.3886608,
              52.1107719
            ],
            [
              10.3886567,
              52.1107299
            ],
            [
              10.3885422,
              52.110581
            ],
            [
              10.3885191,
              52.1105418
            ],
            [
              10.3885165,
              52.1104804
            ],
            [
              10.3884594,
              52.1102756
            ],
            [
              10.3884343,
              52.1101764
            ],
            [
              10.3884384,
              52.1101193
            ],
            [
              10.3883922,
              52.1099636
            ],
            [
              10.3883721,
              52.1099036
            ],
            [
              10.3883257,
              52.1098364
            ],
            [
              10.3881999,
              52.1096616
            ],
            [
              10.3881473,
              52.1096217
            ],
            [
              10.3881227,
              52.1095689
            ],
            [
              10.3881034,
              52.109521
            ],
            [
              10.388109,
              52.1094479
            ],
            [
              10.3881108,
              52.1093835
            ],
            [
              10.3881535,
              52.1093344
            ],
            [
              10.3882967,
              52.1091402
            ],
            [
              10.3883657,
              52.1090466
            ],
            [
              10.3883727,
              52.1089975
            ],
            [
              10.3883051,
              52.108913
            ],
            [
              10.3880701,
              52.1088027
            ],
            [
              10.3880086,
              52.1087512
            ],
            [
              10.3878466,
              52.108667
            ],
            [
              10.3877247,
              52.1086009
            ],
            [
              10.387459,
              52.1081646
            ],
            [
              10.3874155,
              52.1080843
            ],
            [
              10.3871408,
              52.107772
            ],
            [
              10.3870546,
              52.1076791
            ],
            [
              10.3870121,
              52.1076285
            ],
            [
              10.3868965,
              52.1073917
            ],
            [
              10.3866816,
              52.1070667
            ],
            [
              10.3866158,
              52.1069412
            ],
            [
              10.3866042,
              52.1069191
            ],
            [
              10.3865713,
              52.1068565
            ],
            [
              10.3864898,
              52.1066413
            ],
            [
              10.3864686,
              52.1065853
            ],
            [
              10.3863593,
              52.1063169
            ],
            [
              10.3862519,
              52.1062222
            ],
            [
              10.3861845,
              52.1061272
            ],
            [
              10.3861206,
              52.1060208
            ],
            [
              10.3860959,
              52.105902
            ],
            [
              10.3860554,
              52.1057905
            ],
            [
              10.3859001,
              52.1054718
            ],
            [
              10.3858369,
              52.1053815
            ],
            [
              10.3857536,
              52.1052826
            ],
            [
              10.3856701,
              52.1051626
            ],
            [
              10.3856236,
              52.1050884
            ],
            [
              10.3855754,
              52.104983
            ],
            [
              10.3855191,
              52.1048486
            ],
            [
              10.3855083,
              52.1046191
            ],
            [
              10.3854888,
              52.1045206
            ],
            [
              10.3854364,
              52.1043367
            ],
            [
              10.385335,
              52.1040432
            ],
            [
              10.3852292,
              52.1038223
            ],
            [
              10.385212,
              52.1037676
            ]
          ]
        ]
      }
    },
    {
      "type": "Feature",
      "properties": {
        "name": "Beinum",
        "city": "Salzgitter",
        "osm_id": 3413859,
        "osm_type": "relation",
        "display": "Beinum, Ortschaft Südost, Salzgitter, Niedersachsen, Deutschland"
      },
      "geometry": {
        "type": "Polygon",
        "coordinates": [
          [
            [
              10.3794714,
              52.0818932
            ],
            [
              10.3796516,
              52.0813512
            ],
            [
              10.3795804,
              52.0808262
            ],
            [
              10.3795796,
              52.0808201
            ],
            [
              10.3795766,
              52.0807944
            ],
            [
              10.3795842,
              52.0807105
            ],
            [
              10.3796055,
              52.0804763
            ],
            [
              10.3801417,
              52.080565
            ],
            [
              10.3806333,
              52.080613
            ],
            [
              10.3807188,
              52.0806214
            ],
            [
              10.3813704,
              52.0806577
            ],
            [
              10.3820373,
              52.0806754
            ],
            [
              10.3821159,
              52.0805399
            ],
            [
              10.3821987,
              52.0804192
            ],
            [
              10.382303,
              52.0802796
            ],
            [
              10.3824211,
              52.0801258
            ],
            [
              10.3825032,
              52.0798917
            ],
            [
              10.3824981,
              52.0798221
            ],
            [
              10.3824637,
              52.079648
            ],
            [
              10.3824507,
              52.0795148
            ],
            [
              10.3825171,
              52.0792891
            ],
            [
              10.3827595,
              52.0789012
            ],
            [
              10.3828687,
              52.0786733
            ],
            [
              10.3829654,
              52.0784565
            ],
            [
              10.3829892,
              52.0783966
            ],
            [
              10.3830171,
              52.0783266
            ],
            [
              10.3830564,
              52.0782458
            ],
            [
              10.3831333,
              52.0781637
            ],
            [
              10.383205,
              52.0780488
            ],
            [
              10.3833498,
              52.0778022
            ],
            [
              10.3835277,
              52.0776476
            ],
            [
              10.3824649,
              52.0774209
            ],
            [
              10.3823679,
              52.0774002
            ],
            [
              10.3804741,
              52.0769962
            ],
            [
              10.3804013,
              52.0769806
            ],
            [
              10.3809876,
              52.0753452
            ],
            [
              10.380998,
              52.0753163
            ],
            [
              10.3812029,
              52.075345
            ],
            [
              10.3815738,
              52.075397
            ],
            [
              10.3819458,
              52.0754492
            ],
            [
              10.3822552,
              52.0747845
            ],
            [
              10.3825266,
              52.0742013
            ],
            [
              10.3821644,
              52.0741349
            ],
            [
              10.3815488,
              52.074022
            ],
            [
              10.3815159,
              52.074016
            ],
            [
              10.3814308,
              52.0740017
            ],
            [
              10.3811785,
              52.0739653
            ],
            [
              10.3808277,
              52.0739148
            ],
            [
              10.3807462,
              52.0739031
            ],
            [
              10.380058,
              52.0738039
            ],
            [
              10.3800836,
              52.0737504
            ],
            [
              10.3805257,
              52.0737601
            ],
            [
              10.3805913,
              52.0737616
            ],
            [
              10.3813534,
              52.0737784
            ],
            [
              10.3814576,
              52.0737807
            ],
            [
              10.3816228,
              52.0737843
            ],
            [
              10.3817505,
              52.0737871
            ],
            [
              10.3821646,
              52.0737962
            ],
            [
              10.3825335,
              52.0738043
            ],
            [
              10.3830612,
              52.073816
            ],
            [
              10.3834536,
              52.0738246
            ],
            [
              10.3838853,
              52.0738341
            ],
            [
              10.3839635,
              52.0738358
            ],
            [
              10.3840689,
              52.0738382
            ],
            [
              10.38456,
              52.073849
            ],
            [
              10.385194,
              52.0738629
            ],
            [
              10.3854732,
              52.073869
            ],
            [
              10.3857405,
              52.0738749
            ],
            [
              10.3857894,
              52.073876
            ],
            [
              10.3858065,
              52.0738764
            ],
            [
              10.3859802,
              52.0737196
            ],
            [
              10.386032,
              52.0736427
            ],
            [
              10.3860512,
              52.0735132
            ],
            [
              10.386005,
              52.0734466
            ],
            [
              10.3859376,
              52.0734021
            ],
            [
              10.3858659,
              52.0733704
            ],
            [
              10.3857429,
              52.0732947
            ],
            [
              10.3856785,
              52.0732313
            ],
            [
              10.3856494,
              52.073096
            ],
            [
              10.385748,
              52.0728537
            ],
            [
              10.3858446,
              52.0726776
            ],
            [
              10.3859051,
              52.0725185
            ],
            [
              10.3859259,
              52.0724565
            ],
            [
              10.3859887,
              52.0723521
            ],
            [
              10.3861299,
              52.0722277
            ],
            [
              10.3862186,
              52.0721332
            ],
            [
              10.3862514,
              52.0720533
            ],
            [
              10.3862904,
              52.0719626
            ],
            [
              10.386319,
              52.0718915
            ],
            [
              10.3863492,
              52.0717962
            ],
            [
              10.3864422,
              52.0716946
            ],
            [
              10.3865799,
              52.0715631
            ],
            [
              10.3866657,
              52.071513
            ],
            [
              10.3868766,
              52.0714293
            ],
            [
              10.3869598,
              52.0713963
            ],
            [
              10.3872421,
              52.0712458
            ],
            [
              10.3874334,
              52.0711026
            ],
            [
              10.3877855,
              52.0708238
            ],
            [
              10.3879156,
              52.0706364
            ],
            [
              10.3879373,
              52.0705693
            ],
            [
              10.3879499,
              52.0704978
            ],
            [
              10.387955,
              52.070434
            ],
            [
              10.3879596,
              52.0703346
            ],
            [
              10.3879737,
              52.0702677
            ],
            [
              10.3880056,
              52.0701718
            ],
            [
              10.3880319,
              52.070052
            ],
            [
              10.3880459,
              52.0698763
            ],
            [
              10.3880173,
              52.0694843
            ],
            [
              10.3880308,
              52.0694152
            ],
            [
              10.3880844,
              52.0692357
            ],
            [
              10.3881329,
              52.0691641
            ],
            [
              10.3882319,
              52.0689956
            ],
            [
              10.3883648,
              52.0688357
            ],
            [
              10.3884038,
              52.0687546
            ],
            [
              10.3884756,
              52.0686697
            ],
            [
              10.3885455,
              52.0685806
            ],
            [
              10.388608,
              52.0685102
            ],
            [
              10.38868,
              52.0683992
            ],
            [
              10.3886117,
              52.0681934
            ],
            [
              10.3885882,
              52.0681641
            ],
            [
              10.3885391,
              52.0681092
            ],
            [
              10.3884086,
              52.0680148
            ],
            [
              10.3883635,
              52.0679604
            ],
            [
              10.3883272,
              52.0679048
            ],
            [
              10.3883032,
              52.0678335
            ],
            [
              10.3882766,
              52.0677359
            ],
            [
              10.3882731,
              52.0676552
            ],
            [
              10.3882353,
              52.067068
            ],
            [
              10.3882304,
              52.0668892
            ],
            [
              10.3882842,
              52.0665506
            ],
            [
              10.388291,
              52.0661999
            ],
            [
              10.3883107,
              52.0660864
            ],
            [
              10.388419,
              52.0658416
            ],
            [
              10.3885316,
              52.0656787
            ],
            [
              10.3886186,
              52.0654914
            ],
            [
              10.3886603,
              52.0653163
            ],
            [
              10.3886989,
              52.0651405
            ],
            [
              10.3887312,
              52.0649671
            ],
            [
              10.3887639,
              52.0647914
            ],
            [
              10.3888204,
              52.0645584
            ],
            [
              10.3888564,
              52.0644527
            ],
            [
              10.3888686,
              52.0644554
            ],
            [
              10.3888915,
              52.0644613
            ],
            [
              10.3889144,
              52.0644672
            ],
            [
              10.3901114,
              52.0647785
            ],
            [
              10.3901157,
              52.0647641
            ],
            [
              10.3901276,
              52.0647346
            ],
            [
              10.3902581,
              52.0643786
            ],
            [
              10.3889747,
              52.0641027
            ],
            [
              10.3889259,
              52.0639781
            ],
            [
              10.3888316,
              52.0637784
            ],
            [
              10.3888079,
              52.0636395
            ],
            [
              10.3888072,
              52.0635267
            ],
            [
              10.3888286,
              52.0634277
            ],
            [
              10.3888547,
              52.0633473
            ],
            [
              10.3889054,
              52.0632464
            ],
            [
              10.3889873,
              52.0632626
            ],
            [
              10.3907625,
              52.0636124
            ],
            [
              10.3919323,
              52.0638429
            ],
            [
              10.3925851,
              52.0639761
            ],
            [
              10.3928949,
              52.0640394
            ],
            [
              10.3932876,
              52.0639142
            ],
            [
              10.3959431,
              52.063068
            ],
            [
              10.3962501,
              52.0629701
            ],
            [
              10.3968631,
              52.0627747
            ],
            [
              10.3974128,
              52.0625994
            ],
            [
              10.3974486,
              52.0625823
            ],
            [
              10.397544,
              52.0625957
            ],
            [
              10.3975996,
              52.0626035
            ],
            [
              10.3976469,
              52.0626102
            ],
            [
              10.3977646,
              52.0626268
            ],
            [
              10.3977635,
              52.0626637
            ],
            [
              10.3978532,
              52.0637078
            ],
            [
              10.398801,
              52.0638403
            ],
            [
              10.3993271,
              52.0630084
            ],
            [
              10.3993634,
              52.0628878
            ],
            [
              10.3993727,
              52.0628568
            ],
            [
              10.3993994,
              52.0628023
            ],
            [
              10.3999158,
              52.0617476
            ],
            [
              10.3999526,
              52.0616552
            ],
            [
              10.3999881,
              52.0615228
            ],
            [
              10.4000061,
              52.0613886
            ],
            [
              10.3999571,
              52.0612575
            ],
            [
              10.3998215,
              52.0610422
            ],
            [
              10.399813,
              52.06103
            ],
            [
              10.3997252,
              52.0609037
            ],
            [
              10.3996365,
              52.0607762
            ],
            [
              10.3995373,
              52.0606001
            ],
            [
              10.3994788,
              52.060415
            ],
            [
              10.399456,
              52.0603056
            ],
            [
              10.3994362,
              52.0602587
            ],
            [
              10.3997147,
              52.0604335
            ],
            [
              10.3997789,
              52.0604738
            ],
            [
              10.4000258,
              52.0606288
            ],
            [
              10.4000312,
              52.0606175
            ],
            [
              10.4001228,
              52.0604326
            ],
            [
              10.4001543,
              52.0603688
            ],
            [
              10.4001811,
              52.0603145
            ],
            [
              10.4001907,
              52.060295
            ],
            [
              10.4002189,
              52.060238
            ],
            [
              10.400257,
              52.0601606
            ],
            [
              10.400347,
              52.0602145
            ],
            [
              10.4004529,
              52.0602779
            ],
            [
              10.4007512,
              52.0604565
            ],
            [
              10.4006899,
              52.06036
            ],
            [
              10.4008624,
              52.0604704
            ],
            [
              10.4010528,
              52.0605896
            ],
            [
              10.4018395,
              52.0581037
            ],
            [
              10.4020206,
              52.0575313
            ],
            [
              10.4021899,
              52.0575595
            ],
            [
              10.4023137,
              52.0575949
            ],
            [
              10.402767,
              52.0577239
            ],
            [
              10.4034306,
              52.0579241
            ],
            [
              10.4040878,
              52.0581155
            ],
            [
              10.404249,
              52.0581618
            ],
            [
              10.4051286,
              52.0584147
            ],
            [
              10.4053208,
              52.0584698
            ],
            [
              10.4054792,
              52.0585153
            ],
            [
              10.4055647,
              52.0584158
            ],
            [
              10.4056019,
              52.0583724
            ],
            [
              10.405807,
              52.0580551
            ],
            [
              10.4060487,
              52.057681
            ],
            [
              10.4063582,
              52.0572021
            ],
            [
              10.4064144,
              52.0571152
            ],
            [
              10.4069143,
              52.0563417
            ],
            [
              10.4069264,
              52.056323
            ],
            [
              10.4069552,
              52.0562784
            ],
            [
              10.4069606,
              52.0562706
            ],
            [
              10.4084288,
              52.0562551
            ],
            [
              10.4085295,
              52.0562624
            ],
            [
              10.4086252,
              52.0562836
            ],
            [
              10.408751,
              52.0563343
            ],
            [
              10.4088382,
              52.0564052
            ],
            [
              10.4088837,
              52.0564732
            ],
            [
              10.4092604,
              52.0572624
            ],
            [
              10.4094112,
              52.0575781
            ],
            [
              10.4094216,
              52.0576001
            ],
            [
              10.4094457,
              52.0576504
            ],
            [
              10.4094459,
              52.0576676
            ],
            [
              10.4094461,
              52.057683
            ],
            [
              10.4094468,
              52.0577341
            ],
            [
              10.4094339,
              52.0578185
            ],
            [
              10.4093933,
              52.0580852
            ],
            [
              10.4093809,
              52.0582184
            ],
            [
              10.4093109,
              52.0589643
            ],
            [
              10.4093311,
              52.0590072
            ],
            [
              10.4093932,
              52.0590313
            ],
            [
              10.4094658,
              52.0590333
            ],
            [
              10.4115109,
              52.0588168
            ],
            [
              10.4115681,
              52.0588564
            ],
            [
              10.4116831,
              52.0588107
            ],
            [
              10.4118405,
              52.0587483
            ],
            [
              10.4118316,
              52.0587768
            ],
            [
              10.4118298,
              52.0587812
            ],
            [
              10.4115399,
              52.0596671
            ],
            [
              10.4115279,
              52.0597064
            ],
            [
              10.4115043,
              52.059778
            ],
            [
              10.4114893,
              52.0598232
            ],
            [
              10.4113734,
              52.0601856
            ],
            [
              10.4112614,
              52.0605326
            ],
            [
              10.4112603,
              52.0605361
            ],
            [
              10.4111625,
              52.0608389
            ],
            [
              10.4111481,
              52.060928
            ],
            [
              10.4111056,
              52.0609212
            ],
            [
              10.4107835,
              52.0618221
            ],
            [
              10.4107209,
              52.0619555
            ],
            [
              10.4103624,
              52.06272
            ],
            [
              10.4103455,
              52.0627639
            ],
            [
              10.4103211,
              52.0628277
            ],
            [
              10.4099337,
              52.0638382
            ],
            [
              10.4099671,
              52.0638472
            ],
            [
              10.4099873,
              52.0639194
            ],
            [
              10.4105252,
              52.0640773
            ],
            [
              10.410663,
              52.0641153
            ],
            [
              10.4108823,
              52.0641843
            ],
            [
              10.4113413,
              52.0643286
            ],
            [
              10.4119441,
              52.0645185
            ],
            [
              10.4128107,
              52.0648004
            ],
            [
              10.4132693,
              52.06495
            ],
            [
              10.4132024,
              52.0654709
            ],
            [
              10.4131256,
              52.0660686
            ],
            [
              10.4151606,
              52.0671723
            ],
            [
              10.4157371,
              52.0674854
            ],
            [
              10.4157825,
              52.0675101
            ],
            [
              10.4160693,
              52.067665
            ],
            [
              10.4161318,
              52.0676989
            ],
            [
              10.4164385,
              52.0678653
            ],
            [
              10.4176456,
              52.0685216
            ],
            [
              10.4182008,
              52.068822
            ],
            [
              10.4183699,
              52.0689092
            ],
            [
              10.418544,
              52.0689908
            ],
            [
              10.4187341,
              52.0690705
            ],
            [
              10.4189272,
              52.0691409
            ],
            [
              10.4191229,
              52.0692047
            ],
            [
              10.4193178,
              52.0692622
            ],
            [
              10.4194061,
              52.0692859
            ],
            [
              10.4209171,
              52.0696919
            ],
            [
              10.4211857,
              52.0697644
            ],
            [
              10.422125,
              52.0700176
            ],
            [
              10.4222939,
              52.0700631
            ],
            [
              10.4229134,
              52.0702298
            ],
            [
              10.4232368,
              52.0703168
            ],
            [
              10.4237111,
              52.0704444
            ],
            [
              10.4235682,
              52.0715539
            ],
            [
              10.4254681,
              52.0710835
            ],
            [
              10.4257139,
              52.0710227
            ],
            [
              10.4258048,
              52.0710094
            ],
            [
              10.4258271,
              52.0710336
            ],
            [
              10.4258704,
              52.0710807
            ],
            [
              10.4258844,
              52.0710959
            ],
            [
              10.4260725,
              52.0710539
            ],
            [
              10.4260742,
              52.0710392
            ],
            [
              10.4260781,
              52.0710073
            ],
            [
              10.426081,
              52.0709895
            ],
            [
              10.4269212,
              52.0708843
            ],
            [
              10.4273648,
              52.0708458
            ],
            [
              10.4276063,
              52.0708148
            ],
            [
              10.4273769,
              52.0708994
            ],
            [
              10.4268143,
              52.070966
            ],
            [
              10.4264583,
              52.0721777
            ],
            [
              10.4259841,
              52.0737922
            ],
            [
              10.4253348,
              52.0760021
            ],
            [
              10.4245864,
              52.0785494
            ],
            [
              10.4251618,
              52.0786906
            ],
            [
              10.4251673,
              52.0787246
            ],
            [
              10.425179,
              52.0787982
            ],
            [
              10.4251875,
              52.0788515
            ],
            [
              10.4240774,
              52.0785791
            ],
            [
              10.4238203,
              52.0784952
            ],
            [
              10.4235768,
              52.0783976
            ],
            [
              10.4233243,
              52.0782653
            ],
            [
              10.4192209,
              52.0798195
            ],
            [
              10.4171868,
              52.0805899
            ],
            [
              10.4171478,
              52.0806047
            ],
            [
              10.4173672,
              52.0811255
            ],
            [
              10.4181295,
              52.082501
            ],
            [
              10.4179074,
              52.0826138
            ],
            [
              10.4179757,
              52.0827388
            ],
            [
              10.4182472,
              52.0826799
            ],
            [
              10.4192563,
              52.0846318
            ],
            [
              10.4193826,
              52.0849815
            ],
            [
              10.4194615,
              52.0853478
            ],
            [
              10.4195296,
              52.0859447
            ],
            [
              10.4194025,
              52.0859279
            ],
            [
              10.4194012,
              52.0859442
            ],
            [
              10.4193978,
              52.085988
            ],
            [
              10.4192448,
              52.0859682
            ],
            [
              10.4191152,
              52.0859514
            ],
            [
              10.4189209,
              52.0859263
            ],
            [
              10.4187087,
              52.0859646
            ],
            [
              10.4189369,
              52.0862256
            ],
            [
              10.418995,
              52.0863181
            ],
            [
              10.4190434,
              52.0864142
            ],
            [
              10.4190761,
              52.0865619
            ],
            [
              10.4191169,
              52.0870019
            ],
            [
              10.4191485,
              52.0873872
            ],
            [
              10.4181849,
              52.087262
            ],
            [
              10.4172771,
              52.0871431
            ],
            [
              10.4163049,
              52.0870156
            ],
            [
              10.4161553,
              52.086996
            ],
            [
              10.4156128,
              52.0869249
            ],
            [
              10.4148578,
              52.086826
            ],
            [
              10.4138645,
              52.0866958
            ],
            [
              10.4138623,
              52.0867164
            ],
            [
              10.4136776,
              52.0869659
            ],
            [
              10.4136552,
              52.0869217
            ],
            [
              10.4136732,
              52.086898
            ],
            [
              10.4132576,
              52.0869737
            ],
            [
              10.413084,
              52.0866144
            ],
            [
              10.4129232,
              52.0862823
            ],
            [
              10.4125901,
              52.0855935
            ],
            [
              10.4125301,
              52.0855846
            ],
            [
              10.4124694,
              52.0855756
            ],
            [
              10.4122235,
              52.0855395
            ],
            [
              10.4121278,
              52.085525
            ],
            [
              10.4110016,
              52.0853587
            ],
            [
              10.4105091,
              52.0865907
            ],
            [
              10.4104912,
              52.0866207
            ],
            [
              10.4104328,
              52.0865993
            ],
            [
              10.4104168,
              52.0865934
            ],
            [
              10.4103535,
              52.08657
            ],
            [
              10.4083985,
              52.0858471
            ],
            [
              10.4072997,
              52.0854384
            ],
            [
              10.406503,
              52.085142
            ],
            [
              10.4064876,
              52.0851361
            ],
            [
              10.4053511,
              52.0867437
            ],
            [
              10.4053388,
              52.0867377
            ],
            [
              10.405069,
              52.0866053
            ],
            [
              10.4036254,
              52.0859167
            ],
            [
              10.4028908,
              52.0855903
            ],
            [
              10.4026043,
              52.0855033
            ],
            [
              10.4013966,
              52.085184
            ],
            [
              10.4013944,
              52.085191
            ],
            [
              10.4009203,
              52.0856411
            ],
            [
              10.4008259,
              52.0857307
            ],
            [
              10.4001419,
              52.0863801
            ],
            [
              10.4001373,
              52.0863879
            ],
            [
              10.3969436,
              52.0852501
            ],
            [
              10.3926179,
              52.0837088
            ],
            [
              10.3926205,
              52.0836937
            ],
            [
              10.3926217,
              52.0836901
            ],
            [
              10.3926342,
              52.0836528
            ],
            [
              10.3926505,
              52.0836043
            ],
            [
              10.3926607,
              52.0835738
            ],
            [
              10.3926856,
              52.0834997
            ],
            [
              10.3927555,
              52.0832918
            ],
            [
              10.3918255,
              52.0832469
            ],
            [
              10.3918243,
              52.0832393
            ],
            [
              10.3918171,
              52.0831964
            ],
            [
              10.3918115,
              52.0831633
            ],
            [
              10.3918112,
              52.0831626
            ],
            [
              10.3918078,
              52.0831417
            ],
            [
              10.3918039,
              52.0831178
            ],
            [
              10.3900577,
              52.0825686
            ],
            [
              10.3899074,
              52.0825218
            ],
            [
              10.3898489,
              52.0825033
            ],
            [
              10.3897956,
              52.0824866
            ],
            [
              10.3897559,
              52.0824741
            ],
            [
              10.3896798,
              52.0824589
            ],
            [
              10.3896591,
              52.0824545
            ],
            [
              10.3890333,
              52.0823292
            ],
            [
              10.3885312,
              52.0822278
            ],
            [
              10.388496,
              52.0822207
            ],
            [
              10.3871024,
              52.0819394
            ],
            [
              10.3868782,
              52.0818941
            ],
            [
              10.386543,
              52.0818265
            ],
            [
              10.3862481,
              52.0817671
            ],
            [
              10.3861369,
              52.0817445
            ],
            [
              10.3854723,
              52.0816107
            ],
            [
              10.3846081,
              52.0814366
            ],
            [
              10.3844321,
              52.0814011
            ],
            [
              10.3834687,
              52.081207
            ],
            [
              10.383286,
              52.0811702
            ],
            [
              10.3831286,
              52.0811385
            ],
            [
              10.3830058,
              52.0811137
            ],
            [
              10.3827157,
              52.0810552
            ],
            [
              10.382483,
              52.0810083
            ],
            [
              10.3823766,
              52.0809869
            ],
            [
              10.3823239,
              52.0809762
            ],
            [
              10.3821279,
              52.0809367
            ],
            [
              10.3820016,
              52.0809113
            ],
            [
              10.3819955,
              52.080928
            ],
            [
              10.3819568,
              52.0810348
            ],
            [
              10.3818514,
              52.0812132
            ],
            [
              10.3817765,
              52.08134
            ],
            [
              10.3815655,
              52.081697
            ],
            [
              10.381232,
              52.082261
            ],
            [
              10.3812051,
              52.0822486
            ],
            [
              10.3809656,
              52.0821369
            ],
            [
              10.3806599,
              52.0820837
            ],
            [
              10.3805094,
              52.0820575
            ],
            [
              10.3803598,
              52.0820315
            ],
            [
              10.3802372,
              52.0820101
            ],
            [
              10.3802016,
              52.0820039
            ],
            [
              10.3794714,
              52.0818932
            ]
          ]
        ]
      }
    },
    {
      "type": "Feature",
      "properties": {
        "name": "Flachstöckheim",
        "city": "Salzgitter",
        "osm_id": 3413860,
        "osm_type": "relation",
        "display": "Flachstöckheim, Ortschaft Südost, Salzgitter, Niedersachsen, Deutschland"
      },
      "geometry": {
        "type": "Polygon",
        "coordinates": [
          [
            [
              10.4171478,
              52.0806047
            ],
            [
              10.4171868,
              52.0805899
            ],
            [
              10.4192209,
              52.0798195
            ],
            [
              10.4233243,
              52.0782653
            ],
            [
              10.4235768,
              52.0783976
            ],
            [
              10.4238203,
              52.0784952
            ],
            [
              10.4240774,
              52.0785791
            ],
            [
              10.4251875,
              52.0788515
            ],
            [
              10.425179,
              52.0787982
            ],
            [
              10.4251673,
              52.0787246
            ],
            [
              10.4251618,
              52.0786906
            ],
            [
              10.4245864,
              52.0785494
            ],
            [
              10.4253348,
              52.0760021
            ],
            [
              10.4259841,
              52.0737922
            ],
            [
              10.4264583,
              52.0721777
            ],
            [
              10.4268143,
              52.070966
            ],
            [
              10.4273769,
              52.0708994
            ],
            [
              10.4276063,
              52.0708148
            ],
            [
              10.4309838,
              52.0708303
            ],
            [
              10.4365178,
              52.0714653
            ],
            [
              10.4365342,
              52.0719102
            ],
            [
              10.4464559,
              52.0723501
            ],
            [
              10.4465954,
              52.0720026
            ],
            [
              10.4568482,
              52.0724671
            ],
            [
              10.4573743,
              52.0729678
            ],
            [
              10.4573653,
              52.0729756
            ],
            [
              10.4573308,
              52.0730052
            ],
            [
              10.4572869,
              52.073043
            ],
            [
              10.4572376,
              52.0730809
            ],
            [
              10.4572811,
              52.0734878
            ],
            [
              10.4573768,
              52.0743846
            ],
            [
              10.4574727,
              52.0752827
            ],
            [
              10.4575685,
              52.0761796
            ],
            [
              10.4576563,
              52.0770024
            ],
            [
              10.4576642,
              52.0770763
            ],
            [
              10.4573849,
              52.0774928
            ],
            [
              10.4571053,
              52.0779078
            ],
            [
              10.4568237,
              52.078326
            ],
            [
              10.4567877,
              52.0783794
            ],
            [
              10.4565464,
              52.0787376
            ],
            [
              10.4564049,
              52.078948
            ],
            [
              10.4558403,
              52.0797867
            ],
            [
              10.4555515,
              52.0802154
            ],
            [
              10.4554951,
              52.0802884
            ],
            [
              10.45537,
              52.0804503
            ],
            [
              10.4547433,
              52.0812614
            ],
            [
              10.4543171,
              52.0818131
            ],
            [
              10.4534707,
              52.0829086
            ],
            [
              10.4532391,
              52.0832084
            ],
            [
              10.4528608,
              52.0836962
            ],
            [
              10.4523267,
              52.0836906
            ],
            [
              10.4523231,
              52.0837451
            ],
            [
              10.4523195,
              52.0837649
            ],
            [
              10.4523006,
              52.0839077
            ],
            [
              10.4522374,
              52.0843852
            ],
            [
              10.452232,
              52.0844163
            ],
            [
              10.4515217,
              52.0844044
            ],
            [
              10.4512102,
              52.0843924
            ],
            [
              10.4511894,
              52.0843904
            ],
            [
              10.451003,
              52.0843724
            ],
            [
              10.4509838,
              52.0848418
            ],
            [
              10.4509695,
              52.0851893
            ],
            [
              10.4509328,
              52.0860871
            ],
            [
              10.4509089,
              52.0866688
            ],
            [
              10.4508959,
              52.0869868
            ],
            [
              10.4509108,
              52.0870095
            ],
            [
              10.44946,
              52.0871724
            ],
            [
              10.4492717,
              52.0871935
            ],
            [
              10.4492726,
              52.0872169
            ],
            [
              10.4492751,
              52.0872811
            ],
            [
              10.4492762,
              52.0873088
            ],
            [
              10.4493446,
              52.0890421
            ],
            [
              10.4493494,
              52.0890737
            ],
            [
              10.4493525,
              52.0890934
            ],
            [
              10.4493598,
              52.0891418
            ],
            [
              10.4493676,
              52.0891922
            ],
            [
              10.4493543,
              52.0891932
            ],
            [
              10.4486392,
              52.0896824
            ],
            [
              10.4478577,
              52.0897431
            ],
            [
              10.4468995,
              52.0897495
            ],
            [
              10.446906,
              52.0897541
            ],
            [
              10.4467921,
              52.0897496
            ],
            [
              10.4467735,
              52.0897488
            ],
            [
              10.4467012,
              52.089746
            ],
            [
              10.4465207,
              52.0897465
            ],
            [
              10.4463706,
              52.0897646
            ],
            [
              10.4463158,
              52.0897621
            ],
            [
              10.4462054,
              52.0897291
            ],
            [
              10.4459538,
              52.0896848
            ],
            [
              10.4456418,
              52.0896589
            ],
            [
              10.4454736,
              52.0896327
            ],
            [
              10.4453898,
              52.0896211
            ],
            [
              10.4453696,
              52.0897005
            ],
            [
              10.4453335,
              52.089842
            ],
            [
              10.4452365,
              52.0902218
            ],
            [
              10.4449782,
              52.0901981
            ],
            [
              10.4447708,
              52.0901791
            ],
            [
              10.444308,
              52.0901366
            ],
            [
              10.4442627,
              52.0901324
            ],
            [
              10.4439619,
              52.0902647
            ],
            [
              10.4438311,
              52.0902554
            ],
            [
              10.4438009,
              52.0902513
            ],
            [
              10.4437742,
              52.0902476
            ],
            [
              10.4433569,
              52.0913098
            ],
            [
              10.4423829,
              52.0923591
            ],
            [
              10.442417,
              52.0923941
            ],
            [
              10.4426392,
              52.0930695
            ],
            [
              10.4428173,
              52.0936227
            ],
            [
              10.4427758,
              52.0936307
            ],
            [
              10.4399002,
              52.0934133
            ],
            [
              10.4399013,
              52.0934016
            ],
            [
              10.4399583,
              52.0928414
            ],
            [
              10.4400088,
              52.0923442
            ],
            [
              10.4400215,
              52.0923242
            ],
            [
              10.4400109,
              52.0923237
            ],
            [
              10.4395817,
              52.0923067
            ],
            [
              10.4396042,
              52.0918371
            ],
            [
              10.4395858,
              52.0918114
            ],
            [
              10.4395454,
              52.0917964
            ],
            [
              10.4380844,
              52.0917045
            ],
            [
              10.4363622,
              52.0915961
            ],
            [
              10.4363059,
              52.0915938
            ],
            [
              10.4362992,
              52.0916013
            ],
            [
              10.4362378,
              52.0916707
            ],
            [
              10.4361599,
              52.0917585
            ],
            [
              10.4361381,
              52.0917823
            ],
            [
              10.4356406,
              52.09179
            ],
            [
              10.435291,
              52.0917954
            ],
            [
              10.4350598,
              52.0917989
            ],
            [
              10.4342721,
              52.091811
            ],
            [
              10.4334961,
              52.0918229
            ],
            [
              10.4331555,
              52.0918281
            ],
            [
              10.4328735,
              52.0918326
            ],
            [
              10.432169,
              52.0918434
            ],
            [
              10.4309748,
              52.0918617
            ],
            [
              10.4307504,
              52.0918651
            ],
            [
              10.4303785,
              52.0918708
            ],
            [
              10.4299119,
              52.091878
            ],
            [
              10.4294935,
              52.0918844
            ],
            [
              10.4290736,
              52.0918908
            ],
            [
              10.4288665,
              52.091894
            ],
            [
              10.4289433,
              52.0910836
            ],
            [
              10.4291362,
              52.0890475
            ],
            [
              10.4292704,
              52.0876294
            ],
            [
              10.4292727,
              52.0876089
            ],
            [
              10.4282948,
              52.0874917
            ],
            [
              10.4256044,
              52.0871469
            ],
            [
              10.4245132,
              52.0868585
            ],
            [
              10.4235016,
              52.0866336
            ],
            [
              10.4232743,
              52.0865738
            ],
            [
              10.423258,
              52.0865695
            ],
            [
              10.4226957,
              52.0864464
            ],
            [
              10.4224772,
              52.0864023
            ],
            [
              10.4223682,
              52.0863824
            ],
            [
              10.4211064,
              52.086211
            ],
            [
              10.420847,
              52.0861756
            ],
            [
              10.4193978,
              52.085988
            ],
            [
              10.4194012,
              52.0859442
            ],
            [
              10.4194025,
              52.0859279
            ],
            [
              10.4195296,
              52.0859447
            ],
            [
              10.4194615,
              52.0853478
            ],
            [
              10.4193826,
              52.0849815
            ],
            [
              10.4192563,
              52.0846318
            ],
            [
              10.4182472,
              52.0826799
            ],
            [
              10.4179757,
              52.0827388
            ],
            [
              10.4179074,
              52.0826138
            ],
            [
              10.4181295,
              52.082501
            ],
            [
              10.4173672,
              52.0811255
            ],
            [
              10.4171478,
              52.0806047
            ]
          ]
        ]
      }
    },
    {
      "type": "Feature",
      "properties": {
        "name": "Lobmachtersen",
        "city": "Salzgitter",
        "osm_id": 3413861,
        "osm_type": "relation",
        "display": "Lobmachtersen, Ortschaft Südost, Salzgitter, Niedersachsen, Deutschland"
      },
      "geometry": {
        "type": "Polygon",
        "coordinates": [
          [
            [
              10.3873494,
              52.0985156
            ],
            [
              10.3873644,
              52.0984919
            ],
            [
              10.3873629,
              52.0981767
            ],
            [
              10.3875043,
              52.0978038
            ],
            [
              10.3875692,
              52.0976875
            ],
            [
              10.3876356,
              52.0976407
            ],
            [
              10.3877838,
              52.0975774
            ],
            [
              10.3879749,
              52.0975078
            ],
            [
              10.3881996,
              52.0973915
            ],
            [
              10.3882078,
              52.0973869
            ],
            [
              10.3885059,
              52.0972626
            ],
            [
              10.3886602,
              52.0972031
            ],
            [
              10.3890342,
              52.0970181
            ],
            [
              10.3890487,
              52.0970197
            ],
            [
              10.3891581,
              52.096968
            ],
            [
              10.3892161,
              52.0969465
            ],
            [
              10.3895323,
              52.0967741
            ],
            [
              10.3896586,
              52.0966943
            ],
            [
              10.3898771,
              52.0965713
            ],
            [
              10.3901134,
              52.0964484
            ],
            [
              10.3903252,
              52.0962902
            ],
            [
              10.3904198,
              52.096147
            ],
            [
              10.3906413,
              52.0959473
            ],
            [
              10.3911899,
              52.0958501
            ],
            [
              10.3912711,
              52.0958731
            ],
            [
              10.391378,
              52.0958642
            ],
            [
              10.3915866,
              52.0958358
            ],
            [
              10.3917758,
              52.0958477
            ],
            [
              10.3919213,
              52.0958502
            ],
            [
              10.3919721,
              52.0958248
            ],
            [
              10.3921606,
              52.0958185
            ],
            [
              10.3922468,
              52.0958452
            ],
            [
              10.392464,
              52.0958558
            ],
            [
              10.3926535,
              52.0958975
            ],
            [
              10.3927883,
              52.0958932
            ],
            [
              10.3929772,
              52.0959075
            ],
            [
              10.393191,
              52.0959305
            ],
            [
              10.3937733,
              52.0959773
            ],
            [
              10.3937968,
              52.0959792
            ],
            [
              10.394229,
              52.0956688
            ],
            [
              10.3985527,
              52.0925758
            ],
            [
              10.4038484,
              52.0895226
            ],
            [
              10.4038293,
              52.0895161
            ],
            [
              10.4037728,
              52.0895022
            ],
            [
              10.4036916,
              52.089496
            ],
            [
              10.4034788,
              52.0895089
            ],
            [
              10.4015873,
              52.0896271
            ],
            [
              10.4016307,
              52.0895839
            ],
            [
              10.4016693,
              52.089525
            ],
            [
              10.4017394,
              52.0894419
            ],
            [
              10.4023622,
              52.0887029
            ],
            [
              10.4008702,
              52.0885182
            ],
            [
              10.3999243,
              52.0884011
            ],
            [
              10.3989598,
              52.0882817
            ],
            [
              10.3989023,
              52.088274
            ],
            [
              10.3988565,
              52.0882679
            ],
            [
              10.3988752,
              52.088243
            ],
            [
              10.3995322,
              52.0872731
            ],
            [
              10.399563,
              52.0872277
            ],
            [
              10.3995837,
              52.0871973
            ],
            [
              10.4001284,
              52.0864027
            ],
            [
              10.4001373,
              52.0863879
            ],
            [
              10.4001419,
              52.0863801
            ],
            [
              10.4008259,
              52.0857307
            ],
            [
              10.4009203,
              52.0856411
            ],
            [
              10.4013944,
              52.085191
            ],
            [
              10.4013966,
              52.085184
            ],
            [
              10.4026043,
              52.0855033
            ],
            [
              10.4028908,
              52.0855903
            ],
            [
              10.4036254,
              52.0859167
            ],
            [
              10.405069,
              52.0866053
            ],
            [
              10.4053388,
              52.0867377
            ],
            [
              10.4053511,
              52.0867437
            ],
            [
              10.4064876,
              52.0851361
            ],
            [
              10.406503,
              52.085142
            ],
            [
              10.4072997,
              52.0854384
            ],
            [
              10.4083985,
              52.0858471
            ],
            [
              10.4103535,
              52.08657
            ],
            [
              10.4104168,
              52.0865934
            ],
            [
              10.4104328,
              52.0865993
            ],
            [
              10.4104912,
              52.0866207
            ],
            [
              10.4105091,
              52.0865907
            ],
            [
              10.4110016,
              52.0853587
            ],
            [
              10.4121278,
              52.085525
            ],
            [
              10.4122235,
              52.0855395
            ],
            [
              10.4124694,
              52.0855756
            ],
            [
              10.4125301,
              52.0855846
            ],
            [
              10.4125901,
              52.0855935
            ],
            [
              10.4129232,
              52.0862823
            ],
            [
              10.413084,
              52.0866144
            ],
            [
              10.4132576,
              52.0869737
            ],
            [
              10.4136732,
              52.086898
            ],
            [
              10.4136552,
              52.0869217
            ],
            [
              10.4136776,
              52.0869659
            ],
            [
              10.4138623,
              52.0867164
            ],
            [
              10.4138645,
              52.0866958
            ],
            [
              10.4148578,
              52.086826
            ],
            [
              10.4156128,
              52.0869249
            ],
            [
              10.4161553,
              52.086996
            ],
            [
              10.4163049,
              52.0870156
            ],
            [
              10.4172771,
              52.0871431
            ],
            [
              10.4181849,
              52.087262
            ],
            [
              10.4191485,
              52.0873872
            ],
            [
              10.4191169,
              52.0870019
            ],
            [
              10.4190761,
              52.0865619
            ],
            [
              10.4190434,
              52.0864142
            ],
            [
              10.418995,
              52.0863181
            ],
            [
              10.4189369,
              52.0862256
            ],
            [
              10.4187087,
              52.0859646
            ],
            [
              10.4189209,
              52.0859263
            ],
            [
              10.4191152,
              52.0859514
            ],
            [
              10.4192448,
              52.0859682
            ],
            [
              10.4193978,
              52.085988
            ],
            [
              10.420847,
              52.0861756
            ],
            [
              10.4211064,
              52.086211
            ],
            [
              10.4223682,
              52.0863824
            ],
            [
              10.4224772,
              52.0864023
            ],
            [
              10.4226957,
              52.0864464
            ],
            [
              10.423258,
              52.0865695
            ],
            [
              10.4232743,
              52.0865738
            ],
            [
              10.4235016,
              52.0866336
            ],
            [
              10.4245132,
              52.0868585
            ],
            [
              10.4256044,
              52.0871469
            ],
            [
              10.4282948,
              52.0874917
            ],
            [
              10.4292727,
              52.0876089
            ],
            [
              10.4292704,
              52.0876294
            ],
            [
              10.4291362,
              52.0890475
            ],
            [
              10.4289433,
              52.0910836
            ],
            [
              10.4288665,
              52.091894
            ],
            [
              10.4290736,
              52.0918908
            ],
            [
              10.4294935,
              52.0918844
            ],
            [
              10.4299119,
              52.091878
            ],
            [
              10.4303785,
              52.0918708
            ],
            [
              10.4307504,
              52.0918651
            ],
            [
              10.4309748,
              52.0918617
            ],
            [
              10.432169,
              52.0918434
            ],
            [
              10.4328735,
              52.0918326
            ],
            [
              10.4331555,
              52.0918281
            ],
            [
              10.4334961,
              52.0918229
            ],
            [
              10.4342721,
              52.091811
            ],
            [
              10.4350598,
              52.0917989
            ],
            [
              10.435291,
              52.0917954
            ],
            [
              10.4356406,
              52.09179
            ],
            [
              10.4361381,
              52.0917823
            ],
            [
              10.4361599,
              52.0917585
            ],
            [
              10.4362378,
              52.0916707
            ],
            [
              10.4362992,
              52.0916013
            ],
            [
              10.4363059,
              52.0915938
            ],
            [
              10.4363622,
              52.0915961
            ],
            [
              10.4380844,
              52.0917045
            ],
            [
              10.4395454,
              52.0917964
            ],
            [
              10.4395858,
              52.0918114
            ],
            [
              10.4396042,
              52.0918371
            ],
            [
              10.4395817,
              52.0923067
            ],
            [
              10.4400109,
              52.0923237
            ],
            [
              10.4400215,
              52.0923242
            ],
            [
              10.4400088,
              52.0923442
            ],
            [
              10.4399583,
              52.0928414
            ],
            [
              10.4399013,
              52.0934016
            ],
            [
              10.4399002,
              52.0934133
            ],
            [
              10.4427758,
              52.0936307
            ],
            [
              10.4428173,
              52.0936227
            ],
            [
              10.4428846,
              52.0936555
            ],
            [
              10.4435181,
              52.0938688
            ],
            [
              10.4435485,
              52.0939552
            ],
            [
              10.4435764,
              52.0939605
            ],
            [
              10.4443164,
              52.0941013
            ],
            [
              10.4444376,
              52.0941351
            ],
            [
              10.4449671,
              52.0942334
            ],
            [
              10.4453132,
              52.0945804
            ],
            [
              10.4461712,
              52.0960887
            ],
            [
              10.4459796,
              52.0968388
            ],
            [
              10.4464535,
              52.0969032
            ],
            [
              10.4456718,
              52.0981949
            ],
            [
              10.4456657,
              52.0982109
            ],
            [
              10.445566,
              52.0982192
            ],
            [
              10.4455358,
              52.0982222
            ],
            [
              10.4454479,
              52.0982618
            ],
            [
              10.4452366,
              52.0984019
            ],
            [
              10.4452259,
              52.0984095
            ],
            [
              10.4452039,
              52.098406
            ],
            [
              10.4444582,
              52.098915
            ],
            [
              10.4402235,
              52.1042036
            ],
            [
              10.4401425,
              52.1042658
            ],
            [
              10.4400999,
              52.1042985
            ],
            [
              10.4400594,
              52.1043297
            ],
            [
              10.4400271,
              52.1043545
            ],
            [
              10.4387533,
              52.1052835
            ],
            [
              10.4381724,
              52.1057036
            ],
            [
              10.4364225,
              52.1069788
            ],
            [
              10.4350065,
              52.1082004
            ],
            [
              10.4349744,
              52.1082281
            ],
            [
              10.4347821,
              52.1084139
            ],
            [
              10.4335667,
              52.1096957
            ],
            [
              10.4334424,
              52.1098029
            ],
            [
              10.4333034,
              52.109908
            ],
            [
              10.4331468,
              52.1100101
            ],
            [
              10.4320455,
              52.1105599
            ],
            [
              10.4297159,
              52.1117185
            ],
            [
              10.4276528,
              52.1127335
            ],
            [
              10.4275406,
              52.1127795
            ],
            [
              10.4275371,
              52.1127602
            ],
            [
              10.4274069,
              52.1128139
            ],
            [
              10.4266386,
              52.1130754
            ],
            [
              10.4265297,
              52.1131112
            ],
            [
              10.4264143,
              52.1131493
            ],
            [
              10.4263751,
              52.1131622
            ],
            [
              10.4263301,
              52.1130664
            ],
            [
              10.4263198,
              52.1130751
            ],
            [
              10.4262878,
              52.1131019
            ],
            [
              10.4262635,
              52.1131223
            ],
            [
              10.426103,
              52.1132568
            ],
            [
              10.426059,
              52.1132721
            ],
            [
              10.4260074,
              52.1132958
            ],
            [
              10.4259342,
              52.1133293
            ],
            [
              10.4258516,
              52.113367
            ],
            [
              10.4258327,
              52.1133737
            ],
            [
              10.4257984,
              52.1133835
            ],
            [
              10.4257649,
              52.1133931
            ],
            [
              10.425724,
              52.1134285
            ],
            [
              10.4256539,
              52.113489
            ],
            [
              10.4254066,
              52.1137024
            ],
            [
              10.4247593,
              52.1142462
            ],
            [
              10.4247393,
              52.1142631
            ],
            [
              10.424649,
              52.1142399
            ],
            [
              10.4245573,
              52.1142163
            ],
            [
              10.4244961,
              52.1142006
            ],
            [
              10.4244518,
              52.1141892
            ],
            [
              10.4231208,
              52.1138456
            ],
            [
              10.4229741,
              52.1138077
            ],
            [
              10.4219763,
              52.11355
            ],
            [
              10.421742,
              52.1134896
            ],
            [
              10.4216231,
              52.1137274
            ],
            [
              10.4214333,
              52.1141073
            ],
            [
              10.4212492,
              52.1144757
            ],
            [
              10.4210531,
              52.1148681
            ],
            [
              10.4208463,
              52.1152676
            ],
            [
              10.420611,
              52.1156559
            ],
            [
              10.4203306,
              52.1160222
            ],
            [
              10.4202275,
              52.1161569
            ],
            [
              10.4202059,
              52.1161851
            ],
            [
              10.4198679,
              52.1160404
            ],
            [
              10.4184562,
              52.1154356
            ],
            [
              10.4179336,
              52.1152117
            ],
            [
              10.4162883,
              52.1145055
            ],
            [
              10.4147237,
              52.1138298
            ],
            [
              10.4142143,
              52.1136081
            ],
            [
              10.4126009,
              52.1129139
            ],
            [
              10.4117192,
              52.1125345
            ],
            [
              10.4116776,
              52.1125166
            ],
            [
              10.4112279,
              52.1123231
            ],
            [
              10.4112003,
              52.1123114
            ],
            [
              10.4111448,
              52.1122873
            ],
            [
              10.4086,
              52.1111907
            ],
            [
              10.408496,
              52.1111376
            ],
            [
              10.4050176,
              52.1093581
            ],
            [
              10.4041146,
              52.1088961
            ],
            [
              10.4040732,
              52.1088749
            ],
            [
              10.4040875,
              52.1088438
            ],
            [
              10.4039767,
              52.1088077
            ],
            [
              10.4036745,
              52.1087089
            ],
            [
              10.4035184,
              52.1086579
            ],
            [
              10.4034235,
              52.1086269
            ],
            [
              10.4033061,
              52.1085885
            ],
            [
              10.4032112,
              52.1085575
            ],
            [
              10.4030999,
              52.1085211
            ],
            [
              10.4029978,
              52.1084878
            ],
            [
              10.4028704,
              52.1084461
            ],
            [
              10.4027736,
              52.1084145
            ],
            [
              10.4026614,
              52.1083778
            ],
            [
              10.4024205,
              52.1082989
            ],
            [
              10.4023084,
              52.1082622
            ],
            [
              10.4022206,
              52.1082335
            ],
            [
              10.4021789,
              52.1082198
            ],
            [
              10.4020531,
              52.1081788
            ],
            [
              10.4018201,
              52.1081028
            ],
            [
              10.4016988,
              52.1080633
            ],
            [
              10.4016864,
              52.1080817
            ],
            [
              10.4014784,
              52.1083853
            ],
            [
              10.4012324,
              52.1087506
            ],
            [
              10.400808,
              52.1087744
            ],
            [
              10.4003515,
              52.1088
            ],
            [
              10.3983616,
              52.1089116
            ],
            [
              10.3980092,
              52.1089314
            ],
            [
              10.3979976,
              52.108901
            ],
            [
              10.3978789,
              52.1085891
            ],
            [
              10.3971399,
              52.1086323
            ],
            [
              10.396819,
              52.1086507
            ],
            [
              10.3967743,
              52.1086533
            ],
            [
              10.3963526,
              52.1086777
            ],
            [
              10.3963627,
              52.1086466
            ],
            [
              10.3963296,
              52.1086485
            ],
            [
              10.3964443,
              52.1081987
            ],
            [
              10.3964553,
              52.1081554
            ],
            [
              10.3964685,
              52.1081037
            ],
            [
              10.3966285,
              52.1078528
            ],
            [
              10.3967262,
              52.1076995
            ],
            [
              10.3963472,
              52.1076036
            ],
            [
              10.3962532,
              52.1075579
            ],
            [
              10.3962175,
              52.1072836
            ],
            [
              10.3962337,
              52.1069437
            ],
            [
              10.3962434,
              52.1068644
            ],
            [
              10.3963456,
              52.1067476
            ],
            [
              10.3964992,
              52.1066514
            ],
            [
              10.3965956,
              52.1065225
            ],
            [
              10.3966966,
              52.1062763
            ],
            [
              10.3966803,
              52.1062
            ],
            [
              10.3966285,
              52.1060975
            ],
            [
              10.3962531,
              52.1058119
            ],
            [
              10.3959591,
              52.1055041
            ],
            [
              10.3959258,
              52.1051817
            ],
            [
              10.3959072,
              52.1050332
            ],
            [
              10.3959867,
              52.104869
            ],
            [
              10.3959519,
              52.1044049
            ],
            [
              10.3959098,
              52.1043285
            ],
            [
              10.395829,
              52.1042772
            ],
            [
              10.3952822,
              52.1041556
            ],
            [
              10.3951143,
              52.1040149
            ],
            [
              10.3950915,
              52.103793
            ],
            [
              10.395062,
              52.1037514
            ],
            [
              10.3950093,
              52.1037246
            ],
            [
              10.3946518,
              52.1036025
            ],
            [
              10.3947325,
              52.1034007
            ],
            [
              10.3948056,
              52.1030772
            ],
            [
              10.3949252,
              52.1026636
            ],
            [
              10.3950765,
              52.1021304
            ],
            [
              10.3950871,
              52.102093
            ],
            [
              10.395108,
              52.1020071
            ],
            [
              10.3951246,
              52.1019408
            ],
            [
              10.3951497,
              52.1018417
            ],
            [
              10.3929819,
              52.1011052
            ],
            [
              10.3901224,
              52.1001336
            ],
            [
              10.3894417,
              52.0999024
            ],
            [
              10.3893174,
              52.0998601
            ],
            [
              10.3890179,
              52.0997582
            ],
            [
              10.388911,
              52.0997114
            ],
            [
              10.3875366,
              52.0988501
            ],
            [
              10.3874301,
              52.0987734
            ],
            [
              10.3873494,
              52.0985156
            ]
          ]
        ]
      }
    },
    {
      "type": "Feature",
      "properties": {
        "name": "Ohlendorf",
        "city": "Salzgitter",
        "osm_id": 3413862,
        "osm_type": "relation",
        "display": "Ohlendorf, Ortschaft Südost, Salzgitter, Niedersachsen, Deutschland"
      },
      "geometry": {
        "type": "Polygon",
        "coordinates": [
          [
            [
              10.4099337,
              52.0638382
            ],
            [
              10.4103211,
              52.0628277
            ],
            [
              10.4103455,
              52.0627639
            ],
            [
              10.4103624,
              52.06272
            ],
            [
              10.4107209,
              52.0619555
            ],
            [
              10.4107835,
              52.0618221
            ],
            [
              10.4111056,
              52.0609212
            ],
            [
              10.4111481,
              52.060928
            ],
            [
              10.4111625,
              52.0608389
            ],
            [
              10.4112603,
              52.0605361
            ],
            [
              10.4112614,
              52.0605326
            ],
            [
              10.4113734,
              52.0601856
            ],
            [
              10.4114893,
              52.0598232
            ],
            [
              10.4115043,
              52.059778
            ],
            [
              10.4115279,
              52.0597064
            ],
            [
              10.4115399,
              52.0596671
            ],
            [
              10.411754,
              52.0596863
            ],
            [
              10.411981,
              52.0597048
            ],
            [
              10.4121206,
              52.0597162
            ],
            [
              10.4124839,
              52.0597439
            ],
            [
              10.4125947,
              52.0597524
            ],
            [
              10.41285,
              52.0597721
            ],
            [
              10.4132135,
              52.0598001
            ],
            [
              10.4134663,
              52.0598187
            ],
            [
              10.413581,
              52.0598271
            ],
            [
              10.4139467,
              52.0598549
            ],
            [
              10.4143132,
              52.059882
            ],
            [
              10.4143749,
              52.0598867
            ],
            [
              10.4148336,
              52.0584787
            ],
            [
              10.4149791,
              52.0580311
            ],
            [
              10.4150045,
              52.0579533
            ],
            [
              10.4150247,
              52.0578916
            ],
            [
              10.4150343,
              52.0578647
            ],
            [
              10.4150306,
              52.0578298
            ],
            [
              10.4153874,
              52.0578066
            ],
            [
              10.4157918,
              52.0578939
            ],
            [
              10.4161699,
              52.0579554
            ],
            [
              10.4169363,
              52.0580075
            ],
            [
              10.4194915,
              52.0583127
            ],
            [
              10.4205687,
              52.0585064
            ],
            [
              10.420934,
              52.0586419
            ],
            [
              10.4212971,
              52.0588167
            ],
            [
              10.4234809,
              52.0598088
            ],
            [
              10.423617,
              52.0598453
            ],
            [
              10.4237445,
              52.05985
            ],
            [
              10.4238627,
              52.0598356
            ],
            [
              10.424084,
              52.0597831
            ],
            [
              10.4242946,
              52.0597183
            ],
            [
              10.424609,
              52.0596114
            ],
            [
              10.4247944,
              52.059534
            ],
            [
              10.4249729,
              52.0594927
            ],
            [
              10.425788,
              52.0595154
            ],
            [
              10.4259902,
              52.0595614
            ],
            [
              10.4260236,
              52.0595221
            ],
            [
              10.4262446,
              52.059534
            ],
            [
              10.4265246,
              52.0595363
            ],
            [
              10.426953,
              52.0595135
            ],
            [
              10.4292616,
              52.0591045
            ],
            [
              10.4292616,
              52.0591404
            ],
            [
              10.4292654,
              52.0591689
            ],
            [
              10.429479,
              52.0591184
            ],
            [
              10.4303718,
              52.0589497
            ],
            [
              10.431242,
              52.0587853
            ],
            [
              10.4315286,
              52.0587238
            ],
            [
              10.4318099,
              52.0586476
            ],
            [
              10.4318902,
              52.0586217
            ],
            [
              10.4320617,
              52.0585662
            ],
            [
              10.432082,
              52.0585596
            ],
            [
              10.4323422,
              52.058458
            ],
            [
              10.4325872,
              52.0583455
            ],
            [
              10.4328165,
              52.0582222
            ],
            [
              10.4330311,
              52.0580878
            ],
            [
              10.4330834,
              52.0580494
            ],
            [
              10.4331591,
              52.0579936
            ],
            [
              10.4332257,
              52.0579445
            ],
            [
              10.4344619,
              52.0569636
            ],
            [
              10.4356905,
              52.0559888
            ],
            [
              10.4357425,
              52.055956
            ],
            [
              10.4357506,
              52.0559508
            ],
            [
              10.4358927,
              52.0559515
            ],
            [
              10.4368018,
              52.0561007
            ],
            [
              10.4376017,
              52.0562319
            ],
            [
              10.4377709,
              52.0562442
            ],
            [
              10.4378078,
              52.0562469
            ],
            [
              10.4422163,
              52.0561618
            ],
            [
              10.4431596,
              52.0561435
            ],
            [
              10.4439463,
              52.0561333
            ],
            [
              10.443952,
              52.0561786
            ],
            [
              10.4448388,
              52.0561164
            ],
            [
              10.4449488,
              52.0561114
            ],
            [
              10.4454026,
              52.0560907
            ],
            [
              10.4458392,
              52.0560709
            ],
            [
              10.4458798,
              52.056069
            ],
            [
              10.4459676,
              52.0560651
            ],
            [
              10.4462345,
              52.0560529
            ],
            [
              10.4466355,
              52.0560311
            ],
            [
              10.446893,
              52.056017
            ],
            [
              10.4489286,
              52.0559063
            ],
            [
              10.4495094,
              52.0558746
            ],
            [
              10.449609,
              52.055865
            ],
            [
              10.4496714,
              52.0558589
            ],
            [
              10.4496955,
              52.0558566
            ],
            [
              10.4497889,
              52.0558476
            ],
            [
              10.4498226,
              52.0557051
            ],
            [
              10.4498288,
              52.0556895
            ],
            [
              10.4498621,
              52.0556043
            ],
            [
              10.4500125,
              52.0552206
            ],
            [
              10.4502007,
              52.0547404
            ],
            [
              10.4502246,
              52.054701
            ],
            [
              10.4502675,
              52.0546304
            ],
            [
              10.450345,
              52.0545572
            ],
            [
              10.4504856,
              52.0544247
            ],
            [
              10.4506226,
              52.0542956
            ],
            [
              10.4508891,
              52.0540444
            ],
            [
              10.4511768,
              52.0538568
            ],
            [
              10.4516196,
              52.0536514
            ],
            [
              10.4521687,
              52.0534063
            ],
            [
              10.4528765,
              52.0530905
            ],
            [
              10.4532749,
              52.0528993
            ],
            [
              10.4534101,
              52.0528272
            ],
            [
              10.4538782,
              52.0525185
            ],
            [
              10.4539229,
              52.052489
            ],
            [
              10.4542461,
              52.0522758
            ],
            [
              10.4543014,
              52.0521909
            ],
            [
              10.4549074,
              52.0522244
            ],
            [
              10.4553292,
              52.0521763
            ],
            [
              10.4554987,
              52.0521353
            ],
            [
              10.4559683,
              52.0518828
            ],
            [
              10.4560023,
              52.0518645
            ],
            [
              10.4560985,
              52.0517999
            ],
            [
              10.4560698,
              52.0517634
            ],
            [
              10.4563105,
              52.0516867
            ],
            [
              10.4564862,
              52.0516588
            ],
            [
              10.4566746,
              52.051651
            ],
            [
              10.457545,
              52.0516404
            ],
            [
              10.4577156,
              52.0516274
            ],
            [
              10.4578587,
              52.0516013
            ],
            [
              10.4586281,
              52.0513622
            ],
            [
              10.4592018,
              52.0511964
            ],
            [
              10.4595874,
              52.0510549
            ],
            [
              10.4595795,
              52.0511177
            ],
            [
              10.4596026,
              52.0511444
            ],
            [
              10.4596121,
              52.0511554
            ],
            [
              10.4597033,
              52.0512614
            ],
            [
              10.459775,
              52.0513445
            ],
            [
              10.4596869,
              52.0514524
            ],
            [
              10.459528,
              52.0515322
            ],
            [
              10.4593315,
              52.0516308
            ],
            [
              10.4589993,
              52.0517976
            ],
            [
              10.4587682,
              52.0519499
            ],
            [
              10.458624,
              52.0520706
            ],
            [
              10.4585037,
              52.0522089
            ],
            [
              10.4584738,
              52.0522498
            ],
            [
              10.4583738,
              52.0523863
            ],
            [
              10.4582901,
              52.0525242
            ],
            [
              10.4582634,
              52.0526465
            ],
            [
              10.4583019,
              52.0527037
            ],
            [
              10.4583861,
              52.0527421
            ],
            [
              10.4585685,
              52.052797
            ],
            [
              10.4586893,
              52.0528479
            ],
            [
              10.4598884,
              52.0529484
            ],
            [
              10.4600371,
              52.05257
            ],
            [
              10.460096,
              52.0524202
            ],
            [
              10.4601348,
              52.0523213
            ],
            [
              10.4603654,
              52.0516615
            ],
            [
              10.4604666,
              52.0513719
            ],
            [
              10.460506,
              52.0511924
            ],
            [
              10.4605527,
              52.0509803
            ],
            [
              10.460559,
              52.0509439
            ],
            [
              10.4605969,
              52.0507421
            ],
            [
              10.4618268,
              52.0505657
            ],
            [
              10.4620609,
              52.0505319
            ],
            [
              10.4626041,
              52.0506277
            ],
            [
              10.462726,
              52.0506486
            ],
            [
              10.4627494,
              52.0506527
            ],
            [
              10.4627945,
              52.0506186
            ],
            [
              10.4628295,
              52.0505922
            ],
            [
              10.4630207,
              52.0506624
            ],
            [
              10.463463,
              52.0507657
            ],
            [
              10.4637065,
              52.0508226
            ],
            [
              10.4637147,
              52.0507956
            ],
            [
              10.4639715,
              52.0499521
            ],
            [
              10.4632463,
              52.04979
            ],
            [
              10.4636989,
              52.0491286
            ],
            [
              10.4639498,
              52.048704
            ],
            [
              10.4639825,
              52.0486212
            ],
            [
              10.4639755,
              52.0485424
            ],
            [
              10.4639348,
              52.0483319
            ],
            [
              10.4639165,
              52.0482174
            ],
            [
              10.4639085,
              52.047813
            ],
            [
              10.4639306,
              52.0476335
            ],
            [
              10.4641896,
              52.0476814
            ],
            [
              10.4644994,
              52.0477203
            ],
            [
              10.465533,
              52.0477511
            ],
            [
              10.4658757,
              52.04778
            ],
            [
              10.4662695,
              52.0478346
            ],
            [
              10.4665568,
              52.0479127
            ],
            [
              10.4669214,
              52.0480314
            ],
            [
              10.4675298,
              52.0482166
            ],
            [
              10.4677107,
              52.0478433
            ],
            [
              10.4678022,
              52.0476539
            ],
            [
              10.4682161,
              52.0471845
            ],
            [
              10.4689862,
              52.0465081
            ],
            [
              10.4689729,
              52.0464065
            ],
            [
              10.4691802,
              52.0461123
            ],
            [
              10.4692206,
              52.0459244
            ],
            [
              10.4692141,
              52.0456684
            ],
            [
              10.4694374,
              52.0456758
            ],
            [
              10.4706108,
              52.0455199
            ],
            [
              10.4712313,
              52.0454353
            ],
            [
              10.4713989,
              52.045412
            ],
            [
              10.4718034,
              52.0453559
            ],
            [
              10.4722729,
              52.0452908
            ],
            [
              10.4723027,
              52.0454862
            ],
            [
              10.4723476,
              52.0458062
            ],
            [
              10.4724005,
              52.046184
            ],
            [
              10.4724816,
              52.0468954
            ],
            [
              10.4728005,
              52.0468153
            ],
            [
              10.4739421,
              52.0465286
            ],
            [
              10.4745467,
              52.0463767
            ],
            [
              10.4751148,
              52.046234
            ],
            [
              10.4761659,
              52.0459699
            ],
            [
              10.4762984,
              52.0459366
            ],
            [
              10.4777266,
              52.0460275
            ],
            [
              10.4779895,
              52.0460442
            ],
            [
              10.4785965,
              52.0460828
            ],
            [
              10.4799022,
              52.0461658
            ],
            [
              10.4799829,
              52.0461709
            ],
            [
              10.4800101,
              52.0461726
            ],
            [
              10.4800685,
              52.0461764
            ],
            [
              10.4801788,
              52.0461834
            ],
            [
              10.4802684,
              52.0461891
            ],
            [
              10.4800082,
              52.0464256
            ],
            [
              10.4798355,
              52.0466203
            ],
            [
              10.4797133,
              52.0468083
            ],
            [
              10.4796208,
              52.0470394
            ],
            [
              10.4794583,
              52.0474351
            ],
            [
              10.4794352,
              52.0474913
            ],
            [
              10.4793824,
              52.047621
            ],
            [
              10.4792239,
              52.0480101
            ],
            [
              10.4791855,
              52.0481052
            ],
            [
              10.4792571,
              52.0482804
            ],
            [
              10.4792573,
              52.0482821
            ],
            [
              10.4792738,
              52.048654
            ],
            [
              10.4793953,
              52.0493228
            ],
            [
              10.4794504,
              52.0496222
            ],
            [
              10.4794648,
              52.0497433
            ],
            [
              10.4794768,
              52.0498441
            ],
            [
              10.4795167,
              52.0501794
            ],
            [
              10.4795463,
              52.0504278
            ],
            [
              10.4795759,
              52.0506766
            ],
            [
              10.479609,
              52.0510937
            ],
            [
              10.4796442,
              52.0515628
            ],
            [
              10.4797078,
              52.051702
            ],
            [
              10.4795399,
              52.0520817
            ],
            [
              10.479567,
              52.0520835
            ],
            [
              10.4800118,
              52.0520999
            ],
            [
              10.4802118,
              52.0521073
            ],
            [
              10.4809478,
              52.0521367
            ],
            [
              10.4816821,
              52.0521673
            ],
            [
              10.4824266,
              52.0521963
            ],
            [
              10.4830727,
              52.0522227
            ],
            [
              10.483867,
              52.052252
            ],
            [
              10.4842562,
              52.0522666
            ],
            [
              10.48461,
              52.0522798
            ],
            [
              10.4846912,
              52.052283
            ],
            [
              10.4853456,
              52.052309
            ],
            [
              10.4858505,
              52.052311
            ],
            [
              10.4863308,
              52.0522761
            ],
            [
              10.486433,
              52.0522638
            ],
            [
              10.4864455,
              52.0524372
            ],
            [
              10.4864653,
              52.0528469
            ],
            [
              10.4864516,
              52.0529206
            ],
            [
              10.4864364,
              52.0530032
            ],
            [
              10.4864155,
              52.0531164
            ],
            [
              10.4862428,
              52.0534757
            ],
            [
              10.4862182,
              52.0535436
            ],
            [
              10.4862282,
              52.053607
            ],
            [
              10.4862621,
              52.0537293
            ],
            [
              10.4863784,
              52.0540382
            ],
            [
              10.4864621,
              52.0542163
            ],
            [
              10.4865166,
              52.0542827
            ],
            [
              10.4865395,
              52.0543077
            ],
            [
              10.4867158,
              52.0544995
            ],
            [
              10.4867688,
              52.0546237
            ],
            [
              10.4868149,
              52.0547591
            ],
            [
              10.4868219,
              52.0548076
            ],
            [
              10.4868481,
              52.0549914
            ],
            [
              10.4868619,
              52.0550097
            ],
            [
              10.4868957,
              52.055124
            ],
            [
              10.4869249,
              52.0552233
            ],
            [
              10.4869047,
              52.055258
            ],
            [
              10.4869019,
              52.0552627
            ],
            [
              10.4868914,
              52.055365
            ],
            [
              10.4868314,
              52.0556834
            ],
            [
              10.486831,
              52.0557359
            ],
            [
              10.4866138,
              52.0562596
            ],
            [
              10.4866081,
              52.0563092
            ],
            [
              10.4865878,
              52.0564856
            ],
            [
              10.4865832,
              52.0565253
            ],
            [
              10.4865993,
              52.0565894
            ],
            [
              10.4866499,
              52.0566869
            ],
            [
              10.4866965,
              52.0567767
            ],
            [
              10.4868985,
              52.0569838
            ],
            [
              10.486937,
              52.0569969
            ],
            [
              10.4870121,
              52.0569973
            ],
            [
              10.4871124,
              52.0570082
            ],
            [
              10.4871197,
              52.057009
            ],
            [
              10.4872344,
              52.0570508
            ],
            [
              10.4873354,
              52.0570877
            ],
            [
              10.4873284,
              52.0571826
            ],
            [
              10.4873253,
              52.0572239
            ],
            [
              10.4873213,
              52.0572795
            ],
            [
              10.4874171,
              52.0578643
            ],
            [
              10.4874639,
              52.0581499
            ],
            [
              10.4875329,
              52.0583884
            ],
            [
              10.487609,
              52.0586511
            ],
            [
              10.4877757,
              52.0594622
            ],
            [
              10.4880454,
              52.0607737
            ],
            [
              10.4880614,
              52.0608511
            ],
            [
              10.4883089,
              52.0620544
            ],
            [
              10.4883092,
              52.0620559
            ],
            [
              10.4882691,
              52.0620608
            ],
            [
              10.4881786,
              52.0621331
            ],
            [
              10.4881117,
              52.0621866
            ],
            [
              10.4880918,
              52.0622259
            ],
            [
              10.4880816,
              52.062246
            ],
            [
              10.4874552,
              52.0621058
            ],
            [
              10.4861574,
              52.0619156
            ],
            [
              10.4857399,
              52.0618533
            ],
            [
              10.4853881,
              52.0618026
            ],
            [
              10.4849423,
              52.0617082
            ],
            [
              10.4848705,
              52.0616854
            ],
            [
              10.4841897,
              52.0615446
            ],
            [
              10.4833928,
              52.0613413
            ],
            [
              10.4831862,
              52.0612673
            ],
            [
              10.4825405,
              52.0610048
            ],
            [
              10.4821222,
              52.0608371
            ],
            [
              10.4820129,
              52.0607933
            ],
            [
              10.4819824,
              52.0607811
            ],
            [
              10.4814141,
              52.0605524
            ],
            [
              10.4799689,
              52.0599719
            ],
            [
              10.4794163,
              52.0597499
            ],
            [
              10.4793432,
              52.0597206
            ],
            [
              10.4792268,
              52.0596738
            ],
            [
              10.4792063,
              52.0596656
            ],
            [
              10.4792014,
              52.0596538
            ],
            [
              10.4791151,
              52.0596417
            ],
            [
              10.4775922,
              52.0594281
            ],
            [
              10.4760962,
              52.0592184
            ],
            [
              10.4746204,
              52.0590114
            ],
            [
              10.4730683,
              52.0587937
            ],
            [
              10.4730394,
              52.0587897
            ],
            [
              10.4729911,
              52.0587829
            ],
            [
              10.4729222,
              52.0587869
            ],
            [
              10.4729045,
              52.0587864
            ],
            [
              10.4722286,
              52.0588566
            ],
            [
              10.4715428,
              52.0589278
            ],
            [
              10.4713735,
              52.0589452
            ],
            [
              10.4707436,
              52.0590108
            ],
            [
              10.4698436,
              52.0591057
            ],
            [
              10.4686714,
              52.0592254
            ],
            [
              10.468547,
              52.0592388
            ],
            [
              10.4683049,
              52.0592634
            ],
            [
              10.4678171,
              52.0593142
            ],
            [
              10.4667778,
              52.0594224
            ],
            [
              10.4667335,
              52.0594256
            ],
            [
              10.4666418,
              52.0594322
            ],
            [
              10.466654,
              52.059454
            ],
            [
              10.466683,
              52.0595059
            ],
            [
              10.4668458,
              52.0597975
            ],
            [
              10.4670671,
              52.060194
            ],
            [
              10.4670915,
              52.0602376
            ],
            [
              10.4671902,
              52.0604144
            ],
            [
              10.4672052,
              52.0604455
            ],
            [
              10.4672165,
              52.0604796
            ],
            [
              10.4672271,
              52.0605138
            ],
            [
              10.4672371,
              52.0605528
            ],
            [
              10.4668848,
              52.0620831
            ],
            [
              10.4668587,
              52.0621963
            ],
            [
              10.4668643,
              52.0622483
            ],
            [
              10.4668684,
              52.0622869
            ],
            [
              10.4668697,
              52.0622994
            ],
            [
              10.466873,
              52.0623296
            ],
            [
              10.4666374,
              52.0622695
            ],
            [
              10.466617,
              52.0622642
            ],
            [
              10.4664623,
              52.0622493
            ],
            [
              10.4653735,
              52.0630937
            ],
            [
              10.4640619,
              52.0641109
            ],
            [
              10.4629098,
              52.0650043
            ],
            [
              10.4629669,
              52.065021
            ],
            [
              10.4630401,
              52.0650425
            ],
            [
              10.4630904,
              52.0650572
            ],
            [
              10.463285,
              52.0651136
            ],
            [
              10.4632584,
              52.0651324
            ],
            [
              10.4633607,
              52.0651716
            ],
            [
              10.4633581,
              52.0651766
            ],
            [
              10.4633304,
              52.0652295
            ],
            [
              10.4633215,
              52.0652464
            ],
            [
              10.463304,
              52.0652798
            ],
            [
              10.4632824,
              52.065321
            ],
            [
              10.4628802,
              52.0661099
            ],
            [
              10.4624369,
              52.0669658
            ],
            [
              10.4622312,
              52.0672548
            ],
            [
              10.4621984,
              52.0673008
            ],
            [
              10.4621188,
              52.0674126
            ],
            [
              10.4620258,
              52.0675434
            ],
            [
              10.4619406,
              52.0678207
            ],
            [
              10.4618626,
              52.0680741
            ],
            [
              10.4618092,
              52.0682479
            ],
            [
              10.4617282,
              52.0685116
            ],
            [
              10.4617277,
              52.0689654
            ],
            [
              10.4617274,
              52.0693286
            ],
            [
              10.4617268,
              52.0697298
            ],
            [
              10.4617266,
              52.0700153
            ],
            [
              10.4617264,
              52.0700912
            ],
            [
              10.461726,
              52.0704161
            ],
            [
              10.4617647,
              52.0707797
            ],
            [
              10.461824,
              52.0713357
            ],
            [
              10.461857,
              52.0716446
            ],
            [
              10.4618874,
              52.0719294
            ],
            [
              10.4619085,
              52.0721275
            ],
            [
              10.4619213,
              52.0722466
            ],
            [
              10.4619621,
              52.0726308
            ],
            [
              10.4620324,
              52.0732904
            ],
            [
              10.4620365,
              52.0733263
            ],
            [
              10.4620809,
              52.0737453
            ],
            [
              10.4620404,
              52.0737651
            ],
            [
              10.4617215,
              52.0737186
            ],
            [
              10.4616233,
              52.0737042
            ],
            [
              10.4611966,
              52.073642
            ],
            [
              10.4608493,
              52.0735913
            ],
            [
              10.4588258,
              52.0732961
            ],
            [
              10.4579797,
              52.0731723
            ],
            [
              10.4574734,
              52.0730264
            ],
            [
              10.4573743,
              52.0729678
            ],
            [
              10.4568482,
              52.0724671
            ],
            [
              10.4465954,
              52.0720026
            ],
            [
              10.4464559,
              52.0723501
            ],
            [
              10.4365342,
              52.0719102
            ],
            [
              10.4365178,
              52.0714653
            ],
            [
              10.4309838,
              52.0708303
            ],
            [
              10.4276063,
              52.0708148
            ],
            [
              10.4273648,
              52.0708458
            ],
            [
              10.4269212,
              52.0708843
            ],
            [
              10.426081,
              52.0709895
            ],
            [
              10.4260781,
              52.0710073
            ],
            [
              10.4260742,
              52.0710392
            ],
            [
              10.4260725,
              52.0710539
            ],
            [
              10.4258844,
              52.0710959
            ],
            [
              10.4258704,
              52.0710807
            ],
            [
              10.4258271,
              52.0710336
            ],
            [
              10.4258048,
              52.0710094
            ],
            [
              10.4257139,
              52.0710227
            ],
            [
              10.4254681,
              52.0710835
            ],
            [
              10.4235682,
              52.0715539
            ],
            [
              10.4237111,
              52.0704444
            ],
            [
              10.4232368,
              52.0703168
            ],
            [
              10.4229134,
              52.0702298
            ],
            [
              10.4222939,
              52.0700631
            ],
            [
              10.422125,
              52.0700176
            ],
            [
              10.4211857,
              52.0697644
            ],
            [
              10.4209171,
              52.0696919
            ],
            [
              10.4194061,
              52.0692859
            ],
            [
              10.4193178,
              52.0692622
            ],
            [
              10.4191229,
              52.0692047
            ],
            [
              10.4189272,
              52.0691409
            ],
            [
              10.4187341,
              52.0690705
            ],
            [
              10.418544,
              52.0689908
            ],
            [
              10.4183699,
              52.0689092
            ],
            [
              10.4182008,
              52.068822
            ],
            [
              10.4176456,
              52.0685216
            ],
            [
              10.4164385,
              52.0678653
            ],
            [
              10.4161318,
              52.0676989
            ],
            [
              10.4160693,
              52.067665
            ],
            [
              10.4157825,
              52.0675101
            ],
            [
              10.4157371,
              52.0674854
            ],
            [
              10.4151606,
              52.0671723
            ],
            [
              10.4131256,
              52.0660686
            ],
            [
              10.4132024,
              52.0654709
            ],
            [
              10.4132693,
              52.06495
            ],
            [
              10.4128107,
              52.0648004
            ],
            [
              10.4119441,
              52.0645185
            ],
            [
              10.4113413,
              52.0643286
            ],
            [
              10.4108823,
              52.0641843
            ],
            [
              10.410663,
              52.0641153
            ],
            [
              10.4105252,
              52.0640773
            ],
            [
              10.4099873,
              52.0639194
            ],
            [
              10.4099671,
              52.0638472
            ],
            [
              10.4099337,
              52.0638382
            ]
          ]
        ]
      }
    },
    {
      "type": "Feature",
      "properties": {
        "name": "Calbecht",
        "city": "Salzgitter",
        "osm_id": 3413567,
        "osm_type": "relation",
        "display": "Calbecht, Ortschaft West, Salzgitter, Niedersachsen, Deutschland"
      },
      "geometry": {
        "type": "Polygon",
        "coordinates": [
          [
            [
              10.3670682,
              52.0989248
            ],
            [
              10.3676259,
              52.0985872
            ],
            [
              10.3676741,
              52.0985496
            ],
            [
              10.3677136,
              52.0984924
            ],
            [
              10.3678337,
              52.0982986
            ],
            [
              10.3680764,
              52.0979068
            ],
            [
              10.3680166,
              52.0978915
            ],
            [
              10.3680572,
              52.0977823
            ],
            [
              10.3680967,
              52.0977016
            ],
            [
              10.3681186,
              52.097657
            ],
            [
              10.3681954,
              52.0975307
            ],
            [
              10.3682529,
              52.0974775
            ],
            [
              10.3683307,
              52.0974063
            ],
            [
              10.3684987,
              52.0971931
            ],
            [
              10.3686043,
              52.0970978
            ],
            [
              10.3686948,
              52.097027
            ],
            [
              10.3687783,
              52.0969746
            ],
            [
              10.3688121,
              52.0969534
            ],
            [
              10.3690441,
              52.0968275
            ],
            [
              10.369408,
              52.0966185
            ],
            [
              10.3695307,
              52.0965266
            ],
            [
              10.3701399,
              52.0960301
            ],
            [
              10.3702208,
              52.0959588
            ],
            [
              10.3703814,
              52.0958173
            ],
            [
              10.37047,
              52.0957392
            ],
            [
              10.3692942,
              52.0953867
            ],
            [
              10.3696359,
              52.0950434
            ],
            [
              10.3703359,
              52.0943398
            ],
            [
              10.3705946,
              52.094055
            ],
            [
              10.3706819,
              52.0939589
            ],
            [
              10.3712298,
              52.0933552
            ],
            [
              10.3714037,
              52.0933956
            ],
            [
              10.371545,
              52.093427
            ],
            [
              10.3716338,
              52.0934467
            ],
            [
              10.3716541,
              52.0933383
            ],
            [
              10.3716781,
              52.0932271
            ],
            [
              10.3719042,
              52.0923138
            ],
            [
              10.3719043,
              52.0923049
            ],
            [
              10.3718988,
              52.0922965
            ],
            [
              10.3718807,
              52.092285
            ],
            [
              10.3718586,
              52.0922773
            ],
            [
              10.3718166,
              52.0922597
            ],
            [
              10.3717935,
              52.0922487
            ],
            [
              10.3717773,
              52.0922394
            ],
            [
              10.3717525,
              52.0922229
            ],
            [
              10.3717165,
              52.0921902
            ],
            [
              10.3717232,
              52.0921908
            ],
            [
              10.3718971,
              52.0922197
            ],
            [
              10.3719253,
              52.0921072
            ],
            [
              10.3719356,
              52.0920662
            ],
            [
              10.3717053,
              52.0920297
            ],
            [
              10.3718137,
              52.0920178
            ],
            [
              10.3718938,
              52.0919926
            ],
            [
              10.3719648,
              52.0919491
            ],
            [
              10.3720014,
              52.0917949
            ],
            [
              10.3721068,
              52.0913828
            ],
            [
              10.3721629,
              52.0913882
            ],
            [
              10.3722644,
              52.0913981
            ],
            [
              10.3722881,
              52.0914004
            ],
            [
              10.3722734,
              52.0914563
            ],
            [
              10.372258,
              52.0915176
            ],
            [
              10.3724159,
              52.0916983
            ],
            [
              10.3730313,
              52.0919021
            ],
            [
              10.3734982,
              52.0920567
            ],
            [
              10.3735043,
              52.0920537
            ],
            [
              10.3735135,
              52.0920469
            ],
            [
              10.3737674,
              52.0918182
            ],
            [
              10.3737722,
              52.0918139
            ],
            [
              10.3738103,
              52.0917796
            ],
            [
              10.3738164,
              52.0917821
            ],
            [
              10.3738551,
              52.0917361
            ],
            [
              10.3739315,
              52.0916448
            ],
            [
              10.3739582,
              52.0916275
            ],
            [
              10.3739767,
              52.0916165
            ],
            [
              10.3739898,
              52.0916088
            ],
            [
              10.3740226,
              52.091591
            ],
            [
              10.374057,
              52.091574
            ],
            [
              10.3740857,
              52.0915619
            ],
            [
              10.3740933,
              52.0915588
            ],
            [
              10.3741057,
              52.0915546
            ],
            [
              10.3741148,
              52.0915516
            ],
            [
              10.3741317,
              52.0915459
            ],
            [
              10.3741713,
              52.0915344
            ],
            [
              10.3741806,
              52.0915321
            ],
            [
              10.3744806,
              52.0912015
            ],
            [
              10.374482,
              52.0912
            ],
            [
              10.3745935,
              52.0910809
            ],
            [
              10.3754964,
              52.090119
            ],
            [
              10.3761012,
              52.0894723
            ],
            [
              10.3765139,
              52.0890312
            ],
            [
              10.3765378,
              52.0890056
            ],
            [
              10.3780764,
              52.0873562
            ],
            [
              10.3781683,
              52.0872577
            ],
            [
              10.3782482,
              52.0871675
            ],
            [
              10.3794603,
              52.0851746
            ],
            [
              10.3795107,
              52.0850918
            ],
            [
              10.381232,
              52.082261
            ],
            [
              10.3815655,
              52.081697
            ],
            [
              10.3817765,
              52.08134
            ],
            [
              10.3818514,
              52.0812132
            ],
            [
              10.3819568,
              52.0810348
            ],
            [
              10.3819955,
              52.080928
            ],
            [
              10.3820016,
              52.0809113
            ],
            [
              10.3821279,
              52.0809367
            ],
            [
              10.3823239,
              52.0809762
            ],
            [
              10.3823766,
              52.0809869
            ],
            [
              10.382483,
              52.0810083
            ],
            [
              10.3827157,
              52.0810552
            ],
            [
              10.3830058,
              52.0811137
            ],
            [
              10.3831286,
              52.0811385
            ],
            [
              10.383286,
              52.0811702
            ],
            [
              10.3834687,
              52.081207
            ],
            [
              10.3844321,
              52.0814011
            ],
            [
              10.3846081,
              52.0814366
            ],
            [
              10.3854723,
              52.0816107
            ],
            [
              10.3861369,
              52.0817445
            ],
            [
              10.3862481,
              52.0817671
            ],
            [
              10.386543,
              52.0818265
            ],
            [
              10.3868782,
              52.0818941
            ],
            [
              10.3871024,
              52.0819394
            ],
            [
              10.388496,
              52.0822207
            ],
            [
              10.3885312,
              52.0822278
            ],
            [
              10.3890333,
              52.0823292
            ],
            [
              10.3896591,
              52.0824545
            ],
            [
              10.3896798,
              52.0824589
            ],
            [
              10.3897559,
              52.0824741
            ],
            [
              10.3897956,
              52.0824866
            ],
            [
              10.3898489,
              52.0825033
            ],
            [
              10.3899074,
              52.0825218
            ],
            [
              10.3900577,
              52.0825686
            ],
            [
              10.3918039,
              52.0831178
            ],
            [
              10.3918078,
              52.0831417
            ],
            [
              10.3918112,
              52.0831626
            ],
            [
              10.3918115,
              52.0831633
            ],
            [
              10.3918171,
              52.0831964
            ],
            [
              10.3918243,
              52.0832393
            ],
            [
              10.3918255,
              52.0832469
            ],
            [
              10.3927555,
              52.0832918
            ],
            [
              10.3926856,
              52.0834997
            ],
            [
              10.3926607,
              52.0835738
            ],
            [
              10.3926505,
              52.0836043
            ],
            [
              10.3926342,
              52.0836528
            ],
            [
              10.3926217,
              52.0836901
            ],
            [
              10.3926205,
              52.0836937
            ],
            [
              10.3926179,
              52.0837088
            ],
            [
              10.3969436,
              52.0852501
            ],
            [
              10.4001373,
              52.0863879
            ],
            [
              10.4001284,
              52.0864027
            ],
            [
              10.3995837,
              52.0871973
            ],
            [
              10.399563,
              52.0872277
            ],
            [
              10.3995322,
              52.0872731
            ],
            [
              10.3988752,
              52.088243
            ],
            [
              10.3988565,
              52.0882679
            ],
            [
              10.3989023,
              52.088274
            ],
            [
              10.3989598,
              52.0882817
            ],
            [
              10.3999243,
              52.0884011
            ],
            [
              10.4008702,
              52.0885182
            ],
            [
              10.4023622,
              52.0887029
            ],
            [
              10.4017394,
              52.0894419
            ],
            [
              10.4016693,
              52.089525
            ],
            [
              10.4016307,
              52.0895839
            ],
            [
              10.4015873,
              52.0896271
            ],
            [
              10.4034788,
              52.0895089
            ],
            [
              10.4036916,
              52.089496
            ],
            [
              10.4037728,
              52.0895022
            ],
            [
              10.4038293,
              52.0895161
            ],
            [
              10.4038484,
              52.0895226
            ],
            [
              10.3985527,
              52.0925758
            ],
            [
              10.394229,
              52.0956688
            ],
            [
              10.3937968,
              52.0959792
            ],
            [
              10.3937733,
              52.0959773
            ],
            [
              10.393191,
              52.0959305
            ],
            [
              10.3929772,
              52.0959075
            ],
            [
              10.3927883,
              52.0958932
            ],
            [
              10.3926535,
              52.0958975
            ],
            [
              10.392464,
              52.0958558
            ],
            [
              10.3922468,
              52.0958452
            ],
            [
              10.3921606,
              52.0958185
            ],
            [
              10.3919721,
              52.0958248
            ],
            [
              10.3919213,
              52.0958502
            ],
            [
              10.3917758,
              52.0958477
            ],
            [
              10.3915866,
              52.0958358
            ],
            [
              10.391378,
              52.0958642
            ],
            [
              10.3912711,
              52.0958731
            ],
            [
              10.3911899,
              52.0958501
            ],
            [
              10.3906413,
              52.0959473
            ],
            [
              10.3904198,
              52.096147
            ],
            [
              10.3903252,
              52.0962902
            ],
            [
              10.3901134,
              52.0964484
            ],
            [
              10.3898771,
              52.0965713
            ],
            [
              10.3896586,
              52.0966943
            ],
            [
              10.3895323,
              52.0967741
            ],
            [
              10.3892161,
              52.0969465
            ],
            [
              10.3891581,
              52.096968
            ],
            [
              10.3890487,
              52.0970197
            ],
            [
              10.3890342,
              52.0970181
            ],
            [
              10.3886602,
              52.0972031
            ],
            [
              10.3885059,
              52.0972626
            ],
            [
              10.3882078,
              52.0973869
            ],
            [
              10.3881996,
              52.0973915
            ],
            [
              10.3879749,
              52.0975078
            ],
            [
              10.3877838,
              52.0975774
            ],
            [
              10.3876356,
              52.0976407
            ],
            [
              10.3875692,
              52.0976875
            ],
            [
              10.3875043,
              52.0978038
            ],
            [
              10.3873629,
              52.0981767
            ],
            [
              10.3873644,
              52.0984919
            ],
            [
              10.3873494,
              52.0985156
            ],
            [
              10.3874301,
              52.0987734
            ],
            [
              10.3875366,
              52.0988501
            ],
            [
              10.388911,
              52.0997114
            ],
            [
              10.3890179,
              52.0997582
            ],
            [
              10.3893174,
              52.0998601
            ],
            [
              10.3894417,
              52.0999024
            ],
            [
              10.3901224,
              52.1001336
            ],
            [
              10.3929819,
              52.1011052
            ],
            [
              10.3951497,
              52.1018417
            ],
            [
              10.3951246,
              52.1019408
            ],
            [
              10.395108,
              52.1020071
            ],
            [
              10.3950871,
              52.102093
            ],
            [
              10.3950765,
              52.1021304
            ],
            [
              10.3949252,
              52.1026636
            ],
            [
              10.3948056,
              52.1030772
            ],
            [
              10.3932588,
              52.1030675
            ],
            [
              10.3926636,
              52.1030644
            ],
            [
              10.3926355,
              52.1030712
            ],
            [
              10.3924091,
              52.1031129
            ],
            [
              10.3921758,
              52.1031443
            ],
            [
              10.3918692,
              52.1031677
            ],
            [
              10.3915587,
              52.1031732
            ],
            [
              10.3911813,
              52.1031638
            ],
            [
              10.3893811,
              52.1030968
            ],
            [
              10.3890723,
              52.1030853
            ],
            [
              10.3875988,
              52.1030304
            ],
            [
              10.3861308,
              52.1029757
            ],
            [
              10.3854467,
              52.1029502
            ],
            [
              10.3850822,
              52.1029416
            ],
            [
              10.3847908,
              52.1029435
            ],
            [
              10.3844998,
              52.1029581
            ],
            [
              10.3842117,
              52.1029844
            ],
            [
              10.3839269,
              52.1030228
            ],
            [
              10.3836475,
              52.1030741
            ],
            [
              10.3833737,
              52.1031362
            ],
            [
              10.3831067,
              52.1032097
            ],
            [
              10.3831109,
              52.103178
            ],
            [
              10.3831146,
              52.1031484
            ],
            [
              10.3831189,
              52.1031044
            ],
            [
              10.3831252,
              52.1030287
            ],
            [
              10.3831266,
              52.1030072
            ],
            [
              10.3827873,
              52.1031474
            ],
            [
              10.3827183,
              52.1025605
            ],
            [
              10.382714,
              52.1025234
            ],
            [
              10.3830076,
              52.1025458
            ],
            [
              10.3830473,
              52.1025489
            ],
            [
              10.3828318,
              52.1017132
            ],
            [
              10.3825612,
              52.1009998
            ],
            [
              10.3815382,
              52.0999654
            ],
            [
              10.3807627,
              52.0994226
            ],
            [
              10.3806886,
              52.0993707
            ],
            [
              10.38069,
              52.0993857
            ],
            [
              10.3803381,
              52.0994689
            ],
            [
              10.3801149,
              52.0995217
            ],
            [
              10.3786426,
              52.099263
            ],
            [
              10.3776549,
              52.0990894
            ],
            [
              10.3776386,
              52.099085
            ],
            [
              10.3776074,
              52.0990987
            ],
            [
              10.3766133,
              52.0995525
            ],
            [
              10.3764917,
              52.099608
            ],
            [
              10.3752889,
              52.1001576
            ],
            [
              10.3739965,
              52.1007481
            ],
            [
              10.373926,
              52.1007803
            ],
            [
              10.3729512,
              52.1006678
            ],
            [
              10.3716632,
              52.100512
            ],
            [
              10.3714589,
              52.1004855
            ],
            [
              10.3711103,
              52.100454
            ],
            [
              10.3710076,
              52.1004447
            ],
            [
              10.3704464,
              52.1004262
            ],
            [
              10.3701109,
              52.100403
            ],
            [
              10.3699471,
              52.1003916
            ],
            [
              10.3697005,
              52.1003602
            ],
            [
              10.3696528,
              52.1003541
            ],
            [
              10.3696205,
              52.10035
            ],
            [
              10.3693035,
              52.1003209
            ],
            [
              10.3691955,
              52.1003079
            ],
            [
              10.3691264,
              52.1002995
            ],
            [
              10.3690509,
              52.1002904
            ],
            [
              10.3689723,
              52.1002786
            ],
            [
              10.3689437,
              52.1002978
            ],
            [
              10.3689309,
              52.1003064
            ],
            [
              10.3685362,
              52.1005269
            ],
            [
              10.3677677,
              52.1008386
            ],
            [
              10.3674061,
              52.1009278
            ],
            [
              10.3673825,
              52.1006298
            ],
            [
              10.3673292,
              52.1003029
            ],
            [
              10.3672281,
              52.100006
            ],
            [
              10.3672119,
              52.0999584
            ],
            [
              10.3671987,
              52.0999197
            ],
            [
              10.36715,
              52.099837
            ],
            [
              10.3671365,
              52.0997725
            ],
            [
              10.367114,
              52.0994132
            ],
            [
              10.3671264,
              52.0991992
            ],
            [
              10.3671087,
              52.0990925
            ],
            [
              10.3670887,
              52.0990095
            ],
            [
              10.3670764,
              52.0989589
            ],
            [
              10.3670682,
              52.0989248
            ]
          ]
        ]
      }
    },
    {
      "type": "Feature",
      "properties": {
        "name": "Engerode",
        "city": "Salzgitter",
        "osm_id": 3413568,
        "osm_type": "relation",
        "display": "Engerode, Ortschaft West, Salzgitter, Niedersachsen, Deutschland"
      },
      "geometry": {
        "type": "Polygon",
        "coordinates": [
          [
            [
              10.3577756,
              52.0891494
            ],
            [
              10.3577772,
              52.0891026
            ],
            [
              10.3578127,
              52.0890468
            ],
            [
              10.3578417,
              52.0889881
            ],
            [
              10.357914,
              52.0886991
            ],
            [
              10.3579487,
              52.0885159
            ],
            [
              10.3579887,
              52.088377
            ],
            [
              10.3579927,
              52.0882969
            ],
            [
              10.3580259,
              52.0882615
            ],
            [
              10.3581475,
              52.0881318
            ],
            [
              10.3581655,
              52.0881126
            ],
            [
              10.3582942,
              52.0879752
            ],
            [
              10.3586837,
              52.0876346
            ],
            [
              10.3591206,
              52.0872652
            ],
            [
              10.3593851,
              52.0870113
            ],
            [
              10.3596318,
              52.0866359
            ],
            [
              10.3599319,
              52.0868563
            ],
            [
              10.3603611,
              52.0870674
            ],
            [
              10.3605885,
              52.0871366
            ],
            [
              10.3612439,
              52.0871958
            ],
            [
              10.3615139,
              52.0871707
            ],
            [
              10.3618606,
              52.087166
            ],
            [
              10.3630555,
              52.0873045
            ],
            [
              10.3631026,
              52.08731
            ],
            [
              10.3634243,
              52.0873474
            ],
            [
              10.3634782,
              52.0873694
            ],
            [
              10.3637326,
              52.0874655
            ],
            [
              10.3640699,
              52.0875947
            ],
            [
              10.3643759,
              52.0877119
            ],
            [
              10.3651243,
              52.0879985
            ],
            [
              10.3651456,
              52.0879756
            ],
            [
              10.3654652,
              52.0876329
            ],
            [
              10.3657936,
              52.0872806
            ],
            [
              10.3659007,
              52.087166
            ],
            [
              10.3662923,
              52.0867416
            ],
            [
              10.366912,
              52.0860699
            ],
            [
              10.3669453,
              52.0860341
            ],
            [
              10.367943,
              52.0849664
            ],
            [
              10.3698986,
              52.083826
            ],
            [
              10.3707684,
              52.083299
            ],
            [
              10.3707918,
              52.0833082
            ],
            [
              10.3708247,
              52.0833202
            ],
            [
              10.3709584,
              52.0833719
            ],
            [
              10.3709831,
              52.0833817
            ],
            [
              10.3710032,
              52.0833897
            ],
            [
              10.3711092,
              52.0834316
            ],
            [
              10.3711365,
              52.0834424
            ],
            [
              10.3712411,
              52.0834839
            ],
            [
              10.3713008,
              52.0835075
            ],
            [
              10.3713349,
              52.0835216
            ],
            [
              10.3713549,
              52.0835289
            ],
            [
              10.3721118,
              52.0838281
            ],
            [
              10.3723638,
              52.0839276
            ],
            [
              10.3726195,
              52.0840284
            ],
            [
              10.3726345,
              52.0840343
            ],
            [
              10.3727259,
              52.0840704
            ],
            [
              10.3729037,
              52.0841406
            ],
            [
              10.3729399,
              52.0841548
            ],
            [
              10.3735225,
              52.0834264
            ],
            [
              10.3739666,
              52.0828708
            ],
            [
              10.3739975,
              52.0828789
            ],
            [
              10.3742235,
              52.0829377
            ],
            [
              10.3746191,
              52.0830408
            ],
            [
              10.374854,
              52.083102
            ],
            [
              10.3753704,
              52.0832364
            ],
            [
              10.375492,
              52.083268
            ],
            [
              10.3754984,
              52.0832697
            ],
            [
              10.3756555,
              52.0830788
            ],
            [
              10.3756792,
              52.0830499
            ],
            [
              10.375689,
              52.083038
            ],
            [
              10.3761879,
              52.0824258
            ],
            [
              10.3763612,
              52.0822132
            ],
            [
              10.376785,
              52.0817109
            ],
            [
              10.3769559,
              52.0815011
            ],
            [
              10.3773918,
              52.0809756
            ],
            [
              10.3777207,
              52.0805763
            ],
            [
              10.3777265,
              52.0805692
            ],
            [
              10.3777386,
              52.0805545
            ],
            [
              10.3777388,
              52.0805543
            ],
            [
              10.3777804,
              52.0805047
            ],
            [
              10.3779167,
              52.0805286
            ],
            [
              10.3781787,
              52.0805746
            ],
            [
              10.3795476,
              52.0808145
            ],
            [
              10.3795796,
              52.0808201
            ],
            [
              10.3795804,
              52.0808262
            ],
            [
              10.3796516,
              52.0813512
            ],
            [
              10.3794714,
              52.0818932
            ],
            [
              10.3802016,
              52.0820039
            ],
            [
              10.3802372,
              52.0820101
            ],
            [
              10.3803598,
              52.0820315
            ],
            [
              10.3805094,
              52.0820575
            ],
            [
              10.3806599,
              52.0820837
            ],
            [
              10.3809656,
              52.0821369
            ],
            [
              10.3812051,
              52.0822486
            ],
            [
              10.381232,
              52.082261
            ],
            [
              10.3795107,
              52.0850918
            ],
            [
              10.3794603,
              52.0851746
            ],
            [
              10.3782482,
              52.0871675
            ],
            [
              10.3781683,
              52.0872577
            ],
            [
              10.3780764,
              52.0873562
            ],
            [
              10.3765378,
              52.0890056
            ],
            [
              10.3765139,
              52.0890312
            ],
            [
              10.3761012,
              52.0894723
            ],
            [
              10.3754964,
              52.090119
            ],
            [
              10.3745935,
              52.0910809
            ],
            [
              10.374482,
              52.0912
            ],
            [
              10.3744806,
              52.0912015
            ],
            [
              10.3741806,
              52.0915321
            ],
            [
              10.3741713,
              52.0915344
            ],
            [
              10.3741317,
              52.0915459
            ],
            [
              10.3741148,
              52.0915516
            ],
            [
              10.3741057,
              52.0915546
            ],
            [
              10.3740933,
              52.0915588
            ],
            [
              10.3740857,
              52.0915619
            ],
            [
              10.374057,
              52.091574
            ],
            [
              10.3740226,
              52.091591
            ],
            [
              10.3739898,
              52.0916088
            ],
            [
              10.3739767,
              52.0916165
            ],
            [
              10.3739582,
              52.0916275
            ],
            [
              10.3739315,
              52.0916448
            ],
            [
              10.3738551,
              52.0917361
            ],
            [
              10.3738164,
              52.0917821
            ],
            [
              10.3738103,
              52.0917796
            ],
            [
              10.3737722,
              52.0918139
            ],
            [
              10.3737674,
              52.0918182
            ],
            [
              10.3735135,
              52.0920469
            ],
            [
              10.3735043,
              52.0920537
            ],
            [
              10.3734982,
              52.0920567
            ],
            [
              10.3730313,
              52.0919021
            ],
            [
              10.3724159,
              52.0916983
            ],
            [
              10.372258,
              52.0915176
            ],
            [
              10.3722734,
              52.0914563
            ],
            [
              10.3722881,
              52.0914004
            ],
            [
              10.3722644,
              52.0913981
            ],
            [
              10.3721629,
              52.0913882
            ],
            [
              10.3721068,
              52.0913828
            ],
            [
              10.3720014,
              52.0917949
            ],
            [
              10.3719648,
              52.0919491
            ],
            [
              10.3718938,
              52.0919926
            ],
            [
              10.3718137,
              52.0920178
            ],
            [
              10.3717053,
              52.0920297
            ],
            [
              10.3715676,
              52.0920205
            ],
            [
              10.3713523,
              52.0920029
            ],
            [
              10.3703999,
              52.0919074
            ],
            [
              10.3697106,
              52.0918267
            ],
            [
              10.3686224,
              52.0917216
            ],
            [
              10.3685317,
              52.0917159
            ],
            [
              10.3684653,
              52.0917117
            ],
            [
              10.368418,
              52.0917087
            ],
            [
              10.3677089,
              52.0916392
            ],
            [
              10.3668118,
              52.0915631
            ],
            [
              10.3667426,
              52.0915551
            ],
            [
              10.366464,
              52.091523
            ],
            [
              10.3663541,
              52.0915007
            ],
            [
              10.3662368,
              52.0914638
            ],
            [
              10.3662032,
              52.0914053
            ],
            [
              10.3661933,
              52.0915394
            ],
            [
              10.3661919,
              52.0915585
            ],
            [
              10.3661865,
              52.0916315
            ],
            [
              10.3660166,
              52.0916173
            ],
            [
              10.3659805,
              52.0916154
            ],
            [
              10.3655019,
              52.091575
            ],
            [
              10.3654349,
              52.0915693
            ],
            [
              10.3653458,
              52.0915618
            ],
            [
              10.3653102,
              52.0915588
            ],
            [
              10.365209,
              52.0915505
            ],
            [
              10.3652077,
              52.0915571
            ],
            [
              10.3652037,
              52.0915772
            ],
            [
              10.3651478,
              52.0915454
            ],
            [
              10.3651463,
              52.0915446
            ],
            [
              10.3651249,
              52.0915397
            ],
            [
              10.3650816,
              52.0915299
            ],
            [
              10.3650564,
              52.0915242
            ],
            [
              10.3650328,
              52.0915189
            ],
            [
              10.3649366,
              52.0914945
            ],
            [
              10.3648359,
              52.0914558
            ],
            [
              10.3647891,
              52.0914656
            ],
            [
              10.3646735,
              52.0914898
            ],
            [
              10.3645809,
              52.0914055
            ],
            [
              10.36453,
              52.0913017
            ],
            [
              10.3645656,
              52.0911754
            ],
            [
              10.3643793,
              52.091096
            ],
            [
              10.3640755,
              52.090839
            ],
            [
              10.3635586,
              52.0906502
            ],
            [
              10.3623729,
              52.0903429
            ],
            [
              10.3616058,
              52.0903464
            ],
            [
              10.360373,
              52.09063
            ],
            [
              10.3601867,
              52.0905077
            ],
            [
              10.3600326,
              52.0904297
            ],
            [
              10.3597567,
              52.0903262
            ],
            [
              10.3596965,
              52.0902863
            ],
            [
              10.3595791,
              52.0902204
            ],
            [
              10.3593516,
              52.0901346
            ],
            [
              10.3592262,
              52.0900624
            ],
            [
              10.3591111,
              52.0899602
            ],
            [
              10.3589933,
              52.0898704
            ],
            [
              10.3589065,
              52.0897124
            ],
            [
              10.3587667,
              52.0895547
            ],
            [
              10.3586687,
              52.0895285
            ],
            [
              10.3584475,
              52.08954
            ],
            [
              10.3583903,
              52.0895153
            ],
            [
              10.3582563,
              52.089413
            ],
            [
              10.3581523,
              52.0893734
            ],
            [
              10.3579983,
              52.089349
            ],
            [
              10.3578822,
              52.0892015
            ],
            [
              10.3577756,
              52.0891494
            ]
          ]
        ]
      }
    },
    {
      "type": "Feature",
      "properties": {
        "name": "Gebhardshagen",
        "city": "Salzgitter",
        "osm_id": 3413569,
        "osm_type": "relation",
        "display": "Gebhardshagen, Ortschaft West, Salzgitter, Niedersachsen, 38229, Deutschland"
      },
      "geometry": {
        "type": "Polygon",
        "coordinates": [
          [
            [
              10.2825318,
              52.1074484
            ],
            [
              10.2827634,
              52.1070259
            ],
            [
              10.2827585,
              52.1070127
            ],
            [
              10.2829312,
              52.1069931
            ],
            [
              10.2831139,
              52.106963
            ],
            [
              10.2833593,
              52.1069402
            ],
            [
              10.2834966,
              52.1069164
            ],
            [
              10.2837026,
              52.1068691
            ],
            [
              10.2839138,
              52.1068303
            ],
            [
              10.2839876,
              52.10682
            ],
            [
              10.2841301,
              52.1068195
            ],
            [
              10.2841638,
              52.1068055
            ],
            [
              10.2843537,
              52.1067401
            ],
            [
              10.2847712,
              52.106596
            ],
            [
              10.284829,
              52.1065755
            ],
            [
              10.2850535,
              52.1061076
            ],
            [
              10.2854096,
              52.1058382
            ],
            [
              10.285671,
              52.1056249
            ],
            [
              10.2859768,
              52.1054012
            ],
            [
              10.2862434,
              52.1050689
            ],
            [
              10.2862543,
              52.1049013
            ],
            [
              10.2862157,
              52.1045596
            ],
            [
              10.2862274,
              52.1045069
            ],
            [
              10.2863159,
              52.1042227
            ],
            [
              10.2864488,
              52.1040326
            ],
            [
              10.2870423,
              52.1041304
            ],
            [
              10.2893494,
              52.1044985
            ],
            [
              10.2896328,
              52.104537
            ],
            [
              10.2901712,
              52.1046223
            ],
            [
              10.2902212,
              52.1046302
            ],
            [
              10.2903433,
              52.1046495
            ],
            [
              10.2905529,
              52.1046827
            ],
            [
              10.2926549,
              52.1050156
            ],
            [
              10.2932611,
              52.1051115
            ],
            [
              10.2960883,
              52.1055593
            ],
            [
              10.2988141,
              52.1059908
            ],
            [
              10.2998107,
              52.1061486
            ],
            [
              10.3006199,
              52.1062768
            ],
            [
              10.3012311,
              52.1063735
            ],
            [
              10.3017262,
              52.1064518
            ],
            [
              10.3037159,
              52.1067667
            ],
            [
              10.3039641,
              52.1062177
            ],
            [
              10.304094,
              52.106104
            ],
            [
              10.3063404,
              52.1057904
            ],
            [
              10.306411,
              52.1058021
            ],
            [
              10.3065583,
              52.1056036
            ],
            [
              10.3066635,
              52.1055185
            ],
            [
              10.3066997,
              52.1054876
            ],
            [
              10.3069805,
              52.1053709
            ],
            [
              10.3070064,
              52.1053238
            ],
            [
              10.3072911,
              52.1047178
            ],
            [
              10.3073064,
              52.1047199
            ],
            [
              10.3080648,
              52.1030849
            ],
            [
              10.3089405,
              52.1012053
            ],
            [
              10.3095578,
              52.0998755
            ],
            [
              10.3097572,
              52.0994464
            ],
            [
              10.3097711,
              52.09942
            ],
            [
              10.3100776,
              52.0987519
            ],
            [
              10.3138311,
              52.0995425
            ],
            [
              10.3138731,
              52.0995513
            ],
            [
              10.313955,
              52.0995722
            ],
            [
              10.3153854,
              52.0998739
            ],
            [
              10.3168185,
              52.1001699
            ],
            [
              10.3177676,
              52.1003655
            ],
            [
              10.3177851,
              52.1003381
            ],
            [
              10.3178307,
              52.1002735
            ],
            [
              10.3178355,
              52.100268
            ],
            [
              10.3184557,
              52.0994445
            ],
            [
              10.3184936,
              52.0993942
            ],
            [
              10.3188716,
              52.0988928
            ],
            [
              10.3200185,
              52.0973697
            ],
            [
              10.3200551,
              52.0973097
            ],
            [
              10.3202083,
              52.0970587
            ],
            [
              10.3204718,
              52.0966269
            ],
            [
              10.3205805,
              52.0963485
            ],
            [
              10.3206683,
              52.0961292
            ],
            [
              10.3208138,
              52.0957644
            ],
            [
              10.3209185,
              52.0955018
            ],
            [
              10.3210535,
              52.0954686
            ],
            [
              10.3211441,
              52.0954463
            ],
            [
              10.3211997,
              52.0954327
            ],
            [
              10.3213789,
              52.0955588
            ],
            [
              10.3216314,
              52.0955625
            ],
            [
              10.321767,
              52.095533
            ],
            [
              10.3218624,
              52.0954794
            ],
            [
              10.3220437,
              52.095304
            ],
            [
              10.3221633,
              52.0951684
            ],
            [
              10.3222116,
              52.0951115
            ],
            [
              10.3223505,
              52.0948959
            ],
            [
              10.3225263,
              52.0946807
            ],
            [
              10.3225471,
              52.0946639
            ],
            [
              10.3227278,
              52.0945183
            ],
            [
              10.3230217,
              52.0943374
            ],
            [
              10.3233281,
              52.0941634
            ],
            [
              10.3235268,
              52.0941204
            ],
            [
              10.3236575,
              52.0940273
            ],
            [
              10.3237409,
              52.093968
            ],
            [
              10.323946,
              52.0938675
            ],
            [
              10.3241693,
              52.0936386
            ],
            [
              10.3242824,
              52.0933742
            ],
            [
              10.3243774,
              52.0931322
            ],
            [
              10.3244617,
              52.0928665
            ],
            [
              10.3246676,
              52.092338
            ],
            [
              10.3247862,
              52.0920831
            ],
            [
              10.3248013,
              52.0920549
            ],
            [
              10.3249242,
              52.0917886
            ],
            [
              10.3250615,
              52.0915241
            ],
            [
              10.325255,
              52.0912193
            ],
            [
              10.3253986,
              52.0909496
            ],
            [
              10.3255234,
              52.0906916
            ],
            [
              10.3257205,
              52.0901928
            ],
            [
              10.3259658,
              52.0893571
            ],
            [
              10.3260099,
              52.0891134
            ],
            [
              10.3260671,
              52.0887737
            ],
            [
              10.3260732,
              52.0887341
            ],
            [
              10.326086,
              52.0886632
            ],
            [
              10.3261054,
              52.0885297
            ],
            [
              10.3262478,
              52.0880387
            ],
            [
              10.3264985,
              52.0871704
            ],
            [
              10.3266367,
              52.0867282
            ],
            [
              10.3266975,
              52.086552
            ],
            [
              10.326824,
              52.0865704
            ],
            [
              10.3269156,
              52.0865799
            ],
            [
              10.3269772,
              52.0865867
            ],
            [
              10.3269936,
              52.0865317
            ],
            [
              10.3270825,
              52.0862374
            ],
            [
              10.3271629,
              52.0860046
            ],
            [
              10.3272362,
              52.0857788
            ],
            [
              10.3273164,
              52.085548
            ],
            [
              10.3273857,
              52.0853232
            ],
            [
              10.327476,
              52.0850947
            ],
            [
              10.3275999,
              52.0848769
            ],
            [
              10.3277366,
              52.0846626
            ],
            [
              10.3278751,
              52.084439
            ],
            [
              10.3280209,
              52.0842263
            ],
            [
              10.3281461,
              52.0840002
            ],
            [
              10.3282792,
              52.0837879
            ],
            [
              10.3284164,
              52.0835754
            ],
            [
              10.3285497,
              52.0833672
            ],
            [
              10.32869,
              52.0831409
            ],
            [
              10.3288334,
              52.0829229
            ],
            [
              10.3289544,
              52.082707
            ],
            [
              10.3291071,
              52.0824715
            ],
            [
              10.3292313,
              52.0822646
            ],
            [
              10.3293686,
              52.0820421
            ],
            [
              10.329501,
              52.0818236
            ],
            [
              10.3296338,
              52.0816078
            ],
            [
              10.3297624,
              52.0813958
            ],
            [
              10.3298908,
              52.081166
            ],
            [
              10.329968,
              52.0809323
            ],
            [
              10.3300016,
              52.0806978
            ],
            [
              10.330029,
              52.0804701
            ],
            [
              10.3300568,
              52.080281
            ],
            [
              10.3300647,
              52.0802412
            ],
            [
              10.3301077,
              52.0799597
            ],
            [
              10.3301401,
              52.0797346
            ],
            [
              10.3301449,
              52.079698
            ],
            [
              10.3301696,
              52.0795101
            ],
            [
              10.3302343,
              52.0790593
            ],
            [
              10.3302589,
              52.0789033
            ],
            [
              10.3310384,
              52.0791262
            ],
            [
              10.3322679,
              52.0794778
            ],
            [
              10.3325467,
              52.0795661
            ],
            [
              10.3327142,
              52.0796421
            ],
            [
              10.3328261,
              52.0795621
            ],
            [
              10.3327642,
              52.0795343
            ],
            [
              10.332643,
              52.07948
            ],
            [
              10.3332661,
              52.0796318
            ],
            [
              10.3329096,
              52.079423
            ],
            [
              10.332647,
              52.0793158
            ],
            [
              10.3326743,
              52.0793029
            ],
            [
              10.3320513,
              52.0787623
            ],
            [
              10.3318628,
              52.0785987
            ],
            [
              10.3323091,
              52.0777744
            ],
            [
              10.3326342,
              52.0771738
            ],
            [
              10.3326563,
              52.077133
            ],
            [
              10.3335031,
              52.0756211
            ],
            [
              10.3341224,
              52.0744908
            ],
            [
              10.334704,
              52.0733087
            ],
            [
              10.3352989,
              52.0720986
            ],
            [
              10.3353885,
              52.0720582
            ],
            [
              10.3357211,
              52.0720661
            ],
            [
              10.3357509,
              52.0720313
            ],
            [
              10.3358113,
              52.0719609
            ],
            [
              10.335748,
              52.0719202
            ],
            [
              10.3358508,
              52.0711799
            ],
            [
              10.3359494,
              52.0704696
            ],
            [
              10.3366279,
              52.0699069
            ],
            [
              10.3370055,
              52.0695938
            ],
            [
              10.3373667,
              52.0692902
            ],
            [
              10.3374048,
              52.0692583
            ],
            [
              10.3374075,
              52.0691409
            ],
            [
              10.3374099,
              52.0689471
            ],
            [
              10.3374169,
              52.0681244
            ],
            [
              10.3378334,
              52.0675323
            ],
            [
              10.3383531,
              52.0667935
            ],
            [
              10.3384478,
              52.0666588
            ],
            [
              10.3390623,
              52.0668425
            ],
            [
              10.3397319,
              52.0670426
            ],
            [
              10.339754,
              52.0670492
            ],
            [
              10.3409342,
              52.0674023
            ],
            [
              10.3411417,
              52.0674644
            ],
            [
              10.3416833,
              52.0676264
            ],
            [
              10.3420866,
              52.0677444
            ],
            [
              10.3422794,
              52.0678314
            ],
            [
              10.3432573,
              52.0680487
            ],
            [
              10.3441658,
              52.0682506
            ],
            [
              10.3441869,
              52.0682341
            ],
            [
              10.3442501,
              52.0682487
            ],
            [
              10.344617,
              52.0683335
            ],
            [
              10.3449586,
              52.0684124
            ],
            [
              10.3455244,
              52.0685432
            ],
            [
              10.3455552,
              52.0685134
            ],
            [
              10.345604,
              52.0684664
            ],
            [
              10.3457771,
              52.0682995
            ],
            [
              10.3466939,
              52.0674157
            ],
            [
              10.346782,
              52.0673307
            ],
            [
              10.3468664,
              52.0673493
            ],
            [
              10.3480312,
              52.0676064
            ],
            [
              10.3480644,
              52.0677377
            ],
            [
              10.348098,
              52.067871
            ],
            [
              10.3481637,
              52.0680555
            ],
            [
              10.3483484,
              52.0684839
            ],
            [
              10.3484729,
              52.0689677
            ],
            [
              10.3483805,
              52.0693886
            ],
            [
              10.3485353,
              52.069494
            ],
            [
              10.3488732,
              52.0697215
            ],
            [
              10.3493634,
              52.0700351
            ],
            [
              10.3496936,
              52.0702477
            ],
            [
              10.3500619,
              52.0706943
            ],
            [
              10.3502761,
              52.0711615
            ],
            [
              10.3503567,
              52.0715488
            ],
            [
              10.3503518,
              52.0720254
            ],
            [
              10.3503297,
              52.0724479
            ],
            [
              10.3502953,
              52.0728263
            ],
            [
              10.3502652,
              52.0732543
            ],
            [
              10.3503213,
              52.0735745
            ],
            [
              10.3507017,
              52.0736493
            ],
            [
              10.3507685,
              52.0736625
            ],
            [
              10.3510468,
              52.0737176
            ],
            [
              10.3513878,
              52.0737825
            ],
            [
              10.3516582,
              52.0738318
            ],
            [
              10.3521664,
              52.0739293
            ],
            [
              10.3520148,
              52.0742352
            ],
            [
              10.3520112,
              52.0744728
            ],
            [
              10.352046,
              52.0746453
            ],
            [
              10.3520392,
              52.0747088
            ],
            [
              10.3520292,
              52.0748019
            ],
            [
              10.3520194,
              52.0748243
            ],
            [
              10.3518713,
              52.074973
            ],
            [
              10.3518456,
              52.074981
            ],
            [
              10.3517671,
              52.0750434
            ],
            [
              10.3517045,
              52.0753692
            ],
            [
              10.3517457,
              52.0755252
            ],
            [
              10.3517256,
              52.0757808
            ],
            [
              10.3517123,
              52.0759498
            ],
            [
              10.3516604,
              52.0760945
            ],
            [
              10.3515911,
              52.0762542
            ],
            [
              10.3515665,
              52.0766063
            ],
            [
              10.3515173,
              52.0767354
            ],
            [
              10.3513849,
              52.076941
            ],
            [
              10.3511638,
              52.077039
            ],
            [
              10.3510543,
              52.0771044
            ],
            [
              10.3509616,
              52.0771829
            ],
            [
              10.3508775,
              52.0772225
            ],
            [
              10.3504664,
              52.0773989
            ],
            [
              10.3503311,
              52.0775193
            ],
            [
              10.3502577,
              52.0775748
            ],
            [
              10.3499763,
              52.0778321
            ],
            [
              10.3498836,
              52.0779663
            ],
            [
              10.3498374,
              52.078126
            ],
            [
              10.3498429,
              52.0782746
            ],
            [
              10.3498533,
              52.0783594
            ],
            [
              10.349866,
              52.0784455
            ],
            [
              10.3498685,
              52.0785103
            ],
            [
              10.3498182,
              52.0786828
            ],
            [
              10.3497352,
              52.0789016
            ],
            [
              10.3496951,
              52.0789823
            ],
            [
              10.3496171,
              52.079088
            ],
            [
              10.3496101,
              52.0791283
            ],
            [
              10.3494428,
              52.0791938
            ],
            [
              10.3493883,
              52.0792421
            ],
            [
              10.3492751,
              52.0792933
            ],
            [
              10.3491975,
              52.0793595
            ],
            [
              10.3491402,
              52.0794582
            ],
            [
              10.3491103,
              52.0795315
            ],
            [
              10.3491484,
              52.0796543
            ],
            [
              10.3491527,
              52.0797162
            ],
            [
              10.3491592,
              52.0798093
            ],
            [
              10.3490823,
              52.0799807
            ],
            [
              10.3489137,
              52.0802544
            ],
            [
              10.3488643,
              52.0803346
            ],
            [
              10.3487628,
              52.0805413
            ],
            [
              10.3487124,
              52.0806437
            ],
            [
              10.3486778,
              52.0807141
            ],
            [
              10.3486269,
              52.0808493
            ],
            [
              10.348599,
              52.0811079
            ],
            [
              10.3485812,
              52.0811901
            ],
            [
              10.348491,
              52.081337
            ],
            [
              10.3486517,
              52.0815589
            ],
            [
              10.3484293,
              52.0818364
            ],
            [
              10.3482649,
              52.0820414
            ],
            [
              10.3481467,
              52.0821889
            ],
            [
              10.3480067,
              52.0824033
            ],
            [
              10.3479637,
              52.0824691
            ],
            [
              10.3478262,
              52.0825929
            ],
            [
              10.3477488,
              52.0826625
            ],
            [
              10.3476417,
              52.0827904
            ],
            [
              10.3484287,
              52.0830357
            ],
            [
              10.3485449,
              52.0830715
            ],
            [
              10.3498727,
              52.0834771
            ],
            [
              10.3497645,
              52.083691
            ],
            [
              10.3491109,
              52.0844561
            ],
            [
              10.3490919,
              52.0844783
            ],
            [
              10.3490806,
              52.0845011
            ],
            [
              10.3485771,
              52.0855129
            ],
            [
              10.3484349,
              52.0857942
            ],
            [
              10.3484069,
              52.0858496
            ],
            [
              10.3483496,
              52.0859629
            ],
            [
              10.3482695,
              52.0860008
            ],
            [
              10.3482232,
              52.0860445
            ],
            [
              10.3481601,
              52.0860747
            ],
            [
              10.3481299,
              52.0861109
            ],
            [
              10.3481767,
              52.0861845
            ],
            [
              10.3481872,
              52.0862053
            ],
            [
              10.3481712,
              52.0862466
            ],
            [
              10.3481768,
              52.086273
            ],
            [
              10.3482022,
              52.0863132
            ],
            [
              10.3481925,
              52.086347
            ],
            [
              10.3481829,
              52.0863802
            ],
            [
              10.3481494,
              52.0863917
            ],
            [
              10.3481264,
              52.0864094
            ],
            [
              10.3481025,
              52.0864203
            ],
            [
              10.3480767,
              52.0864403
            ],
            [
              10.3480613,
              52.0864607
            ],
            [
              10.3480441,
              52.0864737
            ],
            [
              10.3480301,
              52.0864931
            ],
            [
              10.3479868,
              52.0865016
            ],
            [
              10.3479505,
              52.0865186
            ],
            [
              10.3479198,
              52.0865451
            ],
            [
              10.3479076,
              52.0865704
            ],
            [
              10.3479038,
              52.0866029
            ],
            [
              10.3479084,
              52.0866243
            ],
            [
              10.3479192,
              52.086636
            ],
            [
              10.3479223,
              52.0866569
            ],
            [
              10.3479153,
              52.0866821
            ],
            [
              10.3478792,
              52.0867042
            ],
            [
              10.3478484,
              52.086727
            ],
            [
              10.3478391,
              52.0867696
            ],
            [
              10.3478484,
              52.0868138
            ],
            [
              10.3478273,
              52.0868387
            ],
            [
              10.347835,
              52.0868642
            ],
            [
              10.3478258,
              52.0868922
            ],
            [
              10.3478089,
              52.0869111
            ],
            [
              10.3477827,
              52.0869225
            ],
            [
              10.3477459,
              52.0869272
            ],
            [
              10.347707,
              52.0869347
            ],
            [
              10.3476855,
              52.0869524
            ],
            [
              10.3476538,
              52.0869712
            ],
            [
              10.3476133,
              52.0870116
            ],
            [
              10.3475915,
              52.0870388
            ],
            [
              10.3475658,
              52.0870607
            ],
            [
              10.3475498,
              52.0870861
            ],
            [
              10.3475483,
              52.0871025
            ],
            [
              10.3475608,
              52.0871338
            ],
            [
              10.3475744,
              52.08714
            ],
            [
              10.3475706,
              52.0871569
            ],
            [
              10.3475555,
              52.0871681
            ],
            [
              10.3475553,
              52.0871813
            ],
            [
              10.3475773,
              52.0872043
            ],
            [
              10.3475695,
              52.08726
            ],
            [
              10.347562,
              52.0873136
            ],
            [
              10.3475416,
              52.0873267
            ],
            [
              10.3475337,
              52.0873469
            ],
            [
              10.3475512,
              52.0873754
            ],
            [
              10.3475493,
              52.0873987
            ],
            [
              10.3475013,
              52.0874364
            ],
            [
              10.3474398,
              52.0875223
            ],
            [
              10.3474108,
              52.0875542
            ],
            [
              10.3473916,
              52.0876061
            ],
            [
              10.3473854,
              52.0876532
            ],
            [
              10.3473882,
              52.0876988
            ],
            [
              10.3473925,
              52.0877302
            ],
            [
              10.3474055,
              52.0877579
            ],
            [
              10.3473992,
              52.0877812
            ],
            [
              10.347411,
              52.0877984
            ],
            [
              10.3474648,
              52.0878276
            ],
            [
              10.3474453,
              52.0878558
            ],
            [
              10.3474396,
              52.0878773
            ],
            [
              10.3474084,
              52.0878915
            ],
            [
              10.3473986,
              52.0879053
            ],
            [
              10.3473997,
              52.0879309
            ],
            [
              10.3474186,
              52.087958
            ],
            [
              10.3474126,
              52.0879722
            ],
            [
              10.3473858,
              52.0879859
            ],
            [
              10.3473732,
              52.0880185
            ],
            [
              10.3474101,
              52.0880507
            ],
            [
              10.3474162,
              52.0880899
            ],
            [
              10.3474058,
              52.0881065
            ],
            [
              10.3473622,
              52.088109
            ],
            [
              10.3473427,
              52.0881184
            ],
            [
              10.3473269,
              52.0881474
            ],
            [
              10.3473175,
              52.0881704
            ],
            [
              10.3472811,
              52.0882011
            ],
            [
              10.3472542,
              52.0882303
            ],
            [
              10.3472376,
              52.0882579
            ],
            [
              10.3472388,
              52.0883036
            ],
            [
              10.3472503,
              52.0883276
            ],
            [
              10.347245,
              52.0883601
            ],
            [
              10.3472181,
              52.0883879
            ],
            [
              10.3471927,
              52.0884175
            ],
            [
              10.3471688,
              52.0884311
            ],
            [
              10.3471438,
              52.0884516
            ],
            [
              10.3470742,
              52.0884865
            ],
            [
              10.347073,
              52.0885454
            ],
            [
              10.3470087,
              52.0886162
            ],
            [
              10.3469838,
              52.0886399
            ],
            [
              10.3469717,
              52.0886688
            ],
            [
              10.3469888,
              52.0887042
            ],
            [
              10.3469805,
              52.0887185
            ],
            [
              10.3469412,
              52.088751
            ],
            [
              10.3469416,
              52.088778
            ],
            [
              10.346958,
              52.088796
            ],
            [
              10.3469204,
              52.0888513
            ],
            [
              10.3468866,
              52.0889089
            ],
            [
              10.3468548,
              52.0889108
            ],
            [
              10.3467986,
              52.0889117
            ],
            [
              10.346762,
              52.0889401
            ],
            [
              10.3468123,
              52.0889557
            ],
            [
              10.3468174,
              52.0889712
            ],
            [
              10.3467978,
              52.0889802
            ],
            [
              10.3467637,
              52.0889793
            ],
            [
              10.3467647,
              52.0890364
            ],
            [
              10.34673,
              52.0890556
            ],
            [
              10.3467088,
              52.0890788
            ],
            [
              10.3466712,
              52.0890821
            ],
            [
              10.3466419,
              52.0890908
            ],
            [
              10.3466395,
              52.089105
            ],
            [
              10.3466716,
              52.0891259
            ],
            [
              10.3466614,
              52.089148
            ],
            [
              10.3466657,
              52.0891954
            ],
            [
              10.3466261,
              52.0892398
            ],
            [
              10.3466769,
              52.0892495
            ],
            [
              10.3466946,
              52.0892638
            ],
            [
              10.3466911,
              52.0893031
            ],
            [
              10.3466625,
              52.0893268
            ],
            [
              10.3466389,
              52.0893614
            ],
            [
              10.3466407,
              52.0893869
            ],
            [
              10.3466492,
              52.0894133
            ],
            [
              10.3466622,
              52.0894386
            ],
            [
              10.346691,
              52.0894701
            ],
            [
              10.3466705,
              52.089511
            ],
            [
              10.3466372,
              52.0895435
            ],
            [
              10.3466179,
              52.0895776
            ],
            [
              10.3466044,
              52.0896426
            ],
            [
              10.3466378,
              52.0896954
            ],
            [
              10.3466185,
              52.0897441
            ],
            [
              10.3465814,
              52.0897775
            ],
            [
              10.3465593,
              52.0898308
            ],
            [
              10.3465066,
              52.0899124
            ],
            [
              10.3467493,
              52.0899427
            ],
            [
              10.3470964,
              52.0899859
            ],
            [
              10.347341,
              52.0900226
            ],
            [
              10.3475878,
              52.0900596
            ],
            [
              10.3480034,
              52.0901098
            ],
            [
              10.3482733,
              52.090147
            ],
            [
              10.3483877,
              52.0901628
            ],
            [
              10.3485007,
              52.0901784
            ],
            [
              10.3485064,
              52.0901792
            ],
            [
              10.348908,
              52.0902352
            ],
            [
              10.348929,
              52.0902381
            ],
            [
              10.3489451,
              52.0902403
            ],
            [
              10.3492271,
              52.0902788
            ],
            [
              10.3497087,
              52.0903457
            ],
            [
              10.3499457,
              52.0903774
            ],
            [
              10.3507734,
              52.0904815
            ],
            [
              10.3513656,
              52.0905359
            ],
            [
              10.3516231,
              52.0901974
            ],
            [
              10.3518567,
              52.0895984
            ],
            [
              10.352021,
              52.0892931
            ],
            [
              10.3520394,
              52.0892188
            ],
            [
              10.3520227,
              52.0890832
            ],
            [
              10.3520255,
              52.08898
            ],
            [
              10.3520529,
              52.0887084
            ],
            [
              10.3521263,
              52.0885387
            ],
            [
              10.3521548,
              52.0884875
            ],
            [
              10.3522162,
              52.0883982
            ],
            [
              10.3523012,
              52.0882237
            ],
            [
              10.3523386,
              52.0880184
            ],
            [
              10.3523703,
              52.0878868
            ],
            [
              10.3524092,
              52.0878085
            ],
            [
              10.3524475,
              52.0877461
            ],
            [
              10.3524723,
              52.0877123
            ],
            [
              10.3524896,
              52.0876887
            ],
            [
              10.3525136,
              52.0876655
            ],
            [
              10.3525546,
              52.0876445
            ],
            [
              10.3525858,
              52.0876285
            ],
            [
              10.3526355,
              52.0876007
            ],
            [
              10.352983,
              52.0874668
            ],
            [
              10.3530353,
              52.0874435
            ],
            [
              10.3530634,
              52.0874274
            ],
            [
              10.353089,
              52.0874091
            ],
            [
              10.3531184,
              52.0873881
            ],
            [
              10.3531501,
              52.087356
            ],
            [
              10.3531741,
              52.0873186
            ],
            [
              10.3531948,
              52.087262
            ],
            [
              10.3532158,
              52.0872101
            ],
            [
              10.3532419,
              52.0871566
            ],
            [
              10.3533014,
              52.0870637
            ],
            [
              10.3533466,
              52.086993
            ],
            [
              10.3533723,
              52.0869473
            ],
            [
              10.3534031,
              52.0869129
            ],
            [
              10.3537114,
              52.0865838
            ],
            [
              10.353961,
              52.0864127
            ],
            [
              10.3541858,
              52.0860968
            ],
            [
              10.3546357,
              52.0860652
            ],
            [
              10.3557549,
              52.0862037
            ],
            [
              10.3560542,
              52.0861917
            ],
            [
              10.3565005,
              52.0860047
            ],
            [
              10.3576623,
              52.0858716
            ],
            [
              10.3579954,
              52.0858209
            ],
            [
              10.3583029,
              52.0858396
            ],
            [
              10.3583603,
              52.0858431
            ],
            [
              10.3583805,
              52.0858444
            ],
            [
              10.3587048,
              52.0859245
            ],
            [
              10.3589315,
              52.0860244
            ],
            [
              10.3590622,
              52.0861757
            ],
            [
              10.3592467,
              52.0863891
            ],
            [
              10.3594203,
              52.0865849
            ],
            [
              10.3596318,
              52.0866359
            ],
            [
              10.3593851,
              52.0870113
            ],
            [
              10.3591206,
              52.0872652
            ],
            [
              10.3586837,
              52.0876346
            ],
            [
              10.3582942,
              52.0879752
            ],
            [
              10.3581655,
              52.0881126
            ],
            [
              10.3581475,
              52.0881318
            ],
            [
              10.3580259,
              52.0882615
            ],
            [
              10.3579927,
              52.0882969
            ],
            [
              10.3579887,
              52.088377
            ],
            [
              10.3579487,
              52.0885159
            ],
            [
              10.357914,
              52.0886991
            ],
            [
              10.3578417,
              52.0889881
            ],
            [
              10.3578127,
              52.0890468
            ],
            [
              10.3577772,
              52.0891026
            ],
            [
              10.3577756,
              52.0891494
            ],
            [
              10.3578822,
              52.0892015
            ],
            [
              10.3579983,
              52.089349
            ],
            [
              10.3581523,
              52.0893734
            ],
            [
              10.3582563,
              52.089413
            ],
            [
              10.3583903,
              52.0895153
            ],
            [
              10.3584475,
              52.08954
            ],
            [
              10.3586687,
              52.0895285
            ],
            [
              10.3587667,
              52.0895547
            ],
            [
              10.3589065,
              52.0897124
            ],
            [
              10.3589933,
              52.0898704
            ],
            [
              10.3591111,
              52.0899602
            ],
            [
              10.3592262,
              52.0900624
            ],
            [
              10.3593516,
              52.0901346
            ],
            [
              10.3595791,
              52.0902204
            ],
            [
              10.3596965,
              52.0902863
            ],
            [
              10.3597567,
              52.0903262
            ],
            [
              10.3600326,
              52.0904297
            ],
            [
              10.3601867,
              52.0905077
            ],
            [
              10.360373,
              52.09063
            ],
            [
              10.3616058,
              52.0903464
            ],
            [
              10.3623729,
              52.0903429
            ],
            [
              10.3635586,
              52.0906502
            ],
            [
              10.3640755,
              52.090839
            ],
            [
              10.3643793,
              52.091096
            ],
            [
              10.3645656,
              52.0911754
            ],
            [
              10.36453,
              52.0913017
            ],
            [
              10.3645809,
              52.0914055
            ],
            [
              10.3646735,
              52.0914898
            ],
            [
              10.3647891,
              52.0914656
            ],
            [
              10.3648359,
              52.0914558
            ],
            [
              10.3649366,
              52.0914945
            ],
            [
              10.3650328,
              52.0915189
            ],
            [
              10.3650564,
              52.0915242
            ],
            [
              10.3650816,
              52.0915299
            ],
            [
              10.3651249,
              52.0915397
            ],
            [
              10.3651463,
              52.0915446
            ],
            [
              10.3651478,
              52.0915454
            ],
            [
              10.3652037,
              52.0915772
            ],
            [
              10.3652077,
              52.0915571
            ],
            [
              10.365209,
              52.0915505
            ],
            [
              10.3653102,
              52.0915588
            ],
            [
              10.3653458,
              52.0915618
            ],
            [
              10.3654349,
              52.0915693
            ],
            [
              10.3655019,
              52.091575
            ],
            [
              10.3659805,
              52.0916154
            ],
            [
              10.3660166,
              52.0916173
            ],
            [
              10.3661865,
              52.0916315
            ],
            [
              10.3661919,
              52.0915585
            ],
            [
              10.3661933,
              52.0915394
            ],
            [
              10.3662032,
              52.0914053
            ],
            [
              10.3662368,
              52.0914638
            ],
            [
              10.3663541,
              52.0915007
            ],
            [
              10.366464,
              52.091523
            ],
            [
              10.3667426,
              52.0915551
            ],
            [
              10.3668118,
              52.0915631
            ],
            [
              10.3677089,
              52.0916392
            ],
            [
              10.368418,
              52.0917087
            ],
            [
              10.3684653,
              52.0917117
            ],
            [
              10.3685317,
              52.0917159
            ],
            [
              10.3686224,
              52.0917216
            ],
            [
              10.3697106,
              52.0918267
            ],
            [
              10.3703999,
              52.0919074
            ],
            [
              10.3713523,
              52.0920029
            ],
            [
              10.3715676,
              52.0920205
            ],
            [
              10.3717053,
              52.0920297
            ],
            [
              10.3719356,
              52.0920662
            ],
            [
              10.3719253,
              52.0921072
            ],
            [
              10.3718971,
              52.0922197
            ],
            [
              10.3717232,
              52.0921908
            ],
            [
              10.3717165,
              52.0921902
            ],
            [
              10.3717525,
              52.0922229
            ],
            [
              10.3717773,
              52.0922394
            ],
            [
              10.3717935,
              52.0922487
            ],
            [
              10.3718166,
              52.0922597
            ],
            [
              10.3718586,
              52.0922773
            ],
            [
              10.3718807,
              52.092285
            ],
            [
              10.3718988,
              52.0922965
            ],
            [
              10.3719043,
              52.0923049
            ],
            [
              10.3719042,
              52.0923138
            ],
            [
              10.3716781,
              52.0932271
            ],
            [
              10.3716541,
              52.0933383
            ],
            [
              10.3716338,
              52.0934467
            ],
            [
              10.371545,
              52.093427
            ],
            [
              10.3714037,
              52.0933956
            ],
            [
              10.3712298,
              52.0933552
            ],
            [
              10.3706819,
              52.0939589
            ],
            [
              10.3705946,
              52.094055
            ],
            [
              10.3703359,
              52.0943398
            ],
            [
              10.3696359,
              52.0950434
            ],
            [
              10.3692942,
              52.0953867
            ],
            [
              10.37047,
              52.0957392
            ],
            [
              10.3703814,
              52.0958173
            ],
            [
              10.3702208,
              52.0959588
            ],
            [
              10.3701399,
              52.0960301
            ],
            [
              10.3695307,
              52.0965266
            ],
            [
              10.369408,
              52.0966185
            ],
            [
              10.3690441,
              52.0968275
            ],
            [
              10.3688121,
              52.0969534
            ],
            [
              10.3687783,
              52.0969746
            ],
            [
              10.3686948,
              52.097027
            ],
            [
              10.3686043,
              52.0970978
            ],
            [
              10.3684987,
              52.0971931
            ],
            [
              10.3683307,
              52.0974063
            ],
            [
              10.3682529,
              52.0974775
            ],
            [
              10.3681954,
              52.0975307
            ],
            [
              10.3681186,
              52.097657
            ],
            [
              10.3680967,
              52.0977016
            ],
            [
              10.3680572,
              52.0977823
            ],
            [
              10.3680166,
              52.0978915
            ],
            [
              10.3680764,
              52.0979068
            ],
            [
              10.3678337,
              52.0982986
            ],
            [
              10.3677136,
              52.0984924
            ],
            [
              10.3676741,
              52.0985496
            ],
            [
              10.3676259,
              52.0985872
            ],
            [
              10.3670682,
              52.0989248
            ],
            [
              10.3670764,
              52.0989589
            ],
            [
              10.3670887,
              52.0990095
            ],
            [
              10.3671087,
              52.0990925
            ],
            [
              10.3671264,
              52.0991992
            ],
            [
              10.367114,
              52.0994132
            ],
            [
              10.3671365,
              52.0997725
            ],
            [
              10.36715,
              52.099837
            ],
            [
              10.3671987,
              52.0999197
            ],
            [
              10.3672119,
              52.0999584
            ],
            [
              10.3672281,
              52.100006
            ],
            [
              10.3673292,
              52.1003029
            ],
            [
              10.3673825,
              52.1006298
            ],
            [
              10.3674061,
              52.1009278
            ],
            [
              10.3677677,
              52.1008386
            ],
            [
              10.3685362,
              52.1005269
            ],
            [
              10.3689309,
              52.1003064
            ],
            [
              10.3689437,
              52.1002978
            ],
            [
              10.3689723,
              52.1002786
            ],
            [
              10.3690509,
              52.1002904
            ],
            [
              10.3691264,
              52.1002995
            ],
            [
              10.3691955,
              52.1003079
            ],
            [
              10.3693035,
              52.1003209
            ],
            [
              10.3696205,
              52.10035
            ],
            [
              10.3696528,
              52.1003541
            ],
            [
              10.3697005,
              52.1003602
            ],
            [
              10.3699471,
              52.1003916
            ],
            [
              10.3701109,
              52.100403
            ],
            [
              10.3704464,
              52.1004262
            ],
            [
              10.3710076,
              52.1004447
            ],
            [
              10.3711103,
              52.100454
            ],
            [
              10.3714589,
              52.1004855
            ],
            [
              10.3716632,
              52.100512
            ],
            [
              10.3729512,
              52.1006678
            ],
            [
              10.373926,
              52.1007803
            ],
            [
              10.3739965,
              52.1007481
            ],
            [
              10.3752889,
              52.1001576
            ],
            [
              10.3764917,
              52.099608
            ],
            [
              10.3766133,
              52.0995525
            ],
            [
              10.3776074,
              52.0990987
            ],
            [
              10.3776386,
              52.099085
            ],
            [
              10.3776549,
              52.0990894
            ],
            [
              10.3786426,
              52.099263
            ],
            [
              10.3801149,
              52.0995217
            ],
            [
              10.3803381,
              52.0994689
            ],
            [
              10.38069,
              52.0993857
            ],
            [
              10.3806886,
              52.0993707
            ],
            [
              10.3807627,
              52.0994226
            ],
            [
              10.3815382,
              52.0999654
            ],
            [
              10.3825612,
              52.1009998
            ],
            [
              10.3828318,
              52.1017132
            ],
            [
              10.3830473,
              52.1025489
            ],
            [
              10.3830076,
              52.1025458
            ],
            [
              10.382714,
              52.1025234
            ],
            [
              10.3827183,
              52.1025605
            ],
            [
              10.3827873,
              52.1031474
            ],
            [
              10.3827901,
              52.1031711
            ],
            [
              10.3811619,
              52.1038412
            ],
            [
              10.3810867,
              52.1038699
            ],
            [
              10.3801151,
              52.1042396
            ],
            [
              10.3795596,
              52.1044521
            ],
            [
              10.3795004,
              52.1044751
            ],
            [
              10.3795033,
              52.1044856
            ],
            [
              10.3795223,
              52.1045539
            ],
            [
              10.3795258,
              52.1045686
            ],
            [
              10.3795812,
              52.1057489
            ],
            [
              10.3795823,
              52.1057711
            ],
            [
              10.3782523,
              52.1061438
            ],
            [
              10.3753522,
              52.1069564
            ],
            [
              10.3753547,
              52.107035
            ],
            [
              10.3753561,
              52.107079
            ],
            [
              10.3753606,
              52.1072186
            ],
            [
              10.3753864,
              52.108035
            ],
            [
              10.3754243,
              52.1092291
            ],
            [
              10.3750467,
              52.1092489
            ],
            [
              10.3750467,
              52.1096799
            ],
            [
              10.3752178,
              52.1110133
            ],
            [
              10.3753087,
              52.1111319
            ],
            [
              10.3754057,
              52.1111448
            ],
            [
              10.3754511,
              52.1111426
            ],
            [
              10.3756987,
              52.1111306
            ],
            [
              10.3758328,
              52.1112044
            ],
            [
              10.3759433,
              52.1113028
            ],
            [
              10.3761169,
              52.1115365
            ],
            [
              10.3766172,
              52.1118802
            ],
            [
              10.3773786,
              52.1121711
            ],
            [
              10.3775869,
              52.1122733
            ],
            [
              10.3773941,
              52.1132713
            ],
            [
              10.3772704,
              52.1143745
            ],
            [
              10.3773078,
              52.1146267
            ],
            [
              10.3776133,
              52.1151285
            ],
            [
              10.3776548,
              52.1151917
            ],
            [
              10.3781043,
              52.1152849
            ],
            [
              10.3784647,
              52.1155074
            ],
            [
              10.3786988,
              52.1159751
            ],
            [
              10.3787852,
              52.1160704
            ],
            [
              10.3789971,
              52.1163042
            ],
            [
              10.3795013,
              52.1165766
            ],
            [
              10.3801847,
              52.1168493
            ],
            [
              10.3805267,
              52.1169534
            ],
            [
              10.3808162,
              52.1174109
            ],
            [
              10.3808355,
              52.1174413
            ],
            [
              10.380838,
              52.1174509
            ],
            [
              10.3808583,
              52.1175295
            ],
            [
              10.3808659,
              52.1175591
            ],
            [
              10.380899,
              52.1176875
            ],
            [
              10.380905,
              52.1177106
            ],
            [
              10.3809168,
              52.1177562
            ],
            [
              10.380945,
              52.1178516
            ],
            [
              10.3810656,
              52.1182588
            ],
            [
              10.3819191,
              52.1185978
            ],
            [
              10.3818918,
              52.1186237
            ],
            [
              10.3818388,
              52.1186737
            ],
            [
              10.3817987,
              52.1187122
            ],
            [
              10.3814613,
              52.1198504
            ],
            [
              10.3813353,
              52.1202754
            ],
            [
              10.3810877,
              52.121111
            ],
            [
              10.3809728,
              52.1214986
            ],
            [
              10.3807861,
              52.1221284
            ],
            [
              10.3807956,
              52.1221793
            ],
            [
              10.3646908,
              52.1233973
            ],
            [
              10.3645397,
              52.1234201
            ],
            [
              10.3638587,
              52.1235346
            ],
            [
              10.3634423,
              52.1236128
            ],
            [
              10.3629546,
              52.1237684
            ],
            [
              10.3624729,
              52.1239426
            ],
            [
              10.3613215,
              52.1243851
            ],
            [
              10.3588438,
              52.1253603
            ],
            [
              10.3584432,
              52.1255279
            ],
            [
              10.3582296,
              52.1256396
            ],
            [
              10.3579095,
              52.1258318
            ],
            [
              10.3546814,
              52.1279763
            ],
            [
              10.3546572,
              52.1279611
            ],
            [
              10.3543643,
              52.1281664
            ],
            [
              10.3533462,
              52.128828
            ],
            [
              10.3531089,
              52.1289756
            ],
            [
              10.3529669,
              52.1290521
            ],
            [
              10.352958,
              52.1290564
            ],
            [
              10.3529354,
              52.1290671
            ],
            [
              10.3528368,
              52.1291138
            ],
            [
              10.3528202,
              52.1290535
            ],
            [
              10.3528073,
              52.1290053
            ],
            [
              10.352704,
              52.1286168
            ],
            [
              10.352413,
              52.127521
            ],
            [
              10.3523076,
              52.127124
            ],
            [
              10.3523059,
              52.1271176
            ],
            [
              10.345972,
              52.1285827
            ],
            [
              10.3459713,
              52.128592
            ],
            [
              10.3459654,
              52.1286738
            ],
            [
              10.3459195,
              52.1286819
            ],
            [
              10.3458595,
              52.1286926
            ],
            [
              10.3454743,
              52.1287611
            ],
            [
              10.3454281,
              52.1287694
            ],
            [
              10.3451568,
              52.1283137
            ],
            [
              10.345104,
              52.1282257
            ],
            [
              10.3449512,
              52.1279803
            ],
            [
              10.3449301,
              52.1279392
            ],
            [
              10.3443208,
              52.1268995
            ],
            [
              10.3437918,
              52.1259962
            ],
            [
              10.3433063,
              52.1251676
            ],
            [
              10.3432883,
              52.125142
            ],
            [
              10.3432602,
              52.1251092
            ],
            [
              10.3432149,
              52.1250561
            ],
            [
              10.3432056,
              52.1250456
            ],
            [
              10.3431919,
              52.1250292
            ],
            [
              10.3431642,
              52.1249723
            ],
            [
              10.3427477,
              52.1241227
            ],
            [
              10.3426082,
              52.1238922
            ],
            [
              10.3421677,
              52.1234986
            ],
            [
              10.341405,
              52.1227124
            ],
            [
              10.3410112,
              52.1223375
            ],
            [
              10.3408395,
              52.1221478
            ],
            [
              10.3408212,
              52.1221276
            ],
            [
              10.3401865,
              52.1214268
            ],
            [
              10.3380067,
              52.1207163
            ],
            [
              10.3379791,
              52.1207338
            ],
            [
              10.3378208,
              52.120834
            ],
            [
              10.3373178,
              52.1209151
            ],
            [
              10.3371066,
              52.1209818
            ],
            [
              10.3364819,
              52.1211793
            ],
            [
              10.3366013,
              52.1217634
            ],
            [
              10.335936,
              52.1220385
            ],
            [
              10.3353657,
              52.1222197
            ],
            [
              10.3348069,
              52.1223957
            ],
            [
              10.3345755,
              52.1228856
            ],
            [
              10.3332762,
              52.1232809
            ],
            [
              10.333112,
              52.1233142
            ],
            [
              10.3313858,
              52.1233235
            ],
            [
              10.3311431,
              52.1233248
            ],
            [
              10.3289128,
              52.1233369
            ],
            [
              10.3271788,
              52.1233463
            ],
            [
              10.3260082,
              52.1233529
            ],
            [
              10.3252938,
              52.1233569
            ],
            [
              10.3246829,
              52.1233603
            ],
            [
              10.3244071,
              52.1233616
            ],
            [
              10.324281,
              52.1233622
            ],
            [
              10.3241015,
              52.1233629
            ],
            [
              10.3239288,
              52.1233641
            ],
            [
              10.3239148,
              52.1233643
            ],
            [
              10.3234205,
              52.123366
            ],
            [
              10.3216506,
              52.1233767
            ],
            [
              10.3205859,
              52.1233829
            ],
            [
              10.3190302,
              52.123004
            ],
            [
              10.3177686,
              52.1228285
            ],
            [
              10.3174523,
              52.1227845
            ],
            [
              10.3164252,
              52.1219428
            ],
            [
              10.3151781,
              52.1217633
            ],
            [
              10.3151516,
              52.1217595
            ],
            [
              10.3150596,
              52.1217608
            ],
            [
              10.3150352,
              52.1217612
            ],
            [
              10.3148857,
              52.1217634
            ],
            [
              10.3136882,
              52.1217806
            ],
            [
              10.3131138,
              52.1223598
            ],
            [
              10.3125089,
              52.1227349
            ],
            [
              10.3117893,
              52.1231811
            ],
            [
              10.3112699,
              52.1232852
            ],
            [
              10.3111923,
              52.1233007
            ],
            [
              10.3111309,
              52.123313
            ],
            [
              10.3109927,
              52.1233025
            ],
            [
              10.3094642,
              52.1231868
            ],
            [
              10.3084717,
              52.1231134
            ],
            [
              10.3084112,
              52.123109
            ],
            [
              10.3082179,
              52.1230947
            ],
            [
              10.3081978,
              52.1230932
            ],
            [
              10.3073273,
              52.1230286
            ],
            [
              10.3046891,
              52.1229693
            ],
            [
              10.3044811,
              52.1229646
            ],
            [
              10.3042519,
              52.1229595
            ],
            [
              10.304216,
              52.1226454
            ],
            [
              10.3041749,
              52.1222853
            ],
            [
              10.3038475,
              52.1218341
            ],
            [
              10.3032578,
              52.1211581
            ],
            [
              10.3028487,
              52.1205017
            ],
            [
              10.3026572,
              52.1205169
            ],
            [
              10.3022841,
              52.119717
            ],
            [
              10.3020745,
              52.1193846
            ],
            [
              10.3020059,
              52.1191376
            ],
            [
              10.3013214,
              52.1190715
            ],
            [
              10.3012548,
              52.1190654
            ],
            [
              10.30114,
              52.1190549
            ],
            [
              10.3007898,
              52.1190229
            ],
            [
              10.3007685,
              52.1188998
            ],
            [
              10.3000393,
              52.1191057
            ],
            [
              10.2998603,
              52.1191046
            ],
            [
              10.29982,
              52.1191044
            ],
            [
              10.2992781,
              52.119101
            ],
            [
              10.2992549,
              52.1191009
            ],
            [
              10.2985903,
              52.1185735
            ],
            [
              10.2967726,
              52.1172631
            ],
            [
              10.2969926,
              52.1164852
            ],
            [
              10.2970715,
              52.1161383
            ],
            [
              10.2971877,
              52.115839
            ],
            [
              10.2973382,
              52.1153156
            ],
            [
              10.2975234,
              52.1150212
            ],
            [
              10.2978516,
              52.114559
            ],
            [
              10.2979977,
              52.114306
            ],
            [
              10.2980644,
              52.1141904
            ],
            [
              10.2981718,
              52.1140042
            ],
            [
              10.2981832,
              52.1139841
            ],
            [
              10.2982046,
              52.113946
            ],
            [
              10.298217,
              52.1139241
            ],
            [
              10.2983823,
              52.1136307
            ],
            [
              10.2999898,
              52.1135913
            ],
            [
              10.3006401,
              52.1129145
            ],
            [
              10.3006466,
              52.1129078
            ],
            [
              10.3013311,
              52.1121999
            ],
            [
              10.30185,
              52.1116568
            ],
            [
              10.302084,
              52.1114119
            ],
            [
              10.3016907,
              52.1113433
            ],
            [
              10.3005093,
              52.1111373
            ],
            [
              10.3004413,
              52.1111256
            ],
            [
              10.299679,
              52.1109937
            ],
            [
              10.2986818,
              52.1108208
            ],
            [
              10.2984846,
              52.1107182
            ],
            [
              10.2980009,
              52.1108197
            ],
            [
              10.297797,
              52.110862
            ],
            [
              10.2976358,
              52.110835
            ],
            [
              10.297597,
              52.1108284
            ],
            [
              10.2975235,
              52.1108161
            ],
            [
              10.2970477,
              52.1107363
            ],
            [
              10.2967495,
              52.1106426
            ],
            [
              10.2965284,
              52.1105731
            ],
            [
              10.2960627,
              52.1104857
            ],
            [
              10.2954189,
              52.110296
            ],
            [
              10.2938227,
              52.1099298
            ],
            [
              10.2933957,
              52.1098798
            ],
            [
              10.2929513,
              52.109785
            ],
            [
              10.2926715,
              52.1096848
            ],
            [
              10.292026,
              52.1095896
            ],
            [
              10.2916496,
              52.1094925
            ],
            [
              10.2912288,
              52.1093687
            ],
            [
              10.2903693,
              52.1091298
            ],
            [
              10.2900214,
              52.1090141
            ],
            [
              10.289366,
              52.108953
            ],
            [
              10.2885488,
              52.1087826
            ],
            [
              10.28772,
              52.1086108
            ],
            [
              10.2874033,
              52.1085808
            ],
            [
              10.2872271,
              52.1085642
            ],
            [
              10.2870901,
              52.1085512
            ],
            [
              10.2865517,
              52.1085003
            ],
            [
              10.2854987,
              52.108311
            ],
            [
              10.2850543,
              52.1081612
            ],
            [
              10.2846874,
              52.10808
            ],
            [
              10.283781,
              52.1078938
            ],
            [
              10.2832822,
              52.1076676
            ],
            [
              10.282588,
              52.1074612
            ],
            [
              10.2825318,
              52.1074484
            ]
          ]
        ]
      }
    },
    {
      "type": "Feature",
      "properties": {
        "name": "Heerte",
        "city": "Salzgitter",
        "osm_id": 3413570,
        "osm_type": "relation",
        "display": "Heerte, Ortschaft West, Salzgitter, Niedersachsen, Deutschland"
      },
      "geometry": {
        "type": "Polygon",
        "coordinates": [
          [
            [
              10.3579095,
              52.1258318
            ],
            [
              10.3582296,
              52.1256396
            ],
            [
              10.3584432,
              52.1255279
            ],
            [
              10.3588438,
              52.1253603
            ],
            [
              10.3613215,
              52.1243851
            ],
            [
              10.3624729,
              52.1239426
            ],
            [
              10.3629546,
              52.1237684
            ],
            [
              10.3634423,
              52.1236128
            ],
            [
              10.3638587,
              52.1235346
            ],
            [
              10.3645397,
              52.1234201
            ],
            [
              10.3646908,
              52.1233973
            ],
            [
              10.3807956,
              52.1221793
            ],
            [
              10.3807861,
              52.1221284
            ],
            [
              10.3809728,
              52.1214986
            ],
            [
              10.3810877,
              52.121111
            ],
            [
              10.3813353,
              52.1202754
            ],
            [
              10.3814613,
              52.1198504
            ],
            [
              10.3817987,
              52.1187122
            ],
            [
              10.3818388,
              52.1186737
            ],
            [
              10.3818918,
              52.1186237
            ],
            [
              10.3819191,
              52.1185978
            ],
            [
              10.3810656,
              52.1182588
            ],
            [
              10.380945,
              52.1178516
            ],
            [
              10.3809168,
              52.1177562
            ],
            [
              10.380905,
              52.1177106
            ],
            [
              10.380899,
              52.1176875
            ],
            [
              10.3808659,
              52.1175591
            ],
            [
              10.3808583,
              52.1175295
            ],
            [
              10.380838,
              52.1174509
            ],
            [
              10.3808355,
              52.1174413
            ],
            [
              10.3808162,
              52.1174109
            ],
            [
              10.3805267,
              52.1169534
            ],
            [
              10.3801847,
              52.1168493
            ],
            [
              10.3795013,
              52.1165766
            ],
            [
              10.3789971,
              52.1163042
            ],
            [
              10.3787852,
              52.1160704
            ],
            [
              10.3786988,
              52.1159751
            ],
            [
              10.3784647,
              52.1155074
            ],
            [
              10.3781043,
              52.1152849
            ],
            [
              10.3776548,
              52.1151917
            ],
            [
              10.3776133,
              52.1151285
            ],
            [
              10.3773078,
              52.1146267
            ],
            [
              10.3772704,
              52.1143745
            ],
            [
              10.3773941,
              52.1132713
            ],
            [
              10.3775869,
              52.1122733
            ],
            [
              10.3773786,
              52.1121711
            ],
            [
              10.3766172,
              52.1118802
            ],
            [
              10.3761169,
              52.1115365
            ],
            [
              10.3759433,
              52.1113028
            ],
            [
              10.3758328,
              52.1112044
            ],
            [
              10.3756987,
              52.1111306
            ],
            [
              10.3754511,
              52.1111426
            ],
            [
              10.3754057,
              52.1111448
            ],
            [
              10.3753087,
              52.1111319
            ],
            [
              10.3752178,
              52.1110133
            ],
            [
              10.3750467,
              52.1096799
            ],
            [
              10.3750467,
              52.1092489
            ],
            [
              10.3754243,
              52.1092291
            ],
            [
              10.3753864,
              52.108035
            ],
            [
              10.3753606,
              52.1072186
            ],
            [
              10.3753561,
              52.107079
            ],
            [
              10.3753547,
              52.107035
            ],
            [
              10.3753522,
              52.1069564
            ],
            [
              10.3782523,
              52.1061438
            ],
            [
              10.3795823,
              52.1057711
            ],
            [
              10.3795812,
              52.1057489
            ],
            [
              10.3795258,
              52.1045686
            ],
            [
              10.3795223,
              52.1045539
            ],
            [
              10.3795033,
              52.1044856
            ],
            [
              10.3795004,
              52.1044751
            ],
            [
              10.3795596,
              52.1044521
            ],
            [
              10.3801151,
              52.1042396
            ],
            [
              10.3810867,
              52.1038699
            ],
            [
              10.3811619,
              52.1038412
            ],
            [
              10.3827901,
              52.1031711
            ],
            [
              10.3827873,
              52.1031474
            ],
            [
              10.3831266,
              52.1030072
            ],
            [
              10.3831252,
              52.1030287
            ],
            [
              10.3831189,
              52.1031044
            ],
            [
              10.3831146,
              52.1031484
            ],
            [
              10.3831109,
              52.103178
            ],
            [
              10.3831067,
              52.1032097
            ],
            [
              10.3833737,
              52.1031362
            ],
            [
              10.3836475,
              52.1030741
            ],
            [
              10.3839269,
              52.1030228
            ],
            [
              10.3842117,
              52.1029844
            ],
            [
              10.3844998,
              52.1029581
            ],
            [
              10.3847908,
              52.1029435
            ],
            [
              10.3850822,
              52.1029416
            ],
            [
              10.3854467,
              52.1029502
            ],
            [
              10.3861308,
              52.1029757
            ],
            [
              10.3875988,
              52.1030304
            ],
            [
              10.3890723,
              52.1030853
            ],
            [
              10.3879936,
              52.1042493
            ],
            [
              10.3878761,
              52.1040951
            ],
            [
              10.3876213,
              52.103906
            ],
            [
              10.3873918,
              52.103738
            ],
            [
              10.3871847,
              52.1037076
            ],
            [
              10.3868454,
              52.1036807
            ],
            [
              10.3860837,
              52.1036445
            ],
            [
              10.3855081,
              52.1036953
            ],
            [
              10.3852424,
              52.1037395
            ],
            [
              10.385212,
              52.1037676
            ],
            [
              10.3852292,
              52.1038223
            ],
            [
              10.385335,
              52.1040432
            ],
            [
              10.3854364,
              52.1043367
            ],
            [
              10.3854888,
              52.1045206
            ],
            [
              10.3855083,
              52.1046191
            ],
            [
              10.3855191,
              52.1048486
            ],
            [
              10.3855754,
              52.104983
            ],
            [
              10.3856236,
              52.1050884
            ],
            [
              10.3856701,
              52.1051626
            ],
            [
              10.3857536,
              52.1052826
            ],
            [
              10.3858369,
              52.1053815
            ],
            [
              10.3859001,
              52.1054718
            ],
            [
              10.3860554,
              52.1057905
            ],
            [
              10.3860959,
              52.105902
            ],
            [
              10.3861206,
              52.1060208
            ],
            [
              10.3861845,
              52.1061272
            ],
            [
              10.3862519,
              52.1062222
            ],
            [
              10.3863593,
              52.1063169
            ],
            [
              10.3864686,
              52.1065853
            ],
            [
              10.3864898,
              52.1066413
            ],
            [
              10.3865713,
              52.1068565
            ],
            [
              10.3866042,
              52.1069191
            ],
            [
              10.3866158,
              52.1069412
            ],
            [
              10.3866816,
              52.1070667
            ],
            [
              10.3868965,
              52.1073917
            ],
            [
              10.3870121,
              52.1076285
            ],
            [
              10.3870546,
              52.1076791
            ],
            [
              10.3871408,
              52.107772
            ],
            [
              10.3874155,
              52.1080843
            ],
            [
              10.387459,
              52.1081646
            ],
            [
              10.3877247,
              52.1086009
            ],
            [
              10.3878466,
              52.108667
            ],
            [
              10.3880086,
              52.1087512
            ],
            [
              10.3880701,
              52.1088027
            ],
            [
              10.3883051,
              52.108913
            ],
            [
              10.3883727,
              52.1089975
            ],
            [
              10.3883657,
              52.1090466
            ],
            [
              10.3882967,
              52.1091402
            ],
            [
              10.3881535,
              52.1093344
            ],
            [
              10.3881108,
              52.1093835
            ],
            [
              10.388109,
              52.1094479
            ],
            [
              10.3881034,
              52.109521
            ],
            [
              10.3881227,
              52.1095689
            ],
            [
              10.3881473,
              52.1096217
            ],
            [
              10.3881999,
              52.1096616
            ],
            [
              10.3883257,
              52.1098364
            ],
            [
              10.3883721,
              52.1099036
            ],
            [
              10.3883922,
              52.1099636
            ],
            [
              10.3884384,
              52.1101193
            ],
            [
              10.3884343,
              52.1101764
            ],
            [
              10.3884594,
              52.1102756
            ],
            [
              10.3885165,
              52.1104804
            ],
            [
              10.3885191,
              52.1105418
            ],
            [
              10.3885422,
              52.110581
            ],
            [
              10.3886567,
              52.1107299
            ],
            [
              10.3886608,
              52.1107719
            ],
            [
              10.388672,
              52.1109488
            ],
            [
              10.3886917,
              52.111004
            ],
            [
              10.3887707,
              52.1112258
            ],
            [
              10.3888816,
              52.1115177
            ],
            [
              10.3890395,
              52.1117138
            ],
            [
              10.3891191,
              52.1117913
            ],
            [
              10.3892394,
              52.1118705
            ],
            [
              10.3892807,
              52.1119563
            ],
            [
              10.389299,
              52.1119941
            ],
            [
              10.3894501,
              52.1121501
            ],
            [
              10.3896961,
              52.112327
            ],
            [
              10.3897818,
              52.1124951
            ],
            [
              10.3898177,
              52.1125814
            ],
            [
              10.3898283,
              52.1127603
            ],
            [
              10.3898527,
              52.1128179
            ],
            [
              10.3898607,
              52.1129537
            ],
            [
              10.3898643,
              52.113056
            ],
            [
              10.3898832,
              52.1131895
            ],
            [
              10.3900378,
              52.1133647
            ],
            [
              10.3902213,
              52.1135166
            ],
            [
              10.3904191,
              52.1136129
            ],
            [
              10.3904653,
              52.1136291
            ],
            [
              10.3905461,
              52.1136576
            ],
            [
              10.3907776,
              52.1137513
            ],
            [
              10.3910775,
              52.114189
            ],
            [
              10.3911935,
              52.1143797
            ],
            [
              10.3912281,
              52.1145208
            ],
            [
              10.3912234,
              52.1145905
            ],
            [
              10.3911524,
              52.1147487
            ],
            [
              10.3912081,
              52.1148332
            ],
            [
              10.3912421,
              52.1148991
            ],
            [
              10.391222,
              52.1149529
            ],
            [
              10.3912099,
              52.1150906
            ],
            [
              10.3912029,
              52.1151348
            ],
            [
              10.3912567,
              52.1152036
            ],
            [
              10.3915762,
              52.1156261
            ],
            [
              10.3917389,
              52.1158278
            ],
            [
              10.3920208,
              52.1162578
            ],
            [
              10.3920313,
              52.1162935
            ],
            [
              10.392021,
              52.1163302
            ],
            [
              10.3919336,
              52.1165477
            ],
            [
              10.3917541,
              52.1169842
            ],
            [
              10.3916967,
              52.1170949
            ],
            [
              10.3916554,
              52.1172124
            ],
            [
              10.3917052,
              52.117316
            ],
            [
              10.3919174,
              52.1173267
            ],
            [
              10.3920993,
              52.1173819
            ],
            [
              10.3922459,
              52.1174531
            ],
            [
              10.3923645,
              52.1174983
            ],
            [
              10.3925857,
              52.1175787
            ],
            [
              10.392934,
              52.1176899
            ],
            [
              10.3930383,
              52.117777
            ],
            [
              10.3933138,
              52.118035
            ],
            [
              10.3934277,
              52.1181187
            ],
            [
              10.3936474,
              52.1182505
            ],
            [
              10.3938398,
              52.1182988
            ],
            [
              10.3940812,
              52.1183446
            ],
            [
              10.3943612,
              52.1183928
            ],
            [
              10.3945375,
              52.1184115
            ],
            [
              10.3949976,
              52.1183692
            ],
            [
              10.3952713,
              52.1183796
            ],
            [
              10.3956337,
              52.1183831
            ],
            [
              10.3958305,
              52.1184242
            ],
            [
              10.3960305,
              52.1184755
            ],
            [
              10.3963304,
              52.1185268
            ],
            [
              10.3966896,
              52.118564
            ],
            [
              10.396911,
              52.1185591
            ],
            [
              10.3971488,
              52.1184998
            ],
            [
              10.3972131,
              52.1184817
            ],
            [
              10.397437,
              52.1184189
            ],
            [
              10.3975575,
              52.1183851
            ],
            [
              10.3979515,
              52.1181651
            ],
            [
              10.3981636,
              52.1180467
            ],
            [
              10.3983346,
              52.1179694
            ],
            [
              10.3984526,
              52.1179196
            ],
            [
              10.3986326,
              52.1178714
            ],
            [
              10.3989161,
              52.1178034
            ],
            [
              10.3993304,
              52.1177409
            ],
            [
              10.3994036,
              52.117723
            ],
            [
              10.3994584,
              52.1177095
            ],
            [
              10.3996833,
              52.1176545
            ],
            [
              10.3998213,
              52.1174958
            ],
            [
              10.3999608,
              52.1173392
            ],
            [
              10.4001042,
              52.1173629
            ],
            [
              10.4001273,
              52.117335
            ],
            [
              10.4001608,
              52.1174626
            ],
            [
              10.4003555,
              52.1182002
            ],
            [
              10.400369,
              52.1182527
            ],
            [
              10.4006301,
              52.1192878
            ],
            [
              10.4005987,
              52.1192964
            ],
            [
              10.4007211,
              52.1197768
            ],
            [
              10.4007697,
              52.1197699
            ],
            [
              10.4007959,
              52.1197661
            ],
            [
              10.4020633,
              52.1195842
            ],
            [
              10.4032788,
              52.1194103
            ],
            [
              10.4033098,
              52.1194058
            ],
            [
              10.4037598,
              52.1193406
            ],
            [
              10.4037718,
              52.1194391
            ],
            [
              10.403792,
              52.119436
            ],
            [
              10.4048035,
              52.122136
            ],
            [
              10.4048377,
              52.1222273
            ],
            [
              10.4048705,
              52.1223147
            ],
            [
              10.4050754,
              52.1228685
            ],
            [
              10.4050492,
              52.1228684
            ],
            [
              10.404718,
              52.1228671
            ],
            [
              10.4041915,
              52.1228571
            ],
            [
              10.4036939,
              52.1228391
            ],
            [
              10.4035729,
              52.1228414
            ],
            [
              10.4031646,
              52.1228492
            ],
            [
              10.403059,
              52.1228542
            ],
            [
              10.4024752,
              52.1228816
            ],
            [
              10.4023149,
              52.1229006
            ],
            [
              10.4020835,
              52.1229187
            ],
            [
              10.4020811,
              52.1239864
            ],
            [
              10.4020803,
              52.1243509
            ],
            [
              10.4020796,
              52.1246383
            ],
            [
              10.4020795,
              52.1246625
            ],
            [
              10.4020756,
              52.1260129
            ],
            [
              10.4020753,
              52.126127
            ],
            [
              10.4020753,
              52.1261497
            ],
            [
              10.4020752,
              52.1261709
            ],
            [
              10.4029121,
              52.1260352
            ],
            [
              10.4032348,
              52.1259829
            ],
            [
              10.4032253,
              52.1260371
            ],
            [
              10.4032098,
              52.1261249
            ],
            [
              10.4031881,
              52.1262585
            ],
            [
              10.403167,
              52.1263845
            ],
            [
              10.4030136,
              52.1272418
            ],
            [
              10.4041338,
              52.1273491
            ],
            [
              10.4041831,
              52.1273538
            ],
            [
              10.4043033,
              52.1273653
            ],
            [
              10.4044837,
              52.1273826
            ],
            [
              10.4057561,
              52.1275045
            ],
            [
              10.4057561,
              52.1275355
            ],
            [
              10.4057567,
              52.1275927
            ],
            [
              10.4057572,
              52.127612
            ],
            [
              10.4057575,
              52.1276388
            ],
            [
              10.4060834,
              52.1276709
            ],
            [
              10.4062496,
              52.1284766
            ],
            [
              10.4057666,
              52.1285143
            ],
            [
              10.4057755,
              52.129371
            ],
            [
              10.4057768,
              52.129478
            ],
            [
              10.4057939,
              52.1310742
            ],
            [
              10.4057933,
              52.1311318
            ],
            [
              10.4057945,
              52.1312239
            ],
            [
              10.4057982,
              52.1315569
            ],
            [
              10.405799,
              52.1316654
            ],
            [
              10.4057573,
              52.1316682
            ],
            [
              10.4036356,
              52.1318126
            ],
            [
              10.4020689,
              52.1319192
            ],
            [
              10.4017774,
              52.131939
            ],
            [
              10.4002791,
              52.132041
            ],
            [
              10.3999355,
              52.1320644
            ],
            [
              10.4001844,
              52.1334488
            ],
            [
              10.400526,
              52.1353513
            ],
            [
              10.4005316,
              52.1353824
            ],
            [
              10.4008012,
              52.1368773
            ],
            [
              10.400938,
              52.1376376
            ],
            [
              10.4009596,
              52.1377583
            ],
            [
              10.4012308,
              52.1387121
            ],
            [
              10.4013283,
              52.139055
            ],
            [
              10.4014977,
              52.1396505
            ],
            [
              10.4016476,
              52.140177
            ],
            [
              10.4016699,
              52.140255
            ],
            [
              10.4016966,
              52.1403487
            ],
            [
              10.4017319,
              52.1404725
            ],
            [
              10.4016017,
              52.1405474
            ],
            [
              10.4014014,
              52.1406615
            ],
            [
              10.4013945,
              52.1406655
            ],
            [
              10.4013637,
              52.140683
            ],
            [
              10.4013558,
              52.1406875
            ],
            [
              10.4006361,
              52.1410974
            ],
            [
              10.3997019,
              52.1416291
            ],
            [
              10.3985738,
              52.142238
            ],
            [
              10.3970243,
              52.1430119
            ],
            [
              10.3966032,
              52.1431827
            ],
            [
              10.3962474,
              52.1434858
            ],
            [
              10.3961623,
              52.1434482
            ],
            [
              10.3960063,
              52.1436239
            ],
            [
              10.3957975,
              52.1439045
            ],
            [
              10.3956505,
              52.144238
            ],
            [
              10.3955925,
              52.1445649
            ],
            [
              10.3956258,
              52.1448916
            ],
            [
              10.3957392,
              52.1451962
            ],
            [
              10.3958283,
              52.1453492
            ],
            [
              10.3958968,
              52.1454671
            ],
            [
              10.3961863,
              52.1457899
            ],
            [
              10.3963229,
              52.1459129
            ],
            [
              10.3963857,
              52.1459694
            ],
            [
              10.3962223,
              52.1459978
            ],
            [
              10.3961322,
              52.1460135
            ],
            [
              10.3959651,
              52.1460413
            ],
            [
              10.3959329,
              52.1460092
            ],
            [
              10.395463,
              52.1460804
            ],
            [
              10.3953642,
              52.1460848
            ],
            [
              10.3954082,
              52.1461426
            ],
            [
              10.3954809,
              52.1462359
            ],
            [
              10.3955263,
              52.1462928
            ],
            [
              10.3954952,
              52.1463126
            ],
            [
              10.3954788,
              52.1463251
            ],
            [
              10.3954506,
              52.14638
            ],
            [
              10.3954505,
              52.1464461
            ],
            [
              10.3954859,
              52.146508
            ],
            [
              10.3955728,
              52.1466544
            ],
            [
              10.3957022,
              52.1468394
            ],
            [
              10.3956835,
              52.1468864
            ],
            [
              10.3954954,
              52.1469184
            ],
            [
              10.3954307,
              52.1469294
            ],
            [
              10.3952403,
              52.1469618
            ],
            [
              10.3950134,
              52.1470003
            ],
            [
              10.3948516,
              52.1469324
            ],
            [
              10.3948075,
              52.1469842
            ],
            [
              10.3946033,
              52.1470268
            ],
            [
              10.3944274,
              52.1470777
            ],
            [
              10.3942355,
              52.1471179
            ],
            [
              10.3938133,
              52.1471839
            ],
            [
              10.3930343,
              52.1472828
            ],
            [
              10.3924392,
              52.1473419
            ],
            [
              10.3918937,
              52.1473786
            ],
            [
              10.3916585,
              52.1473889
            ],
            [
              10.3913121,
              52.147404
            ],
            [
              10.3910304,
              52.1474163
            ],
            [
              10.3891939,
              52.1474673
            ],
            [
              10.3892709,
              52.1475087
            ],
            [
              10.3894049,
              52.1475808
            ],
            [
              10.389319,
              52.1475821
            ],
            [
              10.389186,
              52.1475856
            ],
            [
              10.3889587,
              52.1475905
            ],
            [
              10.3888066,
              52.147521
            ],
            [
              10.3887137,
              52.1474786
            ],
            [
              10.3885914,
              52.1474971
            ],
            [
              10.3885318,
              52.1475276
            ],
            [
              10.3883841,
              52.1476053
            ],
            [
              10.3881431,
              52.1476116
            ],
            [
              10.3880945,
              52.147613
            ],
            [
              10.3878573,
              52.1476196
            ],
            [
              10.3877474,
              52.1475491
            ],
            [
              10.3876956,
              52.1475158
            ],
            [
              10.3872886,
              52.1474996
            ],
            [
              10.3865238,
              52.1474893
            ],
            [
              10.386238,
              52.1474904
            ],
            [
              10.3856769,
              52.1475019
            ],
            [
              10.385231,
              52.1475002
            ],
            [
              10.3849333,
              52.1474866
            ],
            [
              10.3847672,
              52.1474639
            ],
            [
              10.384616,
              52.1474707
            ],
            [
              10.3843601,
              52.1474494
            ],
            [
              10.3841257,
              52.1474172
            ],
            [
              10.3840197,
              52.1474031
            ],
            [
              10.3838637,
              52.1473733
            ],
            [
              10.3829466,
              52.1471979
            ],
            [
              10.3825156,
              52.1471157
            ],
            [
              10.3824154,
              52.1470963
            ],
            [
              10.3812693,
              52.146826
            ],
            [
              10.3812462,
              52.1468221
            ],
            [
              10.3812272,
              52.1468188
            ],
            [
              10.3808531,
              52.1467268
            ],
            [
              10.3807091,
              52.1466914
            ],
            [
              10.3780117,
              52.1462572
            ],
            [
              10.3779922,
              52.146254
            ],
            [
              10.3779534,
              52.1462477
            ],
            [
              10.3761202,
              52.1459489
            ],
            [
              10.3758204,
              52.1459001
            ],
            [
              10.3754746,
              52.1458438
            ],
            [
              10.3746949,
              52.145717
            ],
            [
              10.3744575,
              52.1456783
            ],
            [
              10.3743351,
              52.1456584
            ],
            [
              10.3742182,
              52.1456394
            ],
            [
              10.374186,
              52.1456341
            ],
            [
              10.3740203,
              52.1456072
            ],
            [
              10.3733371,
              52.1454959
            ],
            [
              10.3732043,
              52.1454742
            ],
            [
              10.3730541,
              52.1454497
            ],
            [
              10.3729403,
              52.1454064
            ],
            [
              10.372876,
              52.1453729
            ],
            [
              10.3728473,
              52.1453581
            ],
            [
              10.3727743,
              52.1452978
            ],
            [
              10.372727,
              52.1451697
            ],
            [
              10.3726637,
              52.144999
            ],
            [
              10.3725157,
              52.1445995
            ],
            [
              10.3724266,
              52.1443419
            ],
            [
              10.3723046,
              52.1439894
            ],
            [
              10.372276,
              52.1439067
            ],
            [
              10.3722452,
              52.1438179
            ],
            [
              10.3721394,
              52.1435867
            ],
            [
              10.3721264,
              52.1435584
            ],
            [
              10.3721096,
              52.1435217
            ],
            [
              10.3721078,
              52.1435188
            ],
            [
              10.3720645,
              52.1434484
            ],
            [
              10.3719447,
              52.1432533
            ],
            [
              10.3719191,
              52.1432116
            ],
            [
              10.3719111,
              52.1431991
            ],
            [
              10.3718916,
              52.1431686
            ],
            [
              10.371639,
              52.1427889
            ],
            [
              10.3713261,
              52.1423186
            ],
            [
              10.3709998,
              52.141828
            ],
            [
              10.3709868,
              52.1418085
            ],
            [
              10.3709779,
              52.1417951
            ],
            [
              10.3709742,
              52.1417897
            ],
            [
              10.3708822,
              52.1416514
            ],
            [
              10.3706771,
              52.141343
            ],
            [
              10.3706273,
              52.141268
            ],
            [
              10.3704249,
              52.1409622
            ],
            [
              10.3701196,
              52.1405052
            ],
            [
              10.3698711,
              52.1401302
            ],
            [
              10.3697328,
              52.1399221
            ],
            [
              10.3697239,
              52.1399088
            ],
            [
              10.369692,
              52.1398616
            ],
            [
              10.3696115,
              52.1397417
            ],
            [
              10.369546,
              52.1396433
            ],
            [
              10.3693185,
              52.1393011
            ],
            [
              10.3693016,
              52.1392757
            ],
            [
              10.3691876,
              52.1391049
            ],
            [
              10.3691708,
              52.1390792
            ],
            [
              10.3687643,
              52.1384676
            ],
            [
              10.3682234,
              52.137656
            ],
            [
              10.3679546,
              52.1372521
            ],
            [
              10.3678949,
              52.1371624
            ],
            [
              10.3676714,
              52.1368262
            ],
            [
              10.367119,
              52.1359971
            ],
            [
              10.3669731,
              52.1357781
            ],
            [
              10.3665621,
              52.1351609
            ],
            [
              10.3664836,
              52.1350431
            ],
            [
              10.3661481,
              52.1344393
            ],
            [
              10.3657327,
              52.1338091
            ],
            [
              10.3656671,
              52.1337178
            ],
            [
              10.3656496,
              52.1336935
            ],
            [
              10.3655764,
              52.1335926
            ],
            [
              10.3655408,
              52.1335437
            ],
            [
              10.3654667,
              52.133441
            ],
            [
              10.3654504,
              52.1334184
            ],
            [
              10.365331,
              52.1332534
            ],
            [
              10.365302,
              52.1332617
            ],
            [
              10.3652054,
              52.1332892
            ],
            [
              10.3650992,
              52.1333194
            ],
            [
              10.3650684,
              52.1333282
            ],
            [
              10.3649593,
              52.1333592
            ],
            [
              10.364856,
              52.1333887
            ],
            [
              10.3647678,
              52.1334384
            ],
            [
              10.3647759,
              52.1335886
            ],
            [
              10.3636274,
              52.1339412
            ],
            [
              10.3630305,
              52.1340601
            ],
            [
              10.3629036,
              52.1326159
            ],
            [
              10.3603229,
              52.1333098
            ],
            [
              10.3602623,
              52.1333261
            ],
            [
              10.3599587,
              52.1334077
            ],
            [
              10.3598015,
              52.1324985
            ],
            [
              10.35977,
              52.1323167
            ],
            [
              10.3596066,
              52.1313715
            ],
            [
              10.3596055,
              52.1313656
            ],
            [
              10.3596254,
              52.1313641
            ],
            [
              10.3595633,
              52.131036
            ],
            [
              10.3595518,
              52.1309754
            ],
            [
              10.3627582,
              52.1302187
            ],
            [
              10.3625268,
              52.1298485
            ],
            [
              10.3622809,
              52.1293731
            ],
            [
              10.3621783,
              52.129125
            ],
            [
              10.3621057,
              52.1289494
            ],
            [
              10.3619147,
              52.1284617
            ],
            [
              10.3617235,
              52.1279736
            ],
            [
              10.3594694,
              52.1285215
            ],
            [
              10.3591028,
              52.1286051
            ],
            [
              10.359081,
              52.1286065
            ],
            [
              10.3590608,
              52.1285074
            ],
            [
              10.3588756,
              52.1277089
            ],
            [
              10.3585001,
              52.1265832
            ],
            [
              10.3584809,
              52.126587
            ],
            [
              10.3582797,
              52.1263172
            ],
            [
              10.3580806,
              52.1260501
            ],
            [
              10.3580092,
              52.1259631
            ],
            [
              10.3579704,
              52.1259117
            ],
            [
              10.3579428,
              52.1258783
            ],
            [
              10.3579095,
              52.1258318
            ]
          ]
        ]
      }
    }
  ]
}